register_no,name,date_of_birth,mobile_no,address,date_of_joining,renewal_date,package_code,package_name,amount,pending_amount,personal_training,created_at,updated_at
1,SUNDHAR M,1996-03-23,8883010978,"NO.42, SRI KRISHNA NAGAR, 2ND ST, NOOMBAL ,CHENNAI-600077",2024-09-09,2026-03-09,S/Z,Strength Zone,1000.00,0.00,-,2026-09-10 09:23:16.275915+00,2026-09-10 16:49:12.221331+00
2,NITHYASEELAN P,1997-07-04,7871469397,"NO.671, PERUMAL KOVIL ST, NADUKUTHAGAI,THIRUNINDRAVUR,CHENNAI-600024",2024-09-09,2026-03-09,S/Z,Strength Zone,1000.00,0.00,-,2026-09-10 09:23:16.275915+00,2026-09-10 16:49:12.221331+00
3,SANJEEVA REDDY C,1986-05-12,9087799185,VAYALANALLUR,2024-09-09,2026-03-09,S/Z,Strength Zone,1000.00,0.00,-,2026-09-10 09:23:16.275915+00,2026-09-10 16:49:12.221331+00
4,ABDUL RAHMAN A,2002-06-22,9841352508,"NO.44, SPE METRO CITY, PARIVAKKAM, CHENNAI-600054",2024-09-09,2026-03-09,S/Z,Strength Zone,1000.00,0.00,-,2026-09-10 09:23:16.275915+00,2026-09-10 16:49:12.221331+00
5,SANTHOSH KUMAR G,2001-08-06,9940527839,"NO.4/358, RAJIV GANDHI ST, PIDARITHANGAL",2024-09-09,2026-03-09,G/F,General Fitness,1200.00,0.00,-,2026-09-10 09:23:16.275915+00,2026-09-10 16:49:12.221331+00
6,SATHISH KUMAR J,1998-05-16,9787239762,"NO.2/193, PERUMAL KOVIL ST, NELVOY",2024-09-09,2026-03-09,S/Z,Strength Zone,1000.00,0.00,-,2026-09-10 09:23:16.275915+00,2026-09-10 16:49:12.221331+00
7,VIJAYABABU C,1981-04-01,9841230477,"NO.2/37, BAJANA KOVIL ST, KOLAPPANCHERI, CHENNAI 600072",2024-09-09,2027-01-09,G/F,General Fitness,1000.00,0.00,-,2026-09-10 09:23:16.275915+00,2026-09-10 16:49:12.221331+00
8,ISTJHAR AHAMAD,1993-01-12,9955908953,KOLAPPANCHERI,2024-09-09,2026-03-09,G/F,General Fitness,1200.00,0.00,-,2026-09-10 09:23:16.275915+00,2026-09-10 16:49:12.221331+00
9,MUBARAK ALI,2002-02-26,9080916005,ASSAM PIN - 782440,2024-09-09,2026-03-09,S/Z,Strength Zone,1000.00,0.00,-,2026-09-10 09:23:16.275915+00,2026-09-10 16:49:12.221331+00
10,GULJOR HUSSAIN,1997-12-05,6369563589,ASSAM PIN - 782425,2024-09-09,2026-03-09,S/Z,Strength Zone,1000.00,0.00,-,2026-09-10 09:23:16.275915+00,2026-09-10 16:49:12.221331+00
11,SURHAB ALI,2006-02-01,9394525524,ASSAM PIN - 781136,2024-09-09,2026-03-09,S/Z,Strength Zone,1000.00,0.00,-,2026-09-10 09:23:16.275915+00,2026-09-10 16:49:12.221331+00
12,SATHYA M,1988-05-04,9940668078,"CHOKKANALLUR VILLAGE, NEAR CHAITANYA SCHOOL",2024-09-09,2026-03-09,S/Z,Strength Zone,1000.00,0.00,3000/MONTH,2026-09-10 09:23:16.275915+00,2026-09-10 16:49:12.221331+00
13,PORTAP CHETRY,1996-06-03,6360457400,"NO.300/4C, CHOKKANALLUR VILLAGE,POONAMALLEE, CHENNAI 600072",2024-09-09,2026-03-09,S/Z,Strength Zone,1000.00,0.00,-,2026-09-10 09:23:16.275915+00,2026-09-10 16:49:12.221331+00
14,TAMIL,1996-07-07,7397352330,"NO.3/93, EAST CHURCH ST, PIDARITHANGAL, POONAMALLEE, CHENNAI 600056",2024-09-09,2026-03-09,G/F,General Fitness,3200.00,0.00,3000/MONTH,2026-09-10 09:23:16.275915+00,2026-09-10 16:49:12.221331+00
15,DEEPAK M,2008-04-12,9363609141,"NO.666, BAJANA KOVIL ST, CHOKKANALLUR VILLAGE, CHENNAI 600072",2024-09-09,2026-09-17,S/Z,Strength Zone,1000.00,0.00,-,2026-09-10 09:23:16.275915+00,2026-09-10 16:49:12.221331+00
16,SARATH KUMAR A,1991-08-27,9344389827,"NO.518, BAJANA KOVIL ST, CHOKKANALLUR CHENNAI 600072",2024-09-10,2026-03-10,S/Z,Strength Zone,1000.00,0.00,-,2026-09-10 09:23:16.275915+00,2026-09-10 16:49:12.221331+00
17,UDHAYA PANDIAN,1992-11-02,900328411,"NO.2/97, BAJANA KOVIL ST, KOLAPPANCHERI, CHENNAI 600072",2024-09-10,2026-03-10,G/F,General Fitness,1200.00,0.00,-,2026-09-10 09:23:16.275915+00,2026-09-10 16:49:12.221331+00
18,MANJIT KUMAR,2003-01-01,9820247457,"HI-TECH COACH COMPANY , KOLAPPANCHERI CHENNAI 600072",2024-09-09,2026-06-27,S/Z,Strength Zone,1000.00,0.00,-,2026-09-10 09:23:16.275915+00,2026-09-10 16:49:12.221331+00
19,YUVARAJ C,1993-09-22,8072616446,"NO.1/2, PILLAIYAR KOVIL STREET, PARIVAKKAM CHENNAI 600072",2024-09-10,2026-03-10,G/F,General Fitness,1200.00,0.00,-,2026-09-10 09:23:16.275915+00,2026-09-10 16:49:12.221331+00
20,CHARLES,1988-07-23,9566226847,NO 3/58 THANDARAI MAIN ROAD KOLAPANCHERI CHENNAI 600072,2024-09-09,2026-03-09,G/F,General Fitness,1000.00,0.00,-,2026-09-10 09:23:16.275915+00,2026-09-10 16:49:12.221331+00
21,DHANUSH V,2002-03-08,8807786759,"NO.649, PERIYAR KOVIL ST, KOLAPPANCHERI, CHENNAI 600072",2024-09-10,2026-03-10,S/Z,Strength Zone,1000.00,0.00,-,2026-09-10 09:23:16.275915+00,2026-09-10 16:49:12.221331+00
22,BOLORAM PONIKA A.J,2002-10-01,8822057531,"CHAITANYA SCHOOL ,KOLAPPANCHERI,CHENNAI 600072",2024-09-10,2026-03-10,S/Z,Strength Zone,1000.00,0.00,-,2026-09-10 09:23:16.275915+00,2026-09-10 16:49:12.221331+00
23,PRASANTH M,1992-05-30,9080165296,"NO.1/100, MAIN ROAD ST, KOLAPPANCHERI, CHENNAI 600072",2024-09-10,2026-03-10,S/Z,Strength Zone,1000.00,0.00,-,2026-09-10 09:23:16.275915+00,2026-09-10 16:49:12.221331+00
24,RAHUL R,2007-05-21,6385152433,"NO.3/37, KANNAPAN ST,KOLAPPANCHERI,CHENNAI 60072",2024-09-11,2026-09-20,S/Z,Strength Zone,1000.00,0.00,-,2026-09-10 09:23:16.275915+00,2026-09-10 16:49:12.221331+00
25,SANTHOSH M,2003-01-03,8056218627,"NINJAKART COMPANY , KOLAPPANCHERI CHENNAI 600072",2024-09-11,2026-03-11,S/Z,Strength Zone,1000.00,0.00,-,2026-09-10 09:23:16.275915+00,2026-09-10 16:49:12.221331+00
26,MAZID ALI,2004-01-01,9864970763,"NINJAKART COMPANY , KOLAPPANCHERI CHENNAI 600072",2024-09-11,2026-03-11,S/Z,Strength Zone,1000.00,0.00,-,2026-09-10 09:23:16.275915+00,2026-09-10 16:49:12.221331+00
27,SADIKUL ISLAM,2007-01-01,7086105831,"NINJAKART COMPANY , KOLAPPANCHERI CHENNAI 600072",2024-09-11,2026-03-11,S/Z,Strength Zone,1000.00,0.00,-,2026-09-10 09:23:16.275915+00,2026-09-10 16:49:12.221331+00
28,LAKSHWANTH,1998-06-02,8124398882,"NO.3/167, PILLAIYAR KOVIL ST, PAANAI VEEDU THOTTAM, PIDARITHANGAL,CHENNAI 600056",2024-09-11,2026-05-14,G/F,General Fitness,1200.00,0.00,3000/MONTH,2026-09-10 09:23:16.275915+00,2026-09-10 16:49:12.221331+00
29,GOWTHAM A,2000-12-01,9884693459,"NO.3, ARVINDALAYAM, KOLAPPANCHERI, POONAMALLEE, CHENNAI 600072",2024-09-11,2026-05-01,S/Z,Strength Zone,1000.00,0.00,-,2026-09-10 09:23:16.275915+00,2026-09-10 16:49:12.221331+00
30,PRADEEP Y,1997-12-18,9789850500,"NO.57, BAJANA KOVIL ST, KOLAPPANCHERI, CHENNAI 600072",2024-09-11,2026-09-20,S/Z,Strength Zone,1000.00,0.00,-,2026-09-10 09:23:16.275915+00,2026-09-10 16:49:12.221331+00
31,ROHIT R,2006-06-21,8428933432,"NO.2/30, BAJANA KOVIL ST, KOLAPPANCHERI, CHENNAI 600072",2024-09-12,2026-09-12,S/Z,Strength Zone,1000.00,0.00,-,2026-09-10 09:23:16.275915+00,2026-09-10 16:49:12.221331+00
32,RISHI M,2003-05-18,9361818139,"NO.3/46, BAJANA KOVIL ST, KOLAPPANCHERI, CHENNAI 600072",2024-09-12,2026-08-03,S/Z,Strength Zone,1000.00,0.00,-,2026-09-10 09:23:16.275915+00,2026-09-10 16:49:12.221331+00
33,GOPAL B,1975-05-05,7448362678,"BAJANA KOVIL ST, KOLAPPANCHERI, CHENNAI 600072",2024-09-12,2026-09-29,S/Z,Strength Zone,1000.00,0.00,-,2026-09-10 09:23:16.275915+00,2026-09-10 16:49:12.221331+00
34,KODOM ALI D,2004-06-19,8453724175,"NINJAKART COMPANY , KOLAPPANCHERI CHENNAI 600072",2024-09-13,2026-03-13,S/Z,Strength Zone,1000.00,0.00,-,2026-09-10 09:23:16.275915+00,2026-09-10 16:49:12.221331+00
35,SUJAB ALI A,2006-02-09,9698329931,"NINJAKART COMPANY , KOLAPPANCHERI CHENNAI 600072",2024-09-13,2026-03-13,S/Z,Strength Zone,1000.00,0.00,-,2026-09-10 09:23:16.275915+00,2026-09-10 16:49:12.221331+00
36,ASHABUL HOQUE S,2006-12-07,6000752995,"NINJAKART COMPANY , KOLAPPANCHERI CHENNAI 600072",2024-09-13,2026-03-13,S/Z,Strength Zone,1000.00,0.00,-,2026-09-10 09:23:16.275915+00,2026-09-10 16:49:12.221331+00
37,SURESH K,1985-06-07,9884415843,"NO.61/76, TIRUVALLUR ST,UDAIYAVAR KOVIL , THIRUMAZHISAI",2024-09-13,2026-03-13,G/F,General Fitness,1200.00,0.00,-,2026-09-10 09:23:16.275915+00,2026-09-10 16:49:12.221331+00
38,YUVARAJ B,2005-03-03,7200028025,"NO.1/14, PERUMAL KOVIL ST,KOLAPPANCHERI, CHENNAI 600072",2024-09-13,2026-09-13,G/F,General Fitness,1200.00,0.00,-,2026-09-10 09:23:16.275915+00,2026-09-10 16:49:12.221331+00
39,BALAKUMAR M,2003-08-23,8189923803,"NO.711, BAJANA KOVIL ST,KOLAPPANCHERI,CHENNAI 600072",2024-09-13,2026-09-13,G/F,General Fitness,1200.00,0.00,-,2026-09-10 09:23:16.275915+00,2026-09-10 16:49:12.221331+00
40,SIDDHARTH V,2000-09-17,8072252123,"NO. 204,PALVAADI ST, VAYALANALLUR, CHENNAI 600072",2024-09-13,2026-03-13,G/F,General Fitness,1200.00,0.00,-,2026-09-10 09:23:16.275915+00,2026-09-10 16:49:12.221331+00
41,VAJARAVEL A,1974-05-16,9840578586,"NO. 204,PALVAADI ST, VAYALANALLUR, CHENNAI 600072",2024-09-13,2026-09-13,G/F,General Fitness,1200.00,0.00,-,2026-09-10 09:23:16.275915+00,2026-09-10 16:49:12.221331+00
42,SARAVANAN K,1999-01-22,7358495489,"NO.4/747, BAJANA KOVIL ST, KOLAPPANCHERI CHENNAI 600072",2024-09-13,2024-10-13,S/Z,Strength Zone,1000.00,0.00,-,2026-09-10 09:23:16.275915+00,2026-09-10 09:23:16.275915+00
43,ARJUN S,2004-05-07,8122280774,"NO.619, BAJANA KOVIL ST, KOLAPPANCHERI, CHENNAI 600072",2024-09-13,2026-03-13,S/Z,Strength Zone,1000.00,0.00,-,2026-09-10 09:23:16.275915+00,2026-09-10 16:49:12.221331+00
44,RAM PRASAD,1995-05-10,7402050204,"NO.112, VGN TEMPLE TOWN , THIRUVERKADU, CHENNAI 600077",2024-09-14,2026-03-14,G/F,General Fitness,1200.00,0.00,-,2026-09-10 09:23:16.275915+00,2026-09-10 16:49:12.221331+00
45,SANTHOSH,1993-06-22,9566232721,"BAJANA KOVIL ST,VAYALANALLUR,CHENNAI 600072",2024-09-14,2026-05-01,S/Z,Strength Zone,2500.00,0.00,-,2026-09-10 09:23:16.275915+00,2026-09-10 16:49:12.221331+00
46,SRI RAM R,2008-02-09,9789697136,"NO.2/30, BAJANA KOVIL ST, KOLAPPANCHERI, CHENNAI 600072",2024-09-14,2026-09-14,S/Z,Strength Zone,1000.00,0.00,-,2026-09-10 09:23:16.275915+00,2026-09-10 16:49:12.221331+00
47,ANBU N,1984-04-06,9940677665,"NO.9, AMBEDKAR ST , THIRUMAZHISAI",2024-09-14,2026-03-14,G/F,General Fitness,1200.00,0.00,-,2026-09-10 09:23:16.275915+00,2026-09-10 16:49:12.221331+00
48,ARAVIND KUMAR P,1994-12-05,7639369804,"NO.11, AMMAN KOVIL ST, PARIVAKKAM, CHENNAI 600054",2024-09-14,2026-03-14,G/F,General Fitness,1200.00,0.00,-,2026-09-10 09:23:16.275915+00,2026-09-10 16:49:12.221331+00
49,ARUN S,2001-05-24,8608695410,"NO.6/9, BAJANAI KOVIL STREET, CHOKKANALLUR VILLAGE, CHENNAI 600072",2024-09-16,2026-03-16,S/Z,Strength Zone,1000.00,0.00,-,2026-09-10 09:23:16.275915+00,2026-09-10 16:49:12.221331+00
50,AATHI,2008-04-11,9176331089,"NO.6/9, BAJANAI KOVIL STREET, CHOKKANALLUR VILLAGE, CHENNAI 600072",2024-09-16,2026-09-18,S/Z,Strength Zone,1000.00,0.00,-,2026-09-10 09:23:16.275915+00,2026-09-10 16:49:12.221331+00
51,JOTHILINGAM R,1979-07-18,9940318205,"NO.1/5, PILLAIYAR KOVIL ST, PARIVAKKAM, CHENNAI 600056",2024-09-15,2026-03-15,G/F,General Fitness,1200.00,0.00,-,2026-09-10 09:23:16.275915+00,2026-09-10 16:49:12.221331+00
52,VASANTH J,1981-06-02,9677252098,"NO. 86B, MONO CITY, PARIVAKKAM, CHENNAI 600056",2024-09-15,2027-01-15,S/Z,Strength Zone,1000.00,0.00,-,2026-09-10 09:23:16.275915+00,2026-09-10 16:49:12.221331+00
53,BETSY PAULINE V,1984-07-03,9940445508,"NO. 86B, MONO CITY, PARIVAKKAM, CHENNAI 600056",2024-09-16,2026-03-16,G/F,General Fitness,1200.00,0.00,-,2026-09-10 09:23:16.275915+00,2026-09-10 16:49:12.221331+00
54,PREM KUMAR Y,2000-12-23,8608695677,"NO.40/41, BAJANA KOVIL ST, KOLAPPANCHERI, CHENNAI 600072",2024-09-16,2026-03-16,S/Z,Strength Zone,1000.00,0.00,,2026-09-10 09:23:16.275915+00,2026-09-10 16:49:12.221331+00
55,JAWAID F,1994-10-14,8667265360,"HYDRAULIC LIFT TECH, KOLAPPANCHERI, CHENNAI 600072",2024-09-16,2026-03-16,S/Z,Strength Zone,2500.00,0.00,,2026-09-10 09:23:16.275915+00,2026-09-10 16:49:12.221331+00
56,BOBIDUL ISLAM A,2001-12-30,7099563027,"NINJAKART COMPANY , KOLAPPANCHERI CHENNAI 600072",2024-09-16,2026-03-16,G/F,General Fitness,1200.00,0.00,,2026-09-10 09:23:16.275915+00,2026-09-10 16:49:12.221331+00
57,ABDUL KHALAK J,2002-09-21,6901191975,"NINJAKART COMPANY , KOLAPPANCHERI CHENNAI 600072",2024-09-16,2026-03-16,G/F,General Fitness,1200.00,0.00,,2026-09-10 09:23:16.275915+00,2026-09-10 16:49:12.221331+00
58,MEHERUL HAQUE.S,2001-01-11,8939699003,"NINJAKART COMPANY , KOLAPPANCHERI CHENNAI 600072",2024-09-16,2026-03-16,G/F,General Fitness,1200.00,0.00,,2026-09-10 09:23:16.275915+00,2026-09-10 16:49:12.221331+00
59,JAGADEESH M,2002-06-19,8939363095,"NO. 34, ROYAL CASTLE, KOLAPPANCHERI, CHENNAI 600072",2024-09-16,2026-03-16,S/Z,Strength Zone,1000.00,0.00,,2026-09-10 09:23:16.275915+00,2026-09-10 16:49:12.221331+00
60,FAYAZ AHMED A,2003-06-12,7256965826,"HYDRAULIC LIFT TECH, KOLAPPANCHERI, CHENNAI 600072",2024-09-16,2026-03-16,S/Z,Strength Zone,2500.00,0.00,,2026-09-10 09:23:16.275915+00,2026-09-10 16:49:12.221331+00
61,MAMIDUL ALI,2022-09-11,6000858683,"PANIMAZKUCHI, NALBARI,- NEW RESIDENT KOLAPPANCHERI, CHENNAI 600072",2024-09-17,2026-03-17,S/Z,Strength Zone,1000.00,0.00,,2026-09-10 09:23:16.275915+00,2026-09-10 16:49:12.221331+00
62,VINOTH KUMAR C,1990-08-24,8870867420,"8/9,BAJANA KOVIL ST, KOLLAPANCHERI CHENNAI 600072",2024-09-17,2026-03-17,G/F,General Fitness,1200.00,0.00,,2026-09-10 09:23:16.275915+00,2026-09-10 16:49:12.221331+00
63,ABDUL BATIN U,2002-10-10,7099963681,"ZOMATO, KOLAPPANCHERI, CHENNAI 600072",2024-09-17,2026-03-17,G/F,General Fitness,1200.00,0.00,,2026-09-10 09:23:16.275915+00,2026-09-10 16:49:12.221331+00
64,NILCHAN ALI,2004-01-01,6901775855,"NINJAKART COMPANY , KOLAPPANCHERI CHENNAI 600072",2024-09-17,2026-03-17,S/Z,Strength Zone,1000.00,0.00,,2026-09-10 09:23:16.275915+00,2026-09-10 16:49:12.221331+00
65,MOMIRUL HOQUE,2003-08-27,9387965352,"NINJAKART COMPANY , KOLAPPANCHERI CHENNAI 600072",2024-09-17,2026-03-17,S/Z,Strength Zone,1000.00,0.00,,2026-09-10 09:23:16.275915+00,2026-09-10 16:49:12.221331+00
66,AMIR HAMJA,2005-04-18,9387666939,"ZOMATO, KOLAPPANCHERI, CHENNAI 600072",2024-09-17,2026-03-17,S/Z,Strength Zone,1000.00,0.00,,2026-09-10 09:23:16.275915+00,2026-09-10 16:49:12.221331+00
67,SUNIL R,2001-08-02,7397357758,"NO. 8/3, BHARATHIYAR ST, ABIRAMI NAGAR, SENNEERKUPPAM, CHENNAI 600056",2024-09-17,2026-03-17,G/F,General Fitness,4000.00,4000.00,,2026-09-10 09:23:16.275915+00,2026-09-10 16:49:12.221331+00
68,SUDHAKAR S,1995-06-06,7373554630,"KATHIRVEL BODY WORK, KOLLAPANCHERI CHENNAI 600072",2024-09-17,2026-03-17,S/Z,Strength Zone,1000.00,0.00,,2026-09-10 09:23:16.275915+00,2026-09-10 16:49:12.221331+00
69,AMINUL ISLAM MD,2006-12-31,9864536212,NINJA KART KOLLAPNCHERI CHENNAI 600072,2024-09-18,2026-03-18,S/Z,Strength Zone,1000.00,0.00,,2026-09-10 09:23:16.275915+00,2026-09-10 16:49:12.221331+00
70,TAFIKUL ISLAM,2003-07-23,9531357384,NINJA KART KOLLAPANVHERI CHENNAI 600072,2024-09-18,2026-03-18,S/Z,Strength Zone,1200.00,0.00,,2026-09-10 09:23:16.275915+00,2026-09-10 16:49:12.221331+00
71,ALKASH,2009-01-05,7845387941,NINJA KART KOLLAPANVHERI CHENNAI 600072,2024-09-19,2025-03-19,S/Z,Strength Zone,1000.00,0.00,,2026-09-10 09:23:16.275915+00,2026-09-10 16:49:12.221331+00
72,HAFIZUR RAHMAM,2005-09-30,9384419587,"ZOMATO, KOLAPPANCHERI, CHENNAI 600072",2024-09-19,2026-03-19,S/Z,Strength Zone,1000.00,0.00,,2026-09-10 09:23:16.275915+00,2026-09-10 16:49:12.221331+00
73,MOJNUR,,9894794583,NINJA KART KOLLAPANVHERI CHENNAI 600072,2024-09-19,2026-03-19,S/Z,Strength Zone,1000.00,0.00,,2026-09-10 09:23:16.275915+00,2026-09-10 16:49:12.221331+00
74,YOGESH R,2007-04-09,842878923,"NO.5/1, ANJENEYAN KOVIL ST,PANAVEEDUTHOTTAM, CHENNAI 600072",2024-09-19,2026-03-19,S/Z,Strength Zone,1000.00,0.00,,2026-09-10 09:23:16.275915+00,2026-09-10 16:49:12.221331+00
75,NAVAS,2001-09-30,6382941854,"PERUMAL KOVIL ST, KOLAPPANCHERI, CHENNAI 600072",2024-09-19,2026-03-19,G/F,General Fitness,1200.00,0.00,,2026-09-10 09:23:16.275915+00,2026-09-10 16:49:12.221331+00
76,TAYABUR RAHMAN A,1997-01-18,8638629870,"EXPRESSBEES COMPANY, KOLAPPANCHERRI, CHENNAI 600072",2024-09-20,2026-03-20,G/F,General Fitness,1200.00,0.00,,2026-09-10 09:23:16.275915+00,2026-09-10 16:49:12.221331+00
77,NAVEEN R,2005-06-19,8939625734,"NO.744, MGR ST,KOLAPPANCHERI,CHENNAI 600072",2024-09-21,2025-03-24,S/Z,Strength Zone,1000.00,0.00,,2026-09-10 09:23:16.275915+00,2026-09-10 16:49:12.221331+00
78,RATHISH KUMAR,1990-07-23,7305764545,PILLAIYAR KOVIL ST PARIVAKKAM CHENNAI 600056,2024-09-23,2026-03-29,G/F,General Fitness,1200.00,0.00,,2026-09-10 09:23:16.275915+00,2026-09-10 16:49:12.221331+00
79,DARVIN RAJ J,1999-11-01,8608055392,NO 2/68 BAJANA KOVIL ST KOLLAPANCHERI CH 600072,2024-09-23,2025-06-10,G/F,General Fitness,1200.00,0.00,,2026-09-10 09:23:16.275915+00,2026-09-10 16:49:12.221331+00
80,PRASANTH S,2007-05-10,7094131131,4/618 ANNA STREET CHOKKANALLUR CHENNAI 600072,2024-09-23,2026-03-23,S/Z,Strength Zone,1000.00,0.00,,2026-09-10 09:23:16.275915+00,2026-09-10 16:49:12.221331+00
81,GURU SHANKAR,2002-11-23,9840609953,2/68 BAJANA KOVIL STREET KOLLAPANCHERI CHENNAI 600072,2024-09-23,2026-03-23,S/Z,Strength Zone,1000.00,0.00,,2026-09-10 09:23:16.275915+00,2026-09-10 16:49:12.221331+00
82,NARJUL ISLAM A,2006-02-02,6901812808,"NINJAKART COMPANY , KOLAPPANCHERI CHENNAI 600072",2024-09-23,2026-03-23,S/Z,Strength Zone,1000.00,0.00,,2026-09-10 09:23:16.275915+00,2026-09-10 16:49:12.221331+00
83,SANGIT KUMAR SAMANTHA,1987-10-21,7908255768,"NO. 143/1, THANDRAI MAIN ROAD, PIDANITHANGAL,CHENNAI 600056",2024-09-23,2026-03-23,G/F,General Fitness,1200.00,0.00,,2026-09-10 09:23:16.275915+00,2026-09-10 16:49:12.221331+00
84,RAGUL A,2024-11-10,8939741736,"NO.1/31, PERUMAL KOVIL ROAD, KOLAPPANCHERI, CHENNAI 600072",2024-09-23,2026-03-23,S/Z,Strength Zone,1000.00,0.00,,2026-09-10 09:23:16.275915+00,2026-09-10 16:49:12.221331+00
85,ASWINI SAGAR SWAIN,1995-04-18,8658457565,KEC COMPANY KOLLAPANCHERI CHENNAI 600072,2024-09-24,2026-03-24,G/F,General Fitness,1200.00,0.00,,2026-09-10 09:23:16.275915+00,2026-09-10 16:49:12.221331+00
86,DEEPAK M,2006-12-17,8778662934,"NO.5/12, PILLAIYAR KOVIL ST, POONAMALLEE, CHENNAI 600056",2024-09-24,2026-03-08,S/Z,Strength Zone,1000.00,0.00,,2026-09-10 09:23:16.275915+00,2026-09-10 16:49:12.221331+00
87,VINOTH R,1997-08-03,7299512012,NO 18 PONNIAMMAN KOVIL STREET KAVALCHERI CHENNAI 600072,2024-09-24,2025-03-24,S/Z,Strength Zone,1000.00,0.00,,2026-09-10 09:23:16.275915+00,2026-09-10 16:49:12.221331+00
88,NATHAN K,1996-08-06,8971120121,"L&T COMPANY, VOYALANALLUR, CHENNAI 600072",2024-09-25,2026-03-25,S/Z,Strength Zone,1000.00,0.00,,2026-09-10 09:23:16.275915+00,2026-09-10 16:49:12.221331+00
89,MOIN UDDIN A,2004-02-01,9395408986,"NINJAKART COMPANY , KOLAPPANCHERI CHENNAI 600072",2024-09-25,2026-03-25,S/Z,Strength Zone,1000.00,0.00,,2026-09-10 09:23:16.275915+00,2026-09-10 16:49:12.221331+00
90,ALI AHMED R,2007-01-17,9864122296,"NINJAKART COMPANY , KOLAPPANCHERI CHENNAI 600072",2024-09-25,2026-03-25,S/Z,Strength Zone,1000.00,0.00,,2026-09-10 09:23:16.275915+00,2026-09-10 16:49:12.221331+00
91,ABINASH S,2004-07-29,8248483935,PLOT NO 6 KAMATCHI NAGAR KOLLKPANCHERI CHENNAI 600072,2024-09-27,2026-09-27,S/Z,Strength Zone,1000.00,0.00,,2026-09-10 09:23:16.275915+00,2026-09-10 16:49:12.221331+00
92,ARAVIND S,1998-02-16,9791509865,NO 153/43 PERUMAL KOVIL STREET THIRUVERKADU CHENNAI 600077,2024-09-28,2026-03-28,S/Z,Strength Zone,1000.00,0.00,,2026-09-10 09:23:16.275915+00,2026-09-10 16:49:12.221331+00
93,ASHADUL,1997-04-01,8011765863,KOLLAPANCHERI CHENNAI 600072,2024-09-30,2026-03-30,G/F,General Fitness,1200.00,0.00,,2026-09-10 09:23:16.275915+00,2026-09-10 16:49:12.221331+00
94,GUHAN A,2003-07-27,8925644841,"NO. 9/15, KARUMARI AMMAN KOVIL ST, PARIVAKKAM, CHENNAI 600056",2024-09-30,2026-06-13,S/Z,Strength Zone,1000.00,0.00,,2026-09-10 09:23:16.275915+00,2026-09-10 16:49:12.221331+00
95,ROKIBUL HUSSAIN A,2008-05-03,8964553004,"NINJAKART COMPANY , KOLAPPANCHERI CHENNAI 600072",2024-09-30,2026-03-30,S/Z,Strength Zone,1000.00,0.00,,2026-09-10 09:23:16.275915+00,2026-09-10 16:49:12.221331+00
96,MERVYN,1991-08-13,9551877550,NO 199 SPE METROCITY PARIVAKKAM CHENNAI 600056,2024-10-01,2026-06-01,G/F,General Fitness,7000.00,0.00,,2026-09-10 09:23:16.275915+00,2026-09-10 16:49:12.221331+00
97,MICHAEL A,1992-06-04,8056180348,"NO.8 PALLIKUPPAM CROSS ST, VELAPPANCHAVADI, CHENNAI 600077",2024-10-01,2026-05-01,S/Z,Strength Zone,1000.00,0.00,,2026-09-10 09:23:16.275915+00,2026-09-10 16:49:12.221331+00
98,SUGAN RAJ M,1992-07-08,9092784091,"NO. 3/259, SEEMATHJAMMAN KOVIL ST, PIDARITHANGAL, BANAVEDUTHOTTAM",2024-10-01,2026-05-01,S/Z,Strength Zone,1000.00,0.00,,2026-09-10 09:23:16.275915+00,2026-09-10 16:49:12.221331+00
99,SHUTRUGHAN KUMAR R,1997-08-07,8505937339,"DP WORLD COMPANY, KOLLAPANCHERI, CHENNAI 600072",2024-10-01,2026-05-21,S/Z,Strength Zone,1000.00,0.00,,2026-09-10 09:23:16.275915+00,2026-09-10 16:49:12.221331+00
100,DAVID A,1990-08-16,9003095114,"NO. 86A,87A, SPE MONOCITY PIDARITHANGAL VILLAGE, POONAMALLEE CHENNAI 600056",2024-10-02,2026-03-02,G/F,General Fitness,1200.00,0.00,,2026-09-10 09:23:16.275915+00,2026-09-10 16:49:12.221331+00
101,PETER A,1992-10-05,9003095114,"NO. 86A,87A, SPE MONOCITY PIDARITHANGAL VILLAGE, POONAMALLEE CHENNAI 600056",2024-10-02,2026-03-02,G/F,General Fitness,1200.00,0.00,,2026-09-10 09:23:16.275915+00,2026-09-10 16:49:12.221331+00
102,KUMARAN M,2004-11-18,7092796783,"NO. 3/46, BAJANAI KOVIL ST, KOLAPPANCHERI, CHENNAI 600072",2024-10-02,2026-04-09,S/Z,Strength Zone,1000.00,0.00,,2026-09-10 09:23:16.275915+00,2026-09-10 16:49:12.221331+00
103,CHARAN KUMAR V,2002-08-06,7397237183,"NO. 176, SPE METRO CITY, PIDARITHANGAL,",2024-10-02,2026-03-10,S/Z,Strength Zone,1000.00,0.00,,2026-09-10 09:23:16.275915+00,2026-09-10 16:49:12.221331+00
104,SETTU E,1999-12-17,6382815831,"62C, KAITHIRAMMAN KOVIL ST, SRINIVASA NAGAR, KANNAPALAYAM CHENNAI 600071",2024-10-03,2026-04-03,S/Z,Strength Zone,2000.00,0.00,,2026-09-10 09:23:16.275915+00,2026-09-10 16:49:12.221331+00
105,NITHISH KUMAR S,2005-03-08,6380879692,"NO. 4/131 BALVADI ST, PARIVAKKAM, CHENNAI 600056",2024-10-04,2026-03-15,S/Z,Strength Zone,1000.00,0.00,,2026-09-10 09:23:16.275915+00,2026-09-10 16:49:12.221331+00
106,RAMESH S,1996-07-10,7530030242,"HI-TECH COACH COMPANY , KOLAPPANCHERI CHENNAI 600072",2024-10-04,2026-03-04,G/F,General Fitness,1200.00,0.00,,2026-09-10 09:23:16.275915+00,2026-09-10 16:49:12.221331+00
107,SANJAN V,2008-08-21,7845510821,"825, BAJANAI KOVIL ST, CHOKANALLUR , CHENNAI 600072",2024-10-05,2026-03-05,S/Z,Strength Zone,1000.00,0.00,,2026-09-10 09:23:16.275915+00,2026-09-10 16:49:12.221331+00
108,DIVAKAR M,2009-12-24,7200016089,"817, BAJANAI KOVIL ST, CHOKANALLUR , CHENNAI 600072",2024-10-05,2026-03-05,G/F,General Fitness,1200.00,0.00,,2026-09-10 09:23:16.275915+00,2026-09-10 16:49:12.221331+00
109,DANIEL R,2002-11-13,7449204956,"NO. 749, MAIN ROAD, CHOKANALLUR VILLAGE, CHENNAI 600072",2024-10-05,2026-09-05,S/Z,Strength Zone,1000.00,0.00,,2026-09-10 09:23:16.275915+00,2026-09-10 16:49:12.221331+00
110,MANIKANADAN,2004-03-05,8190979342,NO 33 BAJANA KOVIL STREET KOLLAPANCHERI CHENNAI 600072,2024-10-07,2026-03-07,G/F,General Fitness,1200.00,0.00,,2026-09-10 09:23:16.275915+00,2026-09-10 16:49:12.221331+00
111,PRITHIVIKASH,2004-09-14,9940048406,NO 4/113 BALVADI STREET PAVIVAKKAM CHENNAI 60052,2024-09-26,2026-03-26,S/Z,Strength Zone,1000.00,0.00,,2026-09-10 09:23:16.275915+00,2026-09-10 16:49:12.221331+00
112,SANDRU,2000-01-25,9940380379,NO 47 EV PERIYAR STREET PARIVAKKAM CHENNAI 600052,2024-10-08,2026-03-08,S/Z,Strength Zone,1000.00,0.00,,2026-09-10 09:23:16.275915+00,2026-09-10 16:49:12.221331+00
113,SANJAY J,2005-04-17,9787863945,"NO.42, PERUMAL KOVIL ST, KOLAPPANCHERI, CHENNAI 600072",2024-10-08,2026-08-03,S/Z,Strength Zone,1000.00,0.00,,2026-09-10 09:23:16.275915+00,2026-09-10 16:49:12.221331+00
114,AJITH D,1991-01-11,9514005530,"NO.2/42, BALVADI ST, VOYALANALLUR, CHENNAI 600072",2024-10-09,2026-03-09,S/Z,Strength Zone,1000.00,0.00,,2026-09-10 09:23:16.275915+00,2026-09-10 16:49:12.221331+00
115,SANJAY B,2005-07-06,8838542295,"NO.47, EVR, PERIYAR ST, PARIVAKKAM, CHENNAI 600056",2024-10-09,2026-03-09,S/Z,Strength Zone,1000.00,0.00,,2026-09-10 09:23:16.275915+00,2026-09-10 16:49:12.221331+00
116,TAMIL SELVAN M,1992-04-29,9176161904,"NO.711, KALAIGNAR ST ,CHOKANALLUR VILLAGE, CHENNAI 600072",2024-10-12,2026-03-12,S/Z,Strength Zone,1000.00,0.00,,2026-09-10 09:23:16.275915+00,2026-09-10 16:49:12.221331+00
117,ARUN YADAV,1996-03-25,8448428134,"LNT, CHOKANALLUR VILLAGE, CHENNAI 600072",2024-10-12,2026-03-12,S/Z,Strength Zone,1000.00,0.00,,2026-09-10 09:23:16.275915+00,2026-09-10 16:49:12.221331+00
118,GIRI S,2006-10-14,9025753009,"NO. 14, PERUMAL KOVIL ST, KOLAPPANCHERI, CHENNAI 600072",2024-10-13,2026-03-13,S/Z,Strength Zone,1000.00,0.00,,2026-09-10 09:23:16.275915+00,2026-09-10 16:49:12.221331+00
119,JOHNSON S,2005-06-21,9176096568,"NO. 270, AMBEDKAR ST, CHOKANALLUR VILLAGE, CHENNAI 600072",2024-10-14,2026-03-14,S/Z,Strength Zone,1000.00,0.00,,2026-09-10 09:23:16.275915+00,2026-09-10 16:49:12.221331+00
120,DEEPAK BILUNG,1996-08-06,6372087939,"LNT, CHOKANALLUR VILLAGE, CHENNAI 600072",2024-10-15,2026-03-15,S/Z,Strength Zone,1000.00,0.00,,2026-09-10 09:23:16.275915+00,2026-09-10 16:49:12.221331+00
121,BINU,1999-09-01,9817204085,"LNT, CHOKANALLUR VILLAGE, CHENNAI 600072",2024-10-15,2026-03-15,S/Z,Strength Zone,1000.00,0.00,,2026-09-10 09:23:16.275915+00,2026-09-10 16:49:12.221331+00
122,SOHEL RANA,2000-12-25,7470167003,"SMG COMPANY, POONAMALLEE, CHENNAI",2024-10-16,2026-03-16,G/F,General Fitness,1200.00,0.00,,2026-09-10 09:23:16.275915+00,2026-09-10 16:49:12.221331+00
123,CHAITANYA K,1998-05-04,9676066907,"SRI CHAITANYA TECHNO SCHOOL, CHOKANALLUR VILLAGE, CHENNAI 600072",2024-10-17,2026-03-17,G/F,General Fitness,1200.00,0.00,,2026-09-10 09:23:16.275915+00,2026-09-10 16:49:12.221331+00
124,KATHIRAVAN.E,2004-03-08,8610427043,NO 624 BAJANA KOVIL STREET CHOKKANALLUR CHENNAI 600072,2024-10-18,2026-03-18,S/Z,Strength Zone,1000.00,0.00,,2026-09-10 09:23:16.275915+00,2026-09-10 16:49:12.221331+00
125,MOORTHY R,1996-02-04,9751472763,NO 2/53 BAJANA KOVIL STREET KOLLAPANCHERI CHENNAI 600072,2024-10-18,2026-03-18,S/Z,Strength Zone,1000.00,0.00,,2026-09-10 09:23:16.275915+00,2026-09-10 16:49:12.221331+00
126,SANJAY S,2001-12-18,7305222788,NO 2/60 BANAJA KOVIL STREET KOLLAPANCHERI CHENNAI 600072,2024-10-18,2026-03-18,S/Z,Strength Zone,1000.00,0.00,,2026-09-10 09:23:16.275915+00,2026-09-10 16:49:12.221331+00
127,PERUMAL V,2002-03-02,8124127156,NO 2/42 PALIAL VARAN KOVIL STREET PARIVAKKAM CHENNAI 600056,2024-10-19,2026-03-19,S/Z,Strength Zone,1000.00,0.00,,2026-09-10 09:23:16.275915+00,2026-09-10 16:49:12.221331+00
128,EMAMUL HUSSAIN A,2006-07-07,7200491542,"NINJAKART COMPANY , KOLAPPANCHERI CHENNAI 600072",2024-10-20,2026-03-20,S/Z,Strength Zone,1000.00,0.00,,2026-09-10 09:23:16.275915+00,2026-09-10 16:49:12.221331+00
129,JEEVA M,2007-02-06,9884851409,"NO. 666, BAJANA KOVIL ST, CHOKANALLUR VILLAGE, VOYALANALLUR, CHENNAI 600072",2024-10-21,2026-03-21,S/Z,Strength Zone,800.00,0.00,,2026-09-10 09:23:16.275915+00,2026-09-10 16:49:12.221331+00
130,ARAVIND S,1998-08-19,6385101886,"NO.88A, SPE MONOCITY, PARIVAKKAM, POONAMALLEE, CHENNAI 600056",2024-10-26,2026-03-19,S/Z,Strength Zone,2500.00,0.00,,2026-09-10 09:23:16.275915+00,2026-09-10 16:49:12.221331+00
131,SURESH P,1997-06-05,6381349110,SIVAN KOVIL STREET METTUPALAYAM CHENNAI 600056,2024-10-28,2026-03-28,S/Z,Strength Zone,1000.00,0.00,,2026-09-10 09:23:16.275915+00,2026-09-10 16:49:12.221331+00
132,KAMAL M,2002-07-09,9841171137,NO 36 PERUMAL KOVIL STREET THIRUVERKADU CHENNAI 600077,2024-10-29,2026-03-28,S/Z,Strength Zone,1000.00,0.00,,2026-09-10 09:23:16.275915+00,2026-09-10 16:49:12.221331+00
133,FARHAN,2002-01-01,8822172093,EXPRESS BISS KOLLAPANCHERI CHENNAI 600072,2024-10-29,2026-03-29,S/Z,Strength Zone,1000.00,0.00,,2026-09-10 09:23:16.275915+00,2026-09-10 16:49:12.221331+00
134,HARISHIT D,2009-08-17,8754546345,PLOT NO 1/44 2ND FLOOR ANCHINEYAR KOVIL STREET PARIVAKKAM CHENNAI 600056,2024-10-30,2026-03-30,S/Z,Strength Zone,1000.00,0.00,,2026-09-10 09:23:16.275915+00,2026-09-10 16:49:12.221331+00
135,BALAJI Y,1996-12-05,7358401095,"3/69, BAJANA KOVIL ST, KOLAPPANCHERI, CHENNAI 600072",2024-11-01,2026-05-01,G/F,General Fitness,1000.00,200.00,,2026-09-10 09:23:16.275915+00,2026-09-10 16:49:12.221331+00
136,PETER A,1992-10-05,7845541416,"NO 86 A SPE MONO CITY PARIVAKKAM ,POONAMALI CHENNAI 600056",2024-11-01,2026-09-11,G/F,General Fitness,1200.00,0.00,3000,2026-09-10 09:23:16.275915+00,2026-09-10 16:49:12.221331+00
137,KAMESH R,2006-10-04,9962276485,NO 5/46 PERUMAL KOVIL STREET PAVEDUTHOTTAM PARIVAKKAM CHENNAI 600056,2024-11-02,2026-03-08,S/Z,Strength Zone,1000.00,0.00,,2026-09-10 09:23:16.275915+00,2026-09-10 16:49:12.221331+00
138,PREM S,2002-01-16,9043290072,NO 2/39 BAJANA KOVIL STRRET KOLAPANCHERI CHENNAI 600056,2024-11-04,2026-09-10,S/Z,Strength Zone,1000.00,0.00,,2026-09-10 09:23:16.275915+00,2026-09-10 16:49:12.221331+00
139,VIMAL RAJ R,1989-04-15,9566277373,NO 2/89 BAJANA KOVIL STREET CHOKKANALLUR CHENNAI 600072,2024-11-04,2026-09-08,S/Z,Strength Zone,1000.00,0.00,,2026-09-10 09:23:16.275915+00,2026-09-10 16:49:12.221331+00
140,JOSEPH,1991-09-29,9080111974,NO 2/31 BAJANA KOVIL STRRET KOLLAPANCHERI CHENNAI 600056,2024-11-04,2026-03-04,S/Z,Strength Zone,1000.00,0.00,,2026-09-10 09:23:16.275915+00,2026-09-10 16:49:12.221331+00
141,ALI IMRAN A,1998-07-23,9840134018,PLOT NO 44 SPE METROCITY PANAVEDDU THOTTAM CHENNAI 600056,2024-11-04,2026-09-01,G/F,General Fitness,1200.00,0.00,,2026-09-10 09:23:16.275915+00,2026-09-10 16:49:12.221331+00
142,HAZRAT ALI,2007-04-05,9994610476,NINJA KART KOLLAPANCHERI CHENNAI 600072,2024-11-05,2026-03-05,S/Z,Strength Zone,1000.00,0.00,,2026-09-10 09:23:16.275915+00,2026-09-10 16:49:12.221331+00
143,MAHESHWAR GOPE,2006-05-01,6297451564,"SMG COMPANY, POONAMALLEE, CHENNAI",2024-11-05,2026-03-05,S/Z,Strength Zone,1000.00,0.00,,2026-09-10 09:23:16.275915+00,2026-09-10 16:49:12.221331+00
144,SAKTHI DS,2005-10-03,9150522849,NO 806BAJANA KOVIL STREET CHOKKANALLUR CHENNAI 60072,2024-11-09,2026-03-09,S/Z,Strength Zone,1000.00,0.00,,2026-09-10 09:23:16.275915+00,2026-09-10 16:49:12.221331+00
145,MUKESH S,2006-11-13,7639798008,NO 16 BAJANA KOVIL STREET PARIVAKKAM CHENNAI 600056,2024-11-09,2026-03-22,S/Z,Strength Zone,1000.00,0.00,,2026-09-10 09:23:16.275915+00,2026-09-10 16:49:12.221331+00
146,AKASH SATHIVEL,2005-07-30,9345849755,"SAVEETHA SCHOOL OF LAW, HOSTEL, POONAMALLEE, CHENNAI 600077",2024-11-10,2026-03-10,G/F,General Fitness,1200.00,0.00,,2026-09-10 09:23:16.275915+00,2026-09-10 16:49:12.221331+00
147,SARAN RAJ S,2003-10-25,9363362636,"SAVEETHA SCHOOL OF LAW, HOSTEL, POONAMALLEE, CHENNAI 600077",2024-11-10,2026-03-10,G/F,General Fitness,1200.00,0.00,,2026-09-10 09:23:16.275915+00,2026-09-10 16:49:12.221331+00
148,SUDHAKAR S,1981-06-02,9159393499,"NO.AMBEDKAR ST, CHOKKANALLUR VILLAGE, CHENNAI 600072",2024-11-11,2026-08-08,G/F,General Fitness,1200.00,0.00,,2026-09-10 09:23:16.275915+00,2026-09-10 16:49:12.221331+00
149,UMAMAHESWARA RAO,1987-04-02,9885460404,CHAITANYA HOSTEL VOYALANALLUR CHENNAI 600072,2024-11-11,2026-03-11,G/F,General Fitness,3200.00,0.00,,2026-09-10 09:23:16.275915+00,2026-09-10 16:49:12.221331+00
150,BARKATHULLAM K A,1996-05-15,9500003627,NO 49 SPE METRO CITY PARIVAKKAM CHENNAI 600056,2024-11-13,2026-03-12,G/F,General Fitness,1200.00,0.00,,2026-09-10 09:23:16.275915+00,2026-09-10 16:49:12.221331+00
151,ABDUL KALAM A,2003-12-13,7358292393,NO 49 SPE METRO CITY PARIVAKKAM CHENNAI 600056,2024-11-13,2026-03-13,G/F,General Fitness,1200.00,0.00,,2026-09-10 09:23:16.275915+00,2026-09-10 16:49:12.221331+00
152,JARDIS SK M,1990-05-17,6294231846,"SSB COMPANY, PARIVAKKAM, CHENNAI 600072",2024-11-13,2026-03-13,S/Z,Strength Zone,800.00,200.00,,2026-09-10 09:23:16.275915+00,2026-09-10 16:49:12.221331+00
153,MANOJ M,2002-04-25,7550168404,"NO. 71, PERUMAL KOVIL STREET, THIRUVERKADU CHENNAI 600077",2024-11-14,2026-03-14,S/Z,Strength Zone,1000.00,0.00,,2026-09-10 09:23:16.275915+00,2026-09-10 16:49:12.221331+00
154,NANTHA KUMAR A,1979-06-10,8122942061,"NO. 204,PALVAADI ST, VAYALANALLUR, CHENNAI 600072",2024-11-14,2026-03-14,S/Z,Strength Zone,1000.00,0.00,,2026-09-10 09:23:16.275915+00,2026-09-10 16:49:12.221331+00
155,MANOJ E,2001-04-06,9514254691,"NO. 2/29, BAJANA KOVIL ST, KOLLAPANCHERI, CHENNAI 600072",2024-11-14,2026-09-14,S/Z,Strength Zone,1000.00,0.00,,2026-09-10 09:23:16.275915+00,2026-09-10 16:49:12.221331+00
156,PRAVEEN KUMAR S,2007-04-09,9940559045,"NO 5, SRI KAMACHI NAGAR, KOLLAPANCHERI, CHENNAI 600072",2024-11-15,2026-03-28,G/F,General Fitness,1200.00,0.00,,2026-09-10 09:23:16.275915+00,2026-09-10 16:49:12.221331+00
157,SURYA S,1997-05-10,9025958020,NO 1/63 PERUMAL KOVIL STREET KOLLAPANCHERI CHENNAI 600072,2024-11-23,2026-03-23,S/Z,Strength Zone,1000.00,0.00,,2026-09-10 09:23:16.275915+00,2026-09-10 16:49:12.221331+00
158,MURALI S,1997-04-26,9087092719,NO 1/63 PERUMAL KOVIL STREET KOLLAPANCHERI CHENNAI 600072,2024-11-23,2026-03-23,S/Z,Strength Zone,1000.00,0.00,,2026-09-10 09:23:16.275915+00,2026-09-10 16:49:12.221331+00
159,RITHISH V,2007-02-09,7550106390,"NO. 61, PALVADI ST, PARIVAKKAM, CHENNAI 600056",2024-11-18,2026-03-18,S/Z,Strength Zone,1000.00,0.00,,2026-09-10 09:23:16.275915+00,2026-09-10 16:49:12.221331+00
160,EMIMAL M,1995-07-21,9080455647,"NO 595, MAIN ROAD , CHOKKANALLUR, CHENNAI 600072",2024-11-19,2026-06-29,G/F,General Fitness,1200.00,0.00,,2026-09-10 09:23:16.275915+00,2026-09-10 16:49:12.221331+00
161,YUVAN SHANKAR T,2001-08-27,8056112820,NO 33 BAJANA KOVIL STREET KOLLAPANCHERI CHENNAI 600072,2024-11-20,2026-09-01,S/Z,Strength Zone,1000.00,0.00,,2026-09-10 09:23:16.275915+00,2026-09-10 16:49:12.221331+00
162,JENIFER S,2002-10-02,7550002935,"NO. 2/31, BHAJANAI KOVIL STREET, KOLAPPANCHERI, CHENNAI 600072",2024-12-04,2026-03-04,G/F,General Fitness,1000.00,0.00,,2026-09-10 09:23:16.275915+00,2026-09-10 16:49:12.221331+00
163,SANJEEV D.S,1998-03-16,9150139709,"NO. 806, B.K ST, CHOKKANALLUR, CHENNAI 600072",2024-12-04,2026-05-21,S/Z,Strength Zone,1000.00,0.00,,2026-09-10 09:23:16.275915+00,2026-09-10 16:49:12.221331+00
164,VASANTH KUMAR G,1999-05-31,7449283285,"NO. 131, CHURCH STREET, PARIVAKKAM, CHENNAI 600056",2024-12-05,2026-09-22,S/Z,Strength Zone,1000.00,0.00,,2026-09-10 09:23:16.275915+00,2026-09-10 16:49:12.221331+00
165,KISHORE KUMAR V,2006-03-08,7358501749,NO 3 PILLAYAR KOVIL STREET PARIVAKKAM CHENNAI 600056,2024-12-07,2026-03-07,S/Z,Strength Zone,1000.00,0.00,,2026-09-10 09:23:16.275915+00,2026-09-10 16:49:12.221331+00
166,SANTHOSH KUMAR S,2006-09-10,9962604575,NO 5 PILLAYAR KOVIL STREET PARIVAKKAMCHENNAI 600056,2024-12-07,2026-03-07,S/Z,Strength Zone,1000.00,0.00,,2026-09-10 09:23:16.275915+00,2026-09-10 16:49:12.221331+00
167,SANTHOSH KUMAR A,1996-04-09,8610460314,"NO. 4/578, BAJANAI KOVIL ST, CHOKKANALLUR, CHATHIRAM, CHENNAI",2024-12-09,2026-09-07,S/Z,Strength Zone,1000.00,0.00,,2026-09-10 09:23:16.275915+00,2026-09-10 16:49:12.221331+00
168,ETHIRAJ T,1987-08-17,8807882253,"NO. 1/149, BAJANAI KOVIL ST, VOYALANALLUR,CHENNAI 600072",2024-12-09,2026-03-09,S/Z,Strength Zone,1000.00,0.00,,2026-09-10 09:23:16.275915+00,2026-09-10 16:49:12.221331+00
169,PRASANTH M,1995-12-28,7358646981,"NO. 2/316, SATHIYA NAGAR, 8TH STREET, KOVILLAMBAKKAM,CHENNAI 600109",2024-12-10,2026-03-10,G/F,General Fitness,1200.00,0.00,,2026-09-10 09:23:16.275915+00,2026-09-10 16:49:12.221331+00
170,RAGHUL R,2002-11-30,8124935419,NO 2/11 BAJANA KOVIL STREET KOLAPANCHERI CHENNAI 600072,2024-12-12,2026-03-12,S/Z,Strength Zone,1000.00,0.00,,2026-09-10 09:23:16.275915+00,2026-09-10 16:49:12.221331+00
171,GOWTHAM S,1999-02-03,7397428727,"NSS BUSINESS VENTURES, KOLAPPANCHERI, CHENNAI 600072",2024-12-16,2026-03-16,G/F,General Fitness,1200.00,0.00,,2026-09-10 09:23:16.275915+00,2026-09-10 16:49:12.221331+00
172,RAJESH S,2000-06-30,8428597110,NO 3/38 BAJANA KOVIL STREET KOLLAPANCHERI CHENNAI 600072,2024-12-16,2026-09-21,G/F,General Fitness,1200.00,0.00,,2026-09-10 09:23:16.275915+00,2026-09-10 16:49:12.221331+00
173,AATHIYAPPAN S,2005-08-27,7200177903,"NO.107, MARIYAMMAN KOVIL ST, KOLAPPANCHERI,CHENNAI 600072",2024-12-17,2026-03-30,S/Z,Strength Zone,1000.00,0.00,,2026-09-10 09:23:16.275915+00,2026-09-10 16:49:12.221331+00
174,GODSON PRAVEEN J,1991-01-06,6383043679,NO 46 KUMARAN NAGAR SARTHAR PATEL STREET PADI CHENNAI 600050,2024-12-19,2026-03-19,G/F,General Fitness,1200.00,0.00,,2026-09-10 09:23:16.275915+00,2026-09-10 16:49:12.221331+00
175,KABILAN R,1993-04-16,9840813850,NO 121 PERUMAL KOVIL KOLLAPANCHERI CHENNAI 60056,2024-12-26,2026-03-26,S/Z,Strength Zone,1000.00,0.00,,2026-09-10 09:23:16.275915+00,2026-09-10 16:49:12.221331+00
176,KAMAL S,1994-10-10,9679973249,"NO.3/317, KANNADHASAN ST, SANTHOSH NAGAR EXT, MADHANANDHAPURAM ,CHENNAI 600125",2024-12-27,2026-03-28,S/Z,Strength Zone,1000.00,0.00,,2026-09-10 09:23:16.275915+00,2026-09-10 16:49:12.221331+00
177,MOHAMED ASHWAQ S,1999-07-27,9962725793,"NO.4, SPE METRO CITY, PIDARITHANGAL,POONAMALLEE,CHENNAI 600056",2025-01-02,2026-03-02,S/Z,Strength Zone,1000.00,0.00,,2026-09-10 09:23:16.275915+00,2026-09-10 16:49:12.221331+00
178,VICKY,2002-02-27,8248003733,NO 1/39 GANAGAI AMMAN KOVIL STREET KOLLAPANCHERI CHENNAI 600056,2025-01-03,2026-04-03,S/Z,Strength Zone,1000.00,0.00,,2026-09-10 09:23:16.275915+00,2026-09-10 16:49:12.221331+00
179,PAPPU KUMAR D,2005-08-20,9709332581,"SRI KUMARAN METAL , KOLLAPPANCHERI, CHENNAI 600072",2025-01-04,2025-04-04,G/F,General Fitness,1200.00,0.00,,2026-09-10 09:23:16.275915+00,2026-09-10 16:49:12.221331+00
180,DEEPAK G,2007-07-24,8428187090,NO 3/78 MAIN ROAD VAYALANALLUR CHENNAI 600072,2025-01-05,2026-03-05,G/F,General Fitness,1200.00,0.00,,2026-09-10 09:23:16.275915+00,2026-09-10 16:49:12.221331+00
181,AGILESHWARAN M,1996-07-25,7010068895,NO 8 BALVADI STREET PARIVAKKAM CHENNAI 600052,2025-01-09,2026-03-09,S/Z,Strength Zone,1000.00,0.00,,2026-09-10 09:23:16.275915+00,2026-09-10 16:49:12.221331+00
182,MUKESH R,1997-02-23,7338991289,"NO.463, PILLAYAR KOVIL STREET, CHOKKANALLUR VILLAGE, CHENNAI 600072",2025-01-11,2026-03-11,S/Z,Strength Zone,1000.00,0.00,,2026-09-10 09:23:16.275915+00,2026-09-10 16:49:12.221331+00
183,SACHIN AARON T,2010-07-31,9884852292,"NO.8, BANAVEEDU THOTTAM, KOLAPPANCHERI, CHENNAI 600072",2025-01-17,2026-03-17,S/Z,Strength Zone,1000.00,0.00,,2026-09-10 09:23:16.275915+00,2026-09-10 16:49:12.221331+00
184,SANTHOSH R,2003-09-18,9940681609,"NO. 2/28, KOLLAPURI AMMAN KOVIL ST, PARIVAKKAM,CHENNAI 600056",2025-01-21,2026-04-03,S/Z,Strength Zone,4500.00,0.00,,2026-09-10 09:23:16.275915+00,2026-09-10 16:49:12.221331+00
185,VISHNU VARTHAN S,2005-12-14,9564502913,"NO. 371, BAJANA KOVIL ST, VOYANALLUR, CHENNAI 600072",2025-01-21,2026-04-12,S/Z,Strength Zone,1000.00,0.00,,2026-09-10 09:23:16.275915+00,2026-09-10 16:49:12.221331+00
186,MOGESH V,2000-07-06,8072501776,"NO.59, BALVADI ST, PARIVAKKAM,CHENNAI 600056",2025-01-24,2026-03-25,S/Z,Strength Zone,1000.00,0.00,,2026-09-10 09:23:16.275915+00,2026-09-10 16:49:12.221331+00
187,VISHWA R A,2003-02-27,7305903647,NO 1/57 PERUMAL KOVIL STREET KOLLAPANCHERI 600072,2025-01-27,2026-03-27,S/Z,Strength Zone,1000.00,0.00,,2026-09-10 09:23:16.275915+00,2026-09-10 16:49:12.221331+00
188,RAMASUBRAMANI K,2005-08-27,6382139071,"KOLLAPANCHERI BOYS GOVERNMENT HOSTEL, CHENNAI 600072",2025-01-29,2026-03-29,S/Z,Strength Zone,3200.00,0.00,,2026-09-10 09:23:16.275915+00,2026-09-10 16:49:12.221331+00
189,DHANASINGH P,2005-03-22,6379187602,"KOLLAPANCHERI BOYS GOVERNMENT HOSTEL, CHENNAI 600072",2025-01-29,2026-03-29,S/Z,Strength Zone,3200.00,0.00,,2026-09-10 09:23:16.275915+00,2026-09-10 16:49:12.221331+00
190,AMAR NATH R,1993-05-17,9003910432,NO 265 SURATHAMMAN KOVIL STREET PIDARITHANGAL POONAMALLEE CHENNAI 600056,2025-02-03,2026-04-03,G/F,General Fitness,1200.00,0.00,,2026-09-10 09:23:16.275915+00,2026-09-10 16:49:12.221331+00
191,PUVIYARASAN G,2005-01-04,6380699622,"NO.91B, SPE MONOCITY, BANAVEEDU THOTTAM, PIDARITHANGAL, CHENNAI 600072",2025-02-03,2026-03-10,S/Z,Strength Zone,1000.00,0.00,,2026-09-10 09:23:16.275915+00,2026-09-10 16:49:12.221331+00
192,DINESH KUMAR R,1989-05-05,9566214703,"NO.134, MGR STREET,KOLAPPANCHERI, CHENNAI 600072",2025-02-04,2026-08-11,S/Z,Strength Zone,1000.00,0.00,,2026-09-10 09:23:16.275915+00,2026-09-10 16:49:12.221331+00
193,ARUN KUMAR R,1999-10-25,7502668536,"V TRANS INDIA LTD, VOYALANALLUR VILLAGE,POONAMALLEE CHENNAI 600072",2025-02-04,2026-03-04,G/F,General Fitness,1200.00,0.00,,2026-09-10 09:23:16.275915+00,2026-09-10 16:49:12.221331+00
194,ASWIN P BENNY,1998-12-14,7012334116,"V TRANS INDIA LTD, VOYALANALLUR VILLAGE,POONAMALLEE CHENNAI 600072",2025-02-04,2026-03-04,G/F,General Fitness,1200.00,0.00,,2026-09-10 09:23:16.275915+00,2026-09-10 16:49:12.221331+00
195,ROCK R,2002-01-27,8608695258,"NO.46, BAJANA KOVIL ST,KOLLAPANCHERI, CHENNAI 600072",2025-02-04,2026-03-04,S/Z,Strength Zone,1000.00,0.00,,2026-09-10 09:23:16.275915+00,2026-09-10 16:49:12.221331+00
196,SURIYA PRAKASH M,2004-05-17,9840196156,"NO.706, KAMARAJAR ST, CHOKKANALLUR VILLAGE,CHENNAI 600072",2025-02-12,2026-09-07,S/Z,Strength Zone,1000.00,0.00,,2026-09-10 09:23:16.275915+00,2026-09-10 16:49:12.221331+00
197,BHARATHI RAJA M,1996-04-29,7338995532,"NO. 682, MAIN ROAD CHOKKANALLUR , CHENNAI 600072",2025-02-12,2026-03-12,G/F,General Fitness,1200.00,0.00,,2026-09-10 09:23:16.275915+00,2026-09-10 16:49:12.221331+00
198,SURYA R,2008-10-22,6385152423,"NO.3/37, KANNAPAN ST,KOLAPPANCHERI,CHENNAI 60072",2025-02-12,2026-06-13,S/Z,Strength Zone,1000.00,0.00,,2026-09-10 09:23:16.275915+00,2026-09-10 16:49:12.221331+00
199,MADHUWANTH K,2000-08-30,8667329069,"NO.3/167, PILLAIYAR KOVIL ST, PAANAI VEEDU THOTTAM, PIDARITHANGAL,CHENNAI 600056",2025-02-12,2026-03-13,S/Z,Strength Zone,1000.00,0.00,,2026-09-10 09:23:16.275915+00,2026-09-10 16:49:12.221331+00
200,DHAYALAN R,2001-02-08,7448951084,"NO.3/188, RAJA GANDHI STREET, PIDARTHANGAL, POONAMALLEE, CHENNAI 600056",2025-02-12,2026-03-21,G/F,General Fitness,1200.00,0.00,,2026-09-10 09:23:16.275915+00,2026-09-10 16:49:12.221331+00
201,KARTHI BALAJI R,1997-11-24,9791190821,"NO 3 , THIRUVALLUVAR ST, KOLAPPANCHERI, CHENNAI 600072",2025-02-13,2026-03-13,S/Z,Strength Zone,1000.00,0.00,,2026-09-10 09:23:16.275915+00,2026-09-10 16:49:12.221331+00
202,HARI KRISHNAN G,1992-04-06,8754446161,"NO. 132, SPE MONOCITY, PIDARITHANGAL, POONAMALLEE, CHENNAI 600056",2025-02-18,2026-04-18,G/F,General Fitness,1200.00,0.00,,2026-09-10 09:23:16.275915+00,2026-09-10 16:49:12.221331+00
203,VIGNESH K,1990-05-12,9791197784,"NO. 697, ANNA 2ND ST, CHOKKANALLUR CHENNAI 600072",2025-02-18,2026-04-18,G/F,General Fitness,1200.00,0.00,,2026-09-10 09:23:16.275915+00,2026-09-10 16:49:12.221331+00
204,AKASH C,1999-07-21,7338785108,"NO.1/1, SEETHAMA ST, PARASAKTHI NAGAR, THIRUVERKADU, CHENNAI 600077",2025-02-20,2026-03-20,S/Z,Strength Zone,1000.00,0.00,,2026-09-10 09:23:16.275915+00,2026-09-10 16:49:12.221331+00
205,MANI MARAN M,1997-05-26,9087294514,"NO. 598A, MAIN ROAD , CHOKKANALLUR, CHENNAI 600072",2025-02-20,2026-03-20,S/Z,Strength Zone,1000.00,0.00,,2026-09-10 09:23:16.275915+00,2026-09-10 16:49:12.221331+00
206,SANTHA KUMAR S,2007-08-29,6383968121,"NO. 1/131, BAJANA KOVIL ST, PARIVAKKAM, CHENNAI 600056",2025-02-24,2026-03-24,G/F,General Fitness,1000.00,0.00,,2026-09-10 09:23:16.275915+00,2026-09-10 16:49:12.221331+00
207,SANJAY S,2003-05-20,9962281412,"NO.4/23, PARIVAKKAM, POONAMALLEE, CHENNAI 600056",2025-02-24,2026-03-24,S/Z,Strength Zone,1000.00,0.00,,2026-09-10 09:23:16.275915+00,2026-09-10 16:49:12.221331+00
208,SEEN N,1996-07-02,9840986433,"NO. 786A, INDRA ST, CHOKKKANALLUR, CHENNAI 600072",2025-02-24,2026-03-24,S/Z,Strength Zone,1000.00,0.00,,2026-09-10 09:23:16.275915+00,2026-09-10 16:49:12.221331+00
209,PASUPATHI M,1996-04-20,8778279370,"NO. 23, BALVADI ST, BAKTHAVACHALAM NAGAR, PARIVAKKAM, POONAMALLEE, CHENNAI 600056",2025-02-25,2027-01-13,G/F,General Fitness,1200.00,0.00,,2026-09-10 09:23:16.275915+00,2026-09-10 16:49:12.221331+00
210,NAVEEN K.M,2003-01-27,9941814564,"NO. 2/49, PERUMAL KOVIL ST, KOLLAPANCHERI, CHENNAI 600072",2025-03-03,2026-09-03,G/F,General Fitness,1000.00,0.00,,2026-09-10 09:23:16.275915+00,2026-09-10 16:49:12.221331+00
211,SUNIL KUMAR H,2004-12-12,8082314316,,2025-03-03,2026-03-03,S/Z,Strength Zone,1000.00,0.00,,2026-09-10 09:23:16.275915+00,2026-09-10 16:49:12.221331+00
212,ALI,2005-01-16,8967340080,"L&T COMPANY, VOYALANALLUR, CHENNAI 600072",2025-03-03,2026-03-03,S/Z,Strength Zone,1000.00,0.00,,2026-09-10 09:23:16.275915+00,2026-09-10 16:49:12.221331+00
213,SADDAM,2004-01-03,9654275486,"L&T COMPANY, VOYALANALLUR, CHENNAI 600072",2025-03-03,2026-03-03,S/Z,Strength Zone,1000.00,0.00,,2026-09-10 09:23:16.275915+00,2026-09-10 16:49:12.221331+00
214,SUMAN RAJ P,2002-08-01,7305243945,"NO.834, POONIAMMA KOVIL ST , PARIVAKKAM , CHENNAI 600052",2025-03-10,2026-03-10,G/F,General Fitness,1200.00,0.00,,2026-09-10 09:23:16.275915+00,2026-09-10 16:49:12.221331+00
215,MICHEAL PRAKASH P,1985-09-06,9363277700,"NO. 165/161, SPE METRO CITY, PIDARITHANGAL, CHENNAI 600072",2025-03-11,2026-03-11,G/F,General Fitness,1200.00,0.00,,2026-09-10 09:23:16.275915+00,2026-09-10 16:49:12.221331+00
216,RAJA K,2000-05-21,7871346568,"NO.78, KAMATCHI NAGAR, KOLLAPANCHERI, CHENNAI 600056",2025-03-11,2026-03-11,G/F,General Fitness,1200.00,0.00,,2026-09-10 09:23:16.275915+00,2026-09-10 16:49:12.221331+00
217,SANJAY P R,2004-07-16,7824052141,"NO. 347/4 BAJANAI KOVIL ST, PIDARITHANGAL CHENNAI 600056",2025-03-11,2026-03-11,S/Z,Strength Zone,800.00,0.00,,2026-09-10 09:23:16.275915+00,2026-09-10 16:49:12.221331+00
218,NARENDRAN,2008-08-10,9962014161,"NO.343, WEST ST,",2025-03-14,2026-03-14,S/Z,Strength Zone,1000.00,0.00,,2026-09-10 09:23:16.275915+00,2026-09-10 16:49:12.221331+00
219,SUNIL P,2000-05-26,7550158500,"NO. 3/21, PILLAYAR KOVIL ST, PARIVAKKAM, POONAMALLEE, CHENNAI 600056",2025-03-13,2026-05-13,S/Z,Strength Zone,1000.00,0.00,,2026-09-10 09:23:16.275915+00,2026-09-10 16:49:12.221331+00
220,VENKAT,1990-11-05,9390833755,SRI CHAITANYA SCHOOL,2025-03-13,2026-03-13,G/F,General Fitness,1200.00,0.00,,2026-09-10 09:23:16.275915+00,2026-09-10 16:49:12.221331+00
221,KARTHICK R,2000-07-01,8072594054,"NO.3/115, PILLAIYAR KOVIL ST, PARIVAKKAM, PIDARITHANGAL POONAMALLEE, CHENNAI 600056",2025-03-15,2026-03-15,S/Z,Strength Zone,1000.00,0.00,,2026-09-10 09:23:16.275915+00,2026-09-10 16:49:12.221331+00
222,MUNISH KUMAR B,2005-03-26,9596312108,"NO.2, VILL CHANDAL P/O 10",2025-03-17,2026-03-17,S/Z,Strength Zone,1000.00,0.00,,2026-09-10 09:23:16.275915+00,2026-09-10 16:49:12.221331+00
223,RAJIBUL ALI T,2004-04-14,9365142188,"DP WORLD COMPANY, KOLLAPANCHERI, CHENNAI 600072",2025-03-22,2026-03-22,S/Z,Strength Zone,1000.00,0.00,,2026-09-10 09:23:16.275915+00,2026-09-10 16:49:12.221331+00
224,MOHANRAJ P,1996-05-25,96298421924,"NO.4/312, TAMILAR 1ST , PAVATTAKUDI , THIRUVARUR ( CHAITANYA SCHOOL ) KOLLAPANCHERI",2025-03-24,2026-05-07,G/F,General Fitness,1200.00,0.00,,2026-09-10 09:23:16.275915+00,2026-09-10 16:49:12.221331+00
225,RAVINDHAREN,2001-04-05,9682140034,"ACPL KOLLAPANCHERI, CHENNAI 600072",2025-03-25,2026-03-25,S/Z,Strength Zone,1000.00,0.00,,2026-09-10 09:23:16.275915+00,2026-09-10 16:49:12.221331+00
226,SURESH M,1996-04-14,9840401389,"NO 3/259, SOORATHAMMAN KOVIL ST, PIDARITHANGAL, BANAVEEDUTHOTOM",2025-04-01,2026-09-01,S/Z,Strength Zone,1000.00,0.00,,2026-09-10 09:23:16.275915+00,2026-09-10 16:49:12.221331+00
227,KARTHIK DHANASEKAR,1995-11-25,7358071264,"NO. 3/28, BAJANA KOVIL ST, KOLAPPANCHERI, CHENNAI 600072",2025-04-01,2026-09-01,S/Z,Strength Zone,1000.00,0.00,,2026-09-10 09:23:16.275915+00,2026-09-10 16:49:12.221331+00
228,MANIKANDAN D,1995-05-18,9080257933,"NO. 3/224, V.O.C ST, PIDARITHANGAL, CHENNAI 600056",2025-04-01,2026-06-01,S/Z,Strength Zone,1000.00,0.00,,2026-09-10 09:23:16.275915+00,2026-09-10 16:49:12.221331+00
229,VISHVA,2008-10-18,8248633755,"NO. 5/30, PERUMAL KOVIL ST, PANAVEDU, PARIVAKKAM, CENNAI 600056",2025-04-01,2026-09-01,S/Z,Strength Zone,1000.00,0.00,,2026-09-10 09:23:16.275915+00,2026-09-10 16:49:12.221331+00
230,SHYAM K,2004-04-01,9087268524,,2025-04-03,2026-09-01,S/Z,Strength Zone,1000.00,0.00,,2026-09-10 09:23:16.275915+00,2026-09-10 16:49:12.221331+00
231,SHASHANTH S,2007-06-23,8610429697,"AMBAL GREEN CITY, BHARATHI NAGAR, METTUPALAYAM ROAD, KANNAPALAYAM, CHENNAI 600077",2025-04-05,2026-03-13,G/F,General Fitness,1200.00,0.00,,2026-09-10 09:23:16.275915+00,2026-09-10 16:49:12.221331+00
232,ANIL KUMAR,1999-01-01,8899746293,"ACP CHOKKANALLUR, CHENNAI 600072",2025-04-05,2026-03-05,S/Z,Strength Zone,1000.00,0.00,,2026-09-10 09:23:16.275915+00,2026-09-10 16:49:12.221331+00
233,NIKHIL NAYAK L,2004-02-12,6009830464,"BLUEDART COMPANY, KOLLAPANCHERI ,CHENNAI 600072",2025-04-05,2026-03-07,S/Z,Strength Zone,1000.00,0.00,,2026-09-10 09:23:16.275915+00,2026-09-10 16:49:12.221331+00
234,PINKU NAYAK C,1986-01-20,,"BLUEDART COMPANY, KOLLAPANCHERI ,CHENNAI 600072",2025-04-05,2026-03-07,S/Z,Strength Zone,1000.00,0.00,,2026-09-10 09:23:16.275915+00,2026-09-10 16:49:12.221331+00
235,AKASH S,2001-10-13,9841727688,"NO.6, KAMATCHI NAGAR, KOLLAPANCHERI, CHENNAI 600072",2025-04-01,2026-05-01,G/F,General Fitness,1000.00,0.00,,2026-09-10 09:23:16.275915+00,2026-09-10 16:49:12.221331+00
236,ANAND,1990-08-08,9952088998,"NO.36, KOLLAPURI AMMAN KOVIL ST, PARIVAKKAM, CHENNAI 600056",2025-04-08,2026-03-08,S/Z,Strength Zone,1000.00,0.00,,2026-09-10 09:23:16.275915+00,2026-09-10 16:49:12.221331+00
237,LOHIT NAYAK,2004-12-10,8135866647,"BLUEDART COMPANY, KOLLAPANCHERI ,CHENNAI 600072",2025-04-12,2026-03-12,S/Z,Strength Zone,1000.00,0.00,,2026-09-10 09:23:16.275915+00,2026-09-10 16:49:12.221331+00
238,PIMPLE KUMAR,1995-03-27,,"ACPL COMPANY , PARIVAKKAM, KOLLAPANCHERI,CHOKKANALLUR, CHENNAI 600072",2025-04-15,2026-03-15,S/Z,Strength Zone,1000.00,0.00,,2026-09-10 09:23:16.275915+00,2026-09-10 16:49:12.221331+00
239,GOPINATH M,2002-04-08,9150114384,"NO. 23, BALVADI ST, BAKTHAVACHALAM NAGAR, PARIVAKKAM, POONAMALLEE, CHENNAI 600056",2025-04-15,2026-03-19,G/F,General Fitness,1000.00,0.00,,2026-09-10 09:23:16.275915+00,2026-09-10 16:49:12.221331+00
240,YOGESH G,2005-10-09,9940334312,"NO.2/10, BALVADI ST, VOYALANALLUR, CHENNAI 600072",2025-04-21,2026-03-24,S/Z,Strength Zone,1000.00,0.00,,2026-09-10 09:23:16.275915+00,2026-09-10 16:49:12.221331+00
241,PRADHAP V,1997-12-04,6384650281,"NO. 107, KOLLAPANCHERI, CHENNAI 600056",2025-04-21,2026-03-24,S/Z,Strength Zone,1000.00,0.00,,2026-09-10 09:23:16.275915+00,2026-09-10 16:49:12.221331+00
242,AJAY A,2007-02-20,8939534011,"NO.1/4, BAJANA KOVIL ST, KOLLAPANCHERI, CHENNAI 600072",2025-04-25,2026-03-26,S/Z,Strength Zone,1000.00,0.00,,2026-09-10 09:23:16.275915+00,2026-09-10 16:49:12.221331+00
243,SANTHOSH,2003-10-27,8939609592,"NO.1/28, PILLAIYAR KOVIL ST, PARIVAKKAM, CHENNAI 600056",2025-04-28,2025-08-29,G/F,General Fitness,1200.00,0.00,,2026-09-10 09:23:16.275915+00,2026-09-10 16:49:12.221331+00
244,BABU K,1995-11-16,8122958988,"NO. 654, BAJANAI KOIL ST, CHOKKANALLUR, CHENNAI 600072",2025-04-25,2026-03-26,G/F,General Fitness,1000.00,0.00,,2026-09-10 09:23:16.275915+00,2026-09-10 16:49:12.221331+00
245,KISHORE S,2007-10-27,8838546282,"NO.12/4, THANDURAI MAIN ROAD, PARIVAKKAM, CHENNAI 600056",2025-05-03,2026-03-03,G/F,General Fitness,1200.00,0.00,,2026-09-10 09:23:16.275915+00,2026-09-10 16:49:12.221331+00
246,SURESH,2003-04-04,9047276095,"ACP CHOKKANALLUR, CHENNAI 600072",2025-05-05,2026-03-05,S/Z,Strength Zone,1000.00,0.00,,2026-09-10 09:23:16.275915+00,2026-09-10 16:49:12.221331+00
247,VIVEK,1996-03-27,9941884470,"NO.3/274, ECI CHURCH ST, PIDARTHANGAL, POONAMALLEE, CHENNAI 600072",2025-05-05,2026-11-05,S/Z,Strength Zone,3700.00,0.00,,2026-09-10 09:23:16.275915+00,2026-09-10 16:49:12.221331+00
248,ELAKKIAN,2004-06-24,8056118104,"NO.588,TH ROAD,MELMANAMEDU, VELLAVEDU,CHENNAI 600072",2025-05-05,2026-03-05,G/F,General Fitness,1200.00,0.00,,2026-09-10 09:23:16.275915+00,2026-09-10 16:49:12.221331+00
249,DEEPAK,2005-06-27,6381333105,"NO. 1/93, PERUMAL KOVIL ST, KOLAPPANCHERI, CHENNAI 600072",2025-05-05,2026-03-05,G/F,General Fitness,1200.00,0.00,,2026-09-10 09:23:16.275915+00,2026-09-10 16:49:12.221331+00
250,RESHATH S,2006-12-22,9176487469,"NO 295, BAJANAI KOVIL ST, VOYALANALLUR, CHENNAI 600072",2025-05-06,2026-03-06,S/Z,Strength Zone,1000.00,0.00,,2026-09-10 09:23:16.275915+00,2026-09-10 16:49:12.221331+00
251,ARAVINTHAN S,2025-05-24,6382508036,"NO.11, KOLLAPURI AMMAN KOVIL ST, PARIVAKKAM, POONAMALLEE, CHENNAI 600056",2025-05-12,2026-09-12,G/F,General Fitness,1200.00,0.00,,2026-09-10 09:23:16.275915+00,2026-09-10 16:49:12.221331+00
252,MAULIRAJ V,2006-02-14,8438444873,"NO.180, PERUMAL KOVIL ST, VOYALANALLUR, CHENNAI 600072",2025-05-13,2026-08-19,S/Z,Strength Zone,1000.00,0.00,,2026-09-10 09:23:16.275915+00,2026-09-10 16:49:12.221331+00
253,DHAYANATHAN,1998-06-12,9788345880,"DHANDAPANI ST, PARIVAKKAM, CHENNAI 600056",2025-05-13,2026-05-01,G/F,General Fitness,1200.00,0.00,,2026-09-10 09:23:16.275915+00,2026-09-10 16:49:12.221331+00
254,SELVAM K,1994-09-19,7418209031,"NO.65A, BAJANAI KOVIL ST, CHOKKANALLUR, CHENNAI 600072",2025-05-14,2026-09-14,S/Z,Strength Zone,1000.00,0.00,,2026-09-10 09:23:16.275915+00,2026-09-10 16:49:12.221331+00
255,VIJAYAN .S,1988-05-01,6380028486,"NO.1/67, PERUMAL KOVIL ST, KOLLAPANCHERI, CHENNAI 00072",2025-05-17,2026-03-08,G/F,General Fitness,1000.00,0.00,,2026-09-10 09:23:16.275915+00,2026-09-10 16:49:12.221331+00
256,KARTHICK M,2008-04-29,9597618480,"BAJANAI KOVIL ST, KOLAPPANCHERI, CHOKKANALLUR, CHENNAI 600072",2025-05-19,2026-06-16,S/Z,Strength Zone,1000.00,0.00,,2026-09-10 09:23:16.275915+00,2026-09-10 16:49:12.221331+00
257,PAWN KUMAR,2004-10-29,8492858750,"ACPL CHOKKANALLUR, CHENNAI 600072",2025-05-26,2026-03-26,S/Z,Strength Zone,1000.00,0.00,,2026-09-10 09:23:16.275915+00,2026-09-10 16:49:12.221331+00
258,BEENAUVV V,2010-09-15,9901151684,"NO.41, PERUMAL KOIL STREET, KOLAPPANCHERI, CHENNAI 600072",2025-06-05,2026-03-05,G/F,General Fitness,1200.00,0.00,,2026-09-10 09:23:16.275915+00,2026-09-10 16:49:12.221331+00
259,PRADEEP KUMAR G,1994-05-25,8110949864,"NO.3/44, AMBEDKAR ST, KO",2025-06-04,2026-03-04,G/F,General Fitness,1200.00,0.00,,2026-09-10 09:23:16.275915+00,2026-09-10 16:49:12.221331+00
260,BARATH R,2000-02-22,8124958249,"NO. 749,AMBEDKAR ST, CHOKKANALLUR, CHENNAI 600072",2025-06-10,2026-09-10,S/Z,Strength Zone,1000.00,0.00,,2026-09-10 09:23:16.275915+00,2026-09-10 16:49:12.221331+00
261,MANIKANDAN L,1997-06-12,8608139515,"NO.43,METRO CITY, PIDARITHANGAL,POONAMALLEE,CHENNAI 600056",2025-06-12,2026-03-12,G/F,General Fitness,1200.00,0.00,,2026-09-10 09:23:16.275915+00,2026-09-10 16:49:12.221331+00
262,RANJITH A,1995-01-05,7904494902,"NO.1/62, PERUMAL KOVIL ST, KOLAPPANCHERI, CHENNAI 600072",2025-06-13,2026-03-13,G/F,General Fitness,1200.00,0.00,,2026-09-10 09:23:16.275915+00,2026-09-10 16:49:12.221331+00
263,SHANMATHI E,2007-03-06,7558178104,"NO.5, SARASWATHI ST, ANNAI NAGAR, GOVERTHANAGIRI,AVADI, CHENNAI 600071",2025-06-16,2026-03-16,G/F,General Fitness,1200.00,0.00,,2026-09-10 09:23:16.275915+00,2026-09-10 16:49:12.221331+00
264,VENKATESH K,2000-04-05,9309917487,"V TRANS COMPANY, KOLLAPANCHERI,CHENNAI 600072",2025-06-19,2026-03-19,S/Z,Strength Zone,1000.00,0.00,,2026-09-10 09:23:16.275915+00,2026-09-10 16:49:12.221331+00
265,ANKUR GUWALA J,2000-09-02,7896067990,"NO.14, SIBSAGAR, ASSAM 785640",2025-06-19,2026-03-19,S/Z,Strength Zone,1000.00,0.00,,2026-09-10 09:23:16.275915+00,2026-09-10 16:49:12.221331+00
266,PRANESH M,2007-11-02,6381496653,"NO.52A, MS GARDEN, NELLESWARAR NAGAR, THIRUMANAM, CHENNAI 600072",2025-06-20,2026-03-20,S/Z,Strength Zone,1000.00,0.00,,2026-09-10 09:23:16.275915+00,2026-09-10 16:49:12.221331+00
267,HANY PRINCY V,1996-05-30,9940232624,"NO.3/274, ECI CHURCH ST, PIDARTHANGAL, POONAMALLEE, CHENNAI 600072",2025-06-23,2026-03-06,G/F,General Fitness,1200.00,0.00,,2026-09-10 09:23:16.275915+00,2026-09-10 16:49:12.221331+00
268,GUGAN S,2003-12-10,8148404231,"BAJANAI KOVIL ST, KOLAPPANCHERI, CHOKKANALLUR, CHENNAI 600072",2025-06-25,2026-03-25,S/Z,Strength Zone,1000.00,0.00,,2026-09-10 09:23:16.275915+00,2026-09-10 16:49:12.221331+00
269,SENTHIL KUMAR,1992-06-14,9171366282,"NO.94,A, SPE MONO CITY, PARIVAKKAM, CHENNAI 600056",2025-07-01,2026-09-05,G/F,General Fitness,1200.00,0.00,,2026-09-10 09:23:16.275915+00,2026-09-10 16:49:12.221331+00
270,AMITH KUMAR,2004-02-11,9241717102,"L&T COMPANY, VOYALANALLUR, CHENNAI 600072",2025-07-01,2026-05-01,S/Z,Strength Zone,1000.00,0.00,,2026-09-10 09:23:16.275915+00,2026-09-10 16:49:12.221331+00
271,ABISHEK KUMAR,2006-11-06,9341421766,"L&T COMPANY, VOYALANALLUR, CHENNAI 600072",2025-07-01,2026-05-01,S/Z,Strength Zone,1000.00,0.00,,2026-09-10 09:23:16.275915+00,2026-09-10 16:49:12.221331+00
272,BHUPINDER SINGH,1998-02-10,7051269457,"DP WORLD COMPANY, KOLLAPANCHERI, CHENNAI 600072",2025-07-01,2026-06-01,G/F,General Fitness,1200.00,0.00,,2026-09-10 09:23:16.275915+00,2026-09-10 16:49:12.221331+00
273,DEEPAK B,2004-07-19,7200239356,"NO.830, BAJANA KOVIL ST, CHOKKANALLUR VILLAGE, CHENNAI 600072",2025-07-04,2026-08-10,G/F,General Fitness,1200.00,0.00,,2026-09-10 09:23:16.275915+00,2026-09-10 16:49:12.221331+00
274,RATHNA KUMAR A,1991-06-21,9790772802,"NO.149, SPE MONOCITY, PIDARITHANGAL,POONAMALLEE ,CHENNAI 600072",2025-07-07,2026-09-07,S/Z,Strength Zone,1000.00,0.00,,2026-09-10 09:23:16.275915+00,2026-09-10 16:49:12.221331+00
275,BINIT,2006-07-06,8453891803,"ZOMATO, KOLAPPANCHERI, CHENNAI 600072",2025-07-08,2026-03-08,G/F,General Fitness,1200.00,0.00,,2026-09-10 09:23:16.275915+00,2026-09-10 16:49:12.221331+00
276,SAPHMITA,2004-12-23,8822861181,"ZOMATO, KOLAPPANCHERI, CHENNAI 600072",2025-07-08,2026-03-08,G/F,General Fitness,1200.00,0.00,,2026-09-10 09:23:16.275915+00,2026-09-10 16:49:12.221331+00
277,ARAVIND D,2002-03-01,7448403661,"NO.703, KAMARAJAR ST, CHOKKANALLUR, CHENNAI 600072",2025-07-08,2026-03-08,G/F,General Fitness,1200.00,0.00,,2026-09-10 09:23:16.275915+00,2026-09-10 16:49:12.221331+00
278,VIGNESH M,2001-03-14,9094402450,"NO. 2/200, BAJANAI KOVIL ST, NORTH MALAIYAMBAKKAM, CHENNAI 600123",2025-07-09,2026-03-08,G/F,General Fitness,1000.00,0.00,,2026-09-10 09:23:16.275915+00,2026-09-10 16:49:12.221331+00
279,MOHAMMED FAAIZ M,2005-06-09,6379692049,"KOLAPPANCHERI, GOVERNMENT HOSTEL, POONAMALLEE, CHENNAI 600072",2025-07-09,2026-03-09,G/F,General Fitness,1200.00,0.00,,2026-09-10 09:23:16.275915+00,2026-09-10 16:49:12.221331+00
280,PERIYASAMY J,2005-01-03,8056845107,"1901, KEELAPATTI, VAALPATTRAI ST, MARUDHUR, ARIYALLUR DISTRICT 621710",2025-07-10,2026-03-05,S/Z,Strength Zone,1000.00,0.00,,2026-09-10 09:23:16.275915+00,2026-09-10 16:49:12.221331+00
281,AKASH A,2002-10-28,9514138408,"NO. 2/10, BAJANAI KOVIL ST, VOYALANALLUR, CHENNAI 600072",2025-07-11,2026-09-24,G/F,General Fitness,1200.00,0.00,,2026-09-10 09:23:16.275915+00,2026-09-10 16:49:12.221331+00
282,SOLOMON K,1992-12-27,9698509906,"NO.382, BAJANAI KOVIL ST, PIDARITHANGAL, CHENNAI 600072",2025-07-11,2026-03-11,G/F,General Fitness,1200.00,0.00,,2026-09-10 09:23:16.275915+00,2026-09-10 16:49:12.221331+00
283,SARAN S,2001-12-21,9361080309,"NO.1/28, PILLAIYAR KOVIL ST, PARIVAKKAM, CHENNAI 600056",2025-07-11,2026-03-11,S/Z,Strength Zone,1000.00,0.00,,2026-09-10 09:23:16.275915+00,2026-09-10 16:49:12.221331+00
284,ARJUN B,2005-07-30,9500575715,"NO. 1/41, PERUMAL KOVIL ST, KOLAPPANCHERI, CHENNAI 600056",2025-07-12,2026-03-12,S/Z,Strength Zone,1000.00,0.00,,2026-09-10 09:23:16.275915+00,2026-09-10 16:49:12.221331+00
285,SARAVANAN R,1998-07-14,7308072270,"NO.1/41, PERUMAL KOVIL ST, KOLAPPANCHERI, CHENNAI 600072",2025-07-12,2026-03-12,S/Z,Strength Zone,1000.00,0.00,,2026-09-10 09:23:16.275915+00,2026-09-10 16:49:12.221331+00
286,TAPAS KUMAR B,2005-07-16,8093705728,NO.,2025-07-16,2026-03-16,S/Z,Strength Zone,1000.00,0.00,,2026-09-10 09:23:16.275915+00,2026-09-10 16:49:12.221331+00
287,PRASANTH K,1994-05-05,9994786327,"NO 13, MONOCITY PARIVAKKAM, POONAMALLEE, CHENNAI 600056",2025-07-16,2026-03-16,S/Z,Strength Zone,1000.00,0.00,,2026-09-10 09:23:16.275915+00,2026-09-10 16:49:12.221331+00
288,SANDHIYA S,2001-08-09,,"NO 13, MONOCITY PARIVAKKAM, POONAMALLEE, CHENNAI 600056",2025-07-16,2026-03-16,G/F,General Fitness,1200.00,0.00,,2026-09-10 09:23:16.275915+00,2026-09-10 16:49:12.221331+00
289,AMAN KUMAR,2001-12-08,8305123571,"ZOMATO, KOLAPPANCHERI, CHENNAI 600072",2025-07-18,2026-03-18,G/F,General Fitness,1200.00,0.00,,2026-09-10 09:23:16.275915+00,2026-09-10 16:49:12.221331+00
290,VARUN KUMAR J,1991-06-15,7871507493,"NO.165, BHARATHIYA ST, PERUMALPATTU, TIRUVALLUR 602024",2025-07-24,2026-06-24,G/F,General Fitness,1200.00,0.00,,2026-09-10 09:23:16.275915+00,2026-09-10 16:49:12.221331+00
291,MOHAN H,2004-06-24,9840266984,"PARIVAKKAM,BAJANAI KOVIL ST CHENNAI 600056",2025-07-29,2026-08-01,S/Z,Strength Zone,1000.00,0.00,,2026-09-10 09:23:16.275915+00,2026-09-10 16:49:12.221331+00
292,PAUL CHRISTOPHER T,2012-04-28,9884852292,"NO.81, BAJANAI KOVIL ST, BANAVEDUTHOTTAM, POONAMALLEE, CHENNAI 600056",2025-07-29,2026-03-29,S/Z,Strength Zone,1000.00,0.00,,2026-09-10 09:23:16.275915+00,2026-09-10 16:49:12.221331+00
293,ANAND N,2004-05-19,8015257949,"NO.39, KOLA PURIAMMAN KOVIL ST, PARIVAKKAM,POONAMALLEE, CHENNAI 600056",2025-08-02,2026-03-02,S/Z,Strength Zone,1000.00,0.00,,2026-09-10 09:23:16.275915+00,2026-09-10 16:49:12.221331+00
294,GANESH S,2004-03-31,7092552123,"NO.2/31, N M ROAD AVADI AYALCHERI",2025-08-04,2026-04-04,S/Z,Strength Zone,1000.00,0.00,,2026-09-10 09:23:16.275915+00,2026-09-10 16:49:12.221331+00
295,RAMAN VERMA,2003-04-09,6005019695,"PARIVAKKAM, KOIL ST, CHENNAI 600056",2025-08-05,2026-03-05,S/Z,Strength Zone,1000.00,0.00,,2026-09-10 09:23:16.275915+00,2026-09-10 16:49:12.221331+00
296,HARI PRASATH L,2004-12-07,6369033025,"1/43, PERUMAL KOIL ST, KOLAPPANCHERI, CHENNAI 600072",2025-08-05,2026-03-05,S/Z,Strength Zone,1000.00,0.00,,2026-09-10 09:23:16.275915+00,2026-09-10 16:49:12.221331+00
297,SELVA P,2007-09-16,9444608832,"NO.2/12, KOLLAPURIAMMAN KOVIL ST, PARIVAKKAM CHENNAI 600056",2025-08-05,2026-03-05,S/Z,Strength Zone,1000.00,0.00,,2026-09-10 09:23:16.275915+00,2026-09-10 16:49:12.221331+00
298,DILLIBABU,1997-04-03,9080515343,ARAKKONAM,2025-08-08,2026-04-12,S/Z,Strength Zone,1000.00,0.00,,2026-09-10 09:23:16.275915+00,2026-09-10 16:49:12.221331+00
299,NIVEN R,2001-01-17,8682844700,"NO.3/7,BAJANAI KOVIL ST, KOLAPPANCHERI, CHENNAI 600072",2025-08-13,2026-03-13,G/F,General Fitness,1200.00,0.00,,2026-09-10 09:23:16.275915+00,2026-09-10 16:49:12.221331+00
300,KALIAAKASH S,2004-01-07,9176203846,"NO.1/83, MARIAMMAN KOVIL ST, PARIVAKKAM, POONAMALLEE, CHENNAI 600056",2025-08-13,2026-03-13,S/Z,Strength Zone,1000.00,0.00,,2026-09-10 09:23:16.275915+00,2026-09-10 16:49:12.221331+00
301,RAJKUMAR,1992-03-14,9677024150,"NO.18, RAJABHAGADHUR ST, BANAVEEDUTHOTTAM, POONAMALLEE, CHENNAI 600056",2025-08-18,2026-03-18,S/Z,Strength Zone,1000.00,0.00,,2026-09-10 09:23:16.275915+00,2026-09-10 16:49:12.221331+00
302,GANESH K,1982-04-12,8667015327,"SRI CHAITANYA SCHOOL HOSTEL, KOLLAPPANCHERI, CHENNAI 600072",2025-08-27,2026-03-28,G/F,General Fitness,1200.00,0.00,,2026-09-10 09:23:16.275915+00,2026-09-10 16:49:12.221331+00
303,JAYAPRAKASH V,1998-12-27,9677186142,"NO.749, MAIN ROAD, CHOKKANALLUR , CHENNAI 600072",2025-08-27,2026-05-01,G/F,General Fitness,1000.00,0.00,,2026-09-10 09:23:16.275915+00,2026-09-10 16:49:12.221331+00
304,GANESH S,2003-08-12,9962669462,"NO.1/97,MARIAMMAN KOVIL STREET KOLLAPANCHERI CHENNAI.600072",2025-09-01,2026-05-01,G/F,General Fitness,1200.00,0.00,,2026-09-10 09:23:16.275915+00,2026-09-10 16:49:12.221331+00
305,JASLIN A,1975-12-05,9003229222,NO.47.DURGAI AMMAN NAGAR SEVAPET,2025-09-01,2026-05-01,G/F,General Fitness,1200.00,0.00,,2026-09-10 09:23:16.275915+00,2026-09-10 16:49:12.221331+00
306,SATHISH M,1993-05-16,,NO. ANNA STREET CHOKKALNALLUR CHENNAI.600072,2025-09-01,2026-05-01,S/Z,Strength Zone,1000.00,0.00,,2026-09-10 09:23:16.275915+00,2026-09-10 16:49:12.221331+00
307,ARUN K,2000-12-19,8056288633,"NO.2/5 BAJANAI KOVIL STREET KOLAPPANCHERI CHEENNAI,600072",2025-09-01,2026-09-07,S/Z,Strength Zone,1000.00,0.00,,2026-09-10 09:23:16.275915+00,2026-09-10 16:49:12.221331+00
308,BALAJI R,2001-01-11,9361251727,"NO,1/4 PERUMAL KOVIL STREET CHENNAI,600072",2025-09-01,2026-03-02,S/Z,Strength Zone,1000.00,0.00,,2026-09-10 09:23:16.275915+00,2026-09-10 16:49:12.221331+00
309,JANAKI RAMAN D,1988-12-12,9884918280,"BANAVEEDU THOTTAM,",2025-09-04,2026-04-16,G/F,General Fitness,1200.00,0.00,,2026-09-10 09:23:16.275915+00,2026-09-10 16:49:12.221331+00
310,KAMALA DHASAN M,1980-05-02,8939480858,"NO BAJANAI KOVIL ST, KOLAPPANCHERI, CHENNAI 600072",2025-09-08,2026-09-08,S/Z,Strength Zone,1000.00,0.00,,2026-09-10 09:23:16.275915+00,2026-09-10 16:49:12.221331+00
311,JOHN BENEDICT,2000-04-22,8220992854,"NO.259, ROYAL CASTLE GATED COMMUNITY, KOLAPPANCHERI, CHENNAI 600056",2025-09-09,2026-09-03,G/F,General Fitness,1200.00,0.00,,2026-09-10 09:23:16.275915+00,2026-09-10 16:49:12.221331+00
312,PADMANABAN J,2001-05-03,6585616044,"GOVERNMENT SCHOOL BACK SIDE, KOLAPPANCHERI, CHENNAI 600072",2025-09-15,2026-03-15,S/Z,Strength Zone,1000.00,0.00,,2026-09-10 09:23:16.275915+00,2026-09-10 16:49:12.221331+00
313,SABARI GIRI S,2002-09-20,9360506477,"NO.1/210, ULLUPPAVANDI, NATTHAM, ABT NEAR RIVIGO, PARIVAKKAM, CHENNAI 600056",2025-09-15,2026-03-15,S/Z,Strength Zone,1000.00,0.00,,2026-09-10 09:23:16.275915+00,2026-09-10 16:49:12.221331+00
314,ROHITH K,2008-10-02,9629316202,"NO.1/41, PERUMAL KOVIL ST, KOLAPPANCHERI, CHENNAI 600072",2025-09-15,2026-03-15,S/Z,Strength Zone,1000.00,0.00,,2026-09-10 09:23:16.275915+00,2026-09-10 16:49:12.221331+00
315,CHANDHRU,2005-03-03,7358431615,"NO.1/14, PERUMAL KOVIL ST, KOLAPPANCHERI, CHENNAI 600056",2025-09-15,2026-03-15,S/Z,Strength Zone,1000.00,0.00,,2026-09-10 09:23:16.275915+00,2026-09-10 16:49:12.221331+00
316,RAMESH S,1998-02-19,9345899307,,2025-09-16,2026-04-16,S/Z,Strength Zone,1000.00,0.00,,2026-09-10 09:23:16.275915+00,2026-09-10 16:49:12.221331+00
317,KEERTHI VARMAN S,2003-09-08,9344720120,"NO.5/19, PILLAIYAR KOVIL ST, BANAVEEDI VILLAGE, CHENNAI 600056",2025-09-19,2026-03-19,G/F,General Fitness,1200.00,0.00,,2026-09-10 09:23:16.275915+00,2026-09-10 16:49:12.221331+00
318,DILLIBABU K,1999-08-11,8124832791,"NO. 4/569, BAJANAI KOVIL ST, CHOKANALLUR CHATHIRAM",2025-10-02,2026-03-02,S/Z,Strength Zone,1000.00,0.00,,2026-09-10 09:23:16.275915+00,2026-09-10 16:49:12.221331+00
319,ABISHEK KUMAR,2003-10-11,9122575464,"L&T COMPANY, VOYALANALLUR, CHENNAI 600072",2025-10-03,2026-03-03,S/Z,Strength Zone,1000.00,0.00,,2026-09-10 09:23:16.275915+00,2026-09-10 16:49:12.221331+00
320,VIKKI KUMAR,2005-05-01,7520882351,"L&T COMPANY, VOYALANALLUR, CHENNAI 600072",2025-10-03,2026-03-03,S/Z,Strength Zone,1000.00,0.00,,2026-09-10 09:23:16.275915+00,2026-09-10 16:49:12.221331+00
321,DHAMODHARAN M,,9176277667,"5TH ST, KUMARAN NAGAR, PARIVAKKAM, CHENNAI 600056",2025-11-06,2026-03-06,G/F,General Fitness,1200.00,0.00,,2026-09-10 09:23:16.275915+00,2026-09-10 16:49:12.221331+00
322,SASI KUMARAN,2004-11-02,9360941395,"NO/3/610, JJ NAGAR, 6TH STREET",2025-11-06,2026-03-06,G/F,General Fitness,1200.00,0.00,,2026-09-10 09:23:16.275915+00,2026-09-10 16:49:12.221331+00
323,SANTHOSH T.S,1997-02-18,8667284199,"NO.191, SPE METRO CITY, POONAMALLEE",2025-11-06,2026-03-06,S/Z,Strength Zone,1000.00,0.00,,2026-09-10 09:23:16.275915+00,2026-09-10 16:49:12.221331+00
324,SHIVAM KUMAR,2002-01-01,9525993995,"L&T COMPANY, VOYALANALLUR, CHENNAI 600072",2025-10-04,2026-03-04,S/Z,Strength Zone,1000.00,0.00,,2026-09-10 09:23:16.275915+00,2026-09-10 16:49:12.221331+00
325,RAUSHAN,2009-04-20,7870501802,"L&T COMPANY, VOYALANALLUR, CHENNAI 600072",2025-10-04,2026-03-04,S/Z,Strength Zone,1000.00,0.00,,2026-09-10 09:23:16.275915+00,2026-09-10 16:49:12.221331+00
326,EMBHAH,2005-03-02,7896101100,"ZOMATO, KOLAPPANCHERI, CHENNAI 600072",2025-10-11,2026-03-11,G/F,General Fitness,1200.00,0.00,,2026-09-10 09:23:16.275915+00,2026-09-10 16:49:12.221331+00
327,HASIYA TRIPURA,2003-09-03,8011334959,"ZOMATO, KOLAPPANCHERI, CHENNAI 600072",2025-10-11,2026-03-11,G/F,General Fitness,1200.00,0.00,,2026-09-10 09:23:16.275915+00,2026-09-10 16:49:12.221331+00
328,THANGA RAJ P,1985-07-03,8124932123,"NO.83, MONO CITY, PIDARITHANGAL, CHENNAI 600056",2025-10-13,2026-09-09,S/Z,Strength Zone,1000.00,0.00,,2026-09-10 09:23:16.275915+00,2026-09-10 16:49:12.221331+00
329,SANJU MANDAL,2003-09-13,8509244753,S/O DILLIP MANDAL WEST BENGAL 732128,2025-10-23,2026-03-23,S/Z,Strength Zone,1000.00,0.00,,2026-09-10 09:23:16.275915+00,2026-09-10 16:49:12.221331+00
330,EARM RAZA,2003-01-06,7371961727,"L&T COMPANY, VOYALANALLUR, CHENNAI 600072",2025-10-24,2026-05-14,G/F,General Fitness,1000.00,0.00,,2026-09-10 09:23:16.275915+00,2026-09-10 16:49:12.221331+00
331,VENKAT P,1995-10-07,9092738508,PILLAIYAR KOVIL ST PARIVAKKAM CHENNAI 600056,2025-10-27,2026-03-27,S/Z,Strength Zone,1200.00,0.00,,2026-09-10 09:23:16.275915+00,2026-09-10 16:49:12.221331+00
332,DINESH KARTHIK K,1999-07-17,9042949338,PILLAIYAR KOVIL ST PARIVAKKAM CHENNAI 600056,2025-10-27,2026-03-27,S/Z,Strength Zone,1200.00,0.00,,2026-09-10 09:23:16.275915+00,2026-09-10 16:49:12.221331+00
333,PRAKASH R,1991-11-02,9566183577,NO.2/30 BAJANA KOIL STREET KOLLAPANCHERI CHENNAI 600072,2025-10-29,2026-05-01,G/F,General Fitness,1200.00,0.00,,2026-09-10 09:23:16.275915+00,2026-09-10 16:49:12.221331+00
334,MAGESH G,1987-05-07,8778015939,"NO.12, EVR STREET, PARIVAKKAM, POONAMALLEE, CHENNAI 600056",2025-11-01,2027-01-01,G/F,General Fitness,1200.00,0.00,,2026-09-10 09:23:16.275915+00,2026-09-10 16:49:12.221331+00
335,SHOHRAB KHAN,1994-12-20,9702863443,"L&T COMPANY, VOYALANALLUR, CHENNAI 600072",2025-11-03,2026-03-03,S/Z,Strength Zone,1000.00,0.00,,2026-09-10 09:23:16.275915+00,2026-09-10 16:49:12.221331+00
336,JOHN Y,2004-08-24,7010015737,"NO.3/482, BAJANAI KOVIL ST, PIDARITHANGAL, POONAMALLEE, CHENNAI 600072",2025-11-03,2026-03-03,S/Z,Strength Zone,1000.00,0.00,,2026-09-10 09:23:16.275915+00,2026-09-10 16:49:12.221331+00
337,SARATHY KUMAR D,1991-11-03,9791134565,"NO.86, BAJANAI KOVIL ST, KOLLAPANCHERI, CHENNAI 600072",2025-11-06,2026-03-06,G/F,General Fitness,1200.00,0.00,,2026-09-10 09:23:16.275915+00,2026-09-10 16:49:12.221331+00
338,SURENDHAR P,1993-05-14,8428601171,"NO.589, MAIN ROAD, CHOKKANALLUR, CHENNAI 600072",2025-11-07,2026-03-07,S/Z,Strength Zone,1000.00,0.00,,2026-09-10 09:23:16.275915+00,2026-09-10 16:49:12.221331+00
339,VARADHARAJ N,1994-06-08,9025882070,"NO.133, PILLAIYAR KOVIL ST, VOYALANALLUR,CHENNAI 600072",2025-11-10,2027-01-17,G/F,General Fitness,1200.00,0.00,,2026-09-10 09:23:16.275915+00,2026-09-10 16:49:12.221331+00
340,JAGBIR SINGH,2000-09-01,7780829470,"DP WORLD COMPANY, KOLLAPANCHERI, CHENNAI 600072",2025-11-10,2026-03-10,S/Z,Strength Zone,1000.00,0.00,,2026-09-10 09:23:16.275915+00,2026-09-10 16:49:12.221331+00
341,MUKESH M,2004-05-27,7603971804,"NO.5/8, PILLAIYAR KOVIL ST, BANAVEEDU THOTTAM, POONAMALLEE, CHENNAI 600056",2025-11-11,2026-03-11,S/Z,Strength Zone,1000.00,0.00,,2026-09-10 09:23:16.275915+00,2026-09-10 16:49:12.221331+00
342,VAIKO S,1994-07-29,9092225374,"NO.240, BAJANA KOIL ST, KOLLAPANCHERI, CHENNAI 600072",2025-11-17,2026-03-17,G/F,General Fitness,1200.00,0.00,,2026-09-10 09:23:16.275915+00,2026-09-10 16:49:12.221331+00
343,PRITHIVIRAJ B,2010-05-29,9952092044,"NO.1/20, PILLAIYAR KOVIL ST, PARIVAKKAM, CHENNAI 600056",2025-11-17,2026-06-17,G/F,General Fitness,1200.00,0.00,,2026-09-10 09:23:16.275915+00,2026-09-10 16:49:12.221331+00
344,ASISH,1989-07-06,8848668351,HOME LAND KOLLAPANCHERI,2025-11-22,2026-03-22,S/Z,Strength Zone,1000.00,0.00,,2026-09-10 09:23:16.275915+00,2026-09-10 16:49:12.221331+00
345,DEEPAK S,1994-09-04,8884227366,HOME LAND KOLLAPANCHERI,2025-11-22,2026-04-22,S/Z,Strength Zone,1000.00,0.00,,2026-09-10 09:23:16.275915+00,2026-09-10 16:49:12.221331+00
346,KRISHNA KUMAR,2005-04-07,6381167230,"ACPL COMPANY , PARIVAKKAM, KOLLAPANCHERI,CHOKKANALLUR, CHENNAI 600072",2025-11-26,2026-03-26,S/Z,Strength Zone,1000.00,0.00,,2026-09-10 09:23:16.275915+00,2026-09-10 16:49:12.221331+00
347,HAREESH M,1999-01-29,9656859808,HOME LAND KOLLAPANCHERI,2025-11-27,2026-03-27,S/Z,Strength Zone,1000.00,0.00,,2026-09-10 09:23:16.275915+00,2026-09-10 16:49:12.221331+00
348,RAMACHANTHIRAN S,2005-12-26,9003151808,"NO.1/470, KUMARAN NAGAR, VETHALATHOTTAM, CHENNAI 600056",2025-11-28,2026-03-28,G/F,General Fitness,1200.00,0.00,,2026-09-10 09:23:16.275915+00,2026-09-10 16:49:12.221331+00
349,SARATHI N,2002-07-30,9384645439,"NO.2/269, BAJA KOVIL ST, VOYALANALLUR, CHENNAI 600072",2025-11-28,2026-06-28,S/Z,Strength Zone,1000.00,0.00,,2026-09-10 09:23:16.275915+00,2026-09-10 16:49:12.221331+00
350,MAHESH RAM S,2001-11-05,9391726297,"ACPL COMPANY , PARIVAKKAM, KOLLAPANCHERI,CHOKKANALLUR, CHENNAI 600072",2025-12-01,2026-05-01,G/F,General Fitness,1200.00,0.00,,2026-09-10 09:23:16.275915+00,2026-09-10 16:49:12.221331+00
351,MANISH M,1999-07-22,9025511386,"NO.1/87, BAJANAI KOVIL ST, BANAVEEDUTHOTTAM,CHENNAI 600056",2025-12-04,2026-09-03,G/F,General Fitness,1200.00,0.00,,2026-09-10 09:23:16.275915+00,2026-09-10 16:49:12.221331+00
352,SATHYA R,1985-12-12,8608296105,"NO.91, SOORATHAMMAN KOVIL ST, PIDARITHANGAL ,CHENNAI 600056",2025-12-08,2026-04-09,S/Z,Strength Zone,1000.00,0.00,,2026-09-10 09:23:16.275915+00,2026-09-10 16:49:12.221331+00
353,PRANAV M,1999-12-24,9072420007,"LITEON POWER SOLUTION, KOLAPPANCHERI, CHENNAI 600072",2025-12-12,2026-03-12,S/Z,Strength Zone,1000.00,0.00,,2026-09-10 09:23:16.275915+00,2026-09-10 16:49:12.221331+00
354,RINKU ALI,2002-10-22,8822417904,"ZOMATO, KOLAPPANCHERI, CHENNAI 600072",2025-12-13,2026-03-13,S/Z,Strength Zone,1000.00,0.00,,2026-09-10 09:23:16.275915+00,2026-09-10 16:49:12.221331+00
355,SHARIF UDDIN,2009-06-05,9394807044,"ZOMATO, KOLAPPANCHERI, CHENNAI 600072",2025-12-13,2026-03-13,S/Z,Strength Zone,1000.00,0.00,,2026-09-10 09:23:16.275915+00,2026-09-10 16:49:12.221331+00
356,THANASURYA T,,9787068626,"KAMATCHI NAGAR, KOLAPPANCHERI, CHENNAI 600072",2025-12-15,2026-03-15,G/F,General Fitness,1200.00,0.00,,2026-09-10 09:23:16.275915+00,2026-09-10 16:49:12.221331+00
357,JAY,1988-06-02,8228087702,"NO.879,",2025-12-15,2026-03-15,S/Z,Strength Zone,1000.00,0.00,,2026-09-10 09:23:16.275915+00,2026-09-10 16:49:12.221331+00
358,REAJUL ISLAM,2007-02-17,6901599297,"HANIF ALI BHANGANMARI,ASSAM",2025-12-15,2026-03-15,S/Z,Strength Zone,1000.00,0.00,,2026-09-10 09:23:16.275915+00,2026-09-10 16:49:12.221331+00
359,RANJAN KUMAR BEHERA,1996-04-13,9953720717,"DP WORLD COMPANY, KOLLAPANCHERI, CHENNAI 600072",2025-12-15,2026-03-15,S/Z,Strength Zone,1000.00,0.00,,2026-09-10 09:23:16.275915+00,2026-09-10 16:49:12.221331+00
360,ROHIBUL HOQUE,2004-04-23,9387181499,"NINJAKART COMPANY , KOLAPPANCHERI CHENNAI 600072",2025-12-16,2026-03-16,S/Z,Strength Zone,1000.00,0.00,,2026-09-10 09:23:16.275915+00,2026-09-10 16:49:12.221331+00
361,AIJUL HOQUE,2007-06-12,9864818647,"NINJAKART COMPANY , KOLAPPANCHERI CHENNAI 600072",2025-12-16,2026-03-16,S/Z,Strength Zone,1000.00,0.00,,2026-09-10 09:23:16.275915+00,2026-09-10 16:49:12.221331+00
362,BALAVAISHNAVI L,1993-07-30,9790773310,"NO.3/24, PILLAIYAR KOVIL ST, PIDARITHANGAL, PARIVAKKAM, CHENNAI 600056",2025-12-18,2026-03-18,G/F,General Fitness,1200.00,0.00,,2026-09-10 09:23:16.275915+00,2026-09-10 16:49:12.221331+00
363,VINOTH KUMAR S,1992-07-20,8754515036,"NO.3/24, PILLAIYAR KOVIL ST, PIDARITHANGAL, PARIVAKKAM, CHENNAI 600056",2025-12-18,2026-09-18,S/Z,Strength Zone,1000.00,0.00,,2026-09-10 09:23:16.275915+00,2026-09-10 16:49:12.221331+00
364,DINESH KUMAR M,2000-06-24,9176213296,"NO. 341, ROYAL CASTLE, KOLAPPANCHERI, CHENNAI 600072",2025-12-20,2026-06-21,S/Z,Strength Zone,2500.00,0.00,,2026-09-10 09:23:16.275915+00,2026-09-10 16:49:12.221331+00
365,THIRUNAVUKKARASU V,1988-12-06,9940042929,"NO.5/25, PERUMAL KOVIL ST, PARIVAKKAM, CHENNAI 600056",2025-12-22,2026-04-22,S/Z,Strength Zone,1000.00,0.00,,2026-09-10 09:23:16.275915+00,2026-09-10 16:49:12.221331+00
366,SHARFUDEEN,1994-07-07,7358296034,"NO.24 A, INDRA NAGAR, KUMANANCHAVADI, CHENNAI",2025-12-29,2026-03-29,G/F,General Fitness,1200.00,0.00,,2026-09-10 09:23:16.275915+00,2026-09-10 16:49:12.221331+00
367,ARUN KUMAR VEL,1978-05-28,9884573435,"NO.1, PILLAIYAAR KOVIL ST, PIDARITHANGAL, CHENNAI 600072",2026-01-02,2026-09-02,G/F,General Fitness,1200.00,0.00,,2026-09-10 09:23:16.275915+00,2026-09-10 16:49:12.221331+00
368,LAVANYA D,1998-02-02,9360288064,"NO.3/28, BAJANAI KOVIL ST, KOLLAPPANCHERI, CHENNAI 600072",2026-01-03,2026-09-03,G/F,General Fitness,1200.00,0.00,,2026-09-10 09:23:16.275915+00,2026-09-10 16:49:12.221331+00
369,MAMTA RAO,1988-03-02,9710447498,"SPE MONO CITY, PARIVAKKAM, CHENNAI 600056",2026-01-05,2026-06-05,G/F,General Fitness,1200.00,0.00,,2026-09-10 09:23:16.275915+00,2026-09-10 16:49:12.221331+00
370,RAVICHANDRAN A,1987-12-25,9840647845,"NO.584/1, SRINIVASA NAGAR, KANNAPALAYAM, AVADI , CHENNAI 600071",2026-01-06,2026-04-06,S/Z,Strength Zone,1000.00,0.00,,2026-09-10 09:23:16.275915+00,2026-09-10 16:49:12.221331+00
371,KEERTHANA N,2000-12-03,7550259144,"NO.53A, SPR MONOCITY, PIDARITHANGAL, POONAMALLEE, CHENNAI 600056",2026-01-06,2026-03-06,G/F,General Fitness,1200.00,0.00,,2026-09-10 09:23:16.275915+00,2026-09-10 16:49:12.221331+00
372,VADAMALAI S,,9361664909,,2026-01-08,2026-04-08,G/F,General Fitness,1200.00,0.00,,2026-09-10 09:23:16.275915+00,2026-09-10 16:49:12.221331+00
373,KHIRUD MUDI P,1996-07-05,7338955779,"UDDAN EXPRESS, KOLLAPPANCHERI, CHENNAI 600072",2026-01-08,2026-09-08,S/Z,Strength Zone,2500.00,0.00,,2026-09-10 09:23:16.275915+00,2026-09-10 16:49:12.221331+00
374,BISHAL,1998-07-18,8220745286,"UDDAN EXPRESS, KOLLAPPANCHERI, CHENNAI 600072",2026-01-08,2026-08-08,S/Z,Strength Zone,2500.00,0.00,,2026-09-10 09:23:16.275915+00,2026-09-10 16:49:12.221331+00
375,AMINUL ISLAM,2008-11-06,7636092545,"ZOMATO, KOLAPPANCHERI, CHENNAI 600072",2026-01-10,2026-03-10,S/Z,Strength Zone,1000.00,0.00,,2026-09-10 09:23:16.275915+00,2026-09-10 16:49:12.221331+00
376,BALA YS,1977-09-05,9885074331,"NO.1/57, PERUMAL KOVIL ST, KOLLAPPANCHERI, CHENNAI 600056",2026-01-20,2027-02-01,G/F,General Fitness,7500.00,0.00,,2026-09-10 09:23:16.275915+00,2026-09-10 16:49:12.221331+00
377,VISHAL S,2006-08-23,7305224889,"NO.1/100,BAJANA KOVIL ST, BANAVEDUTHOTTAM.POONAMALLEE,CHENNAI 600056",2026-01-20,2026-08-01,S/Z,Strength Zone,1000.00,0.00,,2026-09-10 09:23:16.275915+00,2026-09-10 16:49:12.221331+00
378,DINESH K,1991-11-14,9940307601,"SPE MONO CITY, PARIVAKKAM, CHENNAI 600056",2026-01-22,2026-09-22,S/Z,Strength Zone,1000.00,0.00,,2026-09-10 09:23:16.275915+00,2026-09-10 16:49:12.221331+00
379,GOKULALAKSHMI M,1991-11-25,9566205917,"NO.51A, ROYAL CASTLE,KOLAPPANCHERI, POONAMALLEE, CHENNAI 600056",2026-02-02,2026-07-20,G/F,General Fitness,1200.00,0.00,,2026-09-10 09:23:16.275915+00,2026-09-10 16:49:12.221331+00
380,UMA SHANKER S,2002-04-16,6379677489,"NO.504, KOTHAPALAYAM, VOYANALLUR POST, PATTABIRAM, CHENNAI 600072",2026-02-02,2026-09-02,S/Z,Strength Zone,1000.00,0.00,,2026-09-10 09:23:16.275915+00,2026-09-10 16:49:12.221331+00
381,BHUVANESH,2009-06-02,8939834338,"NO 501, KOTHAPALAYAM, VOYANALLUR POST, PATTABIRAM, CHENNAI 600072",2026-02-02,2026-05-02,S/Z,Strength Zone,1000.00,0.00,,2026-09-10 09:23:16.275915+00,2026-09-10 16:49:12.221331+00
382,JEEVAN GANESH V,2001-07-07,8925506454,"NO.426, DR.B.RAMAMOORTHI ST, THIRUMAZHISAI, CHENNAI 600124",2026-01-23,2026-04-23,S/Z,Strength Zone,1000.00,0.00,,2026-09-10 09:23:16.275915+00,2026-09-10 16:49:12.221331+00
383,GURUPRASANTH S,2001-09-29,8925458579,"NO 208, BALVADI ST, VOYANALLUR, CHENNAI 600072",2026-02-02,2026-04-02,G/F,General Fitness,1200.00,0.00,,2026-09-10 09:23:16.275915+00,2026-09-10 16:49:12.221331+00
384,PRABHU VASANTH S,2003-08-18,8122418579,"NO 208, BALVADI ST, VOYANALLUR, CHENNAI 600072",2026-02-02,2026-04-02,G/F,General Fitness,1200.00,0.00,,2026-09-10 09:23:16.275915+00,2026-09-10 16:49:12.221331+00
385,DILIP KUMAR S,2005-06-11,9080024561,"ROYAL CASTLE PHASE 1, PLOT 2, KOLAPPANCHERI, CHENNAI 600072",2026-02-04,2026-09-03,G/F,General Fitness,1200.00,0.00,,2026-09-10 09:23:16.275915+00,2026-09-10 16:49:12.221331+00
386,DEEPAK R,2003-01-19,6374577489,"NO85, BAJANAI KOVIL ST, BANAVEDU THOTTAM, PARIVAKKAM,POONAMALLEE, CHENNAI 600056",2026-02-04,2026-09-10,S/Z,Strength Zone,1000.00,0.00,,2026-09-10 09:23:16.275915+00,2026-09-10 16:49:12.221331+00
387,INDHARAN A,1993-02-07,9361975518,"NO.SWIGGY KOLAPPANCHERI, CHENNAI 600056",2026-02-05,2026-04-05,G/F,General Fitness,1200.00,0.00,,2026-09-10 09:23:16.275915+00,2026-09-10 16:49:12.221331+00
388,MAHESH,2000-11-23,9908808934,"NEAR SANKLAP SCHOOL, KOLLAPPANCHERI, CHENNAI 600056",2026-02-11,2026-04-11,G/F,General Fitness,1200.00,0.00,,2026-09-10 09:23:16.275915+00,2026-09-10 16:49:12.221331+00
389,MURALI L,1996-10-29,7093109524,"NEAR SANKLAP SCHOOL, KOLLAPPANCHERI, CHENNAI 600056",2026-02-11,2026-04-11,G/F,General Fitness,1200.00,0.00,,2026-09-10 09:23:16.275915+00,2026-09-10 16:49:12.221331+00
390,KISHAN KUMAR,2005-01-01,8294834145,"ZOMATO, KOLAPPANCHERI, CHENNAI 600072",2026-02-11,2026-04-11,G/F,General Fitness,1200.00,0.00,,2026-09-10 09:23:16.275915+00,2026-09-10 16:49:12.221331+00
391,KAILASH KUMAR,2003-03-28,9508607529,"ZOMATO, KOLAPPANCHERI, CHENNAI 600072",2026-02-11,2026-04-11,G/F,General Fitness,1200.00,0.00,,2026-09-10 09:23:16.275915+00,2026-09-10 16:49:12.221331+00
392,GAJINDER SINGH,1999-05-17,6005199608,,2026-02-12,2026-06-12,S/Z,Strength Zone,1000.00,0.00,,2026-09-10 09:23:16.275915+00,2026-09-10 16:49:12.221331+00
393,SAGAR SHUKLA,1999-01-31,6205004418,"SRI CHAITANYA SCHOOL , KOLLAPPANCHERI, CHENNAI 600056",2026-02-12,2026-04-12,S/Z,Strength Zone,1000.00,0.00,,2026-09-10 09:23:16.275915+00,2026-09-10 16:49:12.221331+00
394,MOHANA SUNDARAM J,1990-05-31,9789043727,"KOLAPPANCHERI, CHAITANYA SCHOOL, CHENNAI 600072",2026-02-12,2026-04-12,G/F,General Fitness,1200.00,0.00,,2026-09-10 09:23:16.275915+00,2026-09-10 16:49:12.221331+00
395,ARUN KUMAR J,2003-03-10,9176743075,"NO.216, BAJANA KOVIL ST, VOYANALLUR, CHENNAI 600072",2026-02-12,2026-04-12,S/Z,Strength Zone,1000.00,0.00,,2026-09-10 09:23:16.275915+00,2026-09-10 16:49:12.221331+00
396,POOVARASAN S,1988-04-09,9962316616,"NO.2/59 THULUKATHU AMMA KOVIL ST ,THIRUMANM,CHITHHUKADU,CHENNAI 600072",2026-02-16,2026-04-16,G/F,General Fitness,1200.00,0.00,,2026-09-10 09:23:16.275915+00,2026-09-10 16:49:12.221331+00
397,JERRY SHYAM K,2008-09-14,9500611656,"NO.126/2, MARIYAMMAN KOVIL ST, PARIVAKKAM, POONAMALLEE, CHENNAI 600056",2026-02-23,2026-05-23,G/F,General Fitness,3200.00,0.00,,2026-09-10 09:23:16.275915+00,2026-09-10 16:49:12.221331+00
398,BALAJI R,1997-02-08,9176793202,"NO. 1/37 ANJANEYAR KOVIL ST,PANAVEEDU THOTTAM ,POONAMALLEE,CHENNAI 600056",2026-02-27,2026-06-27,S/Z,Strength Zone,2500.00,0.00,,2026-09-10 09:23:16.275915+00,2026-09-10 16:49:12.221331+00
399,SAMUVEL A,2005-04-26,9360965515,"NO .4/333PILLAYAR KOVIL ST ,PIDARITHANAGAL POONAMALLEE,CHENNAI 600056",2026-03-02,2026-05-02,S/Z,Strength Zone,1000.00,0.00,,2026-09-10 09:23:16.275915+00,2026-09-10 16:49:12.221331+00
400,ARUN KUMAR U,1996-02-14,8825899663,"NO . 38 GANGAI AMMAN KOVIL ST ,KAVALCHERI, CHENNAI 600072",2026-03-02,2026-06-03,S/Z,Strength Zone,1000.00,0.00,,2026-09-10 09:23:16.275915+00,2026-09-10 16:49:12.221331+00
401,FRANCIS M,1999-08-03,9940569077,"4/135, BALVADI ST, PARIVAKKAM, CHENNAI 600056",2026-03-03,2026-08-03,S/Z,Strength Zone,1000.00,0.00,,2026-09-10 09:23:16.275915+00,2026-09-10 16:49:12.221331+00
402,PRAVEEN S.V,1986-08-07,9566749607,"NO 53A, SPE MONO CITY, PIDARITHANGAL, CHENNAI 600072",2026-03-03,2026-05-03,G/F,General Fitness,1200.00,0.00,,2026-09-10 09:23:16.275915+00,2026-09-10 16:49:12.221331+00
403,EMIMA,1990-11-01,9566749607,"NO 53A, SPE MONO CITY, PIDARITHANGAL, CHENNAI 600072",2026-03-03,2026-05-03,G/F,General Fitness,1200.00,0.00,,2026-09-10 09:23:16.275915+00,2026-09-10 16:49:12.221331+00
404,NIRANJAN M,2002-04-02,7092521973,"NO. 4/15, THANDARAI MAIN ROAD, PARIVAKKAM, POONAMALLEE, CHENNAI 600056",2026-03-10,2026-04-10,S/Z,Strength Zone,1000.00,0.00,,2026-09-10 09:23:16.275915+00,2026-09-10 16:49:12.221331+00
405,JAYAPRAKASH V,1999-12-03,8056519892,V.TRANS,2026-03-10,2026-04-10,S/Z,Strength Zone,1000.00,0.00,,2026-09-10 09:23:16.275915+00,2026-09-10 16:49:12.221331+00
406,MANIGANDAN M,2000-09-26,7305638961,"797, BAJANAI KOVIL ST, CHOKKANALLUR, CHENNAI 600072",2026-03-10,2026-09-10,S/Z,Strength Zone,1000.00,0.00,,2026-09-10 09:23:16.275915+00,2026-09-10 16:49:12.221331+00
407,DATCHINESH K,2006-06-08,6369230659,NO 32 EVR ST THANDARAI MAIN ROAD PARIVAKKAM CHENNAI 600056,2026-03-13,2026-09-13,S/Z,Strength Zone,1000.00,0.00,,2026-09-10 09:23:16.275915+00,2026-09-10 16:49:12.221331+00
408,VICTOR D,1988-05-05,9080269847,"NO,3/137 THANDARAI MAIN ROAD, PIDARITHANGAL,CHEEENAI 600056",2026-03-17,2026-05-17,S/Z,Strength Zone,1000.00,0.00,,2026-09-10 09:23:16.275915+00,2026-09-10 16:49:12.221331+00
409,VETRIVEL A,2008-11-03,63855504980,"NO , 3 KOTHIYAMBAKKAM VILLAGE,SITHUKADU , CCHENNAI 600072",2026-03-21,2026-06-21,G/F,General Fitness,1200.00,0.00,,2026-09-10 09:23:16.275915+00,2026-09-10 16:49:12.221331+00
410,MITU PALLI,1994-05-12,9861700336,"L & T GATE NO 2, CHOKKANALLUR,CHEENAI 600072",2026-03-24,2026-06-24,S/Z,Strength Zone,1000.00,0.00,,2026-09-10 09:23:16.275915+00,2026-09-10 16:49:12.221331+00
411,SHYAM CALLVIN S,2008-08-09,9025418789,"NO, 759 AMBEDKAR ST,CHOKKANALLUR,KOLLAPANCHERI,CHENNAI 600072",2026-03-24,2026-06-24,S/Z,Strength Zone,1000.00,0.00,,2026-09-10 09:23:16.275915+00,2026-09-10 16:49:12.221331+00
412,SESHATHIRI G,2006-10-05,9514763449,"NO 1/2 PERUMAL KOVIL STREET, KOLLAPANCHERI,CHENNAI 600056",2026-03-28,2026-06-28,S/Z,Strength Zone,1000.00,0.00,,2026-09-10 09:23:16.275915+00,2026-09-10 16:49:12.221331+00
413,YOGESH Y,2008-01-07,8122981078,"NO 2/28 BAJANA KOVIL ST,KOLLAPANCHERI,CHENNAI 600056",2026-03-30,2026-08-30,S/Z,Strength Zone,1000.00,0.00,,2026-09-10 09:23:16.275915+00,2026-09-10 16:49:12.221331+00
414,NITHISH S,2005-12-23,7358384231,"NO 740 MGR STREET,CHOKKANALLUR,CHENNAI 600072",2026-03-30,2026-05-30,G/F,General Fitness,1200.00,0.00,,2026-09-10 09:23:16.275915+00,2026-09-10 16:49:12.221331+00
415,YOGESHWARAN S,2008-11-02,8754417100,"NO, PERUMAL KOVIL STREET, VAYALANALLUR,CHENNAI 600072",2026-04-01,2026-09-01,S/Z,Strength Zone,1000.00,0.00,,2026-09-10 09:23:16.275915+00,2026-09-10 16:49:12.221331+00
416,ASHWIN S,2010-02-24,9150860452,"EVR PERIYAR STREET , PARIVAKKAM,POONAMALLEE,CHENNAI 600056",2026-04-02,2026-09-02,S/Z,Strength Zone,1000.00,0.00,,2026-09-10 09:23:16.275915+00,2026-09-10 16:49:12.221331+00
417,SURESH G,1977-12-10,6385129571,"PERUMAL KOVIL STREET,KOLLAPANCHERI,CHENNAI 600072",2026-04-04,2026-09-03,S/Z,Strength Zone,1000.00,0.00,,2026-09-10 09:23:16.275915+00,2026-09-10 16:49:12.221331+00
418,TAMANNA G,2010-08-16,9710447498,"SPE MONO CITY, PARIVAKKAM, CHENNAI 600056",2026-04-03,2026-04-03,G/F,General Fitness,1000.00,0.00,,2026-09-10 09:23:16.275915+00,2026-09-10 16:49:12.221331+00
419,PRASANTH E,2004-04-07,9585131636,CHAITHANYA SCHOOL CHOKKANALLUR 600072,2026-04-07,2026-09-07,G/F,General Fitness,1000.00,0.00,,2026-09-10 09:23:16.275915+00,2026-09-10 16:49:12.221331+00
420,DHIVAGAR N,2026-04-07,8344019339,CHAITHANYA SCHOOL CHOKKANALLUR 600072,2026-04-07,2026-09-22,G/F,General Fitness,1200.00,0.00,,2026-09-10 09:23:16.275915+00,2026-09-10 16:49:12.221331+00
421,THIYAGU R,1997-11-14,9092120278,"NO 64 SPE MONO CITY PIDARITHANGAL,CHENNAI 600056",2026-04-07,2026-09-22,G/F,General Fitness,1200.00,0.00,,2026-09-10 09:23:16.275915+00,2026-09-10 16:49:12.221331+00
422,KIRAN SAI K,2009-10-17,9043782265,"2/124 BAJANA KOVIL STREET ,KOLLAPANCHERI,CHENNAI 600072",2026-04-08,2026-08-08,S/Z,Strength Zone,1000.00,0.00,,2026-09-10 09:23:16.275915+00,2026-09-10 16:49:12.221331+00
423,MONESWAR KHARWAR,2006-11-05,9150883630,"L&T COMPANY, VOYALANALLUR, CHENNAI 600072",2026-04-11,2026-09-03,S/Z,Strength Zone,1000.00,0.00,,2026-09-10 09:23:16.275915+00,2026-09-10 16:49:12.221331+00
424,SUMBU MURA,2005-01-05,6383111826,"L&T COMPANY, VOYALANALLUR, CHENNAI 600072",2026-04-11,2026-09-11,S/Z,Strength Zone,1000.00,0.00,,2026-09-10 09:23:16.275915+00,2026-09-10 16:49:12.221331+00
425,NISHWIK B,2009-03-18,9952041481,"NO 20 SPE MONO CITY PANAVEDUTHOTTAM,CHENNAI 600056",2026-04-13,2026-06-13,S/Z,Strength Zone,1000.00,0.00,,2026-09-10 09:23:16.275915+00,2026-09-10 16:49:12.221331+00
426,KARAN SINGH,2001-11-08,9087968231,"ABT KOLLAPANCHERI,CHENNAI 600072",2026-04-17,2026-09-17,S/Z,Strength Zone,1000.00,0.00,,2026-09-10 09:23:16.275915+00,2026-09-10 16:49:12.221331+00
427,VALLARASU R,2000-03-21,7448437365,"2/265 ECI ST PETERS CHRUCH ST PIDARITHANAGAL,CHENNAI 600056",2026-04-20,2026-06-20,G/F,General Fitness,1200.00,0.00,,2026-09-10 09:23:16.275915+00,2026-09-10 16:49:12.221331+00
428,MELKIN MATHEW G,2008-04-20,8939522847,"NO 2/10 BAJANA KOIL ST KOLLAPANCHERI,CHENNAI 600072",2026-04-21,2026-06-21,S/Z,Strength Zone,1000.00,0.00,,2026-09-10 09:23:16.275915+00,2026-09-10 16:49:12.221331+00
429,MAHALAKSHMI M,2005-09-22,8438321319,"NO 343,BAJANA KOVIL ST, KOLLAPANCHERI,CHENNAI 600056",2026-04-21,2026-09-21,G/F,General Fitness,1200.00,0.00,,2026-09-10 09:23:16.275915+00,2026-09-10 16:49:12.221331+00
430,ABAVANAN G,2006-05-01,9566593324,"GOVERNMENT SCHOOL ,VOYALLANALLUR,CHENNAI 600072",2026-05-01,2026-09-01,S/Z,Strength Zone,1000.00,0.00,,2026-09-10 09:23:16.275915+00,2026-09-10 16:49:12.221331+00
431,KABILAN K,2003-12-26,7358807473,"PLOT 23,4TH ST, ARKAYGARDEN KOLLAPPANCHERI 600072",2026-05-05,2026-09-05,S/Z,Strength Zone,1000.00,0.00,,2026-09-10 09:23:16.275915+00,2026-09-10 16:49:12.221331+00
432,LAWSOU JERRY K,2008-07-03,9677055549,"NO 13BAJANA KOVIL ST ,KOLLAPANCHERI,CHENNAI 600056",2026-05-07,2026-06-05,S/Z,Strength Zone,1000.00,0.00,,2026-09-10 09:23:16.275915+00,2026-09-10 16:49:12.221331+00
433,ALOK KUMAR SINGH,2004-12-04,7305488640,"NO 19 RAJPARIS ARKAY GARDEN 4TH CROSS ST,CHOKKANALLUR,CHENNAI 600072",2026-05-08,2026-08-08,S/Z,Strength Zone,1000.00,0.00,,2026-09-10 09:23:16.275915+00,2026-09-10 16:49:12.221331+00
434,AJAY K,2010-03-02,9042884231,"BAJANA KOVIL ST,KOLLAPANCHERI,CHENNAI 600056",2026-05-08,2026-07-08,G/F,General Fitness,1200.00,0.00,,2026-09-10 09:23:16.275915+00,2026-09-10 16:49:12.221331+00
435,DIVAKAR M,2009-12-24,8939287178,"BAJANA KOVIL ST,KOLLAPANCHERI,CHENNAI 600056",2026-05-14,2026-09-03,G/F,General Fitness,1000.00,0.00,,2026-09-10 09:23:16.275915+00,2026-09-10 16:49:12.221331+00
436,KEERTHANA R,2004-08-02,7094352230,"DHANALAKSHMI NAGAR ,PIDARITHANGAL CHENNAI 600056",2026-05-20,2026-09-20,G/F,General Fitness,1200.00,0.00,,2026-09-10 09:23:16.275915+00,2026-09-10 16:49:12.221331+00
437,CHARAN SAAI B,2007-09-28,9940370545,"SRI CHAITANYA SCHOOL , KOLLAPPANCHERI, CHENNAI 600056",2026-05-27,2026-06-27,G/F,General Fitness,1200.00,0.00,,2026-09-10 09:23:16.275915+00,2026-09-10 16:49:12.221331+00
438,ABI YUVARAJ K,1998-08-04,9962849226,"NO 1 PERUMAL KOVIL STREET , KOLLAPANCHERI ,CHENNAI 600056",2026-06-01,2026-09-01,S/Z,Strength Zone,1000.00,0.00,,2026-09-10 09:23:16.275915+00,2026-09-10 16:49:12.221331+00
439,GAYATHIRI S,1992-07-18,9003248815,NO 97 A SPE MONO CITY PARIVAKKAM CHENNAI 600056,2026-06-05,2026-09-05,G/F,General Fitness,1000.00,0.00,,2026-09-10 09:23:16.275915+00,2026-09-10 16:49:12.221331+00
440,SAKTHIVEL R,2001-03-14,9790306849,NEAR BY EB OFFICE PARRIVAKKAM CHENNAI 600056,2026-06-04,2026-08-04,S/Z,Strength Zone,1000.00,0.00,,2026-09-10 09:23:16.275915+00,2026-09-10 16:49:12.221331+00
441,BALAJIM,1998-05-16,8667853301,NO 177 3RD STREET LAKSHMI GREEN CITY VOYALANALLUE CHENNAI 600072,2026-06-05,2026-09-05,G/F,General Fitness,1200.00,0.00,,2026-09-10 09:23:16.275915+00,2026-09-10 16:49:12.221331+00
442,SANDEEP M,2007-10-03,7010766456,"SAMERA VILLA , PARIVAKKAM CHENNAI 600056",2026-06-06,2026-09-05,G/F,General Fitness,1200.00,0.00,,2026-09-10 09:23:16.275915+00,2026-09-10 16:49:12.221331+00
443,TIKESHPATEL,2000-04-06,7489739556,"ACPL COMPANY , PARIVAKKAM, KOLLAPANCHERI,CHOKKANALLUR, CHENNAI 600072",2026-06-08,2026-09-08,S/Z,Strength Zone,1000.00,0.00,,2026-09-10 09:23:16.275915+00,2026-09-10 16:49:12.221331+00
444,KARTHIK R,2001-12-02,8220112984,NO 58 PANAVEDU THOTTAM ANJENEYAR KOVIL STREET PARIVAKKAM CHENNAI 600056,2026-06-10,2026-12-10,S/Z,Strength Zone,4500.00,0.00,,2026-09-10 09:23:16.275915+00,2026-09-10 16:49:12.221331+00
445,GUNALAN G,1988-10-20,9941475904,NO 76 RM NAGAR THIRUMAZHLISAI CHENNAI 600124,2026-06-16,2026-09-16,G/F,General Fitness,1200.00,0.00,,2026-09-10 09:23:16.275915+00,2026-09-10 16:49:12.221331+00
446,RAJESH G,1991-06-13,7904389295,N0 65 MOOGABIGAI ST VEPPAMPATTU CHENNAI,2026-06-16,2026-09-16,G/F,General Fitness,1200.00,0.00,,2026-09-10 09:23:16.275915+00,2026-09-10 16:49:12.221331+00
447,BALA G,2005-10-15,8072814513,NO 3/189 RAJIV GANDHI ST PARIVAKKAM CHENNAI 600056,2026-06-17,2026-09-17,S/Z,Strength Zone,2500.00,0.00,,2026-09-10 09:23:16.275915+00,2026-09-10 16:49:12.221331+00
448,SRINIVASAN M,1996-06-04,7010756291,NO 59 PIDARITHANGAK SPE MONOCITY CHENNAI 600056,2026-06-18,2026-09-18,G/F,General Fitness,1200.00,0.00,,2026-09-10 09:23:16.275915+00,2026-09-10 16:49:12.221331+00
449,INBARAJ M,1998-06-22,,NO 2/55 BAJANA KOVIL STREET KOLLAPANCHERI CHENNAI 600072,2026-06-19,2026-09-19,S/Z,Strength Zone,1000.00,0.00,,2026-09-10 09:23:16.275915+00,2026-09-10 16:49:12.221331+00
450,AJAY YADAV,2000-10-18,9305269745,"ZOMATO, KOLAPPANCHERI, CHENNAI 600072",2026-06-28,2026-09-28,S/Z,Strength Zone,1000.00,0.00,,2026-09-10 09:23:16.275915+00,2026-09-10 16:49:12.221331+00
451,LOHIT SAI RAJA T,2004-05-18,8019730278,"SRI CHAITANYA SCHOOL , KOLLAPPANCHERI, CHENNAI 600056",2026-06-29,2026-09-01,S/Z,Strength Zone,1000.00,0.00,,2026-09-10 09:23:16.275915+00,2026-09-10 16:49:12.221331+00
452,PARTHIBAN M,2001-06-05,9952466150,7911 TNHB COLONY AYYAPAKKAM CHENNAI,2026-06-30,2026-09-30,S/Z,Strength Zone,1000.00,0.00,,2026-09-10 09:23:16.275915+00,2026-09-10 16:49:12.221331+00
453,KHIRUBAKARAN,1992-02-24,9600007253,PLOT NO 10 STRRET PERUMAL PATTU CHENNAI 24,2026-06-30,2026-09-30,S/Z,Strength Zone,1000.00,0.00,,2026-09-10 09:23:16.275915+00,2026-09-10 16:49:12.221331+00
454,PRINCE L,1992-08-12,9600007253,PLOT NO 10 STRRET PERUMAL PATTU CHENNAI 24,2026-06-30,2026-09-30,S/Z,Strength Zone,1000.00,0.00,,2026-09-10 09:23:16.275915+00,2026-09-10 16:49:12.221331+00
455,RILSON A,1994-05-02,8015419111,TTS NAGAR THIRUVERKADU CHENNAI 600072,2026-06-30,2026-09-30,S/Z,Strength Zone,1000.00,0.00,,2026-09-10 09:23:16.275915+00,2026-09-10 16:49:12.221331+00
456,PRAVEEN KUMAR V,2006-07-09,8270647819,SENNERIKUPPAM SELVA VINAGAR VITHI CHENNAI,2026-07-01,2026-08-01,S/Z,Strength Zone,1000.00,0.00,,2026-09-10 09:23:16.275915+00,2026-09-10 16:49:12.221331+00
457,DINESH S,2007-07-06,9092092081,"NO 45 ROYAL CAST , KOLLAPANCHERI, CHENNAI 600056",2026-07-01,2026-09-01,S/Z,Strength Zone,1000.00,0.00,,2026-09-10 09:23:16.275915+00,2026-09-10 16:49:12.221331+00
458,DHEVA D,2000-06-30,9361784347,FOUR ROAD MADURAVAYAL,2026-07-02,2026-09-02,G/F,General Fitness,1200.00,0.00,,2026-09-10 09:23:16.275915+00,2026-09-10 16:49:12.221331+00
459,DHARUN KUMAR S,2007-12-18,7358688798,"3/32 BAJANAI KOVIL STREET , KOLLAPANCHERI CHENNAI 600056",2026-07-06,2026-09-06,S/Z,Strength Zone,1000.00,0.00,,2026-09-10 09:23:16.275915+00,2026-09-10 16:49:12.221331+00
460,THARUN KUMAR J,2009-03-16,9342556991,NO 47 ANAGALA PARAMESHWARI PARRIVAKKAM POONAMALLEE CHENNAI 600056,2026-07-06,2026-09-06,S/Z,Strength Zone,1000.00,0.00,,2026-09-10 09:23:16.275915+00,2026-09-10 16:49:12.221331+00
461,VINOTH KUMAR S,1996-11-25,9789834060,PLOT NO 10 STRRET PERUMAL PATTU CHENNAI 24,2026-07-07,2026-09-07,S/Z,Strength Zone,1000.00,0.00,,2026-09-10 09:23:16.275915+00,2026-09-10 16:49:12.221331+00
462,ISHWARYA R,1996-08-07,7358606879,NO 2/20 BAJANA KOVIL STREET KOLLAPANCHERI CHENNAI 600056,2026-07-08,2026-08-08,G/F,General Fitness,1200.00,0.00,,2026-09-10 09:23:16.275915+00,2026-09-10 16:49:12.221331+00
463,AABEL S,2002-06-26,7449224410,NO 619 BAJANA KOVIL STREET CHOKKANALLUR CHENNAI 600072,2026-07-10,2026-09-10,S/Z,Strength Zone,1000.00,0.00,,2026-09-10 09:23:16.275915+00,2026-09-10 16:49:12.221331+00
464,JOY KUMAR SIGN,2001-09-12,9864266288,"L&T COMPANY, VOYALANALLUR, CHENNAI 600072",2026-07-11,2026-09-11,S/Z,Strength Zone,1000.00,0.00,,2026-09-10 09:23:16.275915+00,2026-09-10 16:49:12.221331+00
465,ROHIT R,2001-07-07,8667301492,NO 154 PANAVEDUTHOTTAM KANNAPALAYAM CHEENNAI 600077,2026-07-13,2026-08-13,S/Z,Strength Zone,1000.00,0.00,,2026-09-10 09:23:16.275915+00,2026-09-10 16:49:12.221331+00
466,ISRAVEL J,2008-12-04,8807272870,NO 588 MAIN ROAD CHOKKANALLUR CHENNAI 600072,2026-07-13,2026-08-13,S/Z,Strength Zone,1000.00,0.00,,2026-09-10 09:23:16.275915+00,2026-09-10 16:49:12.221331+00
467,GANESH KUMAR P,2001-07-19,7501951787,APPOLLO TYERS SORAJAI VOYALANALLUR CHENNAI 600072,2026-07-16,2026-09-16,G/F,General Fitness,1200.00,0.00,,2026-09-10 09:23:16.275915+00,2026-09-10 16:49:12.221331+00
468,AMALA R,2006-11-14,7708291703,BLC OPPOSITE KOLLAPANCHERI CHENNAI 600056,2026-07-17,2026-09-17,G/F,General Fitness,1200.00,0.00,,2026-09-10 09:23:16.275915+00,2026-09-10 16:49:12.221331+00
469,SYRYA M,2000-04-02,9514379892,NO 4/736 MGR NAGAR STREET CHOKKANALLUR CHENNAI 600072,2026-07-21,2026-09-21,S/Z,Strength Zone,1000.00,0.00,,2026-09-10 09:23:16.275915+00,2026-09-10 16:49:12.221331+00
470,LOGESH,1995-04-02,9962401845,NO 589 MAIN ROAD CHOKKANALLUR CHENNAI 600072,2026-07-21,2026-09-21,S/Z,Strength Zone,1000.00,0.00,,2026-09-10 09:23:16.275915+00,2026-09-10 16:49:12.221331+00
471,KHILAWAN,1998-11-25,6263657960,V TRANCE KOLLAPANCHERI CHENNAI 600072,2026-07-21,2026-09-21,S/Z,Strength Zone,1000.00,0.00,,2026-09-10 09:23:16.275915+00,2026-09-10 16:49:12.221331+00
472,KEERTHIVASAN C,2005-07-13,9600551053,1987-01-01 00:00:00,2026-07-27,2026-09-27,S/Z,Strength Zone,1000.00,0.00,,2026-09-10 09:23:16.275915+00,2026-09-10 16:49:12.221331+00
473,DHANASINGH,2005-01-01,6399354132,"ACPL COMPANY , PARIVAKKAM, KOLLAPANCHERI,CHOKKANALLUR, CHENNAI 600072",2026-07-27,2026-09-27,S/Z,Strength Zone,1000.00,0.00,,2026-09-10 09:23:16.275915+00,2026-09-10 16:49:12.221331+00
474,MITHUN KUMAR D,1984-04-11,8825667037,NO 32 EVR PERIYAR STREET PARIVAKKAM CHENNAI 600056,2026-07-28,2026-09-28,G/F,General Fitness,1200.00,0.00,,2026-09-10 09:23:16.275915+00,2026-09-10 16:49:12.221331+00
475,RAMACHANDRAN B,2003-03-16,9043260165,PARIVAKKAM POONAMALLE CHENNAI 600056,2026-07-29,2026-09-29,S/Z,Strength Zone,1000.00,0.00,,2026-09-10 09:23:16.275915+00,2026-09-10 16:49:12.221331+00
476,PREM,2000-04-22,6265788608,"ACPL COMPANY , PARIVAKKAM, KOLLAPANCHERI,CHOKKANALLUR, CHENNAI 600072",2026-07-31,2026-08-31,S/Z,Strength Zone,1000.00,0.00,,2026-09-10 09:23:16.275915+00,2026-09-10 09:23:16.275915+00
477,MANIKANDAN P,2004-08-28,7358162360,"NO 36 ISHA ISHWARIYA , BANAVEDUTHOTTAM CHENNAI 600056",2026-08-03,2026-09-03,S/Z,Strength Zone,1000.00,0.00,,2026-09-10 09:23:16.275915+00,2026-09-10 16:49:12.221331+00
478,SOWNDHAR R,2003-06-25,7305170774,"SRI CHAITANYA SCHOOL , KOLLAPPANCHERI, CHENNAI 600056",2026-08-03,2026-09-03,G/F,General Fitness,1200.00,0.00,,2026-09-10 09:23:16.275915+00,2026-09-10 16:49:12.221331+00
479,YOGESHWARAN S,2007-02-20,8883543549,11 CHRUCH STREET PARIVAKKAM CHENNAI 60056,2026-08-03,2026-09-03,S/Z,Strength Zone,1000.00,0.00,,2026-09-10 09:23:16.275915+00,2026-09-10 16:49:12.221331+00
480,ROSHANTH BRIGHT F,2007-03-07,9994317295,11 CHRUCH STREET PARIVAKKAM CHENNAI 60056,2026-08-03,2026-09-03,S/Z,Strength Zone,1000.00,0.00,,2026-09-10 09:23:16.275915+00,2026-09-10 16:49:12.221331+00
481,MANIKANDAN M,1992-05-06,8925553312,"SRI CHAITANYA SCHOOL , KOLLAPPANCHERI, CHENNAI 600056",2026-08-03,2026-09-03,G/F,General Fitness,1200.00,0.00,,2026-09-10 09:23:16.275915+00,2026-09-10 16:49:12.221331+00
482,HEMAMALINI A,2001-03-06,733894820,2/63 BAJANA KOVIL STREET KOLLAPANCHERI CHENNAI 600056,2026-08-04,2026-09-04,G/F,General Fitness,1200.00,0.00,,2026-09-10 09:23:16.275915+00,2026-09-10 16:49:12.221331+00
483,PRAVEEN JOE T,2026-03-24,9087360195,2/62 BAJANA KOVIL STREET KOLLAPANCHERI CHENNAI 600056,2026-08-04,2026-09-04,G/F,General Fitness,1200.00,0.00,,2026-09-10 09:23:16.275915+00,2026-09-10 16:49:12.221331+00
484,AMULRAJ T,1989-05-20,8124985047,OIL MILL ROAD BARATHIYAN STREET IYYAPATHANGAL CHENNAI,2026-08-04,2026-09-04,S/Z,Strength Zone,1000.00,0.00,,2026-09-10 09:23:16.275915+00,2026-09-10 16:49:12.221331+00
485,VISHNU PRABU T,2006-11-15,8925213656,NO 11 CHRUCH SREET PARIVAKKAM CHENNAI 600056,2026-08-04,2026-09-04,S/Z,Strength Zone,1000.00,0.00,,2026-09-10 09:23:16.275915+00,2026-09-10 16:49:12.221331+00
486,HEMANATH R,2006-06-27,7010695704,5/18 PERUMAL KOVIL STREET KANNAPALAYAM 600056,2026-08-05,2026-09-05,S/Z,Strength Zone,1000.00,0.00,,2026-09-10 09:23:16.275915+00,2026-09-10 16:49:12.221331+00
487,SARAVANAN KUMAR M,2002-07-03,6383693727,NO 23 MONO CITY PIDARITHANGAL CHENNAI 600056,2026-08-06,2026-09-06,G/F,General Fitness,1200.00,0.00,,2026-09-10 09:23:16.275915+00,2026-09-10 16:49:12.221331+00
488,MILAN GOUR,2000-06-30,9365838716,"ACPL COMPANY , PARIVAKKAM, KOLLAPANCHERI,CHOKKANALLUR, CHENNAI 600072",2026-08-11,2026-09-11,S/Z,Strength Zone,1000.00,0.00,,2026-09-10 09:23:16.275915+00,2026-09-10 16:49:12.221331+00
489,JOHN BENHUR,1995-11-01,9600103429,PLOT 59 ROYAL CASTLE KOLLAPANCHERI CHENNAI 79,2026-08-12,2026-09-12,G/F,General Fitness,1200.00,0.00,,2026-09-10 09:23:16.275915+00,2026-09-10 16:49:12.221331+00
490,SIVARAMAKRISHNAN S,2001-10-03,6369492105,DIVINE JEWELLERY PARIVAKKAM CHENNAI 600056,2026-08-12,2026-09-12,S/Z,Strength Zone,1000.00,0.00,,2026-09-10 09:23:16.275915+00,2026-09-10 16:49:12.221331+00
491,ATHISWARAN M,2006-05-08,9047060917,NO 101 NANAGAL PERAMESHWARI NAGAR PARIVAKKAM CHENNAI 600056,2026-08-14,2026-09-14,G/F,General Fitness,1200.00,0.00,,2026-09-10 09:23:16.275915+00,2026-09-10 16:49:12.221331+00
492,AARTHI T,2003-04-22,9176730090,NO 3/11 BAJANAI KOVIL STREET KOLLAPANCHERI CHENNAI 600056,2026-08-15,2026-09-15,G/F,General Fitness,1200.00,0.00,,2026-09-10 09:23:16.275915+00,2026-09-10 16:49:12.221331+00
493,SALOMI LIDIYA P,1999-08-22,930260166,NO 3/13 BAJANA KOVIL STRRET KOLLAPANCHERI CHENNNAI 600056,2026-08-15,2026-09-15,G/F,General Fitness,1200.00,0.00,,2026-09-10 09:23:16.275915+00,2026-09-10 16:49:12.221331+00
494,KARTHICK S,1994-04-06,9952030724,PARIVAKKAM POONAMALLE CHENNAI 600056,2026-08-17,2026-09-17,S/Z,Strength Zone,1000.00,0.00,,2026-09-10 09:23:16.275915+00,2026-09-10 16:49:12.221331+00
495,RITHIKA M,2005-02-27,8610326118,"NO 2/28 BAJANA KOVIL ST,KOLLAPANCHERI,CHENNAI 600056",2026-08-18,2026-09-18,G/F,General Fitness,1200.00,0.00,,2026-09-10 09:23:16.275915+00,2026-09-10 16:49:12.221331+00
496,SUSHIL TANADAN,2007-10-12,8103624901,EXPRESS BISS KOLLAPANCHERI CHENNAI 600072,2026-08-18,2026-09-18,S/Z,Strength Zone,1000.00,0.00,,2026-09-10 09:23:16.275915+00,2026-09-10 16:49:12.221331+00
497,CHANDASH,2007-01-01,9203535485,EXPRESS BISS KOLLAPANCHERI CHENNAI 600072,2026-08-18,2026-09-18,S/Z,Strength Zone,1000.00,0.00,,2026-09-10 09:23:16.275915+00,2026-09-10 16:49:12.221331+00
498,YOGESH G,2008-06-19,9600994525,N0 1 PALLISWARAN KOVIL STREET PARIVAKKAM CHENNAI 600056,2026-08-20,2026-09-20,G/F,General Fitness,1200.00,0.00,,2026-09-10 09:23:16.275915+00,2026-09-10 16:49:12.221331+00
499,HARISH RAJ,2007-10-31,8668151109,1/172 MARIYAMMAN KOVIL STREET PARIVAKKAM CHENNAI 600056,2026-08-24,2026-09-24,G/F,General Fitness,1200.00,0.00,,2026-09-10 09:23:16.275915+00,2026-09-10 16:49:12.221331+00
500,PRASANTH S,1992-07-08,6379002083,C N R,2026-09-01,2026-10-01,S/Z,Strength Zone,1000.00,0.00,,2026-09-10 09:23:16.275915+00,2026-09-10 09:23:16.275915+00
501,RAVI TEJA J,2000-10-09,9985380138,DMART CHOKKANALLUR CHENNAI 600072,2026-09-01,2026-10-01,S/Z,Strength Zone,1000.00,0.00,,2026-09-10 09:23:16.275915+00,2026-09-10 09:23:16.275915+00