id,billing_month,register_no,name,renewal_date,package_code,package_name,amount_due,paid_amount,pending_amount,payment_status,original_status,personal_training,shift,source_sheet,created_at
13315,2024-10-01,1,SUNDHAR M,2024-10-09,S/Z,Strength Zone,800.00,800.00,0.00,paid,Paid,,,OCT 2024,2026-09-10 09:29:17.056572+00
13316,2024-10-01,2,NITHYASEELAN P,2024-10-09,S/Z,Strength Zone,800.00,800.00,0.00,paid,Paid,,,OCT 2024,2026-09-10 09:29:17.056572+00
13317,2024-10-01,3,SANJEEVA REDDY C,2024-10-09,S/Z,Strength Zone,800.00,800.00,0.00,paid,Paid,,,OCT 2024,2026-09-10 09:29:17.056572+00
13318,2024-10-01,4,ABDUL RAHMAN A,2024-10-09,S/Z,Strength Zone,800.00,800.00,0.00,paid,Paid,,,OCT 2024,2026-09-10 09:29:17.056572+00
13319,2024-10-01,5,SANTHOSH KUMAR G,2024-10-09,G/F,General Fitness,1000.00,,1000.00,due_or_unpaid,R,,,OCT 2024,2026-09-10 09:29:17.056572+00
13320,2024-10-01,6,SATHISH KUMAR J,2024-10-09,G/F,General Fitness,1000.00,1000.00,0.00,paid,Paid,,,OCT 2024,2026-09-10 09:29:17.056572+00
13321,2024-10-01,7,VIJAYABABU C,2024-10-09,G/F,General Fitness,1000.00,800.00,800.00,paid,Paid,,,OCT 2024,2026-09-10 09:29:17.056572+00
13322,2024-10-01,8,ISTJHAR AHAMAD,2024-10-09,G/F,General Fitness,1000.00,1000.00,0.00,paid,Paid,,,OCT 2024,2026-09-10 09:29:17.056572+00
13323,2024-10-01,9,MUBARAK ALI,2024-10-09,S/Z,Strength Zone,800.00,800.00,0.00,paid,Paid,,,OCT 2024,2026-09-10 09:29:17.056572+00
13324,2024-10-01,10,GULJOR HUSSAIN,2024-10-09,S/Z,Strength Zone,800.00,800.00,0.00,paid,Paid,,,OCT 2024,2026-09-10 09:29:17.056572+00
13325,2024-10-01,11,SURHAB ALI,2024-10-09,S/Z,Strength Zone,800.00,800.00,0.00,paid,Paid,,,OCT 2024,2026-09-10 09:29:17.056572+00
13326,2024-10-01,12,SATHYA M,2024-10-09,G/F,General Fitness,1000.00,1000.00,0.00,paid,Paid,,,OCT 2024,2026-09-10 09:29:17.056572+00
13327,2024-10-01,13,PORTAP CHETRY,2024-10-09,S/Z,Strength Zone,800.00,,800.00,due_or_unpaid,R,,,OCT 2024,2026-09-10 09:29:17.056572+00
13328,2024-10-01,14,TAMIL,2024-12-09,G/F,General Fitness,3200.00,,3200.00,paid,Paid,,,OCT 2024,2026-09-10 09:29:17.056572+00
13329,2024-10-01,15,DEEPAK M,2024-10-09,S/Z,Strength Zone,800.00,3000.00,0.00,paid,Paid,,,OCT 2024,2026-09-10 09:29:17.056572+00
13330,2024-10-01,16,SARATH KUMAR A,2024-10-10,S/Z,Strength Zone,800.00,800.00,0.00,paid,Paid,,,OCT 2024,2026-09-10 09:29:17.056572+00
13331,2024-10-01,17,UDHAYA PANDIAN,2024-10-10,G/F,General Fitness,1000.00,1000.00,0.00,paid,Paid,,,OCT 2024,2026-09-10 09:29:17.056572+00
13332,2024-10-01,18,MANJIT KUMAR,2024-10-09,S/Z,Strength Zone,800.00,,800.00,due_or_unpaid,R,,,OCT 2024,2026-09-10 09:29:17.056572+00
13333,2024-10-01,19,YUVARAJ C,2024-10-10,G/F,General Fitness,1000.00,1000.00,0.00,paid,Paid,,,OCT 2024,2026-09-10 09:29:17.056572+00
13334,2024-10-01,20,CHARLES,2024-10-09,G/F,General Fitness,1000.00,1200.00,0.00,paid,Paid,,,OCT 2024,2026-09-10 09:29:17.056572+00
13335,2024-10-01,21,DHANUSH V,2024-10-10,S/Z,Strength Zone,800.00,800.00,0.00,paid,Paid,,,OCT 2024,2026-09-10 09:29:17.056572+00
13336,2024-10-01,22,BOLORAM PONIKA A.J,2024-10-10,S/Z,Strength Zone,800.00,,800.00,due_or_unpaid,R,,,OCT 2024,2026-09-10 09:29:17.056572+00
13337,2024-10-01,23,PRASANTH M,2024-10-10,S/Z,Strength Zone,800.00,800.00,0.00,paid,Paid,,,OCT 2024,2026-09-10 09:29:17.056572+00
13338,2024-10-01,24,RAHUL R,2025-04-11,S/Z,Strength Zone,800.00,3000.00,0.00,paid,Paid,,,OCT 2024,2026-09-10 09:29:17.056572+00
13339,2024-10-01,25,SANTHOSH M,2024-10-11,S/Z,Strength Zone,800.00,,800.00,due_or_unpaid,R,,,OCT 2024,2026-09-10 09:29:17.056572+00
13340,2024-10-01,26,MAZID ALI,2024-10-11,S/Z,Strength Zone,800.00,,800.00,due_or_unpaid,R,,,OCT 2024,2026-09-10 09:29:17.056572+00
13341,2024-10-01,27,SADIKUL ISLAM,2024-10-11,S/Z,Strength Zone,800.00,,800.00,due_or_unpaid,R,,,OCT 2024,2026-09-10 09:29:17.056572+00
13342,2024-10-01,28,LAKSHWANTH,2024-10-11,G/F,General Fitness,1000.00,1000.00,0.00,paid,Paid,,,OCT 2024,2026-09-10 09:29:17.056572+00
13343,2024-10-01,29,GOWTHAM A,2024-10-11,S/Z,Strength Zone,800.00,,800.00,due_or_unpaid,R,,,OCT 2024,2026-09-10 09:29:17.056572+00
13344,2024-10-01,30,PRADEEP Y,2024-10-11,S/Z,Strength Zone,800.00,,800.00,due_or_unpaid,R,,,OCT 2024,2026-09-10 09:29:17.056572+00
13345,2024-10-01,31,ROHIT R,2024-10-12,S/Z,Strength Zone,800.00,800.00,0.00,paid,Paid,,,OCT 2024,2026-09-10 09:29:17.056572+00
13346,2024-10-01,32,RISHI M,2024-10-12,S/Z,Strength Zone,800.00,800.00,0.00,paid,Paid,,,OCT 2024,2026-09-10 09:29:17.056572+00
13347,2024-10-01,33,GOPAL B,2024-10-12,S/Z,Strength Zone,800.00,800.00,0.00,paid,Paid,,,OCT 2024,2026-09-10 09:29:17.056572+00
13348,2024-10-01,34,KODOM ALI D,2024-10-13,S/Z,Strength Zone,800.00,800.00,0.00,paid,Paid,,,OCT 2024,2026-09-10 09:29:17.056572+00
13349,2024-10-01,35,SUJAB ALI A,2024-10-13,S/Z,Strength Zone,800.00,,800.00,due_or_unpaid,R,,,OCT 2024,2026-09-10 09:29:17.056572+00
13350,2024-10-01,36,ASHABUL HOQUE S,2024-10-13,S/Z,Strength Zone,800.00,800.00,0.00,paid,Paid,,,OCT 2024,2026-09-10 09:29:17.056572+00
13351,2024-10-01,37,SURESH K,2024-10-13,G/F,General Fitness,1000.00,,1000.00,due_or_unpaid,R,,,OCT 2024,2026-09-10 09:29:17.056572+00
13352,2024-10-01,38,YUVARAJ B,2024-10-13,G/F,General Fitness,800.00,800.00,0.00,paid,Paid,,,OCT 2024,2026-09-10 09:29:17.056572+00
13353,2024-10-01,39,BALAKUMAR M,2024-10-13,G/F,General Fitness,1000.00,1000.00,0.00,paid,Paid,,,OCT 2024,2026-09-10 09:29:17.056572+00
13354,2024-10-01,40,SIDDHARTH V,2024-10-13,S/Z,Strength Zone,1000.00,800.00,800.00,paid,Paid,,,OCT 2024,2026-09-10 09:29:17.056572+00
13355,2024-10-01,41,VAJARAVEL BALA A,2024-10-13,G/F,General Fitness,1000.00,1000.00,0.00,paid,Paid,,,OCT 2024,2026-09-10 09:29:17.056572+00
13356,2024-10-01,42,SARAVANAN K,2024-10-13,S/Z,Strength Zone,800.00,800.00,0.00,paid,Paid,,,OCT 2024,2026-09-10 09:29:17.056572+00
13357,2024-10-01,43,ARJUN S,2024-10-13,S/Z,Strength Zone,800.00,800.00,0.00,paid,Paid,,,OCT 2024,2026-09-10 09:29:17.056572+00
13358,2024-10-01,44,RAM PRASAD,2024-10-14,G/F,General Fitness,1000.00,,1000.00,due_or_unpaid,R,,,OCT 2024,2026-09-10 09:29:17.056572+00
13359,2024-10-01,45,SANTHOSH,2024-12-14,S/Z,Strength Zone,2500.00,,2500.00,paid,Paid,,,OCT 2024,2026-09-10 09:29:17.056572+00
13360,2024-10-01,46,SRI RAM R,2024-10-14,S/Z,Strength Zone,800.00,800.00,0.00,paid,Paid,,,OCT 2024,2026-09-10 09:29:17.056572+00
13361,2024-10-01,47,ANBU N,2024-10-14,G/F,General Fitness,1000.00,,1000.00,due_or_unpaid,R,,,OCT 2024,2026-09-10 09:29:17.056572+00
13362,2024-10-01,48,ARAVIND KUMAR P,2024-10-14,S/Z,Strength Zone,800.00,800.00,0.00,paid,Paid,,,OCT 2024,2026-09-10 09:29:17.056572+00
13363,2024-10-01,49,ARUN S,2024-10-16,S/Z,Strength Zone,800.00,,800.00,due_or_unpaid,R,,,OCT 2024,2026-09-10 09:29:17.056572+00
13364,2024-10-01,50,AATHI,2024-10-16,S/Z,Strength Zone,800.00,,800.00,due_or_unpaid,R,,,OCT 2024,2026-09-10 09:29:17.056572+00
13365,2024-10-01,51,JOTHILINGAM R,2024-10-15,G/F,General Fitness,1000.00,1000.00,0.00,paid,Paid,,,OCT 2024,2026-09-10 09:29:17.056572+00
13366,2024-10-01,52,VASANTH J,2024-10-15,S/Z,Strength Zone,800.00,800.00,0.00,paid,Paid,,,OCT 2024,2026-09-10 09:29:17.056572+00
13367,2024-10-01,53,BETSY PAULINE V,2024-10-16,G/F,General Fitness,1000.00,1000.00,0.00,paid,Paid,,,OCT 2024,2026-09-10 09:29:17.056572+00
13368,2024-10-01,54,PREM KUMAR Y,2024-10-16,S/Z,Strength Zone,800.00,,800.00,due_or_unpaid,R,,,OCT 2024,2026-09-10 09:29:17.056572+00
13369,2024-10-01,55,JAWAID F,2024-12-16,S/Z,Strength Zone,2500.00,,2500.00,paid,Paid,,,OCT 2024,2026-09-10 09:29:17.056572+00
13370,2024-10-01,56,BOBIDUL ISLAM A,2024-10-16,G/F,General Fitness,1000.00,,1000.00,due_or_unpaid,R,,,OCT 2024,2026-09-10 09:29:17.056572+00
13371,2024-10-01,57,ABDUL KHALAK J,2024-10-16,G/F,General Fitness,1000.00,,1000.00,due_or_unpaid,R,,,OCT 2024,2026-09-10 09:29:17.056572+00
13372,2024-10-01,58,MEHERUL HAQUE.S,2024-10-16,G/F,General Fitness,1000.00,1000.00,0.00,paid,Paid,,,OCT 2024,2026-09-10 09:29:17.056572+00
13373,2024-10-01,59,JAGADEESH M,2024-10-16,G/F,General Fitness,1000.00,1000.00,0.00,paid,Paid,,,OCT 2024,2026-09-10 09:29:17.056572+00
13374,2024-10-01,60,FAYAZ AHMED A,2024-12-16,S/Z,Strength Zone,2500.00,,2500.00,paid,Paid,,,OCT 2024,2026-09-10 09:29:17.056572+00
13375,2024-10-01,61,MAMIDUL ALI,2024-10-17,S/Z,Strength Zone,800.00,,800.00,due_or_unpaid,R,,,OCT 2024,2026-09-10 09:29:17.056572+00
13376,2024-10-01,62,VINOTH KUMAR C,2024-10-17,G/F,General Fitness,800.00,800.00,0.00,paid,Paid,,,OCT 2024,2026-09-10 09:29:17.056572+00
13377,2024-10-01,63,ABDUL BATIN U,2024-10-17,S/Z,Strength Zone,800.00,800.00,0.00,paid,Paid,,,OCT 2024,2026-09-10 09:29:17.056572+00
13378,2024-10-01,64,NILCHAN ALI,2024-10-17,S/Z,Strength Zone,800.00,,800.00,due_or_unpaid,R,,,OCT 2024,2026-09-10 09:29:17.056572+00
13379,2024-10-01,65,MOMIRUL HOQUE,2024-10-17,S/Z,Strength Zone,800.00,,800.00,due_or_unpaid,R,,,OCT 2024,2026-09-10 09:29:17.056572+00
13380,2024-10-01,66,AMIR HAMJA,2024-10-17,S/Z,Strength Zone,800.00,,800.00,due_or_unpaid,R,,,OCT 2024,2026-09-10 09:29:17.056572+00
13381,2024-10-01,67,SUNIL R,2025-10-17,G/F,General Fitness,4000.00,,4000.00,paid,Paid,,,OCT 2024,2026-09-10 09:29:17.056572+00
13382,2024-10-01,68,SUDHAKAR S,2024-10-17,S/Z,Strength Zone,800.00,,800.00,due_or_unpaid,R,,,OCT 2024,2026-09-10 09:29:17.056572+00
13383,2024-10-01,69,AMINUL ISLAM MD,2024-10-18,S/Z,Strength Zone,800.00,,800.00,due_or_unpaid,R,,,OCT 2024,2026-09-10 09:29:17.056572+00
13384,2024-10-01,70,TAFIKUL ISLAM,2024-10-18,G/F,General Fitness,1000.00,,1000.00,due_or_unpaid,R,,,OCT 2024,2026-09-10 09:29:17.056572+00
13385,2024-10-01,71,ALKASH,2024-10-19,S/Z,Strength Zone,800.00,800.00,0.00,paid,Paid,,,OCT 2024,2026-09-10 09:29:17.056572+00
13386,2024-10-01,72,HAFIZUR RAHMAM,2024-10-19,S/Z,Strength Zone,800.00,,800.00,due_or_unpaid,R,,,OCT 2024,2026-09-10 09:29:17.056572+00
13387,2024-10-01,73,MOJNUR,2024-10-19,S/Z,Strength Zone,800.00,,800.00,due_or_unpaid,R,,,OCT 2024,2026-09-10 09:29:17.056572+00
13388,2024-10-01,74,YOGESH R,2024-10-19,S/Z,Strength Zone,800.00,800.00,0.00,paid,Paid,,,OCT 2024,2026-09-10 09:29:17.056572+00
13389,2024-10-01,75,NAVAS,2024-10-19,G/F,General Fitness,1000.00,,1000.00,due_or_unpaid,R,,,OCT 2024,2026-09-10 09:29:17.056572+00
13390,2024-10-01,76,TAYABUR RAHMAN A,2024-10-20,S/Z,Strength Zone,800.00,800.00,0.00,paid,Paid,,,OCT 2024,2026-09-10 09:29:17.056572+00
13391,2024-10-01,77,NAVEEN R,2024-10-21,S/Z,Strength Zone,800.00,800.00,0.00,paid,Paid,,,OCT 2024,2026-09-10 09:29:17.056572+00
13392,2024-10-01,78,RATHISH KUMAR,2024-10-23,S/Z,Strength Zone,800.00,800.00,0.00,paid,Paid,,,OCT 2024,2026-09-10 09:29:17.056572+00
13393,2024-10-01,79,DARVIN RAJ J,2024-10-23,S/Z,Strength Zone,800.00,800.00,0.00,paid,Paid,,,OCT 2024,2026-09-10 09:29:17.056572+00
13394,2024-10-01,80,PRASANTH S,2024-10-23,S/Z,Strength Zone,800.00,800.00,0.00,paid,Paid,,,OCT 2024,2026-09-10 09:29:17.056572+00
13395,2024-10-01,81,GURU SHANKAR,2024-10-23,S/Z,Strength Zone,800.00,,800.00,due_or_unpaid,R,,,OCT 2024,2026-09-10 09:29:17.056572+00
13396,2024-10-01,82,NARJUL ISLAM A,2024-10-23,S/Z,Strength Zone,800.00,,800.00,due_or_unpaid,R,,,OCT 2024,2026-09-10 09:29:17.056572+00
13397,2024-10-01,83,SANGIT KUMAR SAMANTHA,2024-10-23,G/F,General Fitness,1000.00,,1000.00,due_or_unpaid,R,,,OCT 2024,2026-09-10 09:29:17.056572+00
13398,2024-10-01,84,RAGUL A,2024-10-23,S/Z,Strength Zone,800.00,800.00,0.00,paid,Paid,,,OCT 2024,2026-09-10 09:29:17.056572+00
13399,2024-10-01,85,ASWINI SAGAR SWAIN,2024-10-24,S/Z,Strength Zone,800.00,800.00,0.00,paid,Paid,,,OCT 2024,2026-09-10 09:29:17.056572+00
13400,2024-10-01,86,DEEPAK M,2024-10-24,S/Z,Strength Zone,800.00,800.00,0.00,paid,Paid,,,OCT 2024,2026-09-10 09:29:17.056572+00
13401,2024-10-01,87,VINOTH R,2024-10-24,S/Z,Strength Zone,800.00,,800.00,due_or_unpaid,R,,,OCT 2024,2026-09-10 09:29:17.056572+00
13402,2024-10-01,88,NATHAN K,2024-10-25,S/Z,Strength Zone,800.00,,800.00,due_or_unpaid,R,,,OCT 2024,2026-09-10 09:29:17.056572+00
13403,2024-10-01,89,MOIN UDDIN A,2024-10-25,S/Z,Strength Zone,800.00,,800.00,due_or_unpaid,R,,,OCT 2024,2026-09-10 09:29:17.056572+00
13404,2024-10-01,90,ALI AHMED R,2024-10-25,S/Z,Strength Zone,800.00,,800.00,due_or_unpaid,R,,,OCT 2024,2026-09-10 09:29:17.056572+00
13405,2024-10-01,91,ABINASH S,2024-10-27,S/Z,Strength Zone,800.00,800.00,0.00,paid,Paid,,,OCT 2024,2026-09-10 09:29:17.056572+00
13406,2024-10-01,92,ARAVIND S,2024-10-28,S/Z,Strength Zone,800.00,,800.00,due_or_unpaid,R,,,OCT 2024,2026-09-10 09:29:17.056572+00
13407,2024-10-01,93,ASHADUL,2024-10-30,G/F,General Fitness,1000.00,,1000.00,due_or_unpaid,R,,,OCT 2024,2026-09-10 09:29:17.056572+00
13408,2024-10-01,94,GUHAN A,2024-10-30,S/Z,Strength Zone,800.00,,800.00,due_or_unpaid,R,,,OCT 2024,2026-09-10 09:29:17.056572+00
13409,2024-10-01,95,ROKIBUL HUSSAIN A,2024-10-30,S/Z,Strength Zone,800.00,,800.00,due_or_unpaid,R,,,OCT 2024,2026-09-10 09:29:17.056572+00
13410,2024-10-01,96,MERVYN,2025-10-01,G/F,General Fitness,7000.00,7000.00,0.00,paid,Paid,,,OCT 2024,2026-09-10 09:29:17.056572+00
13411,2024-10-01,97,,,,,,,0.00,needs_review,,,,OCT 2024,2026-09-10 09:29:17.056572+00
13412,2024-10-01,98,,,,,,,0.00,needs_review,,,,OCT 2024,2026-09-10 09:29:17.056572+00
13413,2024-10-01,99,,,,,,55000.00,0.00,needs_review,,,,OCT 2024,2026-09-10 09:29:17.056572+00
13414,2024-10-01,100,,,,,,,0.00,needs_review,,,,OCT 2024,2026-09-10 09:29:17.056572+00
13415,2024-10-01,101,,,,,,,0.00,needs_review,,,,OCT 2024,2026-09-10 09:29:17.056572+00
13416,2024-10-01,102,,,,,,,0.00,needs_review,,,,OCT 2024,2026-09-10 09:29:17.056572+00
13417,2024-10-01,103,,,,,,,0.00,needs_review,,,,OCT 2024,2026-09-10 09:29:17.056572+00
13418,2024-10-01,104,,,,,,,0.00,needs_review,,,,OCT 2024,2026-09-10 09:29:17.056572+00
13419,2024-10-01,105,,,,,,,0.00,needs_review,,,,OCT 2024,2026-09-10 09:29:17.056572+00
13420,2024-10-01,106,,,,,,,0.00,needs_review,,,,OCT 2024,2026-09-10 09:29:17.056572+00
13421,2024-10-01,107,,,,,,,0.00,needs_review,,,,OCT 2024,2026-09-10 09:29:17.056572+00
13422,2024-10-01,108,,,,,,,0.00,needs_review,,,,OCT 2024,2026-09-10 09:29:17.056572+00
13423,2024-10-01,109,,,,,,,0.00,needs_review,,,,OCT 2024,2026-09-10 09:29:17.056572+00
13424,2024-11-01,1,SUNDHAR M,2024-11-09,S/Z,Strength Zone,800.00,800.00,0.00,paid,PAID,,,NOV 2024,2026-09-10 09:29:17.056572+00
13425,2024-11-01,2,NITHYASEELAN P,2024-11-09,S/Z,Strength Zone,800.00,800.00,0.00,paid,PAID,,,NOV 2024,2026-09-10 09:29:17.056572+00
13426,2024-11-01,3,SANJEEVA REDDY C,2024-11-09,S/Z,Strength Zone,800.00,800.00,0.00,paid,PAID,,,NOV 2024,2026-09-10 09:29:17.056572+00
13427,2024-11-01,4,ABDUL RAHMAN A,2024-11-09,S/Z,Strength Zone,800.00,,800.00,due_or_unpaid,R,,,NOV 2024,2026-09-10 09:29:17.056572+00
13428,2024-11-01,5,SANTHOSH KUMAR G,2024-11-09,G/F,General Fitness,1000.00,,1000.00,due_or_unpaid,R,,,NOV 2024,2026-09-10 09:29:17.056572+00
13429,2024-11-01,6,SATHISH KUMAR J,2024-11-09,G/F,General Fitness,1000.00,1000.00,0.00,paid,PAID,,,NOV 2024,2026-09-10 09:29:17.056572+00
13430,2024-11-01,7,VIJAYABABU C,2024-11-09,G/F,General Fitness,800.00,800.00,0.00,paid,PAID,,,NOV 2024,2026-09-10 09:29:17.056572+00
13431,2024-11-01,8,ISTJHAR AHAMAD,2024-11-09,G/F,General Fitness,1000.00,1000.00,0.00,paid,PAID,,,NOV 2024,2026-09-10 09:29:17.056572+00
13432,2024-11-01,9,MUBARAK ALI,2024-11-09,S/Z,Strength Zone,800.00,,800.00,due_or_unpaid,R,,,NOV 2024,2026-09-10 09:29:17.056572+00
13433,2024-11-01,10,GULJOR HUSSAIN,2024-11-09,S/Z,Strength Zone,800.00,,800.00,due_or_unpaid,R,,,NOV 2024,2026-09-10 09:29:17.056572+00
13434,2024-11-01,11,SURHAB ALI,2024-11-09,S/Z,Strength Zone,800.00,,800.00,due_or_unpaid,R,,,NOV 2024,2026-09-10 09:29:17.056572+00
13435,2024-11-01,12,SATHYA M,2024-11-09,G/F,General Fitness,1000.00,1000.00,0.00,paid,PAID,,,NOV 2024,2026-09-10 09:29:17.056572+00
13436,2024-11-01,13,PORTAP CHETRY,2024-11-09,S/Z,Strength Zone,800.00,,800.00,due_or_unpaid,R,,,NOV 2024,2026-09-10 09:29:17.056572+00
13437,2024-11-01,14,TAMIL,2024-12-09,G/F,General Fitness,3200.00,,3200.00,paid,PAID,,,NOV 2024,2026-09-10 09:29:17.056572+00
13438,2024-11-01,15,DEEPAK M,2025-04-09,S/Z,Strength Zone,800.00,,3000.00,paid,PAID,,,NOV 2024,2026-09-10 09:29:17.056572+00
13439,2024-11-01,16,SARATH KUMAR A,2024-11-10,S/Z,Strength Zone,800.00,800.00,0.00,paid,PAID,,,NOV 2024,2026-09-10 09:29:17.056572+00
13440,2024-11-01,17,UDHAYA PANDIAN,2024-11-10,G/F,General Fitness,1000.00,1000.00,0.00,paid,PAID,,,NOV 2024,2026-09-10 09:29:17.056572+00
13441,2024-11-01,18,MANJIT KUMAR,2024-11-09,S/Z,Strength Zone,800.00,,800.00,due_or_unpaid,R,,,NOV 2024,2026-09-10 09:29:17.056572+00
13442,2024-11-01,19,YUVARAJ C,2024-11-10,G/F,General Fitness,1000.00,7000.00,0.00,paid,PAID,,,NOV 2024,2026-09-10 09:29:17.056572+00
13443,2024-11-01,20,CHARLES,2024-11-09,G/F,General Fitness,1000.00,,1200.00,due_or_unpaid,R,,,NOV 2024,2026-09-10 09:29:17.056572+00
13444,2024-11-01,21,DHANUSH V,2024-11-10,S/Z,Strength Zone,800.00,800.00,0.00,paid,PAID,,,NOV 2024,2026-09-10 09:29:17.056572+00
13445,2024-11-01,22,BOLORAM PONIKA A.J,2024-11-10,S/Z,Strength Zone,800.00,,800.00,due_or_unpaid,R,,,NOV 2024,2026-09-10 09:29:17.056572+00
13446,2024-11-01,23,PRASANTH M,2024-11-10,S/Z,Strength Zone,800.00,,800.00,due_or_unpaid,R,,,NOV 2024,2026-09-10 09:29:17.056572+00
13447,2024-11-01,24,RAHUL R,2025-04-11,S/Z,Strength Zone,800.00,,3000.00,paid,PAID,,,NOV 2024,2026-09-10 09:29:17.056572+00
13448,2024-11-01,25,SANTHOSH M,2024-11-11,S/Z,Strength Zone,800.00,,800.00,due_or_unpaid,R,,,NOV 2024,2026-09-10 09:29:17.056572+00
13449,2024-11-01,26,MAZID ALI,2024-11-11,S/Z,Strength Zone,800.00,,800.00,due_or_unpaid,R,,,NOV 2024,2026-09-10 09:29:17.056572+00
13450,2024-11-01,27,SADIKUL ISLAM,2024-11-11,S/Z,Strength Zone,800.00,,800.00,due_or_unpaid,R,,,NOV 2024,2026-09-10 09:29:17.056572+00
13451,2024-11-01,28,LAKSHWANTH,2024-11-11,G/F,General Fitness,1000.00,1000.00,0.00,paid,PAID,,,NOV 2024,2026-09-10 09:29:17.056572+00
13452,2024-11-01,29,GOWTHAM A,2024-11-11,S/Z,Strength Zone,800.00,,800.00,due_or_unpaid,R,,,NOV 2024,2026-09-10 09:29:17.056572+00
13453,2024-11-01,30,PRADEEP Y,2024-11-11,S/Z,Strength Zone,800.00,,800.00,due_or_unpaid,R,,,NOV 2024,2026-09-10 09:29:17.056572+00
13454,2024-11-01,31,ROHIT R,2024-11-12,S/Z,Strength Zone,800.00,800.00,0.00,paid,PAID,,,NOV 2024,2026-09-10 09:29:17.056572+00
13455,2024-11-01,32,RISHI M,2024-11-12,S/Z,Strength Zone,800.00,800.00,0.00,paid,PAID,,,NOV 2024,2026-09-10 09:29:17.056572+00
13456,2024-11-01,33,GOPAL B,2024-11-12,S/Z,Strength Zone,800.00,800.00,0.00,paid,PAID,,,NOV 2024,2026-09-10 09:29:17.056572+00
13457,2024-11-01,34,KODOM ALI D,2024-11-13,S/Z,Strength Zone,800.00,,800.00,due_or_unpaid,R,,,NOV 2024,2026-09-10 09:29:17.056572+00
13458,2024-11-01,35,SUJAB ALI A,2024-11-13,S/Z,Strength Zone,800.00,,800.00,due_or_unpaid,R,,,NOV 2024,2026-09-10 09:29:17.056572+00
13459,2024-11-01,36,ASHABUL HOQUE S,2024-11-13,S/Z,Strength Zone,800.00,,800.00,due_or_unpaid,R,,,NOV 2024,2026-09-10 09:29:17.056572+00
13460,2024-11-01,37,SURESH K,2024-11-13,G/F,General Fitness,1000.00,,1000.00,due_or_unpaid,R,,,NOV 2024,2026-09-10 09:29:17.056572+00
13461,2024-11-01,38,YUVARAJ B,2024-11-13,S/F,,800.00,800.00,0.00,paid,PAID,,,NOV 2024,2026-09-10 09:29:17.056572+00
13462,2024-11-01,39,BALAKUMAR M,2024-11-13,G/F,General Fitness,1000.00,1000.00,0.00,paid,PAID,,,NOV 2024,2026-09-10 09:29:17.056572+00
13463,2024-11-01,40,SIDDHARTH V,2024-11-13,S/Z,Strength Zone,800.00,800.00,0.00,paid,PAID,,,NOV 2024,2026-09-10 09:29:17.056572+00
13464,2024-11-01,41,VAJARAVEL BALA A,2024-11-13,G/F,General Fitness,1000.00,1000.00,0.00,paid,PAID,,,NOV 2024,2026-09-10 09:29:17.056572+00
13465,2024-11-01,42,SARAVANAN K,2024-11-13,S/Z,Strength Zone,800.00,800.00,0.00,paid,PAID,,,NOV 2024,2026-09-10 09:29:17.056572+00
13466,2024-11-01,43,ARJUN S,2024-11-13,S/Z,Strength Zone,800.00,,800.00,due_or_unpaid,R,,,NOV 2024,2026-09-10 09:29:17.056572+00
13467,2024-11-01,44,RAM PRASAD,2024-11-14,G/F,General Fitness,1000.00,,1000.00,due_or_unpaid,R,,,NOV 2024,2026-09-10 09:29:17.056572+00
13468,2024-11-01,45,SANTHOSH,2024-12-14,S/Z,Strength Zone,2500.00,,2500.00,paid,PAID,,,NOV 2024,2026-09-10 09:29:17.056572+00
13469,2024-11-01,46,SRI RAM R,2024-11-14,S/Z,Strength Zone,800.00,800.00,0.00,paid,PAID,,,NOV 2024,2026-09-10 09:29:17.056572+00
13470,2024-11-01,47,ANBU N,2024-11-14,G/F,General Fitness,1000.00,,1000.00,due_or_unpaid,R,,,NOV 2024,2026-09-10 09:29:17.056572+00
13471,2024-11-01,48,ARAVIND KUMAR P,2024-11-14,S/Z,Strength Zone,800.00,,800.00,due_or_unpaid,R,,,NOV 2024,2026-09-10 09:29:17.056572+00
13472,2024-11-01,49,ARUN S,2024-11-16,S/Z,Strength Zone,800.00,,800.00,due_or_unpaid,R,,,NOV 2024,2026-09-10 09:29:17.056572+00
13473,2024-11-01,50,AATHI,2024-11-16,S/Z,Strength Zone,800.00,,800.00,due_or_unpaid,R,,,NOV 2024,2026-09-10 09:29:17.056572+00
13474,2024-11-01,51,JOTHILINGAM R,2024-11-15,G/F,General Fitness,1000.00,,1000.00,due_or_unpaid,R,,,NOV 2024,2026-09-10 09:29:17.056572+00
13475,2024-11-01,52,VASANTH J,2024-11-15,S/Z,Strength Zone,800.00,800.00,0.00,paid,PAID,,,NOV 2024,2026-09-10 09:29:17.056572+00
13476,2024-11-01,53,BETSY PAULINE V,2024-11-16,G/F,General Fitness,1000.00,,1000.00,due_or_unpaid,R,,,NOV 2024,2026-09-10 09:29:17.056572+00
13477,2024-11-01,54,PREM KUMAR Y,2024-11-16,S/Z,Strength Zone,800.00,,800.00,due_or_unpaid,R,,,NOV 2024,2026-09-10 09:29:17.056572+00
13478,2024-11-01,55,JAWAID F,2024-12-16,S/Z,Strength Zone,2500.00,,2500.00,paid,PAID,,,NOV 2024,2026-09-10 09:29:17.056572+00
13479,2024-11-01,56,BOBIDUL ISLAM A,2024-11-16,G/F,General Fitness,1000.00,,1000.00,due_or_unpaid,R,,,NOV 2024,2026-09-10 09:29:17.056572+00
13480,2024-11-01,57,ABDUL KHALAK J,2024-11-16,G/F,General Fitness,1000.00,,1000.00,due_or_unpaid,R,,,NOV 2024,2026-09-10 09:29:17.056572+00
13481,2024-11-01,58,MEHERUL HAQUE.S,2024-11-16,G/F,General Fitness,1000.00,1000.00,0.00,paid,PAID,,,NOV 2024,2026-09-10 09:29:17.056572+00
13482,2024-11-01,59,JAGADEESH M,2024-11-16,G/F,General Fitness,1000.00,,1000.00,due_or_unpaid,R,,,NOV 2024,2026-09-10 09:29:17.056572+00
13483,2024-11-01,60,FAYAZ AHMED A,2024-12-16,S/Z,Strength Zone,2500.00,,2500.00,paid,PAID,,,NOV 2024,2026-09-10 09:29:17.056572+00
13484,2024-11-01,61,MAMIDUL ALI,2024-11-17,S/Z,Strength Zone,800.00,,800.00,due_or_unpaid,R,,,NOV 2024,2026-09-10 09:29:17.056572+00
13485,2024-11-01,62,VINOTH KUMAR C,2024-11-17,G/F,General Fitness,800.00,,800.00,due_or_unpaid,R,,,NOV 2024,2026-09-10 09:29:17.056572+00
13486,2024-11-01,63,ABDUL BATIN U,2024-11-17,S/Z,Strength Zone,800.00,,800.00,due_or_unpaid,R,,,NOV 2024,2026-09-10 09:29:17.056572+00
13487,2024-11-01,64,NILCHAN ALI,2024-11-17,S/Z,Strength Zone,800.00,,800.00,due_or_unpaid,R,,,NOV 2024,2026-09-10 09:29:17.056572+00
13488,2024-11-01,65,MOMIRUL HOQUE,2024-11-17,S/Z,Strength Zone,800.00,,800.00,due_or_unpaid,R,,,NOV 2024,2026-09-10 09:29:17.056572+00
13489,2024-11-01,66,AMIR HAMJA,2024-11-17,S/Z,Strength Zone,800.00,,800.00,due_or_unpaid,R,,,NOV 2024,2026-09-10 09:29:17.056572+00
13490,2024-11-01,67,SUNIL R,2025-02-17,G/F,General Fitness,4000.00,,4000.00,paid,PAID,,,NOV 2024,2026-09-10 09:29:17.056572+00
13491,2024-11-01,68,SUDHAKAR S,2024-11-17,S/Z,Strength Zone,800.00,,800.00,due_or_unpaid,R,,,NOV 2024,2026-09-10 09:29:17.056572+00
13492,2024-11-01,69,AMINUL ISLAM MD,2024-11-18,S/Z,Strength Zone,800.00,,800.00,due_or_unpaid,R,,,NOV 2024,2026-09-10 09:29:17.056572+00
13493,2024-11-01,70,TAFIKUL ISLAM,2024-11-18,G/F,General Fitness,1000.00,,1000.00,due_or_unpaid,R,,,NOV 2024,2026-09-10 09:29:17.056572+00
13494,2024-11-01,71,ALKASH,2024-11-19,S/Z,Strength Zone,800.00,,800.00,due_or_unpaid,R,,,NOV 2024,2026-09-10 09:29:17.056572+00
13495,2024-11-01,72,HAFIZUR RAHMAM,2024-11-19,S/Z,Strength Zone,800.00,,800.00,due_or_unpaid,R,,,NOV 2024,2026-09-10 09:29:17.056572+00
13496,2024-11-01,73,MOJNUR,2024-11-19,S/Z,Strength Zone,800.00,,800.00,due_or_unpaid,R,,,NOV 2024,2026-09-10 09:29:17.056572+00
13497,2024-11-01,74,YOGESH R,2024-11-19,S/Z,Strength Zone,800.00,,800.00,due_or_unpaid,R,,,NOV 2024,2026-09-10 09:29:17.056572+00
13498,2024-11-01,75,NAVAS,2024-11-19,G/F,General Fitness,1000.00,,1000.00,due_or_unpaid,R,,,NOV 2024,2026-09-10 09:29:17.056572+00
13499,2024-11-01,76,TAYABUR RAHMAN A,2024-11-20,S/Z,Strength Zone,800.00,,800.00,paid,PAID,,,NOV 2024,2026-09-10 09:29:17.056572+00
13500,2024-11-01,77,NAVEEN R,2024-11-21,S/Z,Strength Zone,800.00,800.00,0.00,paid,PAID,,,NOV 2024,2026-09-10 09:29:17.056572+00
13501,2024-11-01,78,RATHISH KUMAR,2024-11-23,G/F,General Fitness,1000.00,,1000.00,paid,PAID,,,NOV 2024,2026-09-10 09:29:17.056572+00
13502,2024-11-01,79,DARVIN RAJ J,2024-11-23,S/Z,Strength Zone,800.00,,800.00,due_or_unpaid,R,,,NOV 2024,2026-09-10 09:29:17.056572+00
13503,2024-11-01,80,PRASANTH S,2024-11-23,S/Z,Strength Zone,800.00,,800.00,due_or_unpaid,R,,,NOV 2024,2026-09-10 09:29:17.056572+00
13504,2024-11-01,81,GURU SHANKAR,2024-11-23,S/Z,Strength Zone,800.00,,800.00,due_or_unpaid,R,,,NOV 2024,2026-09-10 09:29:17.056572+00
13505,2024-11-01,82,NARJUL ISLAM A,2024-11-23,S/Z,Strength Zone,800.00,,800.00,due_or_unpaid,R,,,NOV 2024,2026-09-10 09:29:17.056572+00
13506,2024-11-01,83,SANGIT KUMAR SAMANTHA,2024-11-23,G/F,General Fitness,1000.00,,1000.00,due_or_unpaid,R,,,NOV 2024,2026-09-10 09:29:17.056572+00
13507,2024-11-01,84,RAGUL A,2024-11-23,S/Z,Strength Zone,800.00,800.00,0.00,paid,PAID,,,NOV 2024,2026-09-10 09:29:17.056572+00
13508,2024-11-01,85,ASWINI SAGAR SWAIN,2024-11-24,S/Z,Strength Zone,800.00,,800.00,due_or_unpaid,R,,,NOV 2024,2026-09-10 09:29:17.056572+00
13509,2024-11-01,86,DEEPAK M,2024-11-24,S/Z,Strength Zone,800.00,,800.00,due_or_unpaid,R,,,NOV 2024,2026-09-10 09:29:17.056572+00
13510,2024-11-01,87,VINOTH R,2024-11-24,S/Z,Strength Zone,800.00,,800.00,due_or_unpaid,R,,,NOV 2024,2026-09-10 09:29:17.056572+00
13511,2024-11-01,88,NATHAN K,2024-11-25,S/Z,Strength Zone,800.00,,800.00,due_or_unpaid,R,,,NOV 2024,2026-09-10 09:29:17.056572+00
13512,2024-11-01,89,MOIN UDDIN A,2024-11-25,S/Z,Strength Zone,800.00,,800.00,due_or_unpaid,R,,,NOV 2024,2026-09-10 09:29:17.056572+00
13513,2024-11-01,90,ALI AHMED R,2024-11-25,S/Z,Strength Zone,800.00,,800.00,due_or_unpaid,R,,,NOV 2024,2026-09-10 09:29:17.056572+00
13514,2024-11-01,91,ABINASH S,2024-11-27,S/Z,Strength Zone,800.00,800.00,0.00,paid,PAID,,,NOV 2024,2026-09-10 09:29:17.056572+00
13515,2024-11-01,92,ARAVIND S,2024-11-28,S/Z,Strength Zone,800.00,,800.00,due_or_unpaid,R,,,NOV 2024,2026-09-10 09:29:17.056572+00
13516,2024-11-01,93,ASHADUL,2024-11-30,G/F,General Fitness,1000.00,,1000.00,due_or_unpaid,R,,,NOV 2024,2026-09-10 09:29:17.056572+00
13517,2024-11-01,94,GUHAN A,2024-11-30,S/Z,Strength Zone,800.00,,800.00,due_or_unpaid,R,,,NOV 2024,2026-09-10 09:29:17.056572+00
13518,2024-11-01,95,ROKIBUL HUSSAIN A,2024-11-30,S/Z,Strength Zone,800.00,,800.00,due_or_unpaid,R,,,NOV 2024,2026-09-10 09:29:17.056572+00
13519,2024-11-01,96,MERVYN,2025-10-01,G/F,General Fitness,7000.00,,7000.00,paid,PAID,,,NOV 2024,2026-09-10 09:29:17.056572+00
13520,2024-11-01,97,MICHAEL A,2024-11-01,S/Z,Strength Zone,800.00,800.00,0.00,paid,PAID,,,NOV 2024,2026-09-10 09:29:17.056572+00
13521,2024-11-01,98,SUGAN RAJ M,2024-11-01,S/Z,Strength Zone,800.00,800.00,0.00,paid,PAID,,,NOV 2024,2026-09-10 09:29:17.056572+00
13522,2024-11-01,99,SHUTRUGHAN KUMAR R,2024-11-01,S/Z,Strength Zone,800.00,,800.00,due_or_unpaid,R,,,NOV 2024,2026-09-10 09:29:17.056572+00
13523,2024-11-01,100,DAVID A,2024-11-02,G/F,General Fitness,1000.00,,1000.00,due_or_unpaid,R,,,NOV 2024,2026-09-10 09:29:17.056572+00
13524,2024-11-01,101,PETER A,2024-11-02,G/F,General Fitness,1000.00,,1000.00,due_or_unpaid,R,,,NOV 2024,2026-09-10 09:29:17.056572+00
13525,2024-11-01,102,KUMARAN M,2024-11-02,S/Z,Strength Zone,800.00,800.00,0.00,paid,PAID,,,NOV 2024,2026-09-10 09:29:17.056572+00
13526,2024-11-01,103,CHARAN KUMAR V,2024-11-02,S/Z,Strength Zone,800.00,,800.00,due_or_unpaid,R,,,NOV 2024,2026-09-10 09:29:17.056572+00
13527,2024-11-01,104,SETTU E,2025-01-03,S/Z,Strength Zone,2000.00,,2000.00,paid,PAID,,,NOV 2024,2026-09-10 09:29:17.056572+00
13528,2024-11-01,105,NITHISH KUMAR S,2024-11-04,S/Z,Strength Zone,800.00,800.00,0.00,paid,PAID,,,NOV 2024,2026-09-10 09:29:17.056572+00
13529,2024-11-01,106,RAMESH S,2024-11-04,G/F,General Fitness,1000.00,1000.00,0.00,paid,PAID,,,NOV 2024,2026-09-10 09:29:17.056572+00
13530,2024-11-01,107,SANJAN V,2024-11-05,S/Z,Strength Zone,800.00,,800.00,due_or_unpaid,R,,,NOV 2024,2026-09-10 09:29:17.056572+00
13531,2024-11-01,108,DIVAKAR M,2024-11-05,G/F,General Fitness,1000.00,,1000.00,due_or_unpaid,R,,,NOV 2024,2026-09-10 09:29:17.056572+00
13532,2024-11-01,109,DANIEL R,2024-11-05,S/Z,Strength Zone,800.00,,800.00,due_or_unpaid,R,,,NOV 2024,2026-09-10 09:29:17.056572+00
13533,2024-11-01,110,MANIKANADAN,2024-11-07,G/F,General Fitness,1000.00,1000.00,0.00,paid,PAID,,,NOV 2024,2026-09-10 09:29:17.056572+00
13534,2024-11-01,111,PRITHIVIKASH,2024-11-26,S/Z,Strength Zone,800.00,,800.00,due_or_unpaid,R,,,NOV 2024,2026-09-10 09:29:17.056572+00
13535,2024-11-01,112,CHANDRU,2024-11-08,S/Z,Strength Zone,800.00,,800.00,due_or_unpaid,R,,,NOV 2024,2026-09-10 09:29:17.056572+00
13536,2024-11-01,113,SANJAY J,2024-11-08,S/Z,Strength Zone,800.00,,800.00,due_or_unpaid,R,,,NOV 2024,2026-09-10 09:29:17.056572+00
13537,2024-11-01,114,AJITH D,2024-11-09,S/Z,Strength Zone,800.00,,800.00,due_or_unpaid,R,,,NOV 2024,2026-09-10 09:29:17.056572+00
13538,2024-11-01,115,SANJAY B,2024-11-09,S/Z,Strength Zone,800.00,,800.00,due_or_unpaid,R,,,NOV 2024,2026-09-10 09:29:17.056572+00
13539,2024-11-01,116,TAMIL SELVAN M,2024-11-12,S/Z,Strength Zone,800.00,800.00,0.00,paid,PAID,,,NOV 2024,2026-09-10 09:29:17.056572+00
13540,2024-11-01,117,ARUN YADAV,2024-11-12,S/Z,Strength Zone,800.00,,800.00,due_or_unpaid,R,,,NOV 2024,2026-09-10 09:29:17.056572+00
13541,2024-11-01,118,GIRI S,2024-11-13,S/Z,Strength Zone,800.00,,800.00,due_or_unpaid,R,,,NOV 2024,2026-09-10 09:29:17.056572+00
13542,2024-11-01,119,JOHNSON S,2024-11-14,S/Z,Strength Zone,800.00,,800.00,due_or_unpaid,R,,,NOV 2024,2026-09-10 09:29:17.056572+00
13543,2024-11-01,120,DEEPAK BILUNG,2024-11-15,S/Z,Strength Zone,800.00,,800.00,due_or_unpaid,R,,,NOV 2024,2026-09-10 09:29:17.056572+00
13544,2024-11-01,121,BINU,2024-11-15,S/Z,Strength Zone,800.00,,800.00,due_or_unpaid,R,,,NOV 2024,2026-09-10 09:29:17.056572+00
13545,2024-11-01,122,SOHEL RANA,2024-11-16,G/F,General Fitness,1000.00,,1000.00,due_or_unpaid,R,,,NOV 2024,2026-09-10 09:29:17.056572+00
13546,2024-11-01,123,CHAITANYA K,2024-11-17,G/F,General Fitness,1000.00,,1000.00,due_or_unpaid,R,,,NOV 2024,2026-09-10 09:29:17.056572+00
13547,2024-11-01,124,KATHIRAVAN.E,2024-11-18,S/Z,Strength Zone,800.00,,800.00,due_or_unpaid,R,,,NOV 2024,2026-09-10 09:29:17.056572+00
13548,2024-11-01,125,MOORTHY R,2024-11-18,S/Z,Strength Zone,800.00,,800.00,due_or_unpaid,R,,,NOV 2024,2026-09-10 09:29:17.056572+00
13549,2024-11-01,126,SANJAY S,2024-11-18,S/Z,Strength Zone,800.00,,800.00,due_or_unpaid,R,,,NOV 2024,2026-09-10 09:29:17.056572+00
13550,2024-11-01,127,PERUMAL V,2024-11-19,S/Z,Strength Zone,800.00,,800.00,due_or_unpaid,R,,,NOV 2024,2026-09-10 09:29:17.056572+00
13551,2024-11-01,128,EMAMUL HUSSAIN A,2024-11-20,S/Z,Strength Zone,800.00,,800.00,due_or_unpaid,R,,,NOV 2024,2026-09-10 09:29:17.056572+00
13552,2024-11-01,129,JEEVA M,2024-11-21,S/Z,Strength Zone,800.00,,800.00,due_or_unpaid,R,,,NOV 2024,2026-09-10 09:29:17.056572+00
13553,2024-11-01,130,ARAVIND S,2025-01-26,S/Z,Strength Zone,2500.00,,2500.00,paid,PAID,,,NOV 2024,2026-09-10 09:29:17.056572+00
13554,2024-11-01,131,SURESH P,2024-11-28,S/Z,Strength Zone,800.00,,800.00,due_or_unpaid,R,,,NOV 2024,2026-09-10 09:29:17.056572+00
13555,2024-11-01,132,KAMAL M,2024-11-28,S/Z,Strength Zone,800.00,,800.00,due_or_unpaid,R,,,NOV 2024,2026-09-10 09:29:17.056572+00
13556,2024-11-01,133,FARHAN,2024-11-29,S/Z,Strength Zone,800.00,,800.00,due_or_unpaid,R,,,NOV 2024,2026-09-10 09:29:17.056572+00
13557,2024-11-01,134,HARISHIT D,2024-11-30,S/Z,Strength Zone,800.00,,800.00,due_or_unpaid,R,,,NOV 2024,2026-09-10 09:29:17.056572+00
13558,2024-12-01,1,SUNDHAR M,2024-12-09,S/Z,Strength Zone,800.00,800.00,0.00,paid,PAID,,,DEC 2024,2026-09-10 09:29:17.056572+00
13559,2024-12-01,2,NITHYASEELAN P,2024-12-09,S/Z,Strength Zone,800.00,800.00,0.00,paid,PAID,,,DEC 2024,2026-09-10 09:29:17.056572+00
13560,2024-12-01,3,SANJEEVA REDDY C,2024-12-09,S/Z,Strength Zone,800.00,800.00,0.00,paid,PAID,,,DEC 2024,2026-09-10 09:29:17.056572+00
13561,2024-12-01,4,ABDUL RAHMAN A,2024-11-09,S/Z,Strength Zone,800.00,,800.00,due_or_unpaid,R,,,DEC 2024,2026-09-10 09:29:17.056572+00
13562,2024-12-01,5,SANTHOSH KUMAR G,2024-11-09,G/F,General Fitness,1000.00,,1000.00,due_or_unpaid,R,,,DEC 2024,2026-09-10 09:29:17.056572+00
13563,2024-12-01,6,SATHISH KUMAR J,2024-12-09,G/F,General Fitness,1000.00,1000.00,0.00,paid,PAID,,,DEC 2024,2026-09-10 09:29:17.056572+00
13564,2024-12-01,7,VIJAYABABU C,2024-12-09,G/F,General Fitness,800.00,800.00,0.00,paid,PAID,,,DEC 2024,2026-09-10 09:29:17.056572+00
13565,2024-12-01,8,ISTJHAR AHAMAD,2024-12-09,G/F,General Fitness,1000.00,1000.00,0.00,paid,R,,,DEC 2024,2026-09-10 09:29:17.056572+00
13566,2024-12-01,9,MUBARAK ALI,2024-11-09,S/Z,Strength Zone,800.00,,800.00,due_or_unpaid,R,,,DEC 2024,2026-09-10 09:29:17.056572+00
13567,2024-12-01,10,GULJOR HUSSAIN,2024-11-09,S/Z,Strength Zone,800.00,,800.00,due_or_unpaid,R,,,DEC 2024,2026-09-10 09:29:17.056572+00
13568,2024-12-01,11,SURHAB ALI,2024-11-09,S/Z,Strength Zone,800.00,,800.00,due_or_unpaid,R,,,DEC 2024,2026-09-10 09:29:17.056572+00
13569,2024-12-01,12,SATHYA M,2024-12-09,G/F,General Fitness,1000.00,,1000.00,due_or_unpaid,R,,,DEC 2024,2026-09-10 09:29:17.056572+00
13570,2024-12-01,13,PORTAP CHETRY,2024-11-09,S/Z,Strength Zone,800.00,,800.00,due_or_unpaid,R,,,DEC 2024,2026-09-10 09:29:17.056572+00
13571,2024-12-01,14,TAMIL,2024-12-09,G/F,General Fitness,3200.00,,3200.00,due_or_unpaid,R,,,DEC 2024,2026-09-10 09:29:17.056572+00
13572,2024-12-01,15,DEEPAK M,2025-04-09,S/Z,Strength Zone,800.00,,3000.00,paid,PAID,,,DEC 2024,2026-09-10 09:29:17.056572+00
13573,2024-12-01,16,SARATH KUMAR A,2024-12-10,S/Z,Strength Zone,800.00,800.00,0.00,paid,PAID,,,DEC 2024,2026-09-10 09:29:17.056572+00
13574,2024-12-01,17,UDHAYA PANDIAN,2024-12-10,G/F,General Fitness,1000.00,1000.00,0.00,paid,PAID,,,DEC 2024,2026-09-10 09:29:17.056572+00
13575,2024-12-01,18,MANJIT KUMAR,2024-11-09,S/Z,Strength Zone,800.00,,800.00,due_or_unpaid,R,,,DEC 2024,2026-09-10 09:29:17.056572+00
13576,2024-12-01,19,YUVARAJ C,2025-11-10,G/F,General Fitness,7000.00,,7000.00,paid,PAID,,,DEC 2024,2026-09-10 09:29:17.056572+00
13577,2024-12-01,20,CHARLES,2025-01-09,G/F,General Fitness,1000.00,1000.00,0.00,paid,PAID,,,DEC 2024,2026-09-10 09:29:17.056572+00
13578,2024-12-01,21,DHANUSH V,2024-12-10,S/Z,Strength Zone,800.00,,800.00,due_or_unpaid,R,,,DEC 2024,2026-09-10 09:29:17.056572+00
13579,2024-12-01,22,BOLORAM PONIKA A.J,2024-11-10,S/Z,Strength Zone,800.00,,800.00,due_or_unpaid,R,,,DEC 2024,2026-09-10 09:29:17.056572+00
13580,2024-12-01,23,PRASANTH M,2024-11-10,S/Z,Strength Zone,800.00,,800.00,due_or_unpaid,R,,,DEC 2024,2026-09-10 09:29:17.056572+00
13581,2024-12-01,24,RAHUL R,2025-04-11,S/Z,Strength Zone,800.00,,3000.00,paid,PAID,,,DEC 2024,2026-09-10 09:29:17.056572+00
13582,2024-12-01,25,SANTHOSH M,2024-11-11,S/Z,Strength Zone,800.00,,800.00,due_or_unpaid,R,,,DEC 2024,2026-09-10 09:29:17.056572+00
13583,2024-12-01,26,MAZID ALI,2024-11-11,S/Z,Strength Zone,800.00,,800.00,due_or_unpaid,R,,,DEC 2024,2026-09-10 09:29:17.056572+00
13584,2024-12-01,27,SADIKUL ISLAM,2024-11-11,S/Z,Strength Zone,800.00,,800.00,due_or_unpaid,R,,,DEC 2024,2026-09-10 09:29:17.056572+00
13585,2024-12-01,28,LAKSHWANTH,2024-12-11,G/F,General Fitness,1000.00,1000.00,0.00,paid,PAID,,,DEC 2024,2026-09-10 09:29:17.056572+00
13586,2024-12-01,29,GOWTHAM A,2024-11-11,S/Z,Strength Zone,800.00,,800.00,due_or_unpaid,R,,,DEC 2024,2026-09-10 09:29:17.056572+00
13587,2024-12-01,30,PRADEEP Y,2024-11-11,S/Z,Strength Zone,800.00,,800.00,due_or_unpaid,R,,,DEC 2024,2026-09-10 09:29:17.056572+00
13588,2024-12-01,31,ROHIT R,2024-12-12,S/Z,Strength Zone,800.00,800.00,0.00,paid,PAID,,,DEC 2024,2026-09-10 09:29:17.056572+00
13589,2024-12-01,32,RISHI M,2024-12-12,S/Z,Strength Zone,800.00,800.00,0.00,paid,PAID,,,DEC 2024,2026-09-10 09:29:17.056572+00
13590,2024-12-01,33,GOPAL B,2024-12-12,S/Z,Strength Zone,800.00,,800.00,due_or_unpaid,R,,,DEC 2024,2026-09-10 09:29:17.056572+00
13591,2024-12-01,34,KODOM ALI D,2024-11-13,S/Z,Strength Zone,800.00,,800.00,due_or_unpaid,R,,,DEC 2024,2026-09-10 09:29:17.056572+00
13592,2024-12-01,35,SUJAB ALI A,2024-11-13,S/Z,Strength Zone,800.00,,800.00,due_or_unpaid,R,,,DEC 2024,2026-09-10 09:29:17.056572+00
13593,2024-12-01,36,ASHABUL HOQUE S,2024-11-13,S/Z,Strength Zone,800.00,,800.00,due_or_unpaid,R,,,DEC 2024,2026-09-10 09:29:17.056572+00
13594,2024-12-01,37,SURESH K,2024-11-13,G/F,General Fitness,1000.00,,1000.00,due_or_unpaid,R,,,DEC 2024,2026-09-10 09:29:17.056572+00
13595,2024-12-01,38,YUVARAJ B,2024-12-13,S/F,,800.00,800.00,0.00,paid,PAID,,,DEC 2024,2026-09-10 09:29:17.056572+00
13596,2024-12-01,39,BALAKUMAR M,2024-12-13,G/F,General Fitness,1000.00,1000.00,0.00,paid,PAID,,,DEC 2024,2026-09-10 09:29:17.056572+00
13597,2024-12-01,40,SIDDHARTH V,2024-12-13,S/Z,Strength Zone,800.00,800.00,0.00,paid,PAID,,,DEC 2024,2026-09-10 09:29:17.056572+00
13598,2024-12-01,41,VAJARAVEL BALA A,2024-12-13,G/F,General Fitness,1000.00,1000.00,0.00,paid,PAID,,,DEC 2024,2026-09-10 09:29:17.056572+00
13599,2024-12-01,42,SARAVANAN K,2024-12-13,S/Z,Strength Zone,800.00,,800.00,due_or_unpaid,R,,,DEC 2024,2026-09-10 09:29:17.056572+00
13600,2024-12-01,43,ARJUN S,2024-11-13,S/Z,Strength Zone,800.00,,800.00,due_or_unpaid,R,,,DEC 2024,2026-09-10 09:29:17.056572+00
13601,2024-12-01,44,RAM PRASAD,2024-11-14,G/F,General Fitness,1000.00,,1000.00,due_or_unpaid,R,,,DEC 2024,2026-09-10 09:29:17.056572+00
13602,2024-12-01,45,SANTHOSH,2024-12-14,S/Z,Strength Zone,2500.00,,2500.00,due_or_unpaid,R,,,DEC 2024,2026-09-10 09:29:17.056572+00
13603,2024-12-01,46,SRI RAM R,2024-12-14,S/Z,Strength Zone,800.00,800.00,0.00,paid,PAID,,,DEC 2024,2026-09-10 09:29:17.056572+00
13604,2024-12-01,47,ANBU N,2024-11-14,G/F,General Fitness,1000.00,,1000.00,due_or_unpaid,R,,,DEC 2024,2026-09-10 09:29:17.056572+00
13605,2024-12-01,48,ARAVIND KUMAR P,2024-11-14,S/Z,Strength Zone,800.00,,800.00,due_or_unpaid,R,,,DEC 2024,2026-09-10 09:29:17.056572+00
13606,2024-12-01,49,ARUN S,2024-11-16,S/Z,Strength Zone,800.00,,800.00,due_or_unpaid,R,,,DEC 2024,2026-09-10 09:29:17.056572+00
13607,2024-12-01,50,AATHI,2024-11-16,S/Z,Strength Zone,800.00,,800.00,due_or_unpaid,R,,,DEC 2024,2026-09-10 09:29:17.056572+00
13608,2024-12-01,51,JOTHILINGAM R,2024-11-15,G/F,General Fitness,1000.00,,1000.00,due_or_unpaid,R,,,DEC 2024,2026-09-10 09:29:17.056572+00
13609,2024-12-01,52,VASANTH J,2024-12-15,S/Z,Strength Zone,800.00,,800.00,due_or_unpaid,R,,,DEC 2024,2026-09-10 09:29:17.056572+00
13610,2024-12-01,53,BETSY PAULINE V,2024-11-16,G/F,General Fitness,1000.00,,1000.00,due_or_unpaid,R,,,DEC 2024,2026-09-10 09:29:17.056572+00
13611,2024-12-01,54,PREM KUMAR Y,2024-11-16,S/Z,Strength Zone,800.00,,800.00,due_or_unpaid,R,,,DEC 2024,2026-09-10 09:29:17.056572+00
13612,2024-12-01,55,JAWAID F,2024-12-16,S/Z,Strength Zone,2500.00,,2500.00,due_or_unpaid,R,,,DEC 2024,2026-09-10 09:29:17.056572+00
13613,2024-12-01,56,BOBIDUL ISLAM A,2024-11-16,G/F,General Fitness,1000.00,,1000.00,due_or_unpaid,R,,,DEC 2024,2026-09-10 09:29:17.056572+00
13614,2024-12-01,57,ABDUL KHALAK J,2024-11-16,G/F,General Fitness,1000.00,,1000.00,due_or_unpaid,R,,,DEC 2024,2026-09-10 09:29:17.056572+00
13615,2024-12-01,58,MEHERUL HAQUE.S,2024-12-16,G/F,General Fitness,1000.00,,1000.00,due_or_unpaid,R,,,DEC 2024,2026-09-10 09:29:17.056572+00
13616,2024-12-01,59,JAGADEESH M,2024-11-16,G/F,General Fitness,1000.00,,1000.00,due_or_unpaid,R,,,DEC 2024,2026-09-10 09:29:17.056572+00
13617,2024-12-01,60,FAYAZ AHMED A,2024-12-16,S/Z,Strength Zone,2300.00,2300.00,0.00,paid,PAID,,,DEC 2024,2026-09-10 09:29:17.056572+00
13618,2024-12-01,61,MAMIDUL ALI,2024-11-17,S/Z,Strength Zone,800.00,,800.00,due_or_unpaid,R,,,DEC 2024,2026-09-10 09:29:17.056572+00
13619,2024-12-01,62,VINOTH KUMAR C,2024-11-17,G/F,General Fitness,800.00,,800.00,due_or_unpaid,R,,,DEC 2024,2026-09-10 09:29:17.056572+00
13620,2024-12-01,63,ABDUL BATIN U,2024-11-17,S/Z,Strength Zone,800.00,,800.00,due_or_unpaid,R,,,DEC 2024,2026-09-10 09:29:17.056572+00
13621,2024-12-01,64,NILCHAN ALI,2024-11-17,S/Z,Strength Zone,800.00,,800.00,due_or_unpaid,R,,,DEC 2024,2026-09-10 09:29:17.056572+00
13622,2024-12-01,65,MOMIRUL HOQUE,2024-11-17,S/Z,Strength Zone,800.00,,800.00,due_or_unpaid,R,,,DEC 2024,2026-09-10 09:29:17.056572+00
13623,2024-12-01,66,AMIR HAMJA,2024-11-17,S/Z,Strength Zone,800.00,,800.00,due_or_unpaid,R,,,DEC 2024,2026-09-10 09:29:17.056572+00
13624,2024-12-01,67,SUNIL R,2025-02-17,G/F,General Fitness,4000.00,,4000.00,paid,PAID,,,DEC 2024,2026-09-10 09:29:17.056572+00
13625,2024-12-01,68,SUDHAKAR S,2024-11-17,S/Z,Strength Zone,800.00,,800.00,due_or_unpaid,R,,,DEC 2024,2026-09-10 09:29:17.056572+00
13626,2024-12-01,69,AMINUL ISLAM MD,2024-11-18,S/Z,Strength Zone,800.00,,800.00,due_or_unpaid,R,,,DEC 2024,2026-09-10 09:29:17.056572+00
13627,2024-12-01,70,TAFIKUL ISLAM,2024-11-18,G/F,General Fitness,1000.00,,1000.00,due_or_unpaid,R,,,DEC 2024,2026-09-10 09:29:17.056572+00
13628,2024-12-01,71,ALKASH,2024-11-19,S/Z,Strength Zone,800.00,,800.00,due_or_unpaid,R,,,DEC 2024,2026-09-10 09:29:17.056572+00
13629,2024-12-01,72,HAFIZUR RAHMAM,2024-11-19,S/Z,Strength Zone,800.00,,800.00,due_or_unpaid,R,,,DEC 2024,2026-09-10 09:29:17.056572+00
13630,2024-12-01,73,MOJNUR,2024-11-19,S/Z,Strength Zone,800.00,,800.00,due_or_unpaid,R,,,DEC 2024,2026-09-10 09:29:17.056572+00
13631,2024-12-01,74,YOGESH R,2024-11-19,S/Z,Strength Zone,800.00,,800.00,due_or_unpaid,R,,,DEC 2024,2026-09-10 09:29:17.056572+00
13632,2024-12-01,75,NAVAS,2024-11-19,G/F,General Fitness,1000.00,,1000.00,due_or_unpaid,R,,,DEC 2024,2026-09-10 09:29:17.056572+00
13633,2024-12-01,76,TAYABUR RAHMAN A,2024-12-20,S/Z,Strength Zone,800.00,800.00,0.00,paid,PAID,,,DEC 2024,2026-09-10 09:29:17.056572+00
13634,2024-12-01,77,NAVEEN R,2024-12-24,S/Z,Strength Zone,800.00,1300.00,0.00,paid,R,,,DEC 2024,2026-09-10 09:29:17.056572+00
13635,2024-12-01,78,RATHISH KUMAR,2024-12-23,G/F,General Fitness,1000.00,,1000.00,due_or_unpaid,R,,,DEC 2024,2026-09-10 09:29:17.056572+00
13636,2024-12-01,79,DARVIN RAJ J,2024-11-23,S/Z,Strength Zone,800.00,,800.00,due_or_unpaid,R,,,DEC 2024,2026-09-10 09:29:17.056572+00
13637,2024-12-01,80,PRASANTH S,2024-12-23,S/Z,Strength Zone,800.00,,800.00,due_or_unpaid,R,,,DEC 2024,2026-09-10 09:29:17.056572+00
13638,2024-12-01,81,GURU SHANKAR,2024-11-23,S/Z,Strength Zone,800.00,,800.00,due_or_unpaid,R,,,DEC 2024,2026-09-10 09:29:17.056572+00
13639,2024-12-01,82,NARJUL ISLAM A,2024-11-23,S/Z,Strength Zone,800.00,,800.00,due_or_unpaid,R,,,DEC 2024,2026-09-10 09:29:17.056572+00
13640,2024-12-01,83,SANGIT KUMAR SAMANTHA,2024-11-23,G/F,General Fitness,1000.00,,1000.00,due_or_unpaid,R,,,DEC 2024,2026-09-10 09:29:17.056572+00
13641,2024-12-01,84,RAGUL A,2024-12-23,S/Z,Strength Zone,800.00,800.00,0.00,paid,PAID,,,DEC 2024,2026-09-10 09:29:17.056572+00
13642,2024-12-01,85,ASWINI SAGAR SWAIN,2024-11-24,S/Z,Strength Zone,800.00,,800.00,due_or_unpaid,R,,,DEC 2024,2026-09-10 09:29:17.056572+00
13643,2024-12-01,86,DEEPAK M,2024-11-24,S/Z,Strength Zone,800.00,,800.00,due_or_unpaid,R,,,DEC 2024,2026-09-10 09:29:17.056572+00
13644,2024-12-01,87,VINOTH R,2024-11-24,S/Z,Strength Zone,800.00,,800.00,due_or_unpaid,R,,,DEC 2024,2026-09-10 09:29:17.056572+00
13645,2024-12-01,88,NATHAN K,2024-12-25,S/Z,Strength Zone,800.00,,800.00,due_or_unpaid,R,,,DEC 2024,2026-09-10 09:29:17.056572+00
13646,2024-12-01,89,MOIN UDDIN A,2024-11-25,S/Z,Strength Zone,800.00,,800.00,due_or_unpaid,R,,,DEC 2024,2026-09-10 09:29:17.056572+00
13647,2024-12-01,90,ALI AHMED R,2024-11-25,S/Z,Strength Zone,800.00,,800.00,due_or_unpaid,R,,,DEC 2024,2026-09-10 09:29:17.056572+00
13648,2024-12-01,91,ABINASH S,2024-12-27,S/Z,Strength Zone,800.00,800.00,0.00,paid,PAID,,,DEC 2024,2026-09-10 09:29:17.056572+00
13649,2024-12-01,92,ARAVIND S,2024-11-28,S/Z,Strength Zone,800.00,,800.00,due_or_unpaid,R,,,DEC 2024,2026-09-10 09:29:17.056572+00
13650,2024-12-01,93,ASHADUL,2024-11-30,G/F,General Fitness,1000.00,,1000.00,due_or_unpaid,R,,,DEC 2024,2026-09-10 09:29:17.056572+00
13651,2024-12-01,94,GUHAN A,2024-11-30,S/Z,Strength Zone,800.00,,800.00,due_or_unpaid,R,,,DEC 2024,2026-09-10 09:29:17.056572+00
13652,2024-12-01,95,ROKIBUL HUSSAIN A,2024-11-30,S/Z,Strength Zone,800.00,,800.00,due_or_unpaid,R,,,DEC 2024,2026-09-10 09:29:17.056572+00
13653,2024-12-01,96,MERVYN,2025-10-01,G/F,General Fitness,7000.00,,7000.00,paid,PAID,,,DEC 2024,2026-09-10 09:29:17.056572+00
13654,2024-12-01,97,MICHAEL A,2024-12-01,S/Z,Strength Zone,800.00,,800.00,due_or_unpaid,R,,,DEC 2024,2026-09-10 09:29:17.056572+00
13655,2024-12-01,98,SUGAN RAJ M,2024-12-01,S/Z,Strength Zone,800.00,,800.00,due_or_unpaid,R,,,DEC 2024,2026-09-10 09:29:17.056572+00
13656,2024-12-01,99,SHUTRUGHAN KUMAR R,2024-11-01,S/Z,Strength Zone,800.00,,800.00,due_or_unpaid,R,,,DEC 2024,2026-09-10 09:29:17.056572+00
13657,2024-12-01,100,DAVID A,2024-11-02,G/F,General Fitness,1000.00,,1000.00,due_or_unpaid,R,,,DEC 2024,2026-09-10 09:29:17.056572+00
13658,2024-12-01,101,PETER A,2024-11-02,G/F,General Fitness,1000.00,,1000.00,due_or_unpaid,R,,,DEC 2024,2026-09-10 09:29:17.056572+00
13659,2024-12-01,102,KUMARAN M,2024-12-02,S/Z,Strength Zone,800.00,800.00,0.00,paid,PAID,,,DEC 2024,2026-09-10 09:29:17.056572+00
13660,2024-12-01,103,CHARAN KUMAR V,2024-11-02,S/Z,Strength Zone,800.00,800.00,0.00,paid,PAID,,,DEC 2024,2026-09-10 09:29:17.056572+00
13661,2024-12-01,104,SETTU E,2025-01-03,S/Z,Strength Zone,2000.00,,2000.00,paid,PAID,,,DEC 2024,2026-09-10 09:29:17.056572+00
13662,2024-12-01,105,NITHISH KUMAR S,2024-12-04,S/Z,Strength Zone,800.00,800.00,0.00,paid,PAID,,,DEC 2024,2026-09-10 09:29:17.056572+00
13663,2024-12-01,106,RAMESH S,2024-12-04,G/F,General Fitness,1000.00,1000.00,0.00,paid,PAID,,,DEC 2024,2026-09-10 09:29:17.056572+00
13664,2024-12-01,107,SANJAN V,2024-11-05,S/Z,Strength Zone,800.00,,800.00,due_or_unpaid,R,,,DEC 2024,2026-09-10 09:29:17.056572+00
13665,2024-12-01,108,DIVAKAR M,2024-11-05,G/F,General Fitness,1000.00,,1000.00,due_or_unpaid,R,,,DEC 2024,2026-09-10 09:29:17.056572+00
13666,2024-12-01,109,DANIEL R,2024-11-05,S/Z,Strength Zone,800.00,,800.00,due_or_unpaid,R,,,DEC 2024,2026-09-10 09:29:17.056572+00
13667,2024-12-01,110,MANIKANADAN,2024-12-07,G/F,General Fitness,1000.00,1000.00,0.00,paid,PAID,,,DEC 2024,2026-09-10 09:29:17.056572+00
13668,2024-12-01,111,PRITHIVIKASH,2024-11-26,S/Z,Strength Zone,800.00,,800.00,due_or_unpaid,R,,,DEC 2024,2026-09-10 09:29:17.056572+00
13669,2024-12-01,112,CHANDRU,2024-11-08,S/Z,Strength Zone,800.00,,800.00,due_or_unpaid,R,,,DEC 2024,2026-09-10 09:29:17.056572+00
13670,2024-12-01,113,SANJAY J,2024-11-08,S/Z,Strength Zone,800.00,,800.00,due_or_unpaid,R,,,DEC 2024,2026-09-10 09:29:17.056572+00
13671,2024-12-01,114,AJITH D,2024-12-09,S/Z,Strength Zone,800.00,,800.00,due_or_unpaid,R,,,DEC 2024,2026-09-10 09:29:17.056572+00
13672,2024-12-01,115,SANJAY B,2024-11-09,S/Z,Strength Zone,800.00,,800.00,due_or_unpaid,R,,,DEC 2024,2026-09-10 09:29:17.056572+00
13673,2024-12-01,116,TAMIL SELVAN M,2024-12-12,S/Z,Strength Zone,800.00,800.00,0.00,paid,PAID,,,DEC 2024,2026-09-10 09:29:17.056572+00
13674,2024-12-01,117,ARUN YADAV,2024-11-12,S/Z,Strength Zone,800.00,,800.00,due_or_unpaid,R,,,DEC 2024,2026-09-10 09:29:17.056572+00
13675,2024-12-01,118,GIRI S,2024-11-13,S/Z,Strength Zone,800.00,,800.00,due_or_unpaid,R,,,DEC 2024,2026-09-10 09:29:17.056572+00
13676,2024-12-01,119,JOHNSON S,2024-11-14,S/Z,Strength Zone,800.00,,800.00,due_or_unpaid,R,,,DEC 2024,2026-09-10 09:29:17.056572+00
13677,2024-12-01,120,DEEPAK BILUNG,2024-11-15,S/Z,Strength Zone,800.00,,800.00,due_or_unpaid,R,,,DEC 2024,2026-09-10 09:29:17.056572+00
13678,2024-12-01,121,BINU,2024-11-15,S/Z,Strength Zone,800.00,,800.00,due_or_unpaid,R,,,DEC 2024,2026-09-10 09:29:17.056572+00
13679,2024-12-01,122,SOHEL RANA,2024-11-16,G/F,General Fitness,1000.00,,1000.00,due_or_unpaid,R,,,DEC 2024,2026-09-10 09:29:17.056572+00
13680,2024-12-01,123,CHAITANYA K,2024-11-17,G/F,General Fitness,1000.00,,1000.00,due_or_unpaid,R,,,DEC 2024,2026-09-10 09:29:17.056572+00
13681,2024-12-01,124,KATHIRAVAN.E,2024-11-18,S/Z,Strength Zone,800.00,,800.00,due_or_unpaid,R,,,DEC 2024,2026-09-10 09:29:17.056572+00
13682,2024-12-01,125,MOORTHY R,2024-12-18,S/Z,Strength Zone,800.00,,800.00,due_or_unpaid,R,,,DEC 2024,2026-09-10 09:29:17.056572+00
13683,2024-12-01,126,SANJAY S,2024-11-18,S/Z,Strength Zone,800.00,,800.00,due_or_unpaid,R,,,DEC 2024,2026-09-10 09:29:17.056572+00
13684,2024-12-01,127,PERUMAL V,2024-11-19,S/Z,Strength Zone,800.00,,800.00,due_or_unpaid,R,,,DEC 2024,2026-09-10 09:29:17.056572+00
13685,2024-12-01,128,EMAMUL HUSSAIN A,2024-11-20,S/Z,Strength Zone,800.00,,800.00,due_or_unpaid,R,,,DEC 2024,2026-09-10 09:29:17.056572+00
13686,2024-12-01,129,JEEVA M,2024-12-21,S/Z,Strength Zone,800.00,,800.00,due_or_unpaid,R,,,DEC 2024,2026-09-10 09:29:17.056572+00
13687,2024-12-01,130,ARAVIND S,2025-01-26,S/Z,Strength Zone,2500.00,,2500.00,paid,PAID,,,DEC 2024,2026-09-10 09:29:17.056572+00
13688,2024-12-01,131,SURESH P,2024-11-28,S/Z,Strength Zone,800.00,,800.00,due_or_unpaid,R,,,DEC 2024,2026-09-10 09:29:17.056572+00
13689,2024-12-01,132,KAMAL M,2024-12-28,S/Z,Strength Zone,800.00,800.00,0.00,paid,R,,,DEC 2024,2026-09-10 09:29:17.056572+00
13690,2024-12-01,133,FARHAN,2024-11-29,S/Z,Strength Zone,800.00,,800.00,due_or_unpaid,R,,,DEC 2024,2026-09-10 09:29:17.056572+00
13691,2024-12-01,134,HARISHIT D,2024-11-30,S/Z,Strength Zone,800.00,,800.00,due_or_unpaid,R,,,DEC 2024,2026-09-10 09:29:17.056572+00
13692,2024-12-01,135,BALAJI Y,2024-12-01,G/F,General Fitness,800.00,800.00,0.00,paid,PAID,,,DEC 2024,2026-09-10 09:29:17.056572+00
13693,2024-12-01,136,PETER A,2024-12-01,G/F,General Fitness,1000.00,1000.00,0.00,paid,PAID,,,DEC 2024,2026-09-10 09:29:17.056572+00
13694,2024-12-01,137,KAMESH R,2024-12-02,S/Z,Strength Zone,800.00,,800.00,due_or_unpaid,R,,,DEC 2024,2026-09-10 09:29:17.056572+00
13695,2024-12-01,138,PREM S,2024-12-04,S/Z,Strength Zone,800.00,800.00,0.00,paid,PAID,,,DEC 2024,2026-09-10 09:29:17.056572+00
13696,2024-12-01,139,VIMAL RAJ R,2024-12-04,S/Z,Strength Zone,800.00,800.00,0.00,paid,PAID,,,DEC 2024,2026-09-10 09:29:17.056572+00
13697,2024-12-01,140,JOSEPH,2024-12-04,S/Z,Strength Zone,800.00,800.00,0.00,paid,PAID,,,DEC 2024,2026-09-10 09:29:17.056572+00
13698,2024-12-01,141,ALI IMRAN A,2024-12-04,G/F,General Fitness,1000.00,1000.00,0.00,paid,PAID,,,DEC 2024,2026-09-10 09:29:17.056572+00
13699,2024-12-01,142,HAZRAT ALI,2024-12-05,S/Z,Strength Zone,800.00,,800.00,due_or_unpaid,R,,,DEC 2024,2026-09-10 09:29:17.056572+00
13700,2024-12-01,143,MAHESHWAR GOPE,2024-12-05,S/Z,Strength Zone,800.00,,800.00,due_or_unpaid,R,,,DEC 2024,2026-09-10 09:29:17.056572+00
13701,2024-12-01,144,SAKTHI DS,2024-12-09,S/Z,Strength Zone,800.00,,800.00,due_or_unpaid,R,,,DEC 2024,2026-09-10 09:29:17.056572+00
13702,2024-12-01,145,MUKESH S,2024-12-09,S/Z,Strength Zone,800.00,,800.00,due_or_unpaid,R,,,DEC 2024,2026-09-10 09:29:17.056572+00
13703,2024-12-01,146,AKASH SATHIVEL,2024-12-10,G/F,General Fitness,1000.00,,1000.00,due_or_unpaid,R,,,DEC 2024,2026-09-10 09:29:17.056572+00
13704,2024-12-01,147,SARAN RAJ S,2024-12-10,G/F,General Fitness,1000.00,,1000.00,due_or_unpaid,R,,,DEC 2024,2026-09-10 09:29:17.056572+00
13705,2024-12-01,148,SUDHAKAR S,2024-12-11,G/F,General Fitness,1000.00,1000.00,0.00,paid,PAID,,,DEC 2024,2026-09-10 09:29:17.056572+00
13706,2024-12-01,149,UMAMAHESWARA RAO,2025-02-11,G/F,General Fitness,3200.00,,3200.00,paid,PAID,,,DEC 2024,2026-09-10 09:29:17.056572+00
13707,2024-12-01,150,BARKATHULLAM K A,2024-12-13,G/F,General Fitness,1000.00,,1000.00,due_or_unpaid,R,,,DEC 2024,2026-09-10 09:29:17.056572+00
13708,2024-12-01,151,ABDUL KALAM A,2024-12-13,G/F,General Fitness,1000.00,,1000.00,due_or_unpaid,R,,,DEC 2024,2026-09-10 09:29:17.056572+00
13709,2024-12-01,152,JARDIS SK M,2024-12-13,S/Z,Strength Zone,800.00,,800.00,due_or_unpaid,R,,,DEC 2024,2026-09-10 09:29:17.056572+00
13710,2024-12-01,153,MANOJ M,2024-12-14,S/Z,Strength Zone,800.00,,800.00,due_or_unpaid,R,,,DEC 2024,2026-09-10 09:29:17.056572+00
13711,2024-12-01,154,NANTHA KUMAR A,2024-12-14,S/Z,Strength Zone,800.00,1000.00,0.00,paid,PAID,,,DEC 2024,2026-09-10 09:29:17.056572+00
13712,2024-12-01,155,MANOJ E,2024-12-14,S/Z,Strength Zone,800.00,800.00,0.00,paid,PAID,,,DEC 2024,2026-09-10 09:29:17.056572+00
13713,2024-12-01,156,PRAVEEN KUMAR S,2024-12-15,G/F,General Fitness,1000.00,,1000.00,due_or_unpaid,R,,,DEC 2024,2026-09-10 09:29:17.056572+00
13714,2024-12-01,157,SURYA S,2024-12-23,S/Z,Strength Zone,800.00,,800.00,due_or_unpaid,R,,,DEC 2024,2026-09-10 09:29:17.056572+00
13715,2024-12-01,158,MURALI S,2024-12-23,S/Z,Strength Zone,800.00,,800.00,due_or_unpaid,R,,,DEC 2024,2026-09-10 09:29:17.056572+00
13716,2024-12-01,159,RITHISH V,2024-12-18,S/Z,Strength Zone,800.00,800.00,0.00,paid,PAID,,,DEC 2024,2026-09-10 09:29:17.056572+00
13717,2024-12-01,160,EMIMAL M,2024-12-19,G/F,General Fitness,1000.00,1000.00,0.00,paid,PAID,,,DEC 2024,2026-09-10 09:29:17.056572+00
13718,2024-12-01,161,YUVAN SHANKAR T,2024-12-20,S/Z,Strength Zone,800.00,36800.00,0.00,paid,R,,,DEC 2024,2026-09-10 09:29:17.056572+00
13719,2025-01-01,1,SUNDHAR M,2025-01-09,S/Z,Strength Zone,800.00,,800.00,due_or_unpaid,R,,,JAN 2025,2026-09-10 09:29:17.056572+00
13720,2025-01-01,2,NITHYASEELAN P,2025-01-09,S/Z,Strength Zone,800.00,800.00,0.00,paid,PAID,,,JAN 2025,2026-09-10 09:29:17.056572+00
13721,2025-01-01,3,SANJEEVA REDDY C,2026-01-09,S/Z,Strength Zone,800.00,5999.00,0.00,paid,PAID,,,JAN 2025,2026-09-10 09:29:17.056572+00
13722,2025-01-01,4,ABDUL RAHMAN A,2025-01-09,S/Z,Strength Zone,800.00,,800.00,due_or_unpaid,R,,,JAN 2025,2026-09-10 09:29:17.056572+00
13723,2025-01-01,5,SANTHOSH KUMAR G,2025-01-09,G/F,General Fitness,1000.00,,1000.00,due_or_unpaid,R,,,JAN 2025,2026-09-10 09:29:17.056572+00
13724,2025-01-01,6,SATHISH KUMAR J,2025-01-09,G/F,General Fitness,1000.00,1000.00,0.00,paid,PAID,,,JAN 2025,2026-09-10 09:29:17.056572+00
13725,2025-01-01,7,VIJAYABABU C,2026-01-09,G/F,General Fitness,6000.00,6000.00,0.00,paid,PAID,,,JAN 2025,2026-09-10 09:29:17.056572+00
13726,2025-01-01,8,ISTJHAR AHAMAD,2025-01-09,G/F,General Fitness,1000.00,,1000.00,due_or_unpaid,R,,,JAN 2025,2026-09-10 09:29:17.056572+00
13727,2025-01-01,9,MUBARAK ALI,2025-01-09,S/Z,Strength Zone,800.00,,800.00,due_or_unpaid,R,,,JAN 2025,2026-09-10 09:29:17.056572+00
13728,2025-01-01,10,GULJOR HUSSAIN,2025-01-09,S/Z,Strength Zone,800.00,,800.00,due_or_unpaid,R,,,JAN 2025,2026-09-10 09:29:17.056572+00
13729,2025-01-01,11,SURHAB ALI,2025-01-09,S/Z,Strength Zone,800.00,,800.00,due_or_unpaid,R,,,JAN 2025,2026-09-10 09:29:17.056572+00
13730,2025-01-01,12,SATHYA M,2025-01-09,G/F,General Fitness,1000.00,800.00,1000.00,paid,PAID,,,JAN 2025,2026-09-10 09:29:17.056572+00
13731,2025-01-01,13,PORTAP CHETRY,2025-01-09,S/Z,Strength Zone,800.00,,800.00,due_or_unpaid,R,,,JAN 2025,2026-09-10 09:29:17.056572+00
13732,2025-01-01,14,TAMIL,2025-01-09,G/F,General Fitness,1000.00,,1000.00,due_or_unpaid,R,,,JAN 2025,2026-09-10 09:29:17.056572+00
13733,2025-01-01,15,DEEPAK M,2025-04-09,S/Z,Strength Zone,800.00,,3000.00,due_or_unpaid,R,,,JAN 2025,2026-09-10 09:29:17.056572+00
13734,2025-01-01,16,SARATH KUMAR A,2025-01-10,S/Z,Strength Zone,800.00,,800.00,due_or_unpaid,R,,,JAN 2025,2026-09-10 09:29:17.056572+00
13735,2025-01-01,17,UDHAYA PANDIAN,2025-01-10,G/F,General Fitness,1000.00,,1000.00,due_or_unpaid,R,,,JAN 2025,2026-09-10 09:29:17.056572+00
13736,2025-01-01,18,MANJIT KUMAR,2025-01-09,S/Z,Strength Zone,800.00,,800.00,due_or_unpaid,R,,,JAN 2025,2026-09-10 09:29:17.056572+00
13737,2025-01-01,19,YUVARAJ C,2025-11-10,G/F,General Fitness,7000.00,,7000.00,due_or_unpaid,R,,,JAN 2025,2026-09-10 09:29:17.056572+00
13738,2025-01-01,20,CHARLES,2025-01-09,S/Z,Strength Zone,800.00,800.00,0.00,paid,PAID,,,JAN 2025,2026-09-10 09:29:17.056572+00
13739,2025-01-01,21,DHANUSH V,2025-01-10,S/Z,Strength Zone,800.00,,800.00,due_or_unpaid,R,,,JAN 2025,2026-09-10 09:29:17.056572+00
13740,2025-01-01,22,BOLORAM PONIKA A.J,2025-01-10,S/Z,Strength Zone,800.00,,800.00,due_or_unpaid,R,,,JAN 2025,2026-09-10 09:29:17.056572+00
13741,2025-01-01,23,PRASANTH M,2025-01-10,S/Z,Strength Zone,800.00,,800.00,due_or_unpaid,R,,,JAN 2025,2026-09-10 09:29:17.056572+00
13742,2025-01-01,24,RAHUL R,2025-04-11,S/Z,Strength Zone,800.00,,3000.00,due_or_unpaid,R,,,JAN 2025,2026-09-10 09:29:17.056572+00
13743,2025-01-01,25,SANTHOSH M,2025-01-11,S/Z,Strength Zone,800.00,,800.00,due_or_unpaid,R,,,JAN 2025,2026-09-10 09:29:17.056572+00
13744,2025-01-01,26,MAZID ALI,2025-01-11,S/Z,Strength Zone,800.00,,800.00,due_or_unpaid,R,,,JAN 2025,2026-09-10 09:29:17.056572+00
13745,2025-01-01,27,SADIKUL ISLAM,2025-01-11,S/Z,Strength Zone,800.00,,800.00,due_or_unpaid,R,,,JAN 2025,2026-09-10 09:29:17.056572+00
13746,2025-01-01,28,LAKSHWANTH,2025-01-11,G/F,General Fitness,1000.00,2750.00,0.00,paid,PAID,,,JAN 2025,2026-09-10 09:29:17.056572+00
13747,2025-01-01,29,GOWTHAM A,2025-01-11,S/Z,Strength Zone,800.00,,800.00,due_or_unpaid,R,,,JAN 2025,2026-09-10 09:29:17.056572+00
13748,2025-01-01,30,PRADEEP Y,2025-01-11,S/Z,Strength Zone,800.00,,800.00,due_or_unpaid,R,,,JAN 2025,2026-09-10 09:29:17.056572+00
13749,2025-01-01,31,ROHIT R,2025-01-12,S/Z,Strength Zone,800.00,800.00,0.00,paid,PAID,,,JAN 2025,2026-09-10 09:29:17.056572+00
13750,2025-01-01,32,RISHI M,2025-01-12,S/Z,Strength Zone,800.00,800.00,0.00,paid,PAID,,,JAN 2025,2026-09-10 09:29:17.056572+00
13751,2025-01-01,33,GOPAL B,2025-01-12,S/Z,Strength Zone,800.00,,800.00,paid,PAID,,,JAN 2025,2026-09-10 09:29:17.056572+00
13752,2025-01-01,34,KODOM ALI D,2025-01-13,S/Z,Strength Zone,800.00,,800.00,due_or_unpaid,R,,,JAN 2025,2026-09-10 09:29:17.056572+00
13753,2025-01-01,35,SUJAB ALI A,2025-01-13,S/Z,Strength Zone,800.00,,800.00,due_or_unpaid,R,,,JAN 2025,2026-09-10 09:29:17.056572+00
13754,2025-01-01,36,ASHABUL HOQUE S,2025-01-13,S/Z,Strength Zone,800.00,,800.00,due_or_unpaid,R,,,JAN 2025,2026-09-10 09:29:17.056572+00
13755,2025-01-01,37,SURESH K,2025-01-13,G/F,General Fitness,1000.00,,1000.00,due_or_unpaid,R,,,JAN 2025,2026-09-10 09:29:17.056572+00
13756,2025-01-01,38,YUVARAJ B,2025-01-13,S/F,,800.00,800.00,0.00,paid,PAID,,,JAN 2025,2026-09-10 09:29:17.056572+00
13757,2025-01-01,39,BALAKUMAR M,2025-01-13,G/F,General Fitness,1000.00,1000.00,0.00,paid,PAID,,,JAN 2025,2026-09-10 09:29:17.056572+00
13758,2025-01-01,40,SIDDHARTH V,2025-01-13,S/Z,Strength Zone,800.00,,800.00,due_or_unpaid,R,,,JAN 2025,2026-09-10 09:29:17.056572+00
13759,2025-01-01,41,VAJARAVEL BALA A,2025-01-13,G/F,General Fitness,1000.00,1000.00,0.00,paid,PAID,,,JAN 2025,2026-09-10 09:29:17.056572+00
13760,2025-01-01,42,SARAVANAN K,2025-01-13,S/Z,Strength Zone,800.00,,800.00,due_or_unpaid,R,,,JAN 2025,2026-09-10 09:29:17.056572+00
13761,2025-01-01,43,ARJUN S,2025-01-13,S/Z,Strength Zone,800.00,,800.00,due_or_unpaid,R,,,JAN 2025,2026-09-10 09:29:17.056572+00
13762,2025-01-01,44,RAM PRASAD,2025-01-14,G/F,General Fitness,1000.00,,1000.00,due_or_unpaid,R,,,JAN 2025,2026-09-10 09:29:17.056572+00
13763,2025-01-01,45,SANTHOSH,2025-01-14,S/Z,Strength Zone,2500.00,,2500.00,due_or_unpaid,R,,,JAN 2025,2026-09-10 09:29:17.056572+00
13764,2025-01-01,46,SRI RAM R,2025-01-14,S/Z,Strength Zone,1000.00,1000.00,0.00,paid,PAID,,,JAN 2025,2026-09-10 09:29:17.056572+00
13765,2025-01-01,47,ANBU N,2025-01-14,G/F,General Fitness,1000.00,,1000.00,due_or_unpaid,R,,,JAN 2025,2026-09-10 09:29:17.056572+00
13766,2025-01-01,48,ARAVIND KUMAR P,2025-01-14,S/Z,Strength Zone,800.00,,800.00,due_or_unpaid,R,,,JAN 2025,2026-09-10 09:29:17.056572+00
13767,2025-01-01,49,ARUN S,2025-01-16,S/Z,Strength Zone,800.00,,800.00,due_or_unpaid,R,,,JAN 2025,2026-09-10 09:29:17.056572+00
13768,2025-01-01,50,AATHI,2025-01-16,S/Z,Strength Zone,800.00,,800.00,due_or_unpaid,R,,,JAN 2025,2026-09-10 09:29:17.056572+00
13769,2025-01-01,51,JOTHILINGAM R,2025-01-15,G/F,General Fitness,1000.00,,1000.00,due_or_unpaid,R,,,JAN 2025,2026-09-10 09:29:17.056572+00
13770,2025-01-01,52,VASANTH J,2026-01-15,S/Z,Strength Zone,1000.00,6000.00,0.00,paid,PAID,,,JAN 2025,2026-09-10 09:29:17.056572+00
13771,2025-01-01,53,BETSY PAULINE V,2025-01-16,G/F,General Fitness,1000.00,1000.00,0.00,paid,PAID,,,JAN 2025,2026-09-10 09:29:17.056572+00
13772,2025-01-01,54,PREM KUMAR Y,2025-01-16,S/Z,Strength Zone,800.00,,800.00,due_or_unpaid,R,,,JAN 2025,2026-09-10 09:29:17.056572+00
13773,2025-01-01,55,JAWAID F,2025-01-16,S/Z,Strength Zone,2500.00,,2500.00,due_or_unpaid,R,,,JAN 2025,2026-09-10 09:29:17.056572+00
13774,2025-01-01,56,BOBIDUL ISLAM A,2025-01-16,G/F,General Fitness,1000.00,,1000.00,due_or_unpaid,R,,,JAN 2025,2026-09-10 09:29:17.056572+00
13775,2025-01-01,57,ABDUL KHALAK J,2025-01-16,G/F,General Fitness,1000.00,,1000.00,due_or_unpaid,R,,,JAN 2025,2026-09-10 09:29:17.056572+00
13776,2025-01-01,58,MEHERUL HAQUE.S,2025-01-16,G/F,General Fitness,1000.00,,1000.00,due_or_unpaid,R,,,JAN 2025,2026-09-10 09:29:17.056572+00
13777,2025-01-01,59,JAGADEESH M,2025-01-16,G/F,General Fitness,1000.00,,1000.00,due_or_unpaid,R,,,JAN 2025,2026-09-10 09:29:17.056572+00
13778,2025-01-01,60,FAYAZ AHMED A,2025-01-16,S/Z,Strength Zone,2300.00,,2300.00,due_or_unpaid,R,,,JAN 2025,2026-09-10 09:29:17.056572+00
13779,2025-01-01,61,MAMIDUL ALI,2025-01-17,S/Z,Strength Zone,800.00,,800.00,due_or_unpaid,R,,,JAN 2025,2026-09-10 09:29:17.056572+00
13780,2025-01-01,62,VINOTH KUMAR C,2025-01-17,G/F,General Fitness,800.00,,800.00,due_or_unpaid,R,,,JAN 2025,2026-09-10 09:29:17.056572+00
13781,2025-01-01,63,ABDUL BATIN U,2025-01-17,S/Z,Strength Zone,800.00,,800.00,due_or_unpaid,R,,,JAN 2025,2026-09-10 09:29:17.056572+00
13782,2025-01-01,64,NILCHAN ALI,2025-01-17,S/Z,Strength Zone,800.00,,800.00,due_or_unpaid,R,,,JAN 2025,2026-09-10 09:29:17.056572+00
13783,2025-01-01,65,MOMIRUL HOQUE,2025-01-17,S/Z,Strength Zone,800.00,,800.00,due_or_unpaid,R,,,JAN 2025,2026-09-10 09:29:17.056572+00
13784,2025-01-01,66,AMIR HAMJA,2025-01-17,S/Z,Strength Zone,800.00,,800.00,due_or_unpaid,R,,,JAN 2025,2026-09-10 09:29:17.056572+00
13785,2025-01-01,67,SUNIL R,2025-02-17,G/F,General Fitness,4000.00,,4000.00,due_or_unpaid,R,,,JAN 2025,2026-09-10 09:29:17.056572+00
13786,2025-01-01,68,SUDHAKAR S,2025-01-17,S/Z,Strength Zone,800.00,,800.00,due_or_unpaid,R,,,JAN 2025,2026-09-10 09:29:17.056572+00
13787,2025-01-01,69,AMINUL ISLAM MD,2025-01-18,S/Z,Strength Zone,800.00,,800.00,due_or_unpaid,R,,,JAN 2025,2026-09-10 09:29:17.056572+00
13788,2025-01-01,70,TAFIKUL ISLAM,2025-01-18,G/F,General Fitness,1000.00,,1000.00,due_or_unpaid,R,,,JAN 2025,2026-09-10 09:29:17.056572+00
13789,2025-01-01,71,ALKASH,2025-01-19,S/Z,Strength Zone,800.00,,800.00,due_or_unpaid,R,,,JAN 2025,2026-09-10 09:29:17.056572+00
13790,2025-01-01,72,HAFIZUR RAHMAM,2025-01-19,S/Z,Strength Zone,800.00,,800.00,due_or_unpaid,R,,,JAN 2025,2026-09-10 09:29:17.056572+00
13791,2025-01-01,73,MOJNUR,2025-01-19,S/Z,Strength Zone,800.00,,800.00,due_or_unpaid,R,,,JAN 2025,2026-09-10 09:29:17.056572+00
13792,2025-01-01,74,YOGESH R,2025-01-19,S/Z,Strength Zone,800.00,,800.00,due_or_unpaid,R,,,JAN 2025,2026-09-10 09:29:17.056572+00
13793,2025-01-01,75,NAVAS,2025-01-19,G/F,General Fitness,1000.00,,1000.00,due_or_unpaid,R,,,JAN 2025,2026-09-10 09:29:17.056572+00
13794,2025-01-01,76,TAYABUR RAHMAN A,2025-01-20,S/Z,Strength Zone,800.00,800.00,0.00,paid,PAID,,,JAN 2025,2026-09-10 09:29:17.056572+00
13795,2025-01-01,77,NAVEEN R,2025-01-24,S/Z,Strength Zone,800.00,,800.00,due_or_unpaid,R,,,JAN 2025,2026-09-10 09:29:17.056572+00
13796,2025-01-01,78,RATHISH KUMAR,2025-01-23,G/F,General Fitness,1000.00,,1000.00,due_or_unpaid,R,,,JAN 2025,2026-09-10 09:29:17.056572+00
13797,2025-01-01,79,DARVIN RAJ J,2025-01-23,S/Z,Strength Zone,800.00,,800.00,due_or_unpaid,R,,,JAN 2025,2026-09-10 09:29:17.056572+00
13798,2025-01-01,80,PRASANTH S,2025-01-23,S/Z,Strength Zone,800.00,,800.00,due_or_unpaid,R,,,JAN 2025,2026-09-10 09:29:17.056572+00
13799,2025-01-01,81,GURU SHANKAR,2025-01-23,S/Z,Strength Zone,800.00,,800.00,due_or_unpaid,R,,,JAN 2025,2026-09-10 09:29:17.056572+00
13800,2025-01-01,82,NARJUL ISLAM A,2025-01-23,S/Z,Strength Zone,800.00,,800.00,due_or_unpaid,R,,,JAN 2025,2026-09-10 09:29:17.056572+00
13801,2025-01-01,83,SANGIT KUMAR SAMANTHA,2025-01-23,G/F,General Fitness,1000.00,,1000.00,due_or_unpaid,R,,,JAN 2025,2026-09-10 09:29:17.056572+00
13802,2025-01-01,84,RAGUL A,2025-01-23,S/Z,Strength Zone,800.00,800.00,0.00,paid,800,,,JAN 2025,2026-09-10 09:29:17.056572+00
13803,2025-01-01,85,ASWINI SAGAR SWAIN,2025-01-24,S/Z,Strength Zone,800.00,,800.00,due_or_unpaid,R,,,JAN 2025,2026-09-10 09:29:17.056572+00
13804,2025-01-01,86,DEEPAK M,2025-01-24,S/Z,Strength Zone,800.00,,800.00,due_or_unpaid,R,,,JAN 2025,2026-09-10 09:29:17.056572+00
13805,2025-01-01,87,VINOTH R,2025-01-24,S/Z,Strength Zone,800.00,,800.00,due_or_unpaid,R,,,JAN 2025,2026-09-10 09:29:17.056572+00
13806,2025-01-01,88,NATHAN K,2025-01-25,S/Z,Strength Zone,800.00,,800.00,due_or_unpaid,R,,,JAN 2025,2026-09-10 09:29:17.056572+00
13807,2025-01-01,89,MOIN UDDIN A,2025-01-25,S/Z,Strength Zone,800.00,,800.00,due_or_unpaid,R,,,JAN 2025,2026-09-10 09:29:17.056572+00
13808,2025-01-01,90,ALI AHMED R,2025-01-25,S/Z,Strength Zone,800.00,,800.00,due_or_unpaid,R,,,JAN 2025,2026-09-10 09:29:17.056572+00
13809,2025-01-01,91,ABINASH S,2025-01-27,S/Z,Strength Zone,800.00,800.00,0.00,paid,PAID,,,JAN 2025,2026-09-10 09:29:17.056572+00
13810,2025-01-01,92,ARAVIND S,2025-01-28,S/Z,Strength Zone,800.00,,800.00,due_or_unpaid,R,,,JAN 2025,2026-09-10 09:29:17.056572+00
13811,2025-01-01,93,ASHADUL,2025-01-30,G/F,General Fitness,1000.00,59149.00,0.00,paid,R,,,JAN 2025,2026-09-10 09:29:17.056572+00
13812,2025-01-01,94,GUHAN A,2025-01-30,S/Z,Strength Zone,800.00,,800.00,due_or_unpaid,R,,,JAN 2025,2026-09-10 09:29:17.056572+00
13813,2025-01-01,95,ROKIBUL HUSSAIN A,2025-01-30,S/Z,Strength Zone,800.00,,800.00,due_or_unpaid,R,,,JAN 2025,2026-09-10 09:29:17.056572+00
13814,2025-01-01,96,MERVYN,2025-10-01,G/F,General Fitness,7000.00,,7000.00,paid,PAID,,,JAN 2025,2026-09-10 09:29:17.056572+00
13815,2025-01-01,97,MICHAEL A,2025-01-01,S/Z,Strength Zone,800.00,,800.00,due_or_unpaid,R,,,JAN 2025,2026-09-10 09:29:17.056572+00
13816,2025-01-01,98,SUGAN RAJ M,2025-01-01,S/Z,Strength Zone,800.00,,800.00,due_or_unpaid,R,,,JAN 2025,2026-09-10 09:29:17.056572+00
13817,2025-01-01,99,SHUTRUGHAN KUMAR R,2025-01-01,S/Z,Strength Zone,800.00,,800.00,due_or_unpaid,R,,,JAN 2025,2026-09-10 09:29:17.056572+00
13818,2025-01-01,100,DAVID A,2025-01-02,G/F,General Fitness,1000.00,,1000.00,due_or_unpaid,R,,,JAN 2025,2026-09-10 09:29:17.056572+00
13819,2025-01-01,101,PETER A,2025-01-02,G/F,General Fitness,1000.00,,1000.00,due_or_unpaid,R,,,JAN 2025,2026-09-10 09:29:17.056572+00
13820,2025-01-01,102,KUMARAN M,2025-01-02,S/Z,Strength Zone,800.00,800.00,0.00,paid,PAID,,,JAN 2025,2026-09-10 09:29:17.056572+00
13821,2025-01-01,103,CHARAN KUMAR V,2025-01-02,S/Z,Strength Zone,800.00,800.00,0.00,paid,PAID,,,JAN 2025,2026-09-10 09:29:17.056572+00
13822,2025-01-01,104,SETTU E,2025-01-03,S/Z,Strength Zone,800.00,,800.00,due_or_unpaid,R,,,JAN 2025,2026-09-10 09:29:17.056572+00
13823,2025-01-01,105,NITHISH KUMAR S,2025-01-04,S/Z,Strength Zone,800.00,800.00,0.00,paid,PAID,,,JAN 2025,2026-09-10 09:29:17.056572+00
13824,2025-01-01,106,RAMESH S,2025-01-04,G/F,General Fitness,1000.00,,1000.00,due_or_unpaid,R,,,JAN 2025,2026-09-10 09:29:17.056572+00
13825,2025-01-01,107,SANJAN V,2025-01-05,S/Z,Strength Zone,800.00,,800.00,due_or_unpaid,R,,,JAN 2025,2026-09-10 09:29:17.056572+00
13826,2025-01-01,108,DIVAKAR M,2025-01-05,G/F,General Fitness,1000.00,,1000.00,due_or_unpaid,R,,,JAN 2025,2026-09-10 09:29:17.056572+00
13827,2025-01-01,109,DANIEL R,2025-01-05,S/Z,Strength Zone,800.00,,800.00,due_or_unpaid,R,,,JAN 2025,2026-09-10 09:29:17.056572+00
13828,2025-01-01,110,MANIKANADAN,2025-01-07,G/F,General Fitness,1000.00,,1000.00,due_or_unpaid,R,,,JAN 2025,2026-09-10 09:29:17.056572+00
13829,2025-01-01,111,PRITHIVIKASH,2025-01-26,S/Z,Strength Zone,800.00,,800.00,due_or_unpaid,R,,,JAN 2025,2026-09-10 09:29:17.056572+00
13830,2025-01-01,112,CHANDRU,2025-01-08,S/Z,Strength Zone,800.00,,800.00,due_or_unpaid,R,,,JAN 2025,2026-09-10 09:29:17.056572+00
13831,2025-01-01,113,SANJAY J,2025-01-08,S/Z,Strength Zone,800.00,,800.00,due_or_unpaid,R,,,JAN 2025,2026-09-10 09:29:17.056572+00
13832,2025-01-01,114,AJITH D,2025-01-09,S/Z,Strength Zone,800.00,,800.00,due_or_unpaid,R,,,JAN 2025,2026-09-10 09:29:17.056572+00
13833,2025-01-01,115,SANJAY B,2025-01-09,S/Z,Strength Zone,800.00,,800.00,due_or_unpaid,R,,,JAN 2025,2026-09-10 09:29:17.056572+00
13834,2025-01-01,116,TAMIL SELVAN M,2025-01-12,S/Z,Strength Zone,800.00,800.00,0.00,paid,PAID,,,JAN 2025,2026-09-10 09:29:17.056572+00
13835,2025-01-01,117,ARUN YADAV,2025-01-12,S/Z,Strength Zone,800.00,,800.00,due_or_unpaid,R,,,JAN 2025,2026-09-10 09:29:17.056572+00
13836,2025-01-01,118,GIRI S,2025-01-13,S/Z,Strength Zone,800.00,,800.00,due_or_unpaid,R,,,JAN 2025,2026-09-10 09:29:17.056572+00
13837,2025-01-01,119,JOHNSON S,2025-01-14,S/Z,Strength Zone,800.00,,800.00,due_or_unpaid,R,,,JAN 2025,2026-09-10 09:29:17.056572+00
13838,2025-01-01,120,DEEPAK BILUNG,2025-01-15,S/Z,Strength Zone,800.00,,800.00,due_or_unpaid,R,,,JAN 2025,2026-09-10 09:29:17.056572+00
13839,2025-01-01,121,BINU,2025-01-15,S/Z,Strength Zone,800.00,,800.00,due_or_unpaid,R,,,JAN 2025,2026-09-10 09:29:17.056572+00
13840,2025-01-01,122,SOHEL RANA,2025-01-16,G/F,General Fitness,1000.00,,1000.00,due_or_unpaid,R,,,JAN 2025,2026-09-10 09:29:17.056572+00
13841,2025-01-01,123,CHAITANYA K,2025-01-17,G/F,General Fitness,1000.00,,1000.00,due_or_unpaid,R,,,JAN 2025,2026-09-10 09:29:17.056572+00
13842,2025-01-01,124,KATHIRAVAN.E,2025-01-18,S/Z,Strength Zone,800.00,,800.00,due_or_unpaid,R,,,JAN 2025,2026-09-10 09:29:17.056572+00
13843,2025-01-01,125,MOORTHY R,2025-01-18,S/Z,Strength Zone,800.00,,800.00,due_or_unpaid,R,,,JAN 2025,2026-09-10 09:29:17.056572+00
13844,2025-01-01,126,SANJAY S,2025-01-18,S/Z,Strength Zone,800.00,,800.00,due_or_unpaid,R,,,JAN 2025,2026-09-10 09:29:17.056572+00
13845,2025-01-01,127,PERUMAL V,2025-01-19,S/Z,Strength Zone,800.00,,800.00,due_or_unpaid,R,,,JAN 2025,2026-09-10 09:29:17.056572+00
13846,2025-01-01,128,EMAMUL HUSSAIN A,2025-01-20,S/Z,Strength Zone,800.00,,800.00,due_or_unpaid,R,,,JAN 2025,2026-09-10 09:29:17.056572+00
13847,2025-01-01,129,JEEVA M,2025-01-21,S/Z,Strength Zone,800.00,,800.00,due_or_unpaid,R,,,JAN 2025,2026-09-10 09:29:17.056572+00
13848,2025-01-01,130,ARAVIND S,2025-01-26,S/Z,Strength Zone,2300.00,2300.00,0.00,paid,PAID,,,JAN 2025,2026-09-10 09:29:17.056572+00
13849,2025-01-01,131,SURESH P,2025-01-28,S/Z,Strength Zone,800.00,,800.00,due_or_unpaid,R,,,JAN 2025,2026-09-10 09:29:17.056572+00
13850,2025-01-01,132,KAMAL M,2025-01-28,S/Z,Strength Zone,800.00,,800.00,due_or_unpaid,R,,,JAN 2025,2026-09-10 09:29:17.056572+00
13851,2025-01-01,133,FARHAN,2025-01-29,S/Z,Strength Zone,800.00,800.00,0.00,paid,PAID,,,JAN 2025,2026-09-10 09:29:17.056572+00
13852,2025-01-01,134,HARISHIT D,2025-01-30,S/Z,Strength Zone,800.00,,800.00,due_or_unpaid,R,,,JAN 2025,2026-09-10 09:29:17.056572+00
13853,2025-01-01,135,BALAJI Y,2025-01-01,G/F,General Fitness,800.00,800.00,0.00,paid,PAID,,,JAN 2025,2026-09-10 09:29:17.056572+00
13854,2025-01-01,136,PETER A,2026-04-01,G/F,General Fitness,7500.00,7500.00,0.00,paid,PAID,,,JAN 2025,2026-09-10 09:29:17.056572+00
13855,2025-01-01,137,KAMESH R,2025-01-02,S/Z,Strength Zone,800.00,,800.00,due_or_unpaid,R,,,JAN 2025,2026-09-10 09:29:17.056572+00
13856,2025-01-01,138,PREM S,2025-01-04,S/Z,Strength Zone,800.00,,800.00,due_or_unpaid,R,,,JAN 2025,2026-09-10 09:29:17.056572+00
13857,2025-01-01,139,VIMAL RAJ R,2025-01-04,S/Z,Strength Zone,800.00,800.00,0.00,paid,PAID,,,JAN 2025,2026-09-10 09:29:17.056572+00
13858,2025-01-01,140,JOSEPH,2025-01-04,S/Z,Strength Zone,800.00,800.00,0.00,paid,PAID,,,JAN 2025,2026-09-10 09:29:17.056572+00
13859,2025-01-01,141,ALI IMRAN A,2025-01-04,G/F,General Fitness,1000.00,1000.00,0.00,paid,PAID,,,JAN 2025,2026-09-10 09:29:17.056572+00
13860,2025-01-01,142,HAZRAT ALI,2025-01-05,S/Z,Strength Zone,800.00,,800.00,due_or_unpaid,R,,,JAN 2025,2026-09-10 09:29:17.056572+00
13861,2025-01-01,143,MAHESHWAR GOPE,2025-01-05,S/Z,Strength Zone,800.00,,800.00,due_or_unpaid,R,,,JAN 2025,2026-09-10 09:29:17.056572+00
13862,2025-01-01,144,SAKTHI DS,2025-01-09,S/Z,Strength Zone,800.00,,800.00,due_or_unpaid,R,,,JAN 2025,2026-09-10 09:29:17.056572+00
13863,2025-01-01,145,MUKESH S,2025-01-09,S/Z,Strength Zone,800.00,,800.00,due_or_unpaid,R,,,JAN 2025,2026-09-10 09:29:17.056572+00
13864,2025-01-01,146,AKASH SATHIVEL,2025-01-10,G/F,General Fitness,1000.00,,1000.00,due_or_unpaid,R,,,JAN 2025,2026-09-10 09:29:17.056572+00
13865,2025-01-01,147,SARAN RAJ S,2025-01-10,G/F,General Fitness,1000.00,1000.00,0.00,paid,PAID,,,JAN 2025,2026-09-10 09:29:17.056572+00
13866,2025-01-01,148,SUDHAKAR S,2025-01-11,G/F,General Fitness,1000.00,1000.00,0.00,paid,PAID,,,JAN 2025,2026-09-10 09:29:17.056572+00
13867,2025-01-01,149,UMAMAHESWARA RAO,2025-02-11,G/F,General Fitness,1000.00,,3200.00,paid,PAID,,,JAN 2025,2026-09-10 09:29:17.056572+00
13868,2025-01-01,150,BARKATHULLAM K A,2025-01-13,G/F,General Fitness,1000.00,,1000.00,due_or_unpaid,R,,,JAN 2025,2026-09-10 09:29:17.056572+00
13869,2025-01-01,151,ABDUL KALAM A,2025-01-13,G/F,General Fitness,1000.00,,1000.00,due_or_unpaid,R,,,JAN 2025,2026-09-10 09:29:17.056572+00
13870,2025-01-01,152,JARDIS SK M,2025-01-13,S/Z,Strength Zone,800.00,,800.00,due_or_unpaid,R,,,JAN 2025,2026-09-10 09:29:17.056572+00
13871,2025-01-01,153,MANOJ M,2025-01-14,S/Z,Strength Zone,800.00,,800.00,due_or_unpaid,R,,,JAN 2025,2026-09-10 09:29:17.056572+00
13872,2025-01-01,154,NANTHA KUMAR A,2025-01-14,S/Z,Strength Zone,800.00,,1000.00,due_or_unpaid,R,,,JAN 2025,2026-09-10 09:29:17.056572+00
13873,2025-01-01,155,MANOJ E,2025-01-14,S/Z,Strength Zone,800.00,800.00,0.00,paid,PAID,,,JAN 2025,2026-09-10 09:29:17.056572+00
13874,2025-01-01,156,PRAVEEN KUMAR S,2025-01-15,G/F,General Fitness,1000.00,,1000.00,due_or_unpaid,R,,,JAN 2025,2026-09-10 09:29:17.056572+00
13875,2025-01-01,157,SURYA S,2025-01-23,S/Z,Strength Zone,800.00,,800.00,due_or_unpaid,R,,,JAN 2025,2026-09-10 09:29:17.056572+00
13876,2025-01-01,158,MURALI S,2025-01-23,S/Z,Strength Zone,800.00,,800.00,due_or_unpaid,R,,,JAN 2025,2026-09-10 09:29:17.056572+00
13877,2025-01-01,159,RITHISH V,2025-01-18,S/Z,Strength Zone,800.00,800.00,0.00,paid,PAID,,,JAN 2025,2026-09-10 09:29:17.056572+00
13878,2025-01-01,160,EMIMAL M,2025-01-19,G/F,General Fitness,1000.00,,1000.00,due_or_unpaid,R,,,JAN 2025,2026-09-10 09:29:17.056572+00
13879,2025-01-01,161,YUVAN SHANKAR T,2025-01-20,S/Z,Strength Zone,800.00,,800.00,due_or_unpaid,R,,,JAN 2025,2026-09-10 09:29:17.056572+00
13880,2025-01-01,162,JENIFER S,2025-01-04,G/F,General Fitness,1000.00,1000.00,0.00,paid,PAID,,,JAN 2025,2026-09-10 09:29:17.056572+00
13881,2025-01-01,163,SANJEEV D.S,2025-01-04,S/Z,Strength Zone,800.00,800.00,0.00,paid,PAID,,,JAN 2025,2026-09-10 09:29:17.056572+00
13882,2025-01-01,164,VASANTH KUMAR G,2025-01-05,S/Z,Strength Zone,800.00,,800.00,due_or_unpaid,R,,,JAN 2025,2026-09-10 09:29:17.056572+00
13883,2025-01-01,165,KISHORE KUMAR V,2025-01-07,S/Z,Strength Zone,800.00,,800.00,due_or_unpaid,R,,,JAN 2025,2026-09-10 09:29:17.056572+00
13884,2025-01-01,166,SANTHOSH KUMAR S,2025-01-07,S/Z,Strength Zone,800.00,,800.00,due_or_unpaid,R,,,JAN 2025,2026-09-10 09:29:17.056572+00
13885,2025-01-01,167,SANTHOSH KUMAR A,2025-01-09,S/Z,Strength Zone,800.00,800.00,0.00,paid,PAID,,,JAN 2025,2026-09-10 09:29:17.056572+00
13886,2025-01-01,168,ETHIRAJ T,2025-01-09,S/Z,Strength Zone,800.00,,800.00,due_or_unpaid,R,,,JAN 2025,2026-09-10 09:29:17.056572+00
13887,2025-01-01,169,PRASANTH M,2025-01-10,G/F,General Fitness,1000.00,,1000.00,due_or_unpaid,R,,,JAN 2025,2026-09-10 09:29:17.056572+00
13888,2025-01-01,170,RAGHUL R,2025-01-12,S/Z,Strength Zone,800.00,,800.00,due_or_unpaid,R,,,JAN 2025,2026-09-10 09:29:17.056572+00
13889,2025-01-01,171,GOWTHAM S,2025-01-16,G/F,General Fitness,1000.00,,1000.00,due_or_unpaid,R,,,JAN 2025,2026-09-10 09:29:17.056572+00
13890,2025-01-01,172,RAJESH S,2025-01-16,G/F,General Fitness,1000.00,1000.00,0.00,paid,PAID,,,JAN 2025,2026-09-10 09:29:17.056572+00
13891,2025-01-01,173,AATHIYAPPAN S,2025-01-18,S/Z,Strength Zone,800.00,800.00,0.00,paid,PAID,,,JAN 2025,2026-09-10 09:29:17.056572+00
13892,2025-01-01,174,GODSON PRAVEEN J,2025-01-19,G/F,General Fitness,1000.00,,1000.00,due_or_unpaid,R,,,JAN 2025,2026-09-10 09:29:17.056572+00
13893,2025-01-01,175,KABILAN R,2025-01-26,S/Z,Strength Zone,800.00,,800.00,due_or_unpaid,R,,,JAN 2025,2026-09-10 09:29:17.056572+00
13894,2025-01-01,176,KAMAL S,2025-01-28,S/Z,Strength Zone,1000.00,1000.00,0.00,paid,PAID,,,JAN 2025,2026-09-10 09:29:17.056572+00
13895,2025-02-01,1,SUNDHAR M,2025-02-09,S/Z,Strength Zone,800.00,,800.00,due_or_unpaid,R,,,FEB 2025,2026-09-10 09:29:17.056572+00
13896,2025-02-01,2,NITHYASEELAN P,2025-02-09,S/Z,Strength Zone,800.00,,800.00,due_or_unpaid,R,,,FEB 2025,2026-09-10 09:29:17.056572+00
13897,2025-02-01,3,SANJEEVA REDDY C,2026-01-09,S/Z,Strength Zone,800.00,,6000.00,paid,PAID,,,FEB 2025,2026-09-10 09:29:17.056572+00
13898,2025-02-01,4,ABDUL RAHMAN A,2025-02-09,S/Z,Strength Zone,800.00,,800.00,due_or_unpaid,R,,,FEB 2025,2026-09-10 09:29:17.056572+00
13899,2025-02-01,5,SANTHOSH KUMAR G,2025-02-09,G/F,General Fitness,1000.00,,1000.00,due_or_unpaid,R,,,FEB 2025,2026-09-10 09:29:17.056572+00
13900,2025-02-01,6,SATHISH KUMAR J,2025-02-09,G/F,General Fitness,1000.00,1000.00,0.00,paid,PAID,,,FEB 2025,2026-09-10 09:29:17.056572+00
13901,2025-02-01,7,VIJAYABABU C,2026-01-09,G/F,General Fitness,6000.00,,6000.00,paid,PAID,,,FEB 2025,2026-09-10 09:29:17.056572+00
13902,2025-02-01,8,ISTJHAR AHAMAD,2025-02-09,G/F,General Fitness,1000.00,,1000.00,due_or_unpaid,R,,,FEB 2025,2026-09-10 09:29:17.056572+00
13903,2025-02-01,9,MUBARAK ALI,2025-02-09,S/Z,Strength Zone,800.00,,800.00,due_or_unpaid,R,,,FEB 2025,2026-09-10 09:29:17.056572+00
13904,2025-02-01,10,GULJOR HUSSAIN,2025-02-09,S/Z,Strength Zone,800.00,,800.00,due_or_unpaid,R,,,FEB 2025,2026-09-10 09:29:17.056572+00
13905,2025-02-01,11,SURHAB ALI,2025-02-09,S/Z,Strength Zone,800.00,,800.00,due_or_unpaid,R,,,FEB 2025,2026-09-10 09:29:17.056572+00
13906,2025-02-01,12,SATHYA M,2025-02-09,G/F,General Fitness,800.00,800.00,0.00,paid,PAID,,,FEB 2025,2026-09-10 09:29:17.056572+00
13907,2025-02-01,13,PORTAP CHETRY,2025-02-09,S/Z,Strength Zone,800.00,,800.00,due_or_unpaid,R,,,FEB 2025,2026-09-10 09:29:17.056572+00
13908,2025-02-01,14,TAMIL,2025-02-09,G/F,General Fitness,1000.00,,1000.00,due_or_unpaid,R,,,FEB 2025,2026-09-10 09:29:17.056572+00
13909,2025-02-01,15,DEEPAK M,2025-04-09,S/Z,Strength Zone,800.00,,3000.00,paid,PAID,,,FEB 2025,2026-09-10 09:29:17.056572+00
13910,2025-02-01,16,SARATH KUMAR A,2025-02-10,S/Z,Strength Zone,800.00,,800.00,due_or_unpaid,R,,,FEB 2025,2026-09-10 09:29:17.056572+00
13911,2025-02-01,17,UDHAYA PANDIAN,2025-02-10,G/F,General Fitness,1000.00,,1000.00,due_or_unpaid,R,,,FEB 2025,2026-09-10 09:29:17.056572+00
13912,2025-02-01,18,MANJIT KUMAR,2025-02-09,S/Z,Strength Zone,800.00,,800.00,due_or_unpaid,R,,,FEB 2025,2026-09-10 09:29:17.056572+00
13913,2025-02-01,19,YUVARAJ C,2025-11-10,G/F,General Fitness,7000.00,,7000.00,paid,PAID,,,FEB 2025,2026-09-10 09:29:17.056572+00
13914,2025-02-01,20,CHARLES,2025-02-09,S/Z,Strength Zone,800.00,,800.00,due_or_unpaid,R,,,FEB 2025,2026-09-10 09:29:17.056572+00
13915,2025-02-01,21,DHANUSH V,2025-02-10,S/Z,Strength Zone,800.00,,800.00,due_or_unpaid,R,,,FEB 2025,2026-09-10 09:29:17.056572+00
13916,2025-02-01,22,BOLORAM PONIKA A.J,2025-02-10,S/Z,Strength Zone,800.00,,800.00,due_or_unpaid,R,,,FEB 2025,2026-09-10 09:29:17.056572+00
13917,2025-02-01,23,PRASANTH M,2025-02-10,S/Z,Strength Zone,800.00,,800.00,due_or_unpaid,R,,,FEB 2025,2026-09-10 09:29:17.056572+00
13918,2025-02-01,24,RAHUL R,2025-04-11,S/Z,Strength Zone,800.00,,3000.00,paid,PAID,,,FEB 2025,2026-09-10 09:29:17.056572+00
13919,2025-02-01,25,SANTHOSH M,2025-02-11,S/Z,Strength Zone,800.00,,800.00,due_or_unpaid,R,,,FEB 2025,2026-09-10 09:29:17.056572+00
13920,2025-02-01,26,MAZID ALI,2025-02-11,S/Z,Strength Zone,800.00,,800.00,due_or_unpaid,R,,,FEB 2025,2026-09-10 09:29:17.056572+00
13921,2025-02-01,27,SADIKUL ISLAM,2025-02-11,S/Z,Strength Zone,800.00,,800.00,due_or_unpaid,R,,,FEB 2025,2026-09-10 09:29:17.056572+00
13922,2025-02-01,28,LAKSHWANTH,2026-02-11,G/F,General Fitness,7499.00,3750.00,7499.00,paid,PAID,,,FEB 2025,2026-09-10 09:29:17.056572+00
13923,2025-02-01,29,GOWTHAM A,2025-02-11,S/Z,Strength Zone,800.00,,800.00,due_or_unpaid,R,,,FEB 2025,2026-09-10 09:29:17.056572+00
13924,2025-02-01,30,PRADEEP Y,2025-02-11,S/Z,Strength Zone,800.00,,800.00,due_or_unpaid,R,,,FEB 2025,2026-09-10 09:29:17.056572+00
13925,2025-02-01,31,ROHIT R,2025-02-12,S/Z,Strength Zone,800.00,800.00,0.00,paid,PAID,,,FEB 2025,2026-09-10 09:29:17.056572+00
13926,2025-02-01,32,RISHI M,2025-02-12,S/Z,Strength Zone,800.00,800.00,0.00,paid,PAID,,,FEB 2025,2026-09-10 09:29:17.056572+00
13927,2025-02-01,33,GOPAL B,2025-01-12,S/Z,Strength Zone,800.00,1500.00,0.00,paid,PAID,,,FEB 2025,2026-09-10 09:29:17.056572+00
13928,2025-02-01,34,KODOM ALI D,2025-02-13,S/Z,Strength Zone,800.00,,800.00,due_or_unpaid,R,,,FEB 2025,2026-09-10 09:29:17.056572+00
13929,2025-02-01,35,SUJAB ALI A,2025-02-13,S/Z,Strength Zone,800.00,,800.00,due_or_unpaid,R,,,FEB 2025,2026-09-10 09:29:17.056572+00
13930,2025-02-01,36,ASHABUL HOQUE S,2025-02-13,S/Z,Strength Zone,800.00,,800.00,due_or_unpaid,R,,,FEB 2025,2026-09-10 09:29:17.056572+00
13931,2025-02-01,37,SURESH K,2025-02-13,G/F,General Fitness,1000.00,,1000.00,due_or_unpaid,R,,,FEB 2025,2026-09-10 09:29:17.056572+00
13932,2025-02-01,38,YUVARAJ B,2025-02-13,S/F,,800.00,800.00,0.00,paid,PAID,,,FEB 2025,2026-09-10 09:29:17.056572+00
13933,2025-02-01,39,BALAKUMAR M,2025-02-13,G/F,General Fitness,1000.00,1000.00,0.00,paid,PAID,,,FEB 2025,2026-09-10 09:29:17.056572+00
13934,2025-02-01,40,SIDDHARTH V,2025-02-13,S/Z,Strength Zone,800.00,,800.00,due_or_unpaid,R,,,FEB 2025,2026-09-10 09:29:17.056572+00
13935,2025-02-01,41,VAJARAVEL BALA A,2025-02-13,G/F,General Fitness,1000.00,1000.00,0.00,paid,PAID,,,FEB 2025,2026-09-10 09:29:17.056572+00
13936,2025-02-01,42,SARAVANAN K,2025-02-13,S/Z,Strength Zone,800.00,800.00,0.00,paid,PAID,,,FEB 2025,2026-09-10 09:29:17.056572+00
13937,2025-02-01,43,ARJUN S,2025-02-13,S/Z,Strength Zone,800.00,,800.00,due_or_unpaid,R,,,FEB 2025,2026-09-10 09:29:17.056572+00
13938,2025-02-01,44,RAM PRASAD,2025-02-14,G/F,General Fitness,1000.00,,1000.00,due_or_unpaid,R,,,FEB 2025,2026-09-10 09:29:17.056572+00
13939,2025-02-01,45,SANTHOSH,2025-02-14,S/Z,Strength Zone,800.00,,800.00,due_or_unpaid,R,,,FEB 2025,2026-09-10 09:29:17.056572+00
13940,2025-02-01,46,SRI RAM R,2025-02-14,S/Z,Strength Zone,1000.00,1000.00,0.00,paid,PAID,,,FEB 2025,2026-09-10 09:29:17.056572+00
13941,2025-02-01,47,ANBU N,2025-02-14,G/F,General Fitness,1000.00,,1000.00,due_or_unpaid,R,,,FEB 2025,2026-09-10 09:29:17.056572+00
13942,2025-02-01,48,ARAVIND KUMAR P,2025-02-14,S/Z,Strength Zone,800.00,,800.00,due_or_unpaid,R,,,FEB 2025,2026-09-10 09:29:17.056572+00
13943,2025-02-01,49,ARUN S,2025-02-16,S/Z,Strength Zone,800.00,,800.00,due_or_unpaid,R,,,FEB 2025,2026-09-10 09:29:17.056572+00
13944,2025-02-01,50,AATHI,2025-02-16,S/Z,Strength Zone,800.00,,800.00,due_or_unpaid,R,,,FEB 2025,2026-09-10 09:29:17.056572+00
13945,2025-02-01,51,JOTHILINGAM R,2025-02-15,G/F,General Fitness,1000.00,,1000.00,due_or_unpaid,R,,,FEB 2025,2026-09-10 09:29:17.056572+00
13946,2025-02-01,52,VASANTH J,2026-01-15,S/Z,Strength Zone,1000.00,,6000.00,paid,PAID,,,FEB 2025,2026-09-10 09:29:17.056572+00
13947,2025-02-01,53,BETSY PAULINE V,2025-02-16,G/F,General Fitness,1000.00,1000.00,0.00,paid,PAID,,,FEB 2025,2026-09-10 09:29:17.056572+00
13948,2025-02-01,54,PREM KUMAR Y,2025-02-16,S/Z,Strength Zone,800.00,,800.00,due_or_unpaid,R,,,FEB 2025,2026-09-10 09:29:17.056572+00
13949,2025-02-01,55,JAWAID F,2025-02-16,S/Z,Strength Zone,800.00,,800.00,due_or_unpaid,R,,,FEB 2025,2026-09-10 09:29:17.056572+00
13950,2025-02-01,56,BOBIDUL ISLAM A,2025-02-16,G/F,General Fitness,1000.00,,1000.00,due_or_unpaid,R,,,FEB 2025,2026-09-10 09:29:17.056572+00
13951,2025-02-01,57,ABDUL KHALAK J,2025-02-16,G/F,General Fitness,1000.00,,1000.00,due_or_unpaid,R,,,FEB 2025,2026-09-10 09:29:17.056572+00
13952,2025-02-01,58,MEHERUL HAQUE.S,2025-02-16,G/F,General Fitness,1000.00,,1000.00,due_or_unpaid,R,,,FEB 2025,2026-09-10 09:29:17.056572+00
13953,2025-02-01,59,JAGADEESH M,2025-02-16,G/F,General Fitness,1000.00,,1000.00,due_or_unpaid,R,,,FEB 2025,2026-09-10 09:29:17.056572+00
13954,2025-02-01,60,FAYAZ AHMED A,2025-02-16,S/Z,Strength Zone,800.00,,800.00,due_or_unpaid,R,,,FEB 2025,2026-09-10 09:29:17.056572+00
13955,2025-02-01,61,MAMIDUL ALI,2025-02-17,S/Z,Strength Zone,800.00,,800.00,due_or_unpaid,R,,,FEB 2025,2026-09-10 09:29:17.056572+00
13956,2025-02-01,62,VINOTH KUMAR C,2025-02-17,G/F,General Fitness,800.00,,800.00,due_or_unpaid,R,,,FEB 2025,2026-09-10 09:29:17.056572+00
13957,2025-02-01,63,ABDUL BATIN U,2025-02-17,S/Z,Strength Zone,800.00,,800.00,due_or_unpaid,R,,,FEB 2025,2026-09-10 09:29:17.056572+00
13958,2025-02-01,64,NILCHAN ALI,2025-02-17,S/Z,Strength Zone,800.00,,800.00,due_or_unpaid,R,,,FEB 2025,2026-09-10 09:29:17.056572+00
13959,2025-02-01,65,MOMIRUL HOQUE,2025-02-17,S/Z,Strength Zone,800.00,,800.00,due_or_unpaid,R,,,FEB 2025,2026-09-10 09:29:17.056572+00
13960,2025-02-01,66,AMIR HAMJA,2025-02-17,S/Z,Strength Zone,800.00,,800.00,due_or_unpaid,R,,,FEB 2025,2026-09-10 09:29:17.056572+00
13961,2025-02-01,67,SUNIL R,2025-02-17,G/F,General Fitness,4000.00,,4000.00,due_or_unpaid,R,,,FEB 2025,2026-09-10 09:29:17.056572+00
13962,2025-02-01,68,SUDHAKAR S,2025-02-17,S/Z,Strength Zone,800.00,,800.00,due_or_unpaid,R,,,FEB 2025,2026-09-10 09:29:17.056572+00
13963,2025-02-01,69,AMINUL ISLAM MD,2025-02-18,S/Z,Strength Zone,800.00,,800.00,due_or_unpaid,R,,,FEB 2025,2026-09-10 09:29:17.056572+00
13964,2025-02-01,70,TAFIKUL ISLAM,2025-02-18,G/F,General Fitness,1000.00,,800.00,due_or_unpaid,R,,,FEB 2025,2026-09-10 09:29:17.056572+00
13965,2025-02-01,71,ALKASH,2025-02-19,S/Z,Strength Zone,800.00,,800.00,due_or_unpaid,R,,,FEB 2025,2026-09-10 09:29:17.056572+00
13966,2025-02-01,72,HAFIZUR RAHMAM,2025-02-19,S/Z,Strength Zone,800.00,,800.00,due_or_unpaid,R,,,FEB 2025,2026-09-10 09:29:17.056572+00
13967,2025-02-01,73,MOJNUR,2025-02-19,S/Z,Strength Zone,800.00,,800.00,due_or_unpaid,R,,,FEB 2025,2026-09-10 09:29:17.056572+00
13968,2025-02-01,74,YOGESH R,2025-02-19,S/Z,Strength Zone,800.00,,800.00,due_or_unpaid,R,,,FEB 2025,2026-09-10 09:29:17.056572+00
13969,2025-02-01,75,NAVAS,2025-02-19,G/F,General Fitness,1000.00,,800.00,due_or_unpaid,R,,,FEB 2025,2026-09-10 09:29:17.056572+00
13970,2025-02-01,76,TAYABUR RAHMAN A,2025-02-20,S/Z,Strength Zone,800.00,800.00,0.00,paid,PAID,,,FEB 2025,2026-09-10 09:29:17.056572+00
13971,2025-02-01,77,NAVEEN R,2025-02-24,S/Z,Strength Zone,800.00,,800.00,due_or_unpaid,R,,,FEB 2025,2026-09-10 09:29:17.056572+00
13972,2025-02-01,78,RATHISH KUMAR,2025-02-23,G/F,General Fitness,1000.00,,800.00,due_or_unpaid,R,,,FEB 2025,2026-09-10 09:29:17.056572+00
13973,2025-02-01,79,DARVIN RAJ J,2025-02-23,S/Z,Strength Zone,800.00,,800.00,due_or_unpaid,R,,,FEB 2025,2026-09-10 09:29:17.056572+00
13974,2025-02-01,80,PRASANTH S,2025-02-23,S/Z,Strength Zone,800.00,,800.00,due_or_unpaid,R,,,FEB 2025,2026-09-10 09:29:17.056572+00
13975,2025-02-01,81,GURU SHANKAR,2025-02-23,S/Z,Strength Zone,800.00,,800.00,due_or_unpaid,R,,,FEB 2025,2026-09-10 09:29:17.056572+00
13976,2025-02-01,82,NARJUL ISLAM A,2025-02-23,S/Z,Strength Zone,800.00,,800.00,due_or_unpaid,R,,,FEB 2025,2026-09-10 09:29:17.056572+00
13977,2025-02-01,83,SANGIT KUMAR SAMANTHA,2025-02-23,G/F,General Fitness,1000.00,,800.00,due_or_unpaid,R,,,FEB 2025,2026-09-10 09:29:17.056572+00
13978,2025-02-01,84,RAGUL A,2025-02-23,S/Z,Strength Zone,800.00,800.00,0.00,paid,PAID,,,FEB 2025,2026-09-10 09:29:17.056572+00
13979,2025-02-01,85,ASWINI SAGAR SWAIN,2025-02-24,S/Z,Strength Zone,800.00,,800.00,due_or_unpaid,R,,,FEB 2025,2026-09-10 09:29:17.056572+00
13980,2025-02-01,86,DEEPAK M,2025-02-24,S/Z,Strength Zone,800.00,,800.00,due_or_unpaid,R,,,FEB 2025,2026-09-10 09:29:17.056572+00
13981,2025-02-01,87,VINOTH R,2025-02-24,S/Z,Strength Zone,800.00,,800.00,due_or_unpaid,R,,,FEB 2025,2026-09-10 09:29:17.056572+00
13982,2025-02-01,88,NATHAN K,2025-02-25,S/Z,Strength Zone,800.00,,800.00,due_or_unpaid,R,,,FEB 2025,2026-09-10 09:29:17.056572+00
13983,2025-02-01,89,MOIN UDDIN A,2025-02-25,S/Z,Strength Zone,800.00,,800.00,due_or_unpaid,R,,,FEB 2025,2026-09-10 09:29:17.056572+00
13984,2025-02-01,90,ALI AHMED R,2025-02-25,S/Z,Strength Zone,800.00,,800.00,due_or_unpaid,R,,,FEB 2025,2026-09-10 09:29:17.056572+00
13985,2025-02-01,91,ABINASH S,2025-02-27,S/Z,Strength Zone,800.00,800.00,0.00,paid,PAID,,,FEB 2025,2026-09-10 09:29:17.056572+00
13986,2025-02-01,92,ARAVIND S,2025-02-28,S/Z,Strength Zone,800.00,,800.00,due_or_unpaid,R,,,FEB 2025,2026-09-10 09:29:17.056572+00
13987,2025-02-01,93,ASHADUL,,G/F,General Fitness,1000.00,,800.00,due_or_unpaid,R,,,FEB 2025,2026-09-10 09:29:17.056572+00
13988,2025-02-01,94,GUHAN A,,S/Z,Strength Zone,800.00,,800.00,due_or_unpaid,R,,,FEB 2025,2026-09-10 09:29:17.056572+00
13989,2025-02-01,95,ROKIBUL HUSSAIN A,,S/Z,Strength Zone,800.00,,800.00,due_or_unpaid,R,,,FEB 2025,2026-09-10 09:29:17.056572+00
13990,2025-02-01,96,MERVYN,2025-10-01,G/F,General Fitness,7000.00,,7000.00,paid,PAID,,,FEB 2025,2026-09-10 09:29:17.056572+00
13991,2025-02-01,97,MICHAEL A,2025-02-01,S/Z,Strength Zone,800.00,,800.00,due_or_unpaid,R,,,FEB 2025,2026-09-10 09:29:17.056572+00
13992,2025-02-01,98,SUGAN RAJ M,2025-02-01,S/Z,Strength Zone,800.00,,800.00,due_or_unpaid,R,,,FEB 2025,2026-09-10 09:29:17.056572+00
13993,2025-02-01,99,SHUTRUGHAN KUMAR R,2025-02-01,S/Z,Strength Zone,800.00,,800.00,due_or_unpaid,R,,,FEB 2025,2026-09-10 09:29:17.056572+00
13994,2025-02-01,100,DAVID A,2025-02-02,G/F,General Fitness,1000.00,,1000.00,due_or_unpaid,R,,,FEB 2025,2026-09-10 09:29:17.056572+00
13995,2025-02-01,101,PETER A,2025-02-02,G/F,General Fitness,1000.00,,1000.00,due_or_unpaid,R,,,FEB 2025,2026-09-10 09:29:17.056572+00
13996,2025-02-01,102,KUMARAN M,2025-02-02,S/Z,Strength Zone,800.00,800.00,0.00,paid,PAID,,,FEB 2025,2026-09-10 09:29:17.056572+00
13997,2025-02-01,103,CHARAN KUMAR V,2025-02-02,S/Z,Strength Zone,800.00,,800.00,due_or_unpaid,R,,,FEB 2025,2026-09-10 09:29:17.056572+00
13998,2025-02-01,104,SETTU E,2025-01-03,S/Z,Strength Zone,800.00,,800.00,due_or_unpaid,R,,,FEB 2025,2026-09-10 09:29:17.056572+00
13999,2025-02-01,105,NITHISH KUMAR S,2025-02-04,S/Z,Strength Zone,800.00,,800.00,due_or_unpaid,R,,,FEB 2025,2026-09-10 09:29:17.056572+00
14000,2025-02-01,106,RAMESH S,2025-02-04,G/F,General Fitness,1000.00,,1000.00,due_or_unpaid,R,,,FEB 2025,2026-09-10 09:29:17.056572+00
14001,2025-02-01,107,SANJAN V,2025-02-05,S/Z,Strength Zone,800.00,,800.00,due_or_unpaid,R,,,FEB 2025,2026-09-10 09:29:17.056572+00
14002,2025-02-01,108,DIVAKAR M,2025-02-05,G/F,General Fitness,1000.00,,1000.00,due_or_unpaid,R,,,FEB 2025,2026-09-10 09:29:17.056572+00
14003,2025-02-01,109,DANIEL R,2025-02-05,S/Z,Strength Zone,800.00,800.00,0.00,paid,PAID,,,FEB 2025,2026-09-10 09:29:17.056572+00
14004,2025-02-01,110,MANIKANADAN,2025-02-07,G/F,General Fitness,1000.00,,1000.00,due_or_unpaid,R,,,FEB 2025,2026-09-10 09:29:17.056572+00
14005,2025-02-01,111,PRITHIVIKASH,2025-02-26,S/Z,Strength Zone,800.00,,800.00,due_or_unpaid,R,,,FEB 2025,2026-09-10 09:29:17.056572+00
14006,2025-02-01,112,CHANDRU,2025-02-08,S/Z,Strength Zone,800.00,,800.00,due_or_unpaid,R,,,FEB 2025,2026-09-10 09:29:17.056572+00
14007,2025-02-01,113,SANJAY J,2025-02-08,S/Z,Strength Zone,800.00,,800.00,due_or_unpaid,R,,,FEB 2025,2026-09-10 09:29:17.056572+00
14008,2025-02-01,114,AJITH D,2025-02-09,S/Z,Strength Zone,800.00,,800.00,due_or_unpaid,R,,,FEB 2025,2026-09-10 09:29:17.056572+00
14009,2025-02-01,115,SANJAY B,2025-02-09,S/Z,Strength Zone,800.00,,800.00,due_or_unpaid,R,,,FEB 2025,2026-09-10 09:29:17.056572+00
14010,2025-02-01,116,TAMIL SELVAN M,2025-02-12,S/Z,Strength Zone,800.00,800.00,0.00,paid,PAID,,,FEB 2025,2026-09-10 09:29:17.056572+00
14011,2025-02-01,117,ARUN YADAV,2025-02-12,S/Z,Strength Zone,800.00,,800.00,due_or_unpaid,R,,,FEB 2025,2026-09-10 09:29:17.056572+00
14012,2025-02-01,118,GIRI S,2025-02-13,S/Z,Strength Zone,800.00,,800.00,due_or_unpaid,R,,,FEB 2025,2026-09-10 09:29:17.056572+00
14013,2025-02-01,119,JOHNSON S,2025-02-14,S/Z,Strength Zone,800.00,,800.00,due_or_unpaid,R,,,FEB 2025,2026-09-10 09:29:17.056572+00
14014,2025-02-01,120,DEEPAK BILUNG,2025-02-15,S/Z,Strength Zone,800.00,,800.00,due_or_unpaid,R,,,FEB 2025,2026-09-10 09:29:17.056572+00
14015,2025-02-01,121,BINU,2025-02-15,S/Z,Strength Zone,800.00,,800.00,due_or_unpaid,R,,,FEB 2025,2026-09-10 09:29:17.056572+00
14016,2025-02-01,122,SOHEL RANA,2025-02-16,G/F,General Fitness,1000.00,,1000.00,due_or_unpaid,R,,,FEB 2025,2026-09-10 09:29:17.056572+00
14017,2025-02-01,123,CHAITANYA K,2025-02-17,G/F,General Fitness,1000.00,,1000.00,due_or_unpaid,R,,,FEB 2025,2026-09-10 09:29:17.056572+00
14018,2025-02-01,124,KATHIRAVAN.E,2025-02-18,S/Z,Strength Zone,800.00,,800.00,due_or_unpaid,R,,,FEB 2025,2026-09-10 09:29:17.056572+00
14019,2025-02-01,125,MOORTHY R,2025-02-18,S/Z,Strength Zone,800.00,,800.00,due_or_unpaid,R,,,FEB 2025,2026-09-10 09:29:17.056572+00
14020,2025-02-01,126,SANJAY S,2025-02-18,S/Z,Strength Zone,800.00,,800.00,due_or_unpaid,R,,,FEB 2025,2026-09-10 09:29:17.056572+00
14021,2025-02-01,127,PERUMAL V,2025-02-19,S/Z,Strength Zone,800.00,,800.00,due_or_unpaid,R,,,FEB 2025,2026-09-10 09:29:17.056572+00
14022,2025-02-01,128,EMAMUL HUSSAIN A,2025-02-20,S/Z,Strength Zone,800.00,,800.00,due_or_unpaid,R,,,FEB 2025,2026-09-10 09:29:17.056572+00
14023,2025-02-01,129,JEEVA M,2025-02-21,S/Z,Strength Zone,800.00,1000.00,0.00,paid,PAID,,,FEB 2025,2026-09-10 09:29:17.056572+00
14024,2025-02-01,130,ARAVIND S,2025-04-26,S/Z,Strength Zone,2300.00,,800.00,paid,PAID,,,FEB 2025,2026-09-10 09:29:17.056572+00
14025,2025-02-01,131,SURESH P,2025-02-28,S/Z,Strength Zone,800.00,,800.00,due_or_unpaid,R,,,FEB 2025,2026-09-10 09:29:17.056572+00
14026,2025-02-01,132,KAMAL M,2025-02-28,S/Z,Strength Zone,800.00,,800.00,due_or_unpaid,R,,,FEB 2025,2026-09-10 09:29:17.056572+00
14027,2025-02-01,133,FARHAN,,S/Z,Strength Zone,800.00,,800.00,due_or_unpaid,R,,,FEB 2025,2026-09-10 09:29:17.056572+00
14028,2025-02-01,134,HARISHIT D,,S/Z,Strength Zone,800.00,,800.00,due_or_unpaid,R,,,FEB 2025,2026-09-10 09:29:17.056572+00
14029,2025-02-01,135,BALAJI Y,2025-02-01,G/F,General Fitness,800.00,800.00,0.00,paid,PAID,,,FEB 2025,2026-09-10 09:29:17.056572+00
14030,2025-02-01,136,PETER A,2026-04-01,G/F,General Fitness,7500.00,,7500.00,paid,PAID,,,FEB 2025,2026-09-10 09:29:17.056572+00
14031,2025-02-01,137,KAMESH R,2025-02-02,S/Z,Strength Zone,800.00,,800.00,due_or_unpaid,R,,,FEB 2025,2026-09-10 09:29:17.056572+00
14032,2025-02-01,138,PREM S,2025-02-04,S/Z,Strength Zone,800.00,,800.00,due_or_unpaid,R,,,FEB 2025,2026-09-10 09:29:17.056572+00
14033,2025-02-01,139,VIMAL RAJ R,2025-02-04,S/Z,Strength Zone,800.00,800.00,0.00,paid,PAID,,,FEB 2025,2026-09-10 09:29:17.056572+00
14034,2025-02-01,140,JOSEPH,2025-02-04,S/Z,Strength Zone,800.00,800.00,0.00,paid,PAID,,,FEB 2025,2026-09-10 09:29:17.056572+00
14035,2025-02-01,141,ALI IMRAN A,2025-02-04,G/F,General Fitness,1000.00,1000.00,0.00,paid,PAID,,,FEB 2025,2026-09-10 09:29:17.056572+00
14036,2025-02-01,142,HAZRAT ALI,2025-02-05,S/Z,Strength Zone,800.00,,800.00,due_or_unpaid,R,,,FEB 2025,2026-09-10 09:29:17.056572+00
14037,2025-02-01,143,MAHESHWAR GOPE,2025-02-05,S/Z,Strength Zone,800.00,,800.00,due_or_unpaid,R,,,FEB 2025,2026-09-10 09:29:17.056572+00
14038,2025-02-01,144,SAKTHI DS,2025-02-09,S/Z,Strength Zone,800.00,,800.00,due_or_unpaid,R,,,FEB 2025,2026-09-10 09:29:17.056572+00
14039,2025-02-01,145,MUKESH S,2025-02-09,S/Z,Strength Zone,800.00,,800.00,due_or_unpaid,R,,,FEB 2025,2026-09-10 09:29:17.056572+00
14040,2025-02-01,146,AKASH SATHIVEL,2025-02-10,G/F,General Fitness,1000.00,,1000.00,due_or_unpaid,R,,,FEB 2025,2026-09-10 09:29:17.056572+00
14041,2025-02-01,147,SARAN RAJ S,2025-02-10,G/F,General Fitness,1000.00,,1000.00,due_or_unpaid,R,,,FEB 2025,2026-09-10 09:29:17.056572+00
14042,2025-02-01,148,SUDHAKAR S,2025-02-11,G/F,General Fitness,800.00,800.00,0.00,paid,PAID,,,FEB 2025,2026-09-10 09:29:17.056572+00
14043,2025-02-01,149,UMAMAHESWARA RAO,2025-02-11,G/F,General Fitness,1000.00,,3200.00,due_or_unpaid,R,,,FEB 2025,2026-09-10 09:29:17.056572+00
14044,2025-02-01,150,BARKATHULLAM K A,2025-02-13,G/F,General Fitness,1000.00,,1000.00,due_or_unpaid,R,,,FEB 2025,2026-09-10 09:29:17.056572+00
14045,2025-02-01,151,ABDUL KALAM A,2025-02-13,G/F,General Fitness,1000.00,,1000.00,due_or_unpaid,R,,,FEB 2025,2026-09-10 09:29:17.056572+00
14046,2025-02-01,152,JARDIS SK M,2025-02-13,S/Z,Strength Zone,800.00,,800.00,due_or_unpaid,R,,,FEB 2025,2026-09-10 09:29:17.056572+00
14047,2025-02-01,153,MANOJ M,2025-02-14,S/Z,Strength Zone,800.00,,800.00,due_or_unpaid,R,,,FEB 2025,2026-09-10 09:29:17.056572+00
14048,2025-02-01,154,NANTHA KUMAR A,2025-02-14,S/Z,Strength Zone,800.00,1000.00,0.00,paid,PAID,,,FEB 2025,2026-09-10 09:29:17.056572+00
14049,2025-02-01,155,MANOJ E,2025-02-14,S/Z,Strength Zone,800.00,800.00,0.00,paid,PAID,,,FEB 2025,2026-09-10 09:29:17.056572+00
14050,2025-02-01,156,PRAVEEN KUMAR S,2025-02-15,G/F,General Fitness,1000.00,,1000.00,due_or_unpaid,R,,,FEB 2025,2026-09-10 09:29:17.056572+00
14051,2025-02-01,157,SURYA S,2025-02-23,S/Z,Strength Zone,800.00,,800.00,due_or_unpaid,R,,,FEB 2025,2026-09-10 09:29:17.056572+00
14052,2025-02-01,158,MURALI S,2025-02-23,S/Z,Strength Zone,800.00,,800.00,due_or_unpaid,R,,,FEB 2025,2026-09-10 09:29:17.056572+00
14053,2025-02-01,159,RITHISH V,2025-02-18,S/Z,Strength Zone,800.00,800.00,0.00,paid,PAID,,,FEB 2025,2026-09-10 09:29:17.056572+00
14054,2025-02-01,160,EMIMAL M,2025-02-19,G/F,General Fitness,1000.00,,800.00,due_or_unpaid,R,,,FEB 2025,2026-09-10 09:29:17.056572+00
14055,2025-02-01,161,YUVAN SHANKAR T,2025-02-20,S/Z,Strength Zone,800.00,800.00,0.00,paid,PAID,,,FEB 2025,2026-09-10 09:29:17.056572+00
14056,2025-02-01,162,JENIFER S,2025-02-04,G/F,General Fitness,1000.00,1000.00,0.00,paid,PAID,,,FEB 2025,2026-09-10 09:29:17.056572+00
14057,2025-02-01,163,SANJEEV D.S,2025-02-04,S/Z,Strength Zone,800.00,800.00,0.00,paid,PAID,,,FEB 2025,2026-09-10 09:29:17.056572+00
14058,2025-02-01,164,VASANTH KUMAR G,2025-02-05,S/Z,Strength Zone,800.00,800.00,0.00,paid,PAID,,,FEB 2025,2026-09-10 09:29:17.056572+00
14059,2025-02-01,165,KISHORE KUMAR V,2025-02-07,S/Z,Strength Zone,800.00,,800.00,due_or_unpaid,R,,,FEB 2025,2026-09-10 09:29:17.056572+00
14060,2025-02-01,166,SANTHOSH KUMAR S,2025-02-07,S/Z,Strength Zone,800.00,,800.00,due_or_unpaid,R,,,FEB 2025,2026-09-10 09:29:17.056572+00
14061,2025-02-01,167,SANTHOSH KUMAR A,2025-02-09,S/Z,Strength Zone,800.00,800.00,0.00,paid,PAID,,,FEB 2025,2026-09-10 09:29:17.056572+00
14062,2025-02-01,168,ETHIRAJ T,2025-02-09,S/Z,Strength Zone,800.00,,800.00,due_or_unpaid,R,,,FEB 2025,2026-09-10 09:29:17.056572+00
14063,2025-02-01,169,PRASANTH M,2025-02-10,G/F,General Fitness,1000.00,,1000.00,due_or_unpaid,R,,,FEB 2025,2026-09-10 09:29:17.056572+00
14064,2025-02-01,170,RAGHUL R,2025-02-12,S/Z,Strength Zone,800.00,,800.00,due_or_unpaid,R,,,FEB 2025,2026-09-10 09:29:17.056572+00
14065,2025-02-01,171,GOWTHAM S,2025-02-16,G/F,General Fitness,1000.00,,1000.00,due_or_unpaid,R,,,FEB 2025,2026-09-10 09:29:17.056572+00
14066,2025-02-01,172,RAJESH S,2025-02-16,G/F,General Fitness,1000.00,1000.00,0.00,paid,PAID,,,FEB 2025,2026-09-10 09:29:17.056572+00
14067,2025-02-01,173,AATHIYAPPAN S,2025-02-18,S/Z,Strength Zone,800.00,800.00,0.00,paid,PAID,,,FEB 2025,2026-09-10 09:29:17.056572+00
14068,2025-02-01,174,GODSON PRAVEEN J,2025-02-19,G/F,General Fitness,1000.00,,800.00,due_or_unpaid,R,,,FEB 2025,2026-09-10 09:29:17.056572+00
14069,2025-02-01,175,KABILAN R,2025-02-26,S/Z,Strength Zone,800.00,,800.00,due_or_unpaid,R,,,FEB 2025,2026-09-10 09:29:17.056572+00
14070,2025-02-01,176,KAMAL S,2025-02-28,S/Z,Strength Zone,1000.00,,800.00,due_or_unpaid,R,,,FEB 2025,2026-09-10 09:29:17.056572+00
14071,2025-02-01,177,MOHAMED ASHWAQ S,2025-02-02,S/Z,Strength Zone,800.00,,800.00,due_or_unpaid,R,,,FEB 2025,2026-09-10 09:29:17.056572+00
14072,2025-02-01,178,VICKY,2025-02-03,S/Z,Strength Zone,800.00,,800.00,due_or_unpaid,R,,,FEB 2025,2026-09-10 09:29:17.056572+00
14073,2025-02-01,179,PAPPU KUMAR D,2025-02-04,G/F,General Fitness,1000.00,1000.00,0.00,paid,PAID,,,FEB 2025,2026-09-10 09:29:17.056572+00
14074,2025-02-01,180,DEEPAK G,2025-02-05,G/F,General Fitness,1000.00,,1000.00,due_or_unpaid,R,,,FEB 2025,2026-09-10 09:29:17.056572+00
14075,2025-02-01,181,AGILESHWARAN M,2025-02-09,S/Z,Strength Zone,800.00,800.00,0.00,paid,PAID,,,FEB 2025,2026-09-10 09:29:17.056572+00
14076,2025-02-01,182,MUKESH R,2025-02-11,S/Z,Strength Zone,800.00,800.00,0.00,paid,PAID,,,FEB 2025,2026-09-10 09:29:17.056572+00
14077,2025-02-01,183,SACHIN AARON T,2025-02-17,S/Z,Strength Zone,800.00,800.00,0.00,paid,PAID,,,FEB 2025,2026-09-10 09:29:17.056572+00
14078,2025-02-01,184,SANTHOSH R,2025-07-21,S/Z,Strength Zone,4500.00,,800.00,paid,PAID,,,FEB 2025,2026-09-10 09:29:17.056572+00
14079,2025-02-01,185,VISHNU VARTHAN S,2025-02-21,S/Z,Strength Zone,800.00,800.00,0.00,paid,PAID,,,FEB 2025,2026-09-10 09:29:17.056572+00
14080,2025-02-01,186,MOGESH V,2025-02-25,S/Z,Strength Zone,800.00,,800.00,due_or_unpaid,R,,,FEB 2025,2026-09-10 09:29:17.056572+00
14081,2025-02-01,187,VISHWA R A,2025-02-27,S/Z,Strength Zone,800.00,37050.00,0.00,paid,R,,,FEB 2025,2026-09-10 09:29:17.056572+00
14082,2025-02-01,188,RAMASUBRAMANI K,2025-07-29,S/Z,Strength Zone,3200.00,,800.00,paid,PAID,,,FEB 2025,2026-09-10 09:29:17.056572+00
14083,2025-02-01,189,DHANASINGH P,2025-07-29,S/Z,Strength Zone,3200.00,,800.00,paid,PAID,,,FEB 2025,2026-09-10 09:29:17.056572+00
14084,2025-03-01,1,SUNDHAR M,2025-03-09,S/Z,Strength Zone,800.00,,800.00,due_or_unpaid,R,,,MAR 2025,2026-09-10 09:29:17.056572+00
14085,2025-03-01,2,NITHYASEELAN P,2025-03-09,S/Z,Strength Zone,800.00,,800.00,due_or_unpaid,R,,,MAR 2025,2026-09-10 09:29:17.056572+00
14086,2025-03-01,3,SANJEEVA REDDY C,2026-01-09,S/Z,Strength Zone,800.00,,6000.00,paid,PAID,,,MAR 2025,2026-09-10 09:29:17.056572+00
14087,2025-03-01,4,ABDUL RAHMAN A,2025-03-09,S/Z,Strength Zone,800.00,,800.00,due_or_unpaid,R,,,MAR 2025,2026-09-10 09:29:17.056572+00
14088,2025-03-01,5,SANTHOSH KUMAR G,2025-03-09,G/F,General Fitness,1000.00,,1000.00,due_or_unpaid,R,,,MAR 2025,2026-09-10 09:29:17.056572+00
14089,2025-03-01,6,SATHISH KUMAR J,2025-03-09,G/F,General Fitness,1000.00,1000.00,0.00,paid,PAID,,,MAR 2025,2026-09-10 09:29:17.056572+00
14090,2025-03-01,7,VIJAYABABU C,2026-01-09,G/F,General Fitness,6000.00,,6000.00,paid,PAID,,,MAR 2025,2026-09-10 09:29:17.056572+00
14091,2025-03-01,8,ISTJHAR AHAMAD,2025-03-09,G/F,General Fitness,1000.00,,1000.00,due_or_unpaid,R,,,MAR 2025,2026-09-10 09:29:17.056572+00
14092,2025-03-01,9,MUBARAK ALI,2025-03-09,S/Z,Strength Zone,800.00,,800.00,due_or_unpaid,R,,,MAR 2025,2026-09-10 09:29:17.056572+00
14093,2025-03-01,10,GULJOR HUSSAIN,2025-03-09,S/Z,Strength Zone,800.00,,800.00,due_or_unpaid,R,,,MAR 2025,2026-09-10 09:29:17.056572+00
14094,2025-03-01,11,SURHAB ALI,2025-03-09,S/Z,Strength Zone,800.00,,800.00,due_or_unpaid,R,,,MAR 2025,2026-09-10 09:29:17.056572+00
14095,2025-03-01,12,SATHYA M,2025-03-09,G/F,General Fitness,800.00,,800.00,due_or_unpaid,R,,,MAR 2025,2026-09-10 09:29:17.056572+00
14096,2025-03-01,13,PORTAP CHETRY,2025-03-09,S/Z,Strength Zone,800.00,,800.00,due_or_unpaid,R,,,MAR 2025,2026-09-10 09:29:17.056572+00
14097,2025-03-01,14,TAMIL,2025-03-09,G/F,General Fitness,1000.00,,1000.00,due_or_unpaid,R,,,MAR 2025,2026-09-10 09:29:17.056572+00
14098,2025-03-01,15,DEEPAK M,2025-04-09,S/Z,Strength Zone,800.00,,3000.00,paid,PAID,,,MAR 2025,2026-09-10 09:29:17.056572+00
14099,2025-03-01,16,SARATH KUMAR A,2025-03-10,S/Z,Strength Zone,800.00,,800.00,due_or_unpaid,R,,,MAR 2025,2026-09-10 09:29:17.056572+00
14100,2025-03-01,17,UDHAYA PANDIAN,2025-03-10,G/F,General Fitness,1000.00,,1000.00,due_or_unpaid,R,,,MAR 2025,2026-09-10 09:29:17.056572+00
14101,2025-03-01,18,MANJIT KUMAR,2025-03-09,S/Z,Strength Zone,800.00,,800.00,due_or_unpaid,R,,,MAR 2025,2026-09-10 09:29:17.056572+00
14102,2025-03-01,19,YUVARAJ C,2025-11-10,G/F,General Fitness,7000.00,,7000.00,paid,PAID,3000.0,,MAR 2025,2026-09-10 09:29:17.056572+00
14103,2025-03-01,20,CHARLES,2025-03-09,S/Z,Strength Zone,800.00,,800.00,due_or_unpaid,R,,,MAR 2025,2026-09-10 09:29:17.056572+00
14104,2025-03-01,21,DHANUSH V,2025-03-10,S/Z,Strength Zone,800.00,,800.00,due_or_unpaid,R,,,MAR 2025,2026-09-10 09:29:17.056572+00
14105,2025-03-01,22,BOLORAM PONIKA A.J,2025-03-10,S/Z,Strength Zone,800.00,,800.00,due_or_unpaid,R,,,MAR 2025,2026-09-10 09:29:17.056572+00
14106,2025-03-01,23,PRASANTH M,2025-03-10,S/Z,Strength Zone,800.00,,800.00,due_or_unpaid,R,,,MAR 2025,2026-09-10 09:29:17.056572+00
14107,2025-03-01,24,RAHUL R,2025-04-11,S/Z,Strength Zone,800.00,,3000.00,paid,PAID,,,MAR 2025,2026-09-10 09:29:17.056572+00
14108,2025-03-01,25,SANTHOSH M,2025-03-11,S/Z,Strength Zone,800.00,,800.00,due_or_unpaid,R,,,MAR 2025,2026-09-10 09:29:17.056572+00
14109,2025-03-01,26,MAZID ALI,2025-03-11,S/Z,Strength Zone,800.00,,800.00,due_or_unpaid,R,,,MAR 2025,2026-09-10 09:29:17.056572+00
14110,2025-03-01,27,SADIKUL ISLAM,2025-03-11,S/Z,Strength Zone,800.00,,800.00,due_or_unpaid,R,,,MAR 2025,2026-09-10 09:29:17.056572+00
14111,2025-03-01,28,LAKSHWANTH,2026-02-11,G/F,General Fitness,7499.00,,7499.00,paid,PAID,,,MAR 2025,2026-09-10 09:29:17.056572+00
14112,2025-03-01,29,GOWTHAM A,2025-03-11,S/Z,Strength Zone,800.00,,800.00,due_or_unpaid,R,,,MAR 2025,2026-09-10 09:29:17.056572+00
14113,2025-03-01,30,PRADEEP Y,2025-03-11,S/Z,Strength Zone,800.00,800.00,0.00,paid,PAID,,,MAR 2025,2026-09-10 09:29:17.056572+00
14114,2025-03-01,31,ROHIT R,2025-03-12,S/Z,Strength Zone,800.00,800.00,0.00,paid,PAID,,,MAR 2025,2026-09-10 09:29:17.056572+00
14115,2025-03-01,32,RISHI M,2025-03-12,S/Z,Strength Zone,800.00,800.00,0.00,paid,PAID,,,MAR 2025,2026-09-10 09:29:17.056572+00
14116,2025-03-01,33,GOPAL B,2025-03-12,S/Z,Strength Zone,800.00,,800.00,due_or_unpaid,R,,,MAR 2025,2026-09-10 09:29:17.056572+00
14117,2025-03-01,34,KODOM ALI D,2025-03-13,S/Z,Strength Zone,800.00,,800.00,due_or_unpaid,R,,,MAR 2025,2026-09-10 09:29:17.056572+00
14118,2025-03-01,35,SUJAB ALI A,2025-03-13,S/Z,Strength Zone,800.00,,800.00,due_or_unpaid,R,,,MAR 2025,2026-09-10 09:29:17.056572+00
14119,2025-03-01,36,ASHABUL HOQUE S,2025-03-13,S/Z,Strength Zone,800.00,,800.00,due_or_unpaid,R,,,MAR 2025,2026-09-10 09:29:17.056572+00
14120,2025-03-01,37,SURESH K,2025-03-13,G/F,General Fitness,1000.00,,1000.00,due_or_unpaid,R,,,MAR 2025,2026-09-10 09:29:17.056572+00
14121,2025-03-01,38,YUVARAJ B,2025-03-13,S/F,,800.00,800.00,0.00,paid,PAID,,,MAR 2025,2026-09-10 09:29:17.056572+00
14122,2025-03-01,39,BALAKUMAR M,2025-03-13,G/F,General Fitness,1000.00,1000.00,0.00,paid,PAID,,,MAR 2025,2026-09-10 09:29:17.056572+00
14123,2025-03-01,40,SIDDHARTH V,2025-03-13,S/Z,Strength Zone,800.00,,800.00,due_or_unpaid,R,,,MAR 2025,2026-09-10 09:29:17.056572+00
14124,2025-03-01,41,VAJARAVEL BALA A,2025-03-13,G/F,General Fitness,1000.00,,1000.00,due_or_unpaid,R,,,MAR 2025,2026-09-10 09:29:17.056572+00
14125,2025-03-01,42,SARAVANAN K,2025-03-13,S/Z,Strength Zone,800.00,,800.00,due_or_unpaid,R,,,MAR 2025,2026-09-10 09:29:17.056572+00
14126,2025-03-01,43,ARJUN S,2025-03-13,S/Z,Strength Zone,800.00,,800.00,due_or_unpaid,R,,,MAR 2025,2026-09-10 09:29:17.056572+00
14127,2025-03-01,44,RAM PRASAD,2025-03-14,G/F,General Fitness,1000.00,,1000.00,due_or_unpaid,R,,,MAR 2025,2026-09-10 09:29:17.056572+00
14128,2025-03-01,45,SANTHOSH,2025-03-14,S/Z,Strength Zone,800.00,,800.00,due_or_unpaid,R,,,MAR 2025,2026-09-10 09:29:17.056572+00
14129,2025-03-01,46,SRI RAM R,2025-03-14,S/Z,Strength Zone,1000.00,1000.00,0.00,paid,PAID,,,MAR 2025,2026-09-10 09:29:17.056572+00
14130,2025-03-01,47,ANBU N,2025-03-14,G/F,General Fitness,1000.00,,1000.00,due_or_unpaid,R,,,MAR 2025,2026-09-10 09:29:17.056572+00
14131,2025-03-01,48,ARAVIND KUMAR P,2025-03-14,S/Z,Strength Zone,800.00,,800.00,due_or_unpaid,R,,,MAR 2025,2026-09-10 09:29:17.056572+00
14132,2025-03-01,49,ARUN S,2025-03-16,S/Z,Strength Zone,800.00,,800.00,due_or_unpaid,R,,,MAR 2025,2026-09-10 09:29:17.056572+00
14133,2025-03-01,50,AATHI,2025-03-16,S/Z,Strength Zone,800.00,,800.00,due_or_unpaid,R,,,MAR 2025,2026-09-10 09:29:17.056572+00
14134,2025-03-01,51,JOTHILINGAM R,2025-03-15,G/F,General Fitness,1000.00,,1000.00,due_or_unpaid,R,,,MAR 2025,2026-09-10 09:29:17.056572+00
14135,2025-03-01,52,VASANTH J,2026-01-15,S/Z,Strength Zone,1000.00,,6000.00,paid,PAID,,,MAR 2025,2026-09-10 09:29:17.056572+00
14136,2025-03-01,53,BETSY PAULINE V,2025-03-16,G/F,General Fitness,1000.00,1000.00,0.00,paid,PAID,,,MAR 2025,2026-09-10 09:29:17.056572+00
14137,2025-03-01,54,PREM KUMAR Y,2025-03-16,S/Z,Strength Zone,800.00,,800.00,due_or_unpaid,R,,,MAR 2025,2026-09-10 09:29:17.056572+00
14138,2025-03-01,55,JAWAID F,2025-03-16,S/Z,Strength Zone,800.00,,800.00,due_or_unpaid,R,,,MAR 2025,2026-09-10 09:29:17.056572+00
14139,2025-03-01,56,BOBIDUL ISLAM A,2025-03-16,G/F,General Fitness,1000.00,,1000.00,due_or_unpaid,R,,,MAR 2025,2026-09-10 09:29:17.056572+00
14140,2025-03-01,57,ABDUL KHALAK J,2025-03-16,G/F,General Fitness,1000.00,,1000.00,due_or_unpaid,R,,,MAR 2025,2026-09-10 09:29:17.056572+00
14141,2025-03-01,58,MEHERUL HAQUE.S,2025-03-16,G/F,General Fitness,1000.00,,1000.00,due_or_unpaid,R,,,MAR 2025,2026-09-10 09:29:17.056572+00
14142,2025-03-01,59,JAGADEESH M,2025-03-16,G/F,General Fitness,1000.00,,1000.00,due_or_unpaid,R,,,MAR 2025,2026-09-10 09:29:17.056572+00
14143,2025-03-01,60,FAYAZ AHMED A,2025-03-16,S/Z,Strength Zone,800.00,,800.00,due_or_unpaid,R,,,MAR 2025,2026-09-10 09:29:17.056572+00
14144,2025-03-01,61,MAMIDUL ALI,2025-03-17,S/Z,Strength Zone,800.00,,800.00,due_or_unpaid,R,,,MAR 2025,2026-09-10 09:29:17.056572+00
14145,2025-03-01,62,VINOTH KUMAR C,2025-03-17,G/F,General Fitness,800.00,,800.00,due_or_unpaid,R,,,MAR 2025,2026-09-10 09:29:17.056572+00
14146,2025-03-01,63,ABDUL BATIN U,2025-03-17,S/Z,Strength Zone,800.00,,800.00,due_or_unpaid,R,,,MAR 2025,2026-09-10 09:29:17.056572+00
14147,2025-03-01,64,NILCHAN ALI,2025-03-17,S/Z,Strength Zone,800.00,,800.00,due_or_unpaid,R,,,MAR 2025,2026-09-10 09:29:17.056572+00
14148,2025-03-01,65,MOMIRUL HOQUE,2025-03-17,S/Z,Strength Zone,800.00,,800.00,due_or_unpaid,R,,,MAR 2025,2026-09-10 09:29:17.056572+00
14149,2025-03-01,66,AMIR HAMJA,2025-03-17,S/Z,Strength Zone,800.00,,800.00,due_or_unpaid,R,,,MAR 2025,2026-09-10 09:29:17.056572+00
14150,2025-03-01,67,SUNIL R,2025-03-17,G/F,General Fitness,4000.00,,4000.00,due_or_unpaid,R,,,MAR 2025,2026-09-10 09:29:17.056572+00
14151,2025-03-01,68,SUDHAKAR S,2025-03-17,S/Z,Strength Zone,800.00,,800.00,due_or_unpaid,R,,,MAR 2025,2026-09-10 09:29:17.056572+00
14152,2025-03-01,69,AMINUL ISLAM MD,2025-03-18,S/Z,Strength Zone,800.00,,800.00,due_or_unpaid,R,,,MAR 2025,2026-09-10 09:29:17.056572+00
14153,2025-03-01,70,TAFIKUL ISLAM,2025-03-18,G/F,General Fitness,1000.00,,800.00,due_or_unpaid,R,,,MAR 2025,2026-09-10 09:29:17.056572+00
14154,2025-03-01,71,ALKASH,2025-03-19,S/Z,Strength Zone,800.00,,800.00,due_or_unpaid,R,,,MAR 2025,2026-09-10 09:29:17.056572+00
14155,2025-03-01,72,HAFIZUR RAHMAM,2025-03-19,S/Z,Strength Zone,800.00,,800.00,due_or_unpaid,R,,,MAR 2025,2026-09-10 09:29:17.056572+00
14156,2025-03-01,73,MOJNUR,2025-03-19,S/Z,Strength Zone,800.00,,800.00,due_or_unpaid,R,,,MAR 2025,2026-09-10 09:29:17.056572+00
14157,2025-03-01,74,YOGESH R,2025-03-19,S/Z,Strength Zone,800.00,,800.00,due_or_unpaid,R,,,MAR 2025,2026-09-10 09:29:17.056572+00
14158,2025-03-01,75,NAVAS,2025-03-19,G/F,General Fitness,1000.00,,800.00,due_or_unpaid,R,,,MAR 2025,2026-09-10 09:29:17.056572+00
14159,2025-03-01,76,TAYABUR RAHMAN A,2025-03-20,S/Z,Strength Zone,800.00,800.00,0.00,paid,PAID,,,MAR 2025,2026-09-10 09:29:17.056572+00
14160,2025-03-01,77,NAVEEN R,2025-03-24,S/Z,Strength Zone,800.00,,800.00,due_or_unpaid,R,,,MAR 2025,2026-09-10 09:29:17.056572+00
14161,2025-03-01,78,RATHISH KUMAR,2025-03-23,G/F,General Fitness,1000.00,1000.00,0.00,paid,PAID,,,MAR 2025,2026-09-10 09:29:17.056572+00
14162,2025-03-01,79,DARVIN RAJ J,2025-03-23,S/Z,Strength Zone,800.00,,800.00,due_or_unpaid,R,,,MAR 2025,2026-09-10 09:29:17.056572+00
14163,2025-03-01,80,PRASANTH S,2025-03-23,S/Z,Strength Zone,800.00,,800.00,due_or_unpaid,R,,,MAR 2025,2026-09-10 09:29:17.056572+00
14164,2025-03-01,81,GURU SHANKAR,2025-03-23,S/Z,Strength Zone,800.00,,800.00,due_or_unpaid,R,,,MAR 2025,2026-09-10 09:29:17.056572+00
14165,2025-03-01,82,NARJUL ISLAM A,2025-03-23,S/Z,Strength Zone,800.00,,800.00,due_or_unpaid,R,,,MAR 2025,2026-09-10 09:29:17.056572+00
14166,2025-03-01,83,SANGIT KUMAR SAMANTHA,2025-03-23,G/F,General Fitness,1000.00,,800.00,due_or_unpaid,R,,,MAR 2025,2026-09-10 09:29:17.056572+00
14167,2025-03-01,84,RAGUL A,2025-03-23,S/Z,Strength Zone,800.00,800.00,0.00,paid,PAID,,,MAR 2025,2026-09-10 09:29:17.056572+00
14168,2025-03-01,85,ASWINI SAGAR SWAIN,2025-03-24,S/Z,Strength Zone,800.00,,800.00,due_or_unpaid,R,,,MAR 2025,2026-09-10 09:29:17.056572+00
14169,2025-03-01,86,DEEPAK M,2025-03-24,S/Z,Strength Zone,800.00,,800.00,due_or_unpaid,R,,,MAR 2025,2026-09-10 09:29:17.056572+00
14170,2025-03-01,87,VINOTH R,2025-03-24,S/Z,Strength Zone,800.00,,800.00,due_or_unpaid,R,,,MAR 2025,2026-09-10 09:29:17.056572+00
14171,2025-03-01,88,NATHAN K,2025-03-25,S/Z,Strength Zone,800.00,,800.00,due_or_unpaid,R,,,MAR 2025,2026-09-10 09:29:17.056572+00
14172,2025-03-01,89,MOIN UDDIN A,2025-03-25,S/Z,Strength Zone,800.00,,800.00,due_or_unpaid,R,,,MAR 2025,2026-09-10 09:29:17.056572+00
14173,2025-03-01,90,ALI AHMED R,2025-03-25,S/Z,Strength Zone,800.00,,800.00,due_or_unpaid,R,,,MAR 2025,2026-09-10 09:29:17.056572+00
14174,2025-03-01,91,ABINASH S,2025-03-27,S/Z,Strength Zone,800.00,800.00,0.00,paid,PAID,,,MAR 2025,2026-09-10 09:29:17.056572+00
14175,2025-03-01,92,ARAVIND S,2025-03-28,S/Z,Strength Zone,800.00,,800.00,due_or_unpaid,R,,,MAR 2025,2026-09-10 09:29:17.056572+00
14176,2025-03-01,93,ASHADUL,2025-03-30,G/F,General Fitness,1000.00,,800.00,due_or_unpaid,R,,,MAR 2025,2026-09-10 09:29:17.056572+00
14177,2025-03-01,94,GUHAN A,2025-03-30,S/Z,Strength Zone,800.00,,800.00,due_or_unpaid,R,,,MAR 2025,2026-09-10 09:29:17.056572+00
14178,2025-03-01,95,ROKIBUL HUSSAIN A,2025-03-30,S/Z,Strength Zone,800.00,,800.00,due_or_unpaid,R,,,MAR 2025,2026-09-10 09:29:17.056572+00
14179,2025-03-01,96,MERVYN,2025-10-01,G/F,General Fitness,7000.00,,7000.00,paid,PAID,,,MAR 2025,2026-09-10 09:29:17.056572+00
14180,2025-03-01,97,MICHAEL A,2025-03-01,S/Z,Strength Zone,800.00,,800.00,due_or_unpaid,R,,,MAR 2025,2026-09-10 09:29:17.056572+00
14181,2025-03-01,98,SUGAN RAJ M,2025-03-01,S/Z,Strength Zone,800.00,,800.00,due_or_unpaid,R,,,MAR 2025,2026-09-10 09:29:17.056572+00
14182,2025-03-01,99,SHUTRUGHAN KUMAR R,2025-03-01,S/Z,Strength Zone,800.00,,800.00,due_or_unpaid,R,,,MAR 2025,2026-09-10 09:29:17.056572+00
14183,2025-03-01,100,DAVID A,2025-03-02,G/F,General Fitness,1000.00,,1000.00,due_or_unpaid,R,,,MAR 2025,2026-09-10 09:29:17.056572+00
14184,2025-03-01,101,PETER A,2025-02-02,G/F,General Fitness,1000.00,,1000.00,due_or_unpaid,R,,,MAR 2025,2026-09-10 09:29:17.056572+00
14185,2025-03-01,102,KUMARAN M,2025-02-02,S/Z,Strength Zone,800.00,800.00,0.00,paid,PAID,,,MAR 2025,2026-09-10 09:29:17.056572+00
14186,2025-03-01,103,CHARAN KUMAR V,2025-02-02,S/Z,Strength Zone,800.00,,800.00,due_or_unpaid,R,,,MAR 2025,2026-09-10 09:29:17.056572+00
14187,2025-03-01,104,SETTU E,2025-03-03,S/Z,Strength Zone,800.00,,800.00,due_or_unpaid,R,,,MAR 2025,2026-09-10 09:29:17.056572+00
14188,2025-03-01,105,NITHISH KUMAR S,2025-03-04,S/Z,Strength Zone,800.00,,800.00,due_or_unpaid,R,,,MAR 2025,2026-09-10 09:29:17.056572+00
14189,2025-03-01,106,RAMESH S,2025-03-04,G/F,General Fitness,1000.00,,1000.00,due_or_unpaid,R,,,MAR 2025,2026-09-10 09:29:17.056572+00
14190,2025-03-01,107,SANJAN V,2025-03-05,S/Z,Strength Zone,800.00,,800.00,due_or_unpaid,R,,,MAR 2025,2026-09-10 09:29:17.056572+00
14191,2025-03-01,108,DIVAKAR M,2025-03-05,G/F,General Fitness,1000.00,,1000.00,due_or_unpaid,R,,,MAR 2025,2026-09-10 09:29:17.056572+00
14192,2025-03-01,109,DANIEL R,2025-03-05,S/Z,Strength Zone,800.00,800.00,0.00,paid,PAID,,,MAR 2025,2026-09-10 09:29:17.056572+00
14193,2025-03-01,110,MANIKANADAN,2025-03-07,G/F,General Fitness,1000.00,,1000.00,due_or_unpaid,R,,,MAR 2025,2026-09-10 09:29:17.056572+00
14194,2025-03-01,111,PRITHIVIKASH,2025-03-26,S/Z,Strength Zone,800.00,,800.00,due_or_unpaid,R,,,MAR 2025,2026-09-10 09:29:17.056572+00
14195,2025-03-01,112,CHANDRU,2025-03-08,S/Z,Strength Zone,800.00,,800.00,due_or_unpaid,R,,,MAR 2025,2026-09-10 09:29:17.056572+00
14196,2025-03-01,113,SANJAY J,2025-03-08,S/Z,Strength Zone,800.00,,800.00,due_or_unpaid,R,,,MAR 2025,2026-09-10 09:29:17.056572+00
14197,2025-03-01,114,AJITH D,2025-03-09,S/Z,Strength Zone,800.00,,800.00,due_or_unpaid,R,,,MAR 2025,2026-09-10 09:29:17.056572+00
14198,2025-03-01,115,SANJAY B,2025-03-09,S/Z,Strength Zone,800.00,,800.00,due_or_unpaid,R,,,MAR 2025,2026-09-10 09:29:17.056572+00
14199,2025-03-01,116,TAMIL SELVAN M,2025-03-12,S/Z,Strength Zone,800.00,,800.00,due_or_unpaid,R,,,MAR 2025,2026-09-10 09:29:17.056572+00
14200,2025-03-01,117,ARUN YADAV,2025-03-12,S/Z,Strength Zone,800.00,,800.00,due_or_unpaid,R,,,MAR 2025,2026-09-10 09:29:17.056572+00
14201,2025-03-01,118,GIRI S,2025-03-13,S/Z,Strength Zone,800.00,,800.00,due_or_unpaid,R,,,MAR 2025,2026-09-10 09:29:17.056572+00
14202,2025-03-01,119,JOHNSON S,2025-03-14,S/Z,Strength Zone,800.00,,800.00,due_or_unpaid,R,,,MAR 2025,2026-09-10 09:29:17.056572+00
14203,2025-03-01,120,DEEPAK BILUNG,2025-03-15,S/Z,Strength Zone,800.00,,800.00,due_or_unpaid,R,,,MAR 2025,2026-09-10 09:29:17.056572+00
14204,2025-03-01,121,BINU,2025-03-15,S/Z,Strength Zone,800.00,,800.00,due_or_unpaid,R,,,MAR 2025,2026-09-10 09:29:17.056572+00
14205,2025-03-01,122,SOHEL RANA,2025-03-16,G/F,General Fitness,1000.00,,1000.00,due_or_unpaid,R,,,MAR 2025,2026-09-10 09:29:17.056572+00
14206,2025-03-01,123,CHAITANYA K,2025-03-17,G/F,General Fitness,1000.00,,1000.00,due_or_unpaid,R,,,MAR 2025,2026-09-10 09:29:17.056572+00
14207,2025-03-01,124,KATHIRAVAN.E,2025-03-18,S/Z,Strength Zone,800.00,,800.00,due_or_unpaid,R,,,MAR 2025,2026-09-10 09:29:17.056572+00
14208,2025-03-01,125,MOORTHY R,2025-03-18,S/Z,Strength Zone,800.00,,800.00,due_or_unpaid,R,,,MAR 2025,2026-09-10 09:29:17.056572+00
14209,2025-03-01,126,SANJAY S,2025-03-18,S/Z,Strength Zone,800.00,,800.00,due_or_unpaid,R,,,MAR 2025,2026-09-10 09:29:17.056572+00
14210,2025-03-01,127,PERUMAL V,2025-03-19,S/Z,Strength Zone,800.00,,800.00,due_or_unpaid,R,,,MAR 2025,2026-09-10 09:29:17.056572+00
14211,2025-03-01,128,EMAMUL HUSSAIN A,2025-03-20,S/Z,Strength Zone,800.00,,800.00,due_or_unpaid,R,,,MAR 2025,2026-09-10 09:29:17.056572+00
14212,2025-03-01,129,JEEVA M,2025-03-21,S/Z,Strength Zone,800.00,,1000.00,due_or_unpaid,R,,,MAR 2025,2026-09-10 09:29:17.056572+00
14213,2025-03-01,130,ARAVIND S,2025-04-26,S/Z,Strength Zone,2300.00,,800.00,paid,PAID,,,MAR 2025,2026-09-10 09:29:17.056572+00
14214,2025-03-01,131,SURESH P,2025-03-28,S/Z,Strength Zone,800.00,,800.00,due_or_unpaid,R,,,MAR 2025,2026-09-10 09:29:17.056572+00
14215,2025-03-01,132,KAMAL M,2025-03-28,S/Z,Strength Zone,800.00,800.00,0.00,paid,PAID,,,MAR 2025,2026-09-10 09:29:17.056572+00
14216,2025-03-01,133,FARHAN,2025-03-29,S/Z,Strength Zone,800.00,30200.00,0.00,paid,R,,,MAR 2025,2026-09-10 09:29:17.056572+00
14217,2025-03-01,134,HARISHIT D,2025-03-30,S/Z,Strength Zone,800.00,,800.00,due_or_unpaid,R,,,MAR 2025,2026-09-10 09:29:17.056572+00
14218,2025-03-01,135,BALAJI Y,2025-03-01,G/F,General Fitness,800.00,800.00,0.00,paid,PAID,,,MAR 2025,2026-09-10 09:29:17.056572+00
14219,2025-03-01,136,PETER A,2026-04-01,G/F,General Fitness,7500.00,,7500.00,paid,PAID,,,MAR 2025,2026-09-10 09:29:17.056572+00
14220,2025-03-01,137,KAMESH R,2025-02-02,S/Z,Strength Zone,800.00,,800.00,due_or_unpaid,R,,,MAR 2025,2026-09-10 09:29:17.056572+00
14221,2025-03-01,138,PREM S,2025-03-04,S/Z,Strength Zone,800.00,,800.00,due_or_unpaid,R,,,MAR 2025,2026-09-10 09:29:17.056572+00
14222,2025-03-01,139,VIMAL RAJ R,2025-03-04,S/Z,Strength Zone,800.00,,800.00,due_or_unpaid,R,,,MAR 2025,2026-09-10 09:29:17.056572+00
14223,2025-03-01,140,JOSEPH,2025-03-04,S/Z,Strength Zone,800.00,,800.00,due_or_unpaid,R,,,MAR 2025,2026-09-10 09:29:17.056572+00
14224,2025-03-01,141,ALI IMRAN A,2025-03-04,G/F,General Fitness,1000.00,1000.00,0.00,paid,PAID,,,MAR 2025,2026-09-10 09:29:17.056572+00
14225,2025-03-01,142,HAZRAT ALI,2025-03-05,S/Z,Strength Zone,800.00,,800.00,due_or_unpaid,R,,,MAR 2025,2026-09-10 09:29:17.056572+00
14226,2025-03-01,143,MAHESHWAR GOPE,2025-03-05,S/Z,Strength Zone,800.00,,800.00,due_or_unpaid,R,,,MAR 2025,2026-09-10 09:29:17.056572+00
14227,2025-03-01,144,SAKTHI DS,2025-03-09,S/Z,Strength Zone,800.00,,800.00,due_or_unpaid,R,,,MAR 2025,2026-09-10 09:29:17.056572+00
14228,2025-03-01,145,MUKESH S,2025-03-09,S/Z,Strength Zone,800.00,,800.00,due_or_unpaid,R,,,MAR 2025,2026-09-10 09:29:17.056572+00
14229,2025-03-01,146,AKASH SATHIVEL,2025-03-10,G/F,General Fitness,1000.00,,1000.00,due_or_unpaid,R,,,MAR 2025,2026-09-10 09:29:17.056572+00
14230,2025-03-01,147,SARAN RAJ S,2025-03-10,G/F,General Fitness,1000.00,,1000.00,due_or_unpaid,R,,,MAR 2025,2026-09-10 09:29:17.056572+00
14231,2025-03-01,148,SUDHAKAR S,2025-03-11,G/F,General Fitness,800.00,800.00,0.00,paid,PAID,,,MAR 2025,2026-09-10 09:29:17.056572+00
14232,2025-03-01,149,UMAMAHESWARA RAO,2025-03-11,G/F,General Fitness,1000.00,,3200.00,due_or_unpaid,R,,,MAR 2025,2026-09-10 09:29:17.056572+00
14233,2025-03-01,150,BARKATHULLAM K A,2025-03-13,G/F,General Fitness,1000.00,,1000.00,due_or_unpaid,R,,,MAR 2025,2026-09-10 09:29:17.056572+00
14234,2025-03-01,151,ABDUL KALAM A,2025-03-13,G/F,General Fitness,1000.00,,1000.00,due_or_unpaid,R,,,MAR 2025,2026-09-10 09:29:17.056572+00
14235,2025-03-01,152,JARDIS SK M,2025-03-13,S/Z,Strength Zone,800.00,,800.00,due_or_unpaid,R,,,MAR 2025,2026-09-10 09:29:17.056572+00
14236,2025-03-01,153,MANOJ M,2025-03-14,S/Z,Strength Zone,800.00,,800.00,due_or_unpaid,R,,,MAR 2025,2026-09-10 09:29:17.056572+00
14237,2025-03-01,154,NANTHA KUMAR A,2025-03-14,S/Z,Strength Zone,800.00,,1000.00,due_or_unpaid,R,,,MAR 2025,2026-09-10 09:29:17.056572+00
14238,2025-03-01,155,MANOJ E,2025-03-14,S/Z,Strength Zone,800.00,800.00,0.00,paid,PAID,,,MAR 2025,2026-09-10 09:29:17.056572+00
14239,2025-03-01,156,PRAVEEN KUMAR S,2025-03-15,G/F,General Fitness,1000.00,,1000.00,due_or_unpaid,R,,,MAR 2025,2026-09-10 09:29:17.056572+00
14240,2025-03-01,157,SURYA S,2025-03-23,S/Z,Strength Zone,800.00,,800.00,due_or_unpaid,R,,,MAR 2025,2026-09-10 09:29:17.056572+00
14241,2025-03-01,158,MURALI S,2025-03-23,S/Z,Strength Zone,800.00,,800.00,due_or_unpaid,R,,,MAR 2025,2026-09-10 09:29:17.056572+00
14242,2025-03-01,159,RITHISH V,2025-03-18,S/Z,Strength Zone,800.00,,800.00,due_or_unpaid,R,,,MAR 2025,2026-09-10 09:29:17.056572+00
14243,2025-03-01,160,EMIMAL M,2025-03-19,G/F,General Fitness,1000.00,,800.00,due_or_unpaid,R,,,MAR 2025,2026-09-10 09:29:17.056572+00
14244,2025-03-01,161,YUVAN SHANKAR T,2025-03-20,S/Z,Strength Zone,800.00,,800.00,due_or_unpaid,R,,,MAR 2025,2026-09-10 09:29:17.056572+00
14245,2025-03-01,162,JENIFER S,2025-03-04,G/F,General Fitness,1000.00,,1000.00,due_or_unpaid,R,,,MAR 2025,2026-09-10 09:29:17.056572+00
14246,2025-03-01,163,SANJEEV D.S,2025-03-04,S/Z,Strength Zone,800.00,,800.00,due_or_unpaid,R,,,MAR 2025,2026-09-10 09:29:17.056572+00
14247,2025-03-01,164,VASANTH KUMAR G,2025-03-05,S/Z,Strength Zone,800.00,,800.00,due_or_unpaid,R,,,MAR 2025,2026-09-10 09:29:17.056572+00
14248,2025-03-01,165,KISHORE KUMAR V,2025-03-07,S/Z,Strength Zone,800.00,,800.00,due_or_unpaid,R,,,MAR 2025,2026-09-10 09:29:17.056572+00
14249,2025-03-01,166,SANTHOSH KUMAR S,2025-03-07,S/Z,Strength Zone,800.00,,800.00,due_or_unpaid,R,,,MAR 2025,2026-09-10 09:29:17.056572+00
14250,2025-03-01,167,SANTHOSH KUMAR A,2025-03-09,S/Z,Strength Zone,800.00,,800.00,due_or_unpaid,R,,,MAR 2025,2026-09-10 09:29:17.056572+00
14251,2025-03-01,168,ETHIRAJ T,2025-03-09,S/Z,Strength Zone,800.00,,800.00,due_or_unpaid,R,,,MAR 2025,2026-09-10 09:29:17.056572+00
14252,2025-03-01,169,PRASANTH M,2025-03-10,G/F,General Fitness,1000.00,,1000.00,due_or_unpaid,R,,,MAR 2025,2026-09-10 09:29:17.056572+00
14253,2025-03-01,170,RAGHUL R,2025-03-12,S/Z,Strength Zone,800.00,,800.00,due_or_unpaid,R,,,MAR 2025,2026-09-10 09:29:17.056572+00
14254,2025-03-01,171,GOWTHAM S,2025-03-16,G/F,General Fitness,1000.00,,1000.00,due_or_unpaid,R,,,MAR 2025,2026-09-10 09:29:17.056572+00
14255,2025-03-01,172,RAJESH S,2025-03-16,G/F,General Fitness,1000.00,1000.00,0.00,paid,PAID,,,MAR 2025,2026-09-10 09:29:17.056572+00
14256,2025-03-01,173,AATHIYAPPAN S,2025-03-18,S/Z,Strength Zone,800.00,800.00,0.00,paid,PAID,,,MAR 2025,2026-09-10 09:29:17.056572+00
14257,2025-03-01,174,GODSON PRAVEEN J,2025-03-19,G/F,General Fitness,1000.00,,800.00,due_or_unpaid,R,,,MAR 2025,2026-09-10 09:29:17.056572+00
14258,2025-03-01,175,KABILAN R,2025-03-26,S/Z,Strength Zone,800.00,,800.00,due_or_unpaid,R,,,MAR 2025,2026-09-10 09:29:17.056572+00
14259,2025-03-01,176,KAMAL S,2025-03-28,S/Z,Strength Zone,1000.00,800.00,800.00,paid,PAID,,,MAR 2025,2026-09-10 09:29:17.056572+00
14260,2025-03-01,177,MOHAMED ASHWAQ S,2025-02-02,S/Z,Strength Zone,800.00,,800.00,due_or_unpaid,R,,,MAR 2025,2026-09-10 09:29:17.056572+00
14261,2025-03-01,178,VICKY,2025-03-03,S/Z,Strength Zone,800.00,,800.00,due_or_unpaid,R,,,MAR 2025,2026-09-10 09:29:17.056572+00
14262,2025-03-01,179,PAPPU KUMAR D,2025-03-04,G/F,General Fitness,1000.00,1000.00,0.00,paid,PAID,,,MAR 2025,2026-09-10 09:29:17.056572+00
14263,2025-03-01,180,DEEPAK G,2025-03-05,G/F,General Fitness,1000.00,,1000.00,due_or_unpaid,R,,,MAR 2025,2026-09-10 09:29:17.056572+00
14264,2025-03-01,181,AGILESHWARAN M,2025-03-09,S/Z,Strength Zone,800.00,,800.00,due_or_unpaid,R,,,MAR 2025,2026-09-10 09:29:17.056572+00
14265,2025-03-01,182,MUKESH R,2025-03-11,S/Z,Strength Zone,800.00,,800.00,due_or_unpaid,R,,,MAR 2025,2026-09-10 09:29:17.056572+00
14266,2025-03-01,183,SACHIN AARON T,2025-03-17,S/Z,Strength Zone,800.00,800.00,0.00,paid,PAID,,,MAR 2025,2026-09-10 09:29:17.056572+00
14267,2025-03-01,184,SANTHOSH R,2025-07-21,S/Z,Strength Zone,4500.00,,4500.00,paid,PAID,,,MAR 2025,2026-09-10 09:29:17.056572+00
14268,2025-03-01,185,VISHNU VARTHAN S,2025-03-21,S/Z,Strength Zone,800.00,800.00,0.00,paid,PAID,,,MAR 2025,2026-09-10 09:29:17.056572+00
14269,2025-03-01,186,MOGESH V,2025-03-25,S/Z,Strength Zone,800.00,,800.00,due_or_unpaid,R,,,MAR 2025,2026-09-10 09:29:17.056572+00
14270,2025-03-01,187,VISHWA R A,2025-03-27,S/Z,Strength Zone,800.00,,800.00,due_or_unpaid,R,,,MAR 2025,2026-09-10 09:29:17.056572+00
14271,2025-03-01,188,RAMASUBRAMANI K,2025-07-29,S/Z,Strength Zone,3200.00,,800.00,paid,PAID,,,MAR 2025,2026-09-10 09:29:17.056572+00
14272,2025-03-01,189,DHANASINGH P,2025-07-29,S/Z,Strength Zone,3200.00,,800.00,paid,PAID,,,MAR 2025,2026-09-10 09:29:17.056572+00
14273,2025-03-01,190,AMAR NATH R,2025-03-03,G/F,General Fitness,1000.00,,1000.00,due_or_unpaid,R,,,MAR 2025,2026-09-10 09:29:17.056572+00
14274,2025-03-01,191,PUVIYARASAN G,2025-03-04,S/Z,Strength Zone,800.00,,800.00,due_or_unpaid,R,,,MAR 2025,2026-09-10 09:29:17.056572+00
14275,2025-03-01,192,DINESH KUMAR R,2025-03-04,S/Z,Strength Zone,800.00,,800.00,due_or_unpaid,R,,,MAR 2025,2026-09-10 09:29:17.056572+00
14276,2025-03-01,193,ARUN KUMAR R,2025-03-04,G/F,General Fitness,1000.00,,1000.00,due_or_unpaid,R,,,MAR 2025,2026-09-10 09:29:17.056572+00
14277,2025-03-01,194,ASWIN P BENNY,2025-03-04,G/F,General Fitness,1000.00,,1000.00,due_or_unpaid,R,,,MAR 2025,2026-09-10 09:29:17.056572+00
14278,2025-03-01,195,ROCK R,2025-03-04,S/Z,Strength Zone,800.00,800.00,0.00,paid,PAID,,,MAR 2025,2026-09-10 09:29:17.056572+00
14279,2025-03-01,196,SURIYA PRAKASH M,2025-03-12,S/Z,Strength Zone,800.00,800.00,0.00,paid,PAID,,,MAR 2025,2026-09-10 09:29:17.056572+00
14280,2025-03-01,197,BHARATHI RAJA M,2025-03-12,G/F,General Fitness,1000.00,,1000.00,due_or_unpaid,R,,,MAR 2025,2026-09-10 09:29:17.056572+00
14281,2025-03-01,198,SURYA R,2025-03-12,S/Z,Strength Zone,800.00,800.00,0.00,paid,PAID,,,MAR 2025,2026-09-10 09:29:17.056572+00
14282,2025-03-01,199,MADHUWANTH K,2025-03-13,S/Z,Strength Zone,800.00,800.00,0.00,paid,PAID,,,MAR 2025,2026-09-10 09:29:17.056572+00
14283,2025-03-01,200,DHAYALAN R,2025-03-12,G/F,General Fitness,1000.00,,1000.00,due_or_unpaid,R,,,MAR 2025,2026-09-10 09:29:17.056572+00
14284,2025-03-01,201,KARTHI BALAJI R,2025-03-13,S/Z,Strength Zone,800.00,800.00,0.00,paid,PAID,,,MAR 2025,2026-09-10 09:29:17.056572+00
14285,2025-03-01,202,HARI KRISHNAN G,2025-03-18,G/F,General Fitness,1000.00,1000.00,0.00,paid,PAID,,,MAR 2025,2026-09-10 09:29:17.056572+00
14286,2025-03-01,203,VIGNESH K,2025-03-18,G/F,General Fitness,1000.00,1000.00,0.00,paid,PAID,,,MAR 2025,2026-09-10 09:29:17.056572+00
14287,2025-03-01,204,AKASH C,2025-03-20,S/Z,Strength Zone,800.00,,800.00,due_or_unpaid,R,,,MAR 2025,2026-09-10 09:29:17.056572+00
14288,2025-03-01,205,MANI MARAN M,2025-03-20,S/Z,Strength Zone,800.00,800.00,0.00,paid,PAID,,,MAR 2025,2026-09-10 09:29:17.056572+00
14289,2025-03-01,206,SANTHA KUMAR S,2025-03-24,G/F,General Fitness,1000.00,1000.00,0.00,paid,PAID,,,MAR 2025,2026-09-10 09:29:17.056572+00
14290,2025-03-01,207,SANJAY S,2025-03-24,S/Z,Strength Zone,800.00,800.00,0.00,paid,PAID,,,MAR 2025,2026-09-10 09:29:17.056572+00
14291,2025-03-01,208,SEEN N,2025-03-24,S/Z,Strength Zone,800.00,,800.00,due_or_unpaid,R,,,MAR 2025,2026-09-10 09:29:17.056572+00
14292,2025-03-01,209,PASUPATHI M,2025-03-25,G/F,General Fitness,1000.00,,1000.00,due_or_unpaid,R,,,MAR 2025,2026-09-10 09:29:17.056572+00
14293,2025-04-01,1,SUNDHAR M,2025-04-09,S/Z,Strength Zone,800.00,,800.00,due_or_unpaid,R,,,APRIL 2025,2026-09-10 09:29:17.056572+00
14294,2025-04-01,2,NITHYASEELAN P,2025-04-09,S/Z,Strength Zone,800.00,,800.00,due_or_unpaid,R,,,APRIL 2025,2026-09-10 09:29:17.056572+00
14295,2025-04-01,3,SANJEEVA REDDY C,2026-01-09,S/Z,Strength Zone,800.00,,6000.00,due_or_unpaid,R,,,APRIL 2025,2026-09-10 09:29:17.056572+00
14296,2025-04-01,4,ABDUL RAHMAN A,2026-01-09,S/Z,Strength Zone,800.00,1000.00,0.00,paid,PAID,,,APRIL 2025,2026-09-10 09:29:17.056572+00
14297,2025-04-01,5,SANTHOSH KUMAR G,2026-01-09,G/F,General Fitness,1000.00,,1000.00,due_or_unpaid,R,,,APRIL 2025,2026-09-10 09:29:17.056572+00
14298,2025-04-01,6,SATHISH KUMAR J,2025-04-09,G/F,General Fitness,1000.00,1000.00,0.00,paid,PAID,,,APRIL 2025,2026-09-10 09:29:17.056572+00
14299,2025-04-01,7,VIJAYABABU C,2026-01-09,G/F,General Fitness,6000.00,,6000.00,due_or_unpaid,R,,,APRIL 2025,2026-09-10 09:29:17.056572+00
14300,2025-04-01,8,ISTJHAR AHAMAD,2026-01-09,G/F,General Fitness,1000.00,,1000.00,due_or_unpaid,R,,,APRIL 2025,2026-09-10 09:29:17.056572+00
14301,2025-04-01,9,MUBARAK ALI,2025-04-09,S/Z,Strength Zone,800.00,,800.00,due_or_unpaid,R,,,APRIL 2025,2026-09-10 09:29:17.056572+00
14302,2025-04-01,10,GULJOR HUSSAIN,2025-04-09,S/Z,Strength Zone,800.00,,800.00,due_or_unpaid,R,,,APRIL 2025,2026-09-10 09:29:17.056572+00
14303,2025-04-01,11,SURHAB ALI,2025-04-09,S/Z,Strength Zone,800.00,,800.00,due_or_unpaid,R,,,APRIL 2025,2026-09-10 09:29:17.056572+00
14304,2025-04-01,12,SATHYA M,2025-04-09,G/F,General Fitness,800.00,,800.00,due_or_unpaid,R,,,APRIL 2025,2026-09-10 09:29:17.056572+00
14305,2025-04-01,13,PORTAP CHETRY,2025-04-09,S/Z,Strength Zone,800.00,,800.00,due_or_unpaid,R,,,APRIL 2025,2026-09-10 09:29:17.056572+00
14306,2025-04-01,14,TAMIL,2025-04-09,G/F,General Fitness,1000.00,,1000.00,due_or_unpaid,R,,,APRIL 2025,2026-09-10 09:29:17.056572+00
14307,2025-04-01,15,DEEPAK M,2025-04-09,S/Z,Strength Zone,800.00,800.00,0.00,paid,PAID,,,APRIL 2025,2026-09-10 09:29:17.056572+00
14308,2025-04-01,16,SARATH KUMAR A,2025-04-10,S/Z,Strength Zone,800.00,,800.00,due_or_unpaid,R,,,APRIL 2025,2026-09-10 09:29:17.056572+00
14309,2025-04-01,17,UDHAYA PANDIAN,2025-04-10,G/F,General Fitness,1000.00,,1000.00,due_or_unpaid,R,,,APRIL 2025,2026-09-10 09:29:17.056572+00
14310,2025-04-01,18,MANJIT KUMAR,2025-04-09,S/Z,Strength Zone,800.00,,800.00,due_or_unpaid,R,,,APRIL 2025,2026-09-10 09:29:17.056572+00
14311,2025-04-01,19,YUVARAJ C,2025-11-10,G/F,General Fitness,7000.00,,7000.00,due_or_unpaid,R,3000.0,,APRIL 2025,2026-09-10 09:29:17.056572+00
14312,2025-04-01,20,CHARLES,2025-04-09,S/Z,Strength Zone,800.00,,800.00,due_or_unpaid,R,,,APRIL 2025,2026-09-10 09:29:17.056572+00
14313,2025-04-01,21,DHANUSH V,2025-04-10,S/Z,Strength Zone,800.00,,800.00,due_or_unpaid,R,,,APRIL 2025,2026-09-10 09:29:17.056572+00
14314,2025-04-01,22,BOLORAM PONIKA A.J,2025-04-10,S/Z,Strength Zone,800.00,,800.00,due_or_unpaid,R,,,APRIL 2025,2026-09-10 09:29:17.056572+00
14315,2025-04-01,23,PRASANTH M,2025-04-10,S/Z,Strength Zone,800.00,,800.00,due_or_unpaid,R,,,APRIL 2025,2026-09-10 09:29:17.056572+00
14316,2025-04-01,24,RAGUL R,2025-04-11,S/Z,Strength Zone,800.00,800.00,0.00,paid,PAID,,,APRIL 2025,2026-09-10 09:29:17.056572+00
14317,2025-04-01,25,SANTHOSH M,2025-04-11,S/Z,Strength Zone,800.00,,800.00,due_or_unpaid,R,,,APRIL 2025,2026-09-10 09:29:17.056572+00
14318,2025-04-01,26,MAZID ALI,2025-04-11,S/Z,Strength Zone,800.00,,800.00,due_or_unpaid,R,,,APRIL 2025,2026-09-10 09:29:17.056572+00
14319,2025-04-01,27,SADIKUL ISLAM,2025-04-11,S/Z,Strength Zone,800.00,,800.00,due_or_unpaid,R,,,APRIL 2025,2026-09-10 09:29:17.056572+00
14320,2025-04-01,28,LAKSHWANTH,2026-02-11,G/F,General Fitness,7499.00,,7499.00,due_or_unpaid,R,,,APRIL 2025,2026-09-10 09:29:17.056572+00
14321,2025-04-01,29,GOWTHAM A,2025-04-01,S/Z,Strength Zone,800.00,800.00,0.00,paid,PAID,,,APRIL 2025,2026-09-10 09:29:17.056572+00
14322,2025-04-01,30,PRADEEP Y,2025-04-11,S/Z,Strength Zone,800.00,800.00,0.00,paid,PAID,,,APRIL 2025,2026-09-10 09:29:17.056572+00
14323,2025-04-01,31,ROHIT R,2025-04-12,S/Z,Strength Zone,800.00,800.00,0.00,paid,PAID,,,APRIL 2025,2026-09-10 09:29:17.056572+00
14324,2025-04-01,32,RISHI M,2025-04-12,S/Z,Strength Zone,800.00,,800.00,due_or_unpaid,R,,,APRIL 2025,2026-09-10 09:29:17.056572+00
14325,2025-04-01,33,GOPAL B,2025-04-12,S/Z,Strength Zone,800.00,2500.00,0.00,paid,PAID,,,APRIL 2025,2026-09-10 09:29:17.056572+00
14326,2025-04-01,34,KODOM ALI D,2025-04-13,S/Z,Strength Zone,800.00,,800.00,due_or_unpaid,R,,,APRIL 2025,2026-09-10 09:29:17.056572+00
14327,2025-04-01,35,SUJAB ALI A,2025-04-13,S/Z,Strength Zone,800.00,,800.00,due_or_unpaid,R,,,APRIL 2025,2026-09-10 09:29:17.056572+00
14328,2025-04-01,36,ASHABUL HOQUE S,2025-04-13,S/Z,Strength Zone,800.00,,800.00,due_or_unpaid,R,,,APRIL 2025,2026-09-10 09:29:17.056572+00
14329,2025-04-01,37,SURESH K,2025-04-13,G/F,General Fitness,1000.00,,1000.00,due_or_unpaid,R,,,APRIL 2025,2026-09-10 09:29:17.056572+00
14330,2025-04-01,38,YUVARAJ B,2025-04-13,S/F,,800.00,600.00,800.00,paid,PAID,,,APRIL 2025,2026-09-10 09:29:17.056572+00
14331,2025-04-01,39,BALAKUMAR M,2025-04-13,G/F,General Fitness,1000.00,1000.00,0.00,paid,PAID,,,APRIL 2025,2026-09-10 09:29:17.056572+00
14332,2025-04-01,40,SIDDHARTH V,2025-04-13,S/Z,Strength Zone,800.00,,800.00,due_or_unpaid,R,,,APRIL 2025,2026-09-10 09:29:17.056572+00
14333,2025-04-01,41,VAJARAVEL BALA A,2025-04-13,G/F,General Fitness,1000.00,1000.00,0.00,paid,PAID,,,APRIL 2025,2026-09-10 09:29:17.056572+00
14334,2025-04-01,42,SARAVANAN K,2025-04-13,S/Z,Strength Zone,800.00,1600.00,0.00,paid,PAID,,,APRIL 2025,2026-09-10 09:29:17.056572+00
14335,2025-04-01,43,ARJUN S,2025-04-13,S/Z,Strength Zone,800.00,,800.00,due_or_unpaid,R,,,APRIL 2025,2026-09-10 09:29:17.056572+00
14336,2025-04-01,44,RAM PRASAD,2025-04-14,G/F,General Fitness,1000.00,,1000.00,due_or_unpaid,R,,,APRIL 2025,2026-09-10 09:29:17.056572+00
14337,2025-04-01,45,SANTHOSH,2025-04-14,S/Z,Strength Zone,800.00,,800.00,due_or_unpaid,R,,,APRIL 2025,2026-09-10 09:29:17.056572+00
14338,2025-04-01,46,SRI RAM R,2025-04-14,S/Z,Strength Zone,1000.00,800.00,1000.00,paid,PAID,,,APRIL 2025,2026-09-10 09:29:17.056572+00
14339,2025-04-01,47,ANBU N,2025-04-14,G/F,General Fitness,1000.00,,1000.00,due_or_unpaid,R,,,APRIL 2025,2026-09-10 09:29:17.056572+00
14340,2025-04-01,48,ARAVIND KUMAR P,2025-04-14,S/Z,Strength Zone,800.00,,800.00,due_or_unpaid,R,,,APRIL 2025,2026-09-10 09:29:17.056572+00
14341,2025-04-01,49,ARUN S,2025-04-16,G/F,General Fitness,1000.00,1000.00,0.00,paid,PAID,,,APRIL 2025,2026-09-10 09:29:17.056572+00
14342,2025-04-01,50,AATHI,2025-04-16,S/Z,Strength Zone,800.00,,800.00,due_or_unpaid,R,,,APRIL 2025,2026-09-10 09:29:17.056572+00
14343,2025-04-01,51,JOTHILINGAM R,2025-04-15,G/F,General Fitness,1000.00,,1000.00,due_or_unpaid,R,,,APRIL 2025,2026-09-10 09:29:17.056572+00
14344,2025-04-01,52,VASANTH J,2026-01-15,S/Z,Strength Zone,1000.00,,6000.00,due_or_unpaid,R,,,APRIL 2025,2026-09-10 09:29:17.056572+00
14345,2025-04-01,53,BETSY PAULINE V,2025-04-16,G/F,General Fitness,1000.00,1000.00,0.00,paid,PAID,,,APRIL 2025,2026-09-10 09:29:17.056572+00
14346,2025-04-01,54,PREM KUMAR Y,2025-04-16,S/Z,Strength Zone,800.00,,800.00,due_or_unpaid,R,,,APRIL 2025,2026-09-10 09:29:17.056572+00
14347,2025-04-01,55,JAWAID F,2025-04-16,S/Z,Strength Zone,800.00,,800.00,due_or_unpaid,R,,,APRIL 2025,2026-09-10 09:29:17.056572+00
14348,2025-04-01,56,BOBIDUL ISLAM A,2025-04-16,G/F,General Fitness,1000.00,,1000.00,due_or_unpaid,R,,,APRIL 2025,2026-09-10 09:29:17.056572+00
14349,2025-04-01,57,ABDUL KHALAK J,2025-04-16,G/F,General Fitness,1000.00,,1000.00,due_or_unpaid,R,,,APRIL 2025,2026-09-10 09:29:17.056572+00
14350,2025-04-01,58,MEHERUL HAQUE.S,2025-04-15,G/F,General Fitness,1000.00,,1000.00,due_or_unpaid,R,,,APRIL 2025,2026-09-10 09:29:17.056572+00
14351,2025-04-01,59,JAGADEESH M,2025-04-15,G/F,General Fitness,1000.00,,1000.00,due_or_unpaid,R,,,APRIL 2025,2026-09-10 09:29:17.056572+00
14352,2025-04-01,60,FAYAZ AHMED A,2025-04-16,S/Z,Strength Zone,800.00,,800.00,due_or_unpaid,R,,,APRIL 2025,2026-09-10 09:29:17.056572+00
14353,2025-04-01,61,MAMIDUL ALI,2025-04-17,S/Z,Strength Zone,800.00,,800.00,due_or_unpaid,R,,,APRIL 2025,2026-09-10 09:29:17.056572+00
14354,2025-04-01,62,VINOTH KUMAR C,2025-04-17,G/F,General Fitness,800.00,,800.00,due_or_unpaid,R,,,APRIL 2025,2026-09-10 09:29:17.056572+00
14355,2025-04-01,63,ABDUL BATIN U,2025-04-17,S/Z,Strength Zone,800.00,,800.00,due_or_unpaid,R,,,APRIL 2025,2026-09-10 09:29:17.056572+00
14356,2025-04-01,64,NILCHAN ALI,2025-04-17,S/Z,Strength Zone,800.00,,800.00,due_or_unpaid,R,,,APRIL 2025,2026-09-10 09:29:17.056572+00
14357,2025-04-01,65,MOMIRUL HOQUE,2025-04-17,S/Z,Strength Zone,800.00,,800.00,due_or_unpaid,R,,,APRIL 2025,2026-09-10 09:29:17.056572+00
14358,2025-04-01,66,AMIR HAMJA,2025-04-17,S/Z,Strength Zone,800.00,,800.00,due_or_unpaid,R,,,APRIL 2025,2026-09-10 09:29:17.056572+00
14359,2025-04-01,67,SUNIL R,2025-04-17,G/F,General Fitness,4000.00,,4000.00,due_or_unpaid,R,,,APRIL 2025,2026-09-10 09:29:17.056572+00
14360,2025-04-01,68,SUDHAKAR S,2025-04-17,S/Z,Strength Zone,800.00,,800.00,due_or_unpaid,R,,,APRIL 2025,2026-09-10 09:29:17.056572+00
14361,2025-04-01,69,AMINUL ISLAM MD,2025-04-18,S/Z,Strength Zone,800.00,,800.00,due_or_unpaid,R,,,APRIL 2025,2026-09-10 09:29:17.056572+00
14362,2025-04-01,70,TAFIKUL ISLAM,2025-04-18,G/F,General Fitness,1000.00,,800.00,due_or_unpaid,R,,,APRIL 2025,2026-09-10 09:29:17.056572+00
14363,2025-04-01,72,HAFIZUR RAHMAM,2025-04-19,S/Z,Strength Zone,800.00,,800.00,due_or_unpaid,R,,,APRIL 2025,2026-09-10 09:29:17.056572+00
14364,2025-04-01,73,MOJNUR,2025-04-19,S/Z,Strength Zone,800.00,,800.00,due_or_unpaid,R,,,APRIL 2025,2026-09-10 09:29:17.056572+00
14365,2025-04-01,74,YOGESH R,2025-04-19,S/Z,Strength Zone,800.00,,800.00,due_or_unpaid,R,,,APRIL 2025,2026-09-10 09:29:17.056572+00
14366,2025-04-01,75,NAVAS,2025-04-19,G/F,General Fitness,1000.00,,800.00,due_or_unpaid,R,,,APRIL 2025,2026-09-10 09:29:17.056572+00
14367,2025-04-01,78,RATHISH KUMAR,2025-04-23,G/F,General Fitness,1000.00,,1000.00,due_or_unpaid,R,,,APRIL 2025,2026-09-10 09:29:17.056572+00
14368,2025-04-01,79,DARVIN RAJ J,2025-04-23,S/Z,Strength Zone,800.00,,800.00,due_or_unpaid,R,,,APRIL 2025,2026-09-10 09:29:17.056572+00
14369,2025-04-01,80,PRASANTH S,2025-04-23,S/Z,Strength Zone,800.00,,800.00,due_or_unpaid,R,,,APRIL 2025,2026-09-10 09:29:17.056572+00
14370,2025-04-01,81,GURU SHANKAR,2025-04-23,S/Z,Strength Zone,800.00,,800.00,due_or_unpaid,R,,,APRIL 2025,2026-09-10 09:29:17.056572+00
14371,2025-04-01,82,NARJUL ISLAM A,2025-04-23,S/Z,Strength Zone,800.00,,800.00,due_or_unpaid,R,,,APRIL 2025,2026-09-10 09:29:17.056572+00
14372,2025-04-01,83,SANGIT KUMAR SAMANTHA,2025-04-23,G/F,General Fitness,1000.00,,800.00,due_or_unpaid,R,,,APRIL 2025,2026-09-10 09:29:17.056572+00
14373,2025-04-01,84,RAGUL A,2025-04-23,S/Z,Strength Zone,800.00,800.00,0.00,paid,PAID,,,APRIL 2025,2026-09-10 09:29:17.056572+00
14374,2025-04-01,85,ASWINI SAGAR SWAIN,2025-04-24,S/Z,Strength Zone,800.00,,800.00,due_or_unpaid,R,,,APRIL 2025,2026-09-10 09:29:17.056572+00
14375,2025-04-01,86,DEEPAK M,2025-04-24,S/Z,Strength Zone,800.00,,800.00,due_or_unpaid,R,,,APRIL 2025,2026-09-10 09:29:17.056572+00
14376,2025-04-01,88,NATHAN K,2025-04-25,S/Z,Strength Zone,800.00,,800.00,due_or_unpaid,R,,,APRIL 2025,2026-09-10 09:29:17.056572+00
14377,2025-04-01,89,MOIN UDDIN A,2025-04-25,S/Z,Strength Zone,800.00,,800.00,due_or_unpaid,R,,,APRIL 2025,2026-09-10 09:29:17.056572+00
14378,2025-04-01,90,ALI AHMED R,2025-04-25,S/Z,Strength Zone,800.00,,800.00,due_or_unpaid,R,,,APRIL 2025,2026-09-10 09:29:17.056572+00
14379,2025-04-01,91,ABINASH S,2025-04-27,S/Z,Strength Zone,800.00,800.00,0.00,paid,PAID,,,APRIL 2025,2026-09-10 09:29:17.056572+00
14380,2025-04-01,92,ARAVIND S,2025-04-28,S/Z,Strength Zone,800.00,,800.00,due_or_unpaid,R,,,APRIL 2025,2026-09-10 09:29:17.056572+00
14381,2025-04-01,93,ASHADUL,2025-04-30,G/F,General Fitness,1000.00,,800.00,due_or_unpaid,R,,,APRIL 2025,2026-09-10 09:29:17.056572+00
14382,2025-04-01,94,GUHAN A,2025-04-30,S/Z,Strength Zone,800.00,,800.00,due_or_unpaid,R,,,APRIL 2025,2026-09-10 09:29:17.056572+00
14383,2025-04-01,95,ROKIBUL HUSSAIN A,2025-04-30,S/Z,Strength Zone,800.00,,800.00,due_or_unpaid,R,,,APRIL 2025,2026-09-10 09:29:17.056572+00
14384,2025-04-01,96,MERVYN,2025-10-01,G/F,General Fitness,7000.00,,7000.00,paid,PAID,,,APRIL 2025,2026-09-10 09:29:17.056572+00
14385,2025-04-01,97,MICHAEL A,2025-04-01,S/Z,Strength Zone,800.00,,800.00,due_or_unpaid,R,,,APRIL 2025,2026-09-10 09:29:17.056572+00
14386,2025-04-01,98,SUGAN RAJ M,2025-04-01,S/Z,Strength Zone,800.00,,800.00,due_or_unpaid,R,,,APRIL 2025,2026-09-10 09:29:17.056572+00
14387,2025-04-01,99,SHUTRUGHAN KUMAR R,2025-04-01,S/Z,Strength Zone,800.00,,800.00,due_or_unpaid,R,,,APRIL 2025,2026-09-10 09:29:17.056572+00
14388,2025-04-01,100,DAVID A,2025-04-01,G/F,General Fitness,1000.00,,1000.00,due_or_unpaid,R,,,APRIL 2025,2026-09-10 09:29:17.056572+00
14389,2025-04-01,101,PETER A,2025-04-01,G/F,General Fitness,1000.00,,1000.00,due_or_unpaid,R,,,APRIL 2025,2026-09-10 09:29:17.056572+00
14390,2025-04-01,102,KUMARAN M,2025-04-01,S/Z,Strength Zone,800.00,,800.00,due_or_unpaid,R,,,APRIL 2025,2026-09-10 09:29:17.056572+00
14391,2025-04-01,103,CHARAN KUMAR V,2025-04-01,S/Z,Strength Zone,800.00,,800.00,due_or_unpaid,R,,,APRIL 2025,2026-09-10 09:29:17.056572+00
14392,2025-04-01,104,SETTU E,2025-04-03,S/Z,Strength Zone,800.00,,800.00,due_or_unpaid,R,,,APRIL 2025,2026-09-10 09:29:17.056572+00
14393,2025-04-01,105,NITHISH KUMAR S,2025-04-04,S/Z,Strength Zone,800.00,,800.00,due_or_unpaid,R,,,APRIL 2025,2026-09-10 09:29:17.056572+00
14394,2025-04-01,106,RAMESH S,2025-04-04,G/F,General Fitness,1000.00,,1000.00,due_or_unpaid,R,,,APRIL 2025,2026-09-10 09:29:17.056572+00
14395,2025-04-01,107,SANJAN V,2025-04-05,S/Z,Strength Zone,800.00,,800.00,due_or_unpaid,R,,,APRIL 2025,2026-09-10 09:29:17.056572+00
14396,2025-04-01,108,DIVAKAR M,2025-04-05,G/F,General Fitness,1000.00,,1000.00,due_or_unpaid,R,,,APRIL 2025,2026-09-10 09:29:17.056572+00
14397,2025-04-01,109,DANIEL R,2025-04-05,S/Z,Strength Zone,800.00,800.00,0.00,paid,PAID,,,APRIL 2025,2026-09-10 09:29:17.056572+00
14398,2025-04-01,110,MANIKANADAN,2025-04-07,G/F,General Fitness,1000.00,,1000.00,due_or_unpaid,R,,,APRIL 2025,2026-09-10 09:29:17.056572+00
14399,2025-04-01,111,PRITHIVIKASH,2025-04-26,S/Z,Strength Zone,800.00,,800.00,due_or_unpaid,R,,,APRIL 2025,2026-09-10 09:29:17.056572+00
14400,2025-04-01,112,CHANDRU,2025-04-08,S/Z,Strength Zone,800.00,,800.00,due_or_unpaid,R,,,APRIL 2025,2026-09-10 09:29:17.056572+00
14401,2025-04-01,113,SANJAY J,2025-04-08,S/Z,Strength Zone,800.00,,800.00,due_or_unpaid,R,,,APRIL 2025,2026-09-10 09:29:17.056572+00
14402,2025-04-01,114,AJITH D,2025-04-09,S/Z,Strength Zone,800.00,,800.00,due_or_unpaid,R,,,APRIL 2025,2026-09-10 09:29:17.056572+00
14403,2025-04-01,115,SANJAY B,2025-04-09,S/Z,Strength Zone,800.00,,800.00,due_or_unpaid,R,,,APRIL 2025,2026-09-10 09:29:17.056572+00
14404,2025-04-01,116,TAMIL SELVAN M,2025-04-12,S/Z,Strength Zone,800.00,,800.00,due_or_unpaid,R,,,APRIL 2025,2026-09-10 09:29:17.056572+00
14405,2025-04-01,117,ARUN YADAV,2025-04-12,S/Z,Strength Zone,800.00,,800.00,due_or_unpaid,R,,,APRIL 2025,2026-09-10 09:29:17.056572+00
14406,2025-04-01,118,GIRI S,2025-04-13,S/Z,Strength Zone,800.00,,800.00,due_or_unpaid,R,,,APRIL 2025,2026-09-10 09:29:17.056572+00
14407,2025-04-01,119,JOHNSON S,2025-04-14,S/Z,Strength Zone,800.00,,800.00,due_or_unpaid,R,,,APRIL 2025,2026-09-10 09:29:17.056572+00
14408,2025-04-01,120,DEEPAK BILUNG,2025-04-15,S/Z,Strength Zone,800.00,,800.00,due_or_unpaid,R,,,APRIL 2025,2026-09-10 09:29:17.056572+00
14409,2025-04-01,121,BINU,2025-04-15,S/Z,Strength Zone,800.00,,800.00,due_or_unpaid,R,,,APRIL 2025,2026-09-10 09:29:17.056572+00
14410,2025-04-01,122,SOHEL RANA,2025-04-16,G/F,General Fitness,1000.00,,1000.00,due_or_unpaid,R,,,APRIL 2025,2026-09-10 09:29:17.056572+00
14411,2025-04-01,123,CHAITANYA K,2025-04-17,G/F,General Fitness,1000.00,,1000.00,due_or_unpaid,R,,,APRIL 2025,2026-09-10 09:29:17.056572+00
14412,2025-04-01,124,KATHIRAVAN.E,2025-04-18,S/Z,Strength Zone,800.00,800.00,0.00,paid,PAID,,,APRIL 2025,2026-09-10 09:29:17.056572+00
14413,2025-04-01,125,MOORTHY R,2025-04-18,S/Z,Strength Zone,800.00,,800.00,due_or_unpaid,R,,,APRIL 2025,2026-09-10 09:29:17.056572+00
14414,2025-04-01,126,SANJAY S,2025-04-18,S/Z,Strength Zone,800.00,,800.00,due_or_unpaid,R,,,APRIL 2025,2026-09-10 09:29:17.056572+00
14415,2025-04-01,127,PERUMAL V,2025-04-19,S/Z,Strength Zone,800.00,,800.00,due_or_unpaid,R,,,APRIL 2025,2026-09-10 09:29:17.056572+00
14416,2025-04-01,128,EMAMUL HUSSAIN A,2025-04-20,S/Z,Strength Zone,800.00,,800.00,due_or_unpaid,R,,,APRIL 2025,2026-09-10 09:29:17.056572+00
14417,2025-04-01,129,JEEVA M,2025-04-21,S/Z,Strength Zone,800.00,,1000.00,due_or_unpaid,R,,,APRIL 2025,2026-09-10 09:29:17.056572+00
14418,2025-04-01,130,ARAVIND S,2025-04-26,S/Z,Strength Zone,2300.00,,800.00,due_or_unpaid,R,,,APRIL 2025,2026-09-10 09:29:17.056572+00
14419,2025-04-01,131,SURESH P,2025-04-28,S/Z,Strength Zone,800.00,,800.00,due_or_unpaid,R,,,APRIL 2025,2026-09-10 09:29:17.056572+00
14420,2025-04-01,132,KAMAL M,2025-04-28,S/Z,Strength Zone,800.00,,800.00,due_or_unpaid,R,,,APRIL 2025,2026-09-10 09:29:17.056572+00
14421,2025-04-01,133,FARHAN,2025-04-29,S/Z,Strength Zone,800.00,,800.00,due_or_unpaid,R,,,APRIL 2025,2026-09-10 09:29:17.056572+00
14422,2025-04-01,134,HARISHIT D,2025-04-30,S/Z,Strength Zone,800.00,,800.00,due_or_unpaid,R,,,APRIL 2025,2026-09-10 09:29:17.056572+00
14423,2025-04-01,135,BALAJI Y,2025-04-01,G/F,General Fitness,800.00,800.00,0.00,paid,PAID,,,APRIL 2025,2026-09-10 09:29:17.056572+00
14424,2025-04-01,136,PETER A,2026-04-01,G/F,General Fitness,7500.00,,7500.00,paid,PAID,,,APRIL 2025,2026-09-10 09:29:17.056572+00
14425,2025-04-01,137,KAMESH R,2025-04-02,S/Z,Strength Zone,800.00,,800.00,due_or_unpaid,R,,,APRIL 2025,2026-09-10 09:29:17.056572+00
14426,2025-04-01,138,PREM S,2025-04-04,S/Z,Strength Zone,800.00,,800.00,due_or_unpaid,R,,,APRIL 2025,2026-09-10 09:29:17.056572+00
14427,2025-04-01,139,VIMAL RAJ R,2025-04-04,S/Z,Strength Zone,800.00,,800.00,due_or_unpaid,R,,,APRIL 2025,2026-09-10 09:29:17.056572+00
14428,2025-04-01,140,JOSEPH,2025-04-04,S/Z,Strength Zone,800.00,,800.00,due_or_unpaid,R,,,APRIL 2025,2026-09-10 09:29:17.056572+00
14429,2025-04-01,141,ALI IMRAN A,2025-04-04,G/F,General Fitness,1000.00,1000.00,0.00,paid,PAID,,,APRIL 2025,2026-09-10 09:29:17.056572+00
14430,2025-04-01,142,HAZRAT ALI,2025-04-05,S/Z,Strength Zone,800.00,,800.00,due_or_unpaid,R,,,APRIL 2025,2026-09-10 09:29:17.056572+00
14431,2025-04-01,143,MAHESHWAR GOPE,2025-04-05,S/Z,Strength Zone,800.00,,800.00,due_or_unpaid,R,,,APRIL 2025,2026-09-10 09:29:17.056572+00
14432,2025-04-01,144,SAKTHI DS,2025-04-09,S/Z,Strength Zone,800.00,,800.00,due_or_unpaid,R,,,APRIL 2025,2026-09-10 09:29:19.502884+00
14433,2025-04-01,145,MUKESH S,2025-04-09,S/Z,Strength Zone,800.00,,800.00,due_or_unpaid,R,,,APRIL 2025,2026-09-10 09:29:19.502884+00
14434,2025-04-01,146,AKASH SATHIVEL,2025-04-10,G/F,General Fitness,1000.00,,1000.00,due_or_unpaid,R,,,APRIL 2025,2026-09-10 09:29:19.502884+00
14435,2025-04-01,147,SARAN RAJ S,2025-04-10,G/F,General Fitness,1000.00,,1000.00,due_or_unpaid,R,,,APRIL 2025,2026-09-10 09:29:19.502884+00
14436,2025-04-01,148,SUDHAKAR S,2025-04-11,G/F,General Fitness,800.00,800.00,0.00,paid,PAID,,,APRIL 2025,2026-09-10 09:29:19.502884+00
14437,2025-04-01,149,UMAMAHESWARA RAO,2025-04-11,G/F,General Fitness,1000.00,,1000.00,due_or_unpaid,R,,,APRIL 2025,2026-09-10 09:29:19.502884+00
14438,2025-04-01,150,BARKATHULLAM K A,2025-04-13,G/F,General Fitness,1000.00,,1000.00,due_or_unpaid,R,,,APRIL 2025,2026-09-10 09:29:19.502884+00
14439,2025-04-01,151,ABDUL KALAM A,2025-04-13,G/F,General Fitness,1000.00,1000.00,0.00,paid,PAID,,,APRIL 2025,2026-09-10 09:29:19.502884+00
14440,2025-04-01,152,JARDIS SK M,2025-04-13,S/Z,Strength Zone,800.00,,800.00,due_or_unpaid,R,,,APRIL 2025,2026-09-10 09:29:19.502884+00
14441,2025-04-01,153,MANOJ M,2025-04-14,S/Z,Strength Zone,800.00,,800.00,due_or_unpaid,R,,,APRIL 2025,2026-09-10 09:29:19.502884+00
14442,2025-04-01,154,NANTHA KUMAR A,2025-04-14,S/Z,Strength Zone,800.00,,1000.00,due_or_unpaid,R,,,APRIL 2025,2026-09-10 09:29:19.502884+00
14443,2025-04-01,155,MANOJ E,2025-04-14,S/Z,Strength Zone,800.00,800.00,0.00,paid,PAID,,,APRIL 2025,2026-09-10 09:29:19.502884+00
14444,2025-04-01,156,PRAVEEN KUMAR S,2025-04-15,G/F,General Fitness,1000.00,1000.00,0.00,paid,PAID,,,APRIL 2025,2026-09-10 09:29:19.502884+00
14445,2025-04-01,157,SURYA S,2025-04-23,S/Z,Strength Zone,800.00,,800.00,due_or_unpaid,R,,,APRIL 2025,2026-09-10 09:29:19.502884+00
14446,2025-04-01,158,MURALI S,2025-04-23,S/Z,Strength Zone,800.00,,800.00,due_or_unpaid,R,,,APRIL 2025,2026-09-10 09:29:19.502884+00
14447,2025-04-01,159,RITHISH V,2025-04-18,S/Z,Strength Zone,800.00,,800.00,due_or_unpaid,R,,,APRIL 2025,2026-09-10 09:29:19.502884+00
14448,2025-04-01,160,EMIMAL M,2025-04-19,G/F,General Fitness,1000.00,,800.00,due_or_unpaid,R,,,APRIL 2025,2026-09-10 09:29:19.502884+00
14449,2025-04-01,161,YUVAN SHANKAR T,2025-04-20,G/F,General Fitness,1000.00,1000.00,0.00,paid,PAID,,,APRIL 2025,2026-09-10 09:29:19.502884+00
14450,2025-04-01,162,JENIFER S,2025-04-04,G/F,General Fitness,1000.00,,1000.00,due_or_unpaid,R,,,APRIL 2025,2026-09-10 09:29:19.502884+00
14451,2025-04-01,163,SANJEEV D.S,2025-04-04,S/Z,Strength Zone,800.00,,800.00,due_or_unpaid,R,,,APRIL 2025,2026-09-10 09:29:19.502884+00
14452,2025-04-01,164,VASANTH KUMAR G,2025-04-05,S/Z,Strength Zone,800.00,,800.00,due_or_unpaid,R,,,APRIL 2025,2026-09-10 09:29:19.502884+00
14453,2025-04-01,165,KISHORE KUMAR V,2025-04-07,S/Z,Strength Zone,800.00,,800.00,due_or_unpaid,R,,,APRIL 2025,2026-09-10 09:29:19.502884+00
14454,2025-04-01,166,SANTHOSH KUMAR S,2025-04-07,S/Z,Strength Zone,800.00,,800.00,due_or_unpaid,R,,,APRIL 2025,2026-09-10 09:29:19.502884+00
14455,2025-04-01,167,SANTHOSH KUMAR A,2025-04-09,S/Z,Strength Zone,800.00,800.00,0.00,paid,PAID,,,APRIL 2025,2026-09-10 09:29:19.502884+00
14456,2025-04-01,168,ETHIRAJ T,2025-04-09,S/Z,Strength Zone,800.00,,800.00,due_or_unpaid,R,,,APRIL 2025,2026-09-10 09:29:19.502884+00
14457,2025-04-01,169,PRASANTH M,2025-04-10,G/F,General Fitness,1000.00,,1000.00,due_or_unpaid,R,,,APRIL 2025,2026-09-10 09:29:19.502884+00
14458,2025-04-01,170,RAGHUL R,2025-04-12,S/Z,Strength Zone,800.00,,800.00,due_or_unpaid,R,,,APRIL 2025,2026-09-10 09:29:19.502884+00
14459,2025-04-01,171,GOWTHAM S,2025-04-16,G/F,General Fitness,1000.00,,1000.00,due_or_unpaid,R,,,APRIL 2025,2026-09-10 09:29:19.502884+00
14460,2025-04-01,172,RAJESH S,2025-04-16,G/F,General Fitness,1000.00,,1000.00,due_or_unpaid,R,,,APRIL 2025,2026-09-10 09:29:19.502884+00
14461,2025-04-01,173,AATHIYAPPAN S,2025-04-18,S/Z,Strength Zone,800.00,800.00,0.00,paid,PAID,,,APRIL 2025,2026-09-10 09:29:19.502884+00
14462,2025-04-01,174,GODSON PRAVEEN J,2025-04-19,G/F,General Fitness,1000.00,,800.00,due_or_unpaid,R,,,APRIL 2025,2026-09-10 09:29:19.502884+00
14463,2025-04-01,175,KABILAN R,2025-04-26,S/Z,Strength Zone,800.00,,800.00,due_or_unpaid,R,,,APRIL 2025,2026-09-10 09:29:19.502884+00
14464,2025-04-01,176,KAMAL S,2025-04-28,S/Z,Strength Zone,1000.00,,800.00,due_or_unpaid,R,,,APRIL 2025,2026-09-10 09:29:19.502884+00
14465,2025-04-01,177,MOHAMED ASHWAQ S,2025-04-02,S/Z,Strength Zone,800.00,,800.00,due_or_unpaid,R,,,APRIL 2025,2026-09-10 09:29:19.502884+00
14466,2025-04-01,178,VICKY,2025-04-03,S/Z,Strength Zone,800.00,,800.00,due_or_unpaid,R,,,APRIL 2025,2026-09-10 09:29:19.502884+00
14467,2025-04-01,180,DEEPAK G,2025-04-05,G/F,General Fitness,1000.00,,1000.00,due_or_unpaid,R,,,APRIL 2025,2026-09-10 09:29:19.502884+00
14468,2025-04-01,181,AGILESHWARAN M,2025-04-08,S/Z,Strength Zone,800.00,,800.00,due_or_unpaid,R,,,APRIL 2025,2026-09-10 09:29:19.502884+00
14469,2025-04-01,182,MUKESH R,2025-04-11,S/Z,Strength Zone,800.00,,800.00,due_or_unpaid,R,,,APRIL 2025,2026-09-10 09:29:19.502884+00
14470,2025-04-01,183,SACHIN AARON T,2025-04-17,S/Z,Strength Zone,800.00,800.00,0.00,paid,PAID,,,APRIL 2025,2026-09-10 09:29:19.502884+00
14471,2025-04-01,184,SANTHOSH R,2025-07-21,S/Z,Strength Zone,4500.00,,4500.00,due_or_unpaid,R,,,APRIL 2025,2026-09-10 09:29:19.502884+00
14472,2025-04-01,185,VISHNU VARTHAN S,2025-04-21,S/Z,Strength Zone,800.00,800.00,0.00,paid,PAID,,,APRIL 2025,2026-09-10 09:29:19.502884+00
14473,2025-04-01,186,MOGESH V,2025-04-25,S/Z,Strength Zone,800.00,,800.00,due_or_unpaid,R,,,APRIL 2025,2026-09-10 09:29:19.502884+00
14474,2025-04-01,187,VISHWA R A,2025-04-27,S/Z,Strength Zone,800.00,41500.00,0.00,paid,R,,,APRIL 2025,2026-09-10 09:29:19.502884+00
14475,2025-04-01,188,RAMASUBRAMANI K,2025-07-29,S/Z,Strength Zone,3200.00,,800.00,due_or_unpaid,R,,,APRIL 2025,2026-09-10 09:29:19.502884+00
14476,2025-04-01,189,DHANASINGH P,2025-07-29,S/Z,Strength Zone,3200.00,,800.00,due_or_unpaid,R,,,APRIL 2025,2026-09-10 09:29:19.502884+00
14477,2025-04-01,190,AMAR NATH R,2025-04-03,G/F,General Fitness,1000.00,,1000.00,due_or_unpaid,R,,,APRIL 2025,2026-09-10 09:29:19.502884+00
14478,2025-04-01,191,PUVIYARASAN G,2025-04-04,S/Z,Strength Zone,800.00,,800.00,due_or_unpaid,R,,,APRIL 2025,2026-09-10 09:29:19.502884+00
14479,2025-04-01,192,DINESH KUMAR R,2025-04-04,S/Z,Strength Zone,800.00,800.00,0.00,paid,PAID,,,APRIL 2025,2026-09-10 09:29:19.502884+00
14480,2025-04-01,193,ARUN KUMAR R,2025-04-04,G/F,General Fitness,1000.00,,1000.00,due_or_unpaid,R,,,APRIL 2025,2026-09-10 09:29:19.502884+00
14481,2025-04-01,194,ASWIN P BENNY,2025-04-04,G/F,General Fitness,1000.00,,1000.00,due_or_unpaid,R,,,APRIL 2025,2026-09-10 09:29:19.502884+00
14482,2025-04-01,195,ROCK R,2025-04-04,S/Z,Strength Zone,800.00,,800.00,due_or_unpaid,R,,,APRIL 2025,2026-09-10 09:29:19.502884+00
14483,2025-04-01,196,SURIYA PRAKASH M,2025-04-12,S/Z,Strength Zone,800.00,,800.00,due_or_unpaid,R,,,APRIL 2025,2026-09-10 09:29:19.502884+00
14484,2025-04-01,197,BHARATHI RAJA M,2025-04-12,G/F,General Fitness,1000.00,,1000.00,due_or_unpaid,R,,,APRIL 2025,2026-09-10 09:29:19.502884+00
14485,2025-04-01,198,SURYA R,2025-04-12,S/Z,Strength Zone,800.00,800.00,0.00,paid,PAID,,,APRIL 2025,2026-09-10 09:29:19.502884+00
14486,2025-04-01,199,MADHUWANTH K,2025-04-13,S/Z,Strength Zone,800.00,,800.00,due_or_unpaid,R,,,APRIL 2025,2026-09-10 09:29:19.502884+00
14487,2025-04-01,200,DHAYALAN R,2025-04-12,G/F,General Fitness,1000.00,,1000.00,due_or_unpaid,R,,,APRIL 2025,2026-09-10 09:29:19.502884+00
14488,2025-04-01,201,KARTHI BALAJI R,2025-04-13,S/Z,Strength Zone,800.00,,800.00,due_or_unpaid,R,,,APRIL 2025,2026-09-10 09:29:19.502884+00
14489,2025-04-01,202,HARI KRISHNAN G,2025-04-18,G/F,General Fitness,1000.00,1000.00,0.00,paid,PAID,,,APRIL 2025,2026-09-10 09:29:19.502884+00
14490,2025-04-01,203,VIGNESH K,2025-04-18,G/F,General Fitness,1000.00,1000.00,0.00,paid,PAID,,,APRIL 2025,2026-09-10 09:29:19.502884+00
14491,2025-04-01,204,AKASH C,2025-04-20,S/Z,Strength Zone,800.00,,800.00,due_or_unpaid,R,,,APRIL 2025,2026-09-10 09:29:19.502884+00
14492,2025-04-01,205,MANI MARAN M,2025-04-20,S/Z,Strength Zone,800.00,,800.00,due_or_unpaid,R,,,APRIL 2025,2026-09-10 09:29:19.502884+00
14493,2025-04-01,206,SANTHA KUMAR S,2025-04-24,G/F,General Fitness,1000.00,1000.00,0.00,paid,PAID,,,APRIL 2025,2026-09-10 09:29:19.502884+00
14494,2025-04-01,207,SANJAY S,2025-04-24,S/Z,Strength Zone,800.00,800.00,0.00,paid,PAID,,,APRIL 2025,2026-09-10 09:29:19.502884+00
14495,2025-04-01,208,SEEN N,2025-04-24,S/Z,Strength Zone,800.00,,800.00,due_or_unpaid,R,,,APRIL 2025,2026-09-10 09:29:19.502884+00
14496,2025-04-01,209,PASUPATHI M,2025-04-25,G/F,General Fitness,1000.00,,1000.00,due_or_unpaid,R,,,APRIL 2025,2026-09-10 09:29:19.502884+00
14497,2025-04-01,210,NAVEEN K.M,2025-04-03,G/F,General Fitness,1000.00,1000.00,0.00,paid,PAID,,,APRIL 2025,2026-09-10 09:29:19.502884+00
14498,2025-04-01,211,SUNIL KUMAR H,2025-04-03,S/Z,Strength Zone,800.00,800.00,0.00,paid,PAID,,,APRIL 2025,2026-09-10 09:29:19.502884+00
14499,2025-04-01,212,ALI,2025-04-03,S/Z,Strength Zone,800.00,800.00,0.00,paid,PAID,,,APRIL 2025,2026-09-10 09:29:19.502884+00
14500,2025-04-01,213,SADDAM,2025-04-03,S/Z,Strength Zone,800.00,800.00,0.00,paid,PAID,,,APRIL 2025,2026-09-10 09:29:19.502884+00
14501,2025-04-01,214,SUMAN RAJ P,2025-04-10,,,1000.00,1000.00,0.00,paid,PAID,,,APRIL 2025,2026-09-10 09:29:19.502884+00
14502,2025-04-01,215,MICHEAL PRAKASH P,2025-04-11,,,1000.00,,1000.00,due_or_unpaid,R,,,APRIL 2025,2026-09-10 09:29:19.502884+00
14503,2025-04-01,216,RAJA K,2025-04-11,,,1000.00,,1000.00,due_or_unpaid,R,,,APRIL 2025,2026-09-10 09:29:19.502884+00
14504,2025-04-01,217,SANJAY P R,2025-04-11,,,800.00,800.00,0.00,paid,PAID,,,APRIL 2025,2026-09-10 09:29:19.502884+00
14505,2025-04-01,218,NARENDRAN,2025-04-14,,,800.00,,800.00,due_or_unpaid,R,,,APRIL 2025,2026-09-10 09:29:19.502884+00
14506,2025-04-01,219,SUNIL P,2025-04-13,,,800.00,,800.00,due_or_unpaid,R,,,APRIL 2025,2026-09-10 09:29:19.502884+00
14507,2025-04-01,220,VENKAT,2025-04-13,G/F,General Fitness,1000.00,1000.00,0.00,paid,PAID,,,APRIL 2025,2026-09-10 09:29:19.502884+00
14508,2025-04-01,221,KARTHICK R,2025-04-15,,,800.00,,800.00,due_or_unpaid,R,,,APRIL 2025,2026-09-10 09:29:19.502884+00
14509,2025-04-01,222,MUNISH KUMAR B,2025-04-17,,,800.00,800.00,0.00,paid,PAID,,,APRIL 2025,2026-09-10 09:29:19.502884+00
14510,2025-04-01,223,RAJIBUL ALI T,2025-04-22,,,800.00,,800.00,due_or_unpaid,R,,,APRIL 2025,2026-09-10 09:29:19.502884+00
14511,2025-04-01,224,MOHANRAJ P,2025-04-24,,,1000.00,,1000.00,due_or_unpaid,R,,,APRIL 2025,2026-09-10 09:29:19.502884+00
14512,2025-04-01,225,RAVINDHAREN,2025-04-25,,,800.00,,800.00,due_or_unpaid,R,,,APRIL 2025,2026-09-10 09:29:19.502884+00
14513,2025-04-01,239,GOPINATH M,2025-04-19,S/Z,Strength Zone,800.00,,800.00,due_or_unpaid,R,,,APRIL 2025,2026-09-10 09:29:19.502884+00
14514,2025-04-01,240,YOGESH G,2025-04-24,S/Z,Strength Zone,800.00,,800.00,due_or_unpaid,R,,,APRIL 2025,2026-09-10 09:29:19.502884+00
14515,2025-04-01,241,PRADHAP V,2025-04-24,S/Z,Strength Zone,800.00,,800.00,due_or_unpaid,R,,,APRIL 2025,2026-09-10 09:29:19.502884+00
14516,2025-04-01,179,PAPPU KUMAR D,2025-04-04,G/F,General Fitness,1000.00,,1000.00,due_or_unpaid,R,,,APRIL 2025,2026-09-10 09:29:19.502884+00
14517,2025-04-01,76,TAYABUR RAHMAN A,2025-04-20,S/Z,Strength Zone,800.00,800.00,0.00,paid,PAID,,,APRIL 2025,2026-09-10 09:29:19.502884+00
14518,2025-05-01,1,SUNDHAR M,2025-05-09,S/Z,Strength Zone,800.00,,800.00,due_or_unpaid,R,,,MAY 2025,2026-09-10 09:29:19.502884+00
14519,2025-05-01,2,NITHYASEELAN P,2025-05-09,S/Z,Strength Zone,800.00,,800.00,due_or_unpaid,R,,,MAY 2025,2026-09-10 09:29:19.502884+00
14520,2025-05-01,3,SANJEEVA REDDY C,2026-01-09,S/Z,Strength Zone,800.00,,6000.00,due_or_unpaid,R,,,MAY 2025,2026-09-10 09:29:19.502884+00
14521,2025-05-01,4,ABDUL RAHMAN A,2025-05-09,S/Z,Strength Zone,800.00,,1000.00,due_or_unpaid,R,,,MAY 2025,2026-09-10 09:29:19.502884+00
14522,2025-05-01,5,SANTHOSH KUMAR G,2025-05-09,G/F,General Fitness,1000.00,,1000.00,due_or_unpaid,R,,,MAY 2025,2026-09-10 09:29:19.502884+00
14523,2025-05-01,6,SATHISH KUMAR J,2025-05-09,G/F,General Fitness,1000.00,,1000.00,due_or_unpaid,R,,,MAY 2025,2026-09-10 09:29:19.502884+00
14524,2025-05-01,7,VIJAYABABU C,2026-01-09,G/F,General Fitness,1000.00,,6000.00,due_or_unpaid,R,,,MAY 2025,2026-09-10 09:29:19.502884+00
14525,2025-05-01,8,ISTJHAR AHAMAD,2025-05-09,G/F,General Fitness,1000.00,,1000.00,due_or_unpaid,R,,,MAY 2025,2026-09-10 09:29:19.502884+00
14526,2025-05-01,9,MUBARAK ALI,2025-05-09,S/Z,Strength Zone,800.00,,800.00,due_or_unpaid,R,,,MAY 2025,2026-09-10 09:29:19.502884+00
14527,2025-05-01,10,GULJOR HUSSAIN,2025-05-09,S/Z,Strength Zone,800.00,,800.00,due_or_unpaid,R,,,MAY 2025,2026-09-10 09:29:19.502884+00
14528,2025-05-01,11,SURHAB ALI,2025-05-09,S/Z,Strength Zone,800.00,,800.00,due_or_unpaid,R,,,MAY 2025,2026-09-10 09:29:19.502884+00
14529,2025-05-01,12,SATHYA M,2025-05-09,G/F,General Fitness,800.00,,800.00,due_or_unpaid,R,,,MAY 2025,2026-09-10 09:29:19.502884+00
14530,2025-05-01,13,PORTAP CHETRY,2025-05-09,S/Z,Strength Zone,800.00,,800.00,due_or_unpaid,R,,,MAY 2025,2026-09-10 09:29:19.502884+00
14531,2025-05-01,14,TAMIL,2025-05-09,G/F,General Fitness,1000.00,,1000.00,due_or_unpaid,R,,,MAY 2025,2026-09-10 09:29:19.502884+00
14532,2025-05-01,15,DEEPAK M,2025-05-09,S/Z,Strength Zone,800.00,800.00,0.00,paid,PAID,,,MAY 2025,2026-09-10 09:29:19.502884+00
14533,2025-05-01,16,SARATH KUMAR A,2025-05-10,S/Z,Strength Zone,800.00,,800.00,due_or_unpaid,R,,,MAY 2025,2026-09-10 09:29:19.502884+00
14534,2025-05-01,17,UDHAYA PANDIAN,2025-05-10,G/F,General Fitness,1000.00,,1000.00,due_or_unpaid,R,,,MAY 2025,2026-09-10 09:29:19.502884+00
14535,2025-05-01,18,MANJIT KUMAR,2025-05-09,S/Z,Strength Zone,800.00,,800.00,due_or_unpaid,R,,,MAY 2025,2026-09-10 09:29:19.502884+00
14536,2025-05-01,19,YUVARAJ C,2025-11-10,G/F,General Fitness,1000.00,,7000.00,due_or_unpaid,R,3000.0,,MAY 2025,2026-09-10 09:29:19.502884+00
14537,2025-05-01,20,CHARLES,2025-05-09,S/Z,Strength Zone,800.00,1000.00,0.00,paid,PAID,,,MAY 2025,2026-09-10 09:29:19.502884+00
14538,2025-05-01,21,DHANUSH V,2025-05-10,S/Z,Strength Zone,800.00,,800.00,due_or_unpaid,R,,,MAY 2025,2026-09-10 09:29:19.502884+00
14539,2025-05-01,22,BOLORAM PONIKA A.J,2025-05-10,S/Z,Strength Zone,800.00,,800.00,due_or_unpaid,R,,,MAY 2025,2026-09-10 09:29:19.502884+00
14540,2025-05-01,23,PRASANTH M,2025-05-10,S/Z,Strength Zone,800.00,,800.00,due_or_unpaid,R,,,MAY 2025,2026-09-10 09:29:19.502884+00
14541,2025-05-01,24,RAGUL R,2025-05-11,S/Z,Strength Zone,800.00,800.00,0.00,paid,PAID,,,MAY 2025,2026-09-10 09:29:19.502884+00
14542,2025-05-01,25,SANTHOSH M,2025-05-11,S/Z,Strength Zone,800.00,,800.00,due_or_unpaid,R,,,MAY 2025,2026-09-10 09:29:19.502884+00
14543,2025-05-01,26,MAZID ALI,2025-05-11,S/Z,Strength Zone,800.00,,800.00,due_or_unpaid,R,,,MAY 2025,2026-09-10 09:29:19.502884+00
14544,2025-05-01,27,SADIKUL ISLAM,2025-05-11,S/Z,Strength Zone,800.00,,800.00,due_or_unpaid,R,,,MAY 2025,2026-09-10 09:29:19.502884+00
14545,2025-05-01,28,LAKSHWANTH,2026-02-11,G/F,General Fitness,1000.00,,7499.00,due_or_unpaid,R,,,MAY 2025,2026-09-10 09:29:19.502884+00
14546,2025-05-01,29,GOWTHAM A,2025-05-01,S/Z,Strength Zone,800.00,,800.00,due_or_unpaid,R,,,MAY 2025,2026-09-10 09:29:19.502884+00
14547,2025-05-01,30,PRADEEP Y,2025-05-11,S/Z,Strength Zone,800.00,800.00,0.00,paid,PAID,,,MAY 2025,2026-09-10 09:29:19.502884+00
14548,2025-05-01,31,ROHIT R,2025-05-12,S/Z,Strength Zone,800.00,800.00,0.00,paid,PAID,,,MAY 2025,2026-09-10 09:29:19.502884+00
14549,2025-05-01,32,RISHI M,2025-05-12,S/Z,Strength Zone,800.00,800.00,0.00,paid,PAID,,,MAY 2025,2026-09-10 09:29:19.502884+00
14550,2025-05-01,33,GOPAL B,2025-05-12,S/Z,Strength Zone,800.00,800.00,0.00,paid,PAID,,,MAY 2025,2026-09-10 09:29:19.502884+00
14551,2025-05-01,34,KODOM ALI D,2025-05-13,S/Z,Strength Zone,800.00,,800.00,due_or_unpaid,R,,,MAY 2025,2026-09-10 09:29:19.502884+00
14552,2025-05-01,35,SUJAB ALI A,2025-05-13,S/Z,Strength Zone,800.00,,800.00,due_or_unpaid,R,,,MAY 2025,2026-09-10 09:29:19.502884+00
14553,2025-05-01,36,ASHABUL HOQUE S,2025-05-13,S/Z,Strength Zone,800.00,,800.00,due_or_unpaid,R,,,MAY 2025,2026-09-10 09:29:19.502884+00
14554,2025-05-01,37,SURESH K,2025-05-13,G/F,General Fitness,1000.00,,1000.00,due_or_unpaid,R,,,MAY 2025,2026-09-10 09:29:19.502884+00
14555,2025-05-01,38,YUVARAJ B,2025-05-13,S/F,,800.00,800.00,0.00,paid,PAID,,,MAY 2025,2026-09-10 09:29:19.502884+00
14556,2025-05-01,39,BALAKUMAR M,2025-05-13,G/F,General Fitness,1000.00,1000.00,0.00,paid,PAID,,,MAY 2025,2026-09-10 09:29:19.502884+00
14557,2025-05-01,40,SIDDHARTH V,2025-05-13,S/Z,Strength Zone,800.00,,800.00,due_or_unpaid,R,,,MAY 2025,2026-09-10 09:29:19.502884+00
14558,2025-05-01,41,VAJARAVEL BALA A,2025-05-13,G/F,General Fitness,1000.00,,1000.00,due_or_unpaid,R,,,MAY 2025,2026-09-10 09:29:19.502884+00
14559,2025-05-01,42,SARAVANAN K,2025-05-13,S/Z,Strength Zone,800.00,,800.00,due_or_unpaid,R,,,MAY 2025,2026-09-10 09:29:19.502884+00
14560,2025-05-01,43,ARJUN S,2025-05-13,S/Z,Strength Zone,800.00,,800.00,due_or_unpaid,R,,,MAY 2025,2026-09-10 09:29:19.502884+00
14561,2025-05-01,44,RAM PRASAD,2025-05-14,G/F,General Fitness,1000.00,,1000.00,due_or_unpaid,R,,,MAY 2025,2026-09-10 09:29:19.502884+00
14562,2025-05-01,45,SANTHOSH,2025-05-14,S/Z,Strength Zone,800.00,,800.00,due_or_unpaid,R,,,MAY 2025,2026-09-10 09:29:19.502884+00
14563,2025-05-01,46,SRI RAM R,2025-05-14,S/Z,Strength Zone,1000.00,1000.00,0.00,paid,PAID,,,MAY 2025,2026-09-10 09:29:19.502884+00
14564,2025-05-01,47,ANBU N,2025-05-14,G/F,General Fitness,1000.00,,1000.00,due_or_unpaid,R,,,MAY 2025,2026-09-10 09:29:19.502884+00
14565,2025-05-01,48,ARAVIND KUMAR P,2025-05-14,S/Z,Strength Zone,800.00,,800.00,due_or_unpaid,R,,,MAY 2025,2026-09-10 09:29:19.502884+00
14566,2025-05-01,49,ARUN S,2025-05-16,G/F,General Fitness,1000.00,,1000.00,due_or_unpaid,R,,,MAY 2025,2026-09-10 09:29:19.502884+00
14567,2025-05-01,50,AATHI,2025-05-16,S/Z,Strength Zone,800.00,800.00,0.00,paid,PAID,,,MAY 2025,2026-09-10 09:29:19.502884+00
14568,2025-05-01,51,JOTHILINGAM R,2025-05-15,G/F,General Fitness,1000.00,,1000.00,due_or_unpaid,R,,,MAY 2025,2026-09-10 09:29:19.502884+00
14569,2025-05-01,52,VASANTH J,2026-01-15,S/Z,Strength Zone,1000.00,,6000.00,due_or_unpaid,R,,,MAY 2025,2026-09-10 09:29:19.502884+00
14570,2025-05-01,53,BETSY PAULINE V,2025-05-16,G/F,General Fitness,1000.00,1000.00,0.00,paid,PAID,,,MAY 2025,2026-09-10 09:29:19.502884+00
14571,2025-05-01,54,PREM KUMAR Y,2025-05-16,S/Z,Strength Zone,800.00,,800.00,due_or_unpaid,R,,,MAY 2025,2026-09-10 09:29:19.502884+00
14572,2025-05-01,55,JAWAID F,2025-05-16,S/Z,Strength Zone,800.00,,800.00,due_or_unpaid,R,,,MAY 2025,2026-09-10 09:29:19.502884+00
14573,2025-05-01,56,BOBIDUL ISLAM A,2025-05-16,G/F,General Fitness,1000.00,,1000.00,due_or_unpaid,R,,,MAY 2025,2026-09-10 09:29:19.502884+00
14574,2025-05-01,57,ABDUL KHALAK J,2025-05-16,G/F,General Fitness,1000.00,,1000.00,due_or_unpaid,R,,,MAY 2025,2026-09-10 09:29:19.502884+00
14575,2025-05-01,58,MEHERUL HAQUE.S,2025-05-16,G/F,General Fitness,1000.00,,1000.00,due_or_unpaid,R,,,MAY 2025,2026-09-10 09:29:19.502884+00
14576,2025-05-01,59,JAGADEESH M,2025-05-16,G/F,General Fitness,1000.00,,1000.00,due_or_unpaid,R,,,MAY 2025,2026-09-10 09:29:19.502884+00
14577,2025-05-01,60,FAYAZ AHMED A,2025-05-16,S/Z,Strength Zone,800.00,,800.00,due_or_unpaid,R,,,MAY 2025,2026-09-10 09:29:19.502884+00
14578,2025-05-01,61,MAMIDUL ALI,2025-05-17,S/Z,Strength Zone,800.00,,800.00,due_or_unpaid,R,,,MAY 2025,2026-09-10 09:29:19.502884+00
14579,2025-05-01,62,VINOTH KUMAR C,2025-05-17,G/F,General Fitness,800.00,,800.00,due_or_unpaid,R,,,MAY 2025,2026-09-10 09:29:19.502884+00
14580,2025-05-01,63,ABDUL BATIN U,2025-05-17,S/Z,Strength Zone,800.00,,800.00,due_or_unpaid,R,,,MAY 2025,2026-09-10 09:29:19.502884+00
14581,2025-05-01,64,NILCHAN ALI,2025-05-17,S/Z,Strength Zone,800.00,,800.00,due_or_unpaid,R,,,MAY 2025,2026-09-10 09:29:19.502884+00
14582,2025-05-01,65,MOMIRUL HOQUE,2025-05-17,S/Z,Strength Zone,800.00,,800.00,due_or_unpaid,R,,,MAY 2025,2026-09-10 09:29:19.502884+00
14583,2025-05-01,66,AMIR HAMJA,2025-05-17,S/Z,Strength Zone,800.00,,800.00,due_or_unpaid,R,,,MAY 2025,2026-09-10 09:29:19.502884+00
14584,2025-05-01,67,SUNIL R,2025-05-17,G/F,General Fitness,1000.00,,1000.00,due_or_unpaid,R,,,MAY 2025,2026-09-10 09:29:19.502884+00
14585,2025-05-01,68,SUDHAKAR S,2025-05-17,S/Z,Strength Zone,800.00,,800.00,due_or_unpaid,R,,,MAY 2025,2026-09-10 09:29:19.502884+00
14586,2025-05-01,69,AMINUL ISLAM MD,2025-05-18,S/Z,Strength Zone,800.00,,800.00,due_or_unpaid,R,,,MAY 2025,2026-09-10 09:29:19.502884+00
14587,2025-05-01,70,TAFIKUL ISLAM,2025-05-18,G/F,General Fitness,1000.00,,800.00,due_or_unpaid,R,,,MAY 2025,2026-09-10 09:29:19.502884+00
14588,2025-05-01,72,HAFIZUR RAHMAM,2025-05-19,S/Z,Strength Zone,800.00,,800.00,due_or_unpaid,R,,,MAY 2025,2026-09-10 09:29:19.502884+00
14589,2025-05-01,73,MOJNUR,2025-05-19,S/Z,Strength Zone,800.00,,800.00,due_or_unpaid,R,,,MAY 2025,2026-09-10 09:29:19.502884+00
14590,2025-05-01,74,YOGESH R,2025-05-19,S/Z,Strength Zone,800.00,,800.00,due_or_unpaid,R,,,MAY 2025,2026-09-10 09:29:19.502884+00
14591,2025-05-01,75,NAVAS,2025-05-19,G/F,General Fitness,1000.00,,800.00,due_or_unpaid,R,,,MAY 2025,2026-09-10 09:29:19.502884+00
14592,2025-05-01,76,TAYABUR RAHMAN A,2025-05-20,S/Z,Strength Zone,800.00,800.00,0.00,paid,PAID,,,MAY 2025,2026-09-10 09:29:19.502884+00
14593,2025-05-01,78,RATHISH KUMAR,2025-05-23,G/F,General Fitness,1000.00,,1000.00,due_or_unpaid,R,,,MAY 2025,2026-09-10 09:29:19.502884+00
14594,2025-05-01,79,DARVIN RAJ J,2025-05-23,S/Z,Strength Zone,800.00,,800.00,due_or_unpaid,R,,,MAY 2025,2026-09-10 09:29:19.502884+00
14595,2025-05-01,80,PRASANTH S,2025-05-23,S/Z,Strength Zone,800.00,,800.00,due_or_unpaid,R,,,MAY 2025,2026-09-10 09:29:19.502884+00
14596,2025-05-01,81,GURU SHANKAR,2025-05-23,S/Z,Strength Zone,800.00,,800.00,due_or_unpaid,R,,,MAY 2025,2026-09-10 09:29:19.502884+00
14597,2025-05-01,82,NARJUL ISLAM A,2025-05-23,S/Z,Strength Zone,800.00,,800.00,due_or_unpaid,R,,,MAY 2025,2026-09-10 09:29:19.502884+00
14598,2025-05-01,83,SANGIT KUMAR SAMANTHA,2025-05-23,G/F,General Fitness,1000.00,,800.00,due_or_unpaid,R,,,MAY 2025,2026-09-10 09:29:19.502884+00
14599,2025-05-01,84,RAGUL A,2025-05-23,S/Z,Strength Zone,800.00,800.00,0.00,paid,PAID,,,MAY 2025,2026-09-10 09:29:19.502884+00
14600,2025-05-01,85,ASWINI SAGAR SWAIN,2025-05-24,S/Z,Strength Zone,800.00,,800.00,due_or_unpaid,R,,,MAY 2025,2026-09-10 09:29:19.502884+00
14601,2025-05-01,86,DEEPAK M,2025-05-24,S/Z,Strength Zone,800.00,,800.00,due_or_unpaid,R,,,MAY 2025,2026-09-10 09:29:19.502884+00
14602,2025-05-01,88,NATHAN K,2025-05-25,S/Z,Strength Zone,800.00,,800.00,due_or_unpaid,R,,,MAY 2025,2026-09-10 09:29:19.502884+00
14603,2025-05-01,89,MOIN UDDIN A,2025-05-25,S/Z,Strength Zone,800.00,,800.00,due_or_unpaid,R,,,MAY 2025,2026-09-10 09:29:19.502884+00
14604,2025-05-01,90,ALI AHMED R,2025-05-25,S/Z,Strength Zone,800.00,,800.00,due_or_unpaid,R,,,MAY 2025,2026-09-10 09:29:19.502884+00
14605,2025-05-01,91,ABINASH S,2025-05-27,S/Z,Strength Zone,800.00,800.00,0.00,paid,PAID,,,MAY 2025,2026-09-10 09:29:19.502884+00
14606,2025-05-01,92,ARAVIND S,2025-05-28,S/Z,Strength Zone,800.00,,800.00,due_or_unpaid,R,,,MAY 2025,2026-09-10 09:29:19.502884+00
14607,2025-05-01,93,ASHADUL,2025-05-30,G/F,General Fitness,1000.00,,800.00,due_or_unpaid,R,,,MAY 2025,2026-09-10 09:29:19.502884+00
14608,2025-05-01,94,GUHAN A,2025-05-30,S/Z,Strength Zone,800.00,,800.00,due_or_unpaid,R,,,MAY 2025,2026-09-10 09:29:19.502884+00
14609,2025-05-01,95,ROKIBUL HUSSAIN A,2025-05-30,S/Z,Strength Zone,800.00,,800.00,due_or_unpaid,R,,,MAY 2025,2026-09-10 09:29:19.502884+00
14610,2025-05-01,96,MERVYN,2025-10-01,G/F,General Fitness,7000.00,,7000.00,due_or_unpaid,R,,,MAY 2025,2026-09-10 09:29:19.502884+00
14611,2025-05-01,97,MICHAEL A,2025-05-01,S/Z,Strength Zone,800.00,,800.00,due_or_unpaid,R,,,MAY 2025,2026-09-10 09:29:19.502884+00
14612,2025-05-01,98,SUGAN RAJ M,2025-05-01,S/Z,Strength Zone,800.00,,800.00,due_or_unpaid,R,,,MAY 2025,2026-09-10 09:29:19.502884+00
14613,2025-05-01,99,SHUTRUGHAN KUMAR R,2025-05-01,S/Z,Strength Zone,800.00,,800.00,due_or_unpaid,R,,,MAY 2025,2026-09-10 09:29:19.502884+00
14614,2025-05-01,100,DAVID A,2025-05-02,G/F,General Fitness,1000.00,1000.00,0.00,paid,PAID,,,MAY 2025,2026-09-10 09:29:19.502884+00
14615,2025-05-01,101,PETER A,2025-05-02,G/F,General Fitness,1000.00,,1000.00,due_or_unpaid,R,,,MAY 2025,2026-09-10 09:29:19.502884+00
14616,2025-05-01,102,KUMARAN M,2025-05-02,S/Z,Strength Zone,800.00,,800.00,due_or_unpaid,R,,,MAY 2025,2026-09-10 09:29:19.502884+00
14617,2025-05-01,103,CHARAN KUMAR V,2025-05-02,S/Z,Strength Zone,800.00,,800.00,due_or_unpaid,R,,,MAY 2025,2026-09-10 09:29:19.502884+00
14618,2025-05-01,104,SETTU E,2025-05-03,S/Z,Strength Zone,800.00,,800.00,due_or_unpaid,R,,,MAY 2025,2026-09-10 09:29:19.502884+00
14619,2025-05-01,105,NITHISH KUMAR S,2025-05-04,S/Z,Strength Zone,800.00,,800.00,due_or_unpaid,R,,,MAY 2025,2026-09-10 09:29:19.502884+00
14620,2025-05-01,106,RAMESH S,2025-05-04,G/F,General Fitness,1000.00,,1000.00,due_or_unpaid,R,,,MAY 2025,2026-09-10 09:29:19.502884+00
14621,2025-05-01,107,SANJAN V,2025-05-05,S/Z,Strength Zone,800.00,,800.00,due_or_unpaid,R,,,MAY 2025,2026-09-10 09:29:19.502884+00
14622,2025-05-01,108,DIVAKAR M,2025-05-05,G/F,General Fitness,1000.00,,1000.00,due_or_unpaid,R,,,MAY 2025,2026-09-10 09:29:19.502884+00
14623,2025-05-01,109,DANIEL R,2025-05-05,S/Z,Strength Zone,800.00,800.00,0.00,paid,PAID,,,MAY 2025,2026-09-10 09:29:19.502884+00
14624,2025-05-01,110,MANIKANADAN,2025-05-07,G/F,General Fitness,1000.00,,1000.00,due_or_unpaid,R,,,MAY 2025,2026-09-10 09:29:19.502884+00
14625,2025-05-01,111,PRITHIVIKASH,2025-05-26,S/Z,Strength Zone,800.00,,800.00,due_or_unpaid,R,,,MAY 2025,2026-09-10 09:29:19.502884+00
14626,2025-05-01,112,CHANDRU,2025-05-08,S/Z,Strength Zone,800.00,,800.00,due_or_unpaid,R,,,MAY 2025,2026-09-10 09:29:19.502884+00
14627,2025-05-01,113,SANJAY J,2025-05-08,S/Z,Strength Zone,800.00,,800.00,due_or_unpaid,R,,,MAY 2025,2026-09-10 09:29:19.502884+00
14628,2025-05-01,114,AJITH D,2025-05-09,S/Z,Strength Zone,800.00,,800.00,due_or_unpaid,R,,,MAY 2025,2026-09-10 09:29:19.502884+00
14629,2025-05-01,115,SANJAY B,2025-05-09,S/Z,Strength Zone,800.00,,800.00,due_or_unpaid,R,,,MAY 2025,2026-09-10 09:29:19.502884+00
14630,2025-05-01,116,TAMIL SELVAN M,2025-05-12,S/Z,Strength Zone,800.00,,800.00,due_or_unpaid,R,,,MAY 2025,2026-09-10 09:29:19.502884+00
14631,2025-05-01,117,ARUN YADAV,2025-05-12,S/Z,Strength Zone,800.00,,800.00,due_or_unpaid,R,,,MAY 2025,2026-09-10 09:29:19.502884+00
14632,2025-05-01,118,GIRI S,2025-05-13,S/Z,Strength Zone,800.00,,800.00,due_or_unpaid,R,,,MAY 2025,2026-09-10 09:29:19.502884+00
14633,2025-05-01,119,JOHNSON S,2025-05-14,S/Z,Strength Zone,800.00,,800.00,due_or_unpaid,R,,,MAY 2025,2026-09-10 09:29:19.502884+00
14634,2025-05-01,120,DEEPAK BILUNG,2025-05-15,S/Z,Strength Zone,800.00,,800.00,due_or_unpaid,R,,,MAY 2025,2026-09-10 09:29:19.502884+00
14635,2025-05-01,121,BINU,2025-05-15,S/Z,Strength Zone,800.00,,800.00,due_or_unpaid,R,,,MAY 2025,2026-09-10 09:29:19.502884+00
14636,2025-05-01,122,SOHEL RANA,2025-05-16,G/F,General Fitness,1000.00,,1000.00,due_or_unpaid,R,,,MAY 2025,2026-09-10 09:29:19.502884+00
14637,2025-05-01,123,CHAITANYA K,2025-05-17,G/F,General Fitness,1000.00,,1000.00,due_or_unpaid,R,,,MAY 2025,2026-09-10 09:29:19.502884+00
14638,2025-05-01,124,KATHIRAVAN.E,2025-05-18,S/Z,Strength Zone,800.00,,800.00,due_or_unpaid,R,,,MAY 2025,2026-09-10 09:29:19.502884+00
14639,2025-05-01,125,MOORTHY R,2025-05-18,S/Z,Strength Zone,800.00,,800.00,due_or_unpaid,R,,,MAY 2025,2026-09-10 09:29:19.502884+00
14640,2025-05-01,126,SANJAY S,2025-05-18,S/Z,Strength Zone,800.00,,800.00,due_or_unpaid,R,,,MAY 2025,2026-09-10 09:29:19.502884+00
14641,2025-05-01,127,PERUMAL V,2025-05-19,S/Z,Strength Zone,800.00,,800.00,due_or_unpaid,R,,,MAY 2025,2026-09-10 09:29:19.502884+00
14642,2025-05-01,128,EMAMUL HUSSAIN A,2025-05-20,S/Z,Strength Zone,800.00,,800.00,due_or_unpaid,R,,,MAY 2025,2026-09-10 09:29:19.502884+00
14643,2025-05-01,129,JEEVA M,2025-05-21,S/Z,Strength Zone,800.00,,1000.00,due_or_unpaid,R,,,MAY 2025,2026-09-10 09:29:19.502884+00
14644,2025-05-01,130,ARAVIND S,2025-05-26,S/Z,Strength Zone,800.00,,2300.00,due_or_unpaid,R,,,MAY 2025,2026-09-10 09:29:19.502884+00
14645,2025-05-01,131,SURESH P,2025-05-28,S/Z,Strength Zone,800.00,,800.00,due_or_unpaid,R,,,MAY 2025,2026-09-10 09:29:19.502884+00
14646,2025-05-01,132,KAMAL M,2025-05-28,S/Z,Strength Zone,800.00,,800.00,due_or_unpaid,R,,,MAY 2025,2026-09-10 09:29:19.502884+00
14647,2025-05-01,133,FARHAN,2025-05-29,S/Z,Strength Zone,800.00,,800.00,due_or_unpaid,R,,,MAY 2025,2026-09-10 09:29:19.502884+00
14648,2025-05-01,134,HARISHIT D,2025-05-30,S/Z,Strength Zone,800.00,,800.00,due_or_unpaid,R,,,MAY 2025,2026-09-10 09:29:19.502884+00
14649,2025-05-01,135,BALAJI Y,2025-05-01,G/F,General Fitness,800.00,800.00,0.00,paid,PAID,,,MAY 2025,2026-09-10 09:29:19.502884+00
14650,2025-05-01,136,PETER A,2026-04-01,G/F,General Fitness,1000.00,,7500.00,due_or_unpaid,R,,,MAY 2025,2026-09-10 09:29:19.502884+00
14651,2025-05-01,137,KAMESH R,2025-05-02,S/Z,Strength Zone,800.00,,800.00,due_or_unpaid,R,,,MAY 2025,2026-09-10 09:29:19.502884+00
14652,2025-05-01,138,PREM S,2025-05-04,S/Z,Strength Zone,800.00,,800.00,due_or_unpaid,R,,,MAY 2025,2026-09-10 09:29:19.502884+00
14653,2025-05-01,139,VIMAL RAJ R,2025-05-04,S/Z,Strength Zone,800.00,,800.00,due_or_unpaid,R,,,MAY 2025,2026-09-10 09:29:19.502884+00
14654,2025-05-01,140,JOSEPH,2025-05-04,S/Z,Strength Zone,800.00,,800.00,due_or_unpaid,R,,,MAY 2025,2026-09-10 09:29:19.502884+00
14655,2025-05-01,141,ALA IMRAN A,2025-05-04,G/F,General Fitness,1000.00,1000.00,0.00,paid,PAID,,,MAY 2025,2026-09-10 09:29:19.502884+00
14656,2025-05-01,142,HAZRAT ALI,2025-05-05,S/Z,Strength Zone,800.00,,800.00,due_or_unpaid,R,,,MAY 2025,2026-09-10 09:29:19.502884+00
14657,2025-05-01,143,MAHESHWAR GOPE,2025-05-05,S/Z,Strength Zone,800.00,,800.00,due_or_unpaid,R,,,MAY 2025,2026-09-10 09:29:19.502884+00
14658,2025-05-01,144,SAKTHI DS,2025-05-09,S/Z,Strength Zone,800.00,,800.00,due_or_unpaid,R,,,MAY 2025,2026-09-10 09:29:19.502884+00
14659,2025-05-01,145,MUKESH S,2025-05-09,S/Z,Strength Zone,800.00,,800.00,due_or_unpaid,R,,,MAY 2025,2026-09-10 09:29:19.502884+00
14660,2025-05-01,146,AKASH SATHIVEL,2025-05-10,G/F,General Fitness,1000.00,,1000.00,due_or_unpaid,R,,,MAY 2025,2026-09-10 09:29:19.502884+00
14661,2025-05-01,147,SARAN RAJ S,2025-05-10,G/F,General Fitness,1000.00,,1000.00,due_or_unpaid,R,,,MAY 2025,2026-09-10 09:29:19.502884+00
14662,2025-05-01,148,SUDHAKAR S,2025-05-11,G/F,General Fitness,800.00,800.00,0.00,paid,PAID,,,MAY 2025,2026-09-10 09:29:19.502884+00
14663,2025-05-01,149,UMAMAHESWARA RAO,2025-05-11,G/F,General Fitness,1000.00,,1000.00,due_or_unpaid,R,,,MAY 2025,2026-09-10 09:29:19.502884+00
14664,2025-05-01,150,BARKATHULLAM K A,2025-05-13,G/F,General Fitness,1000.00,,1000.00,due_or_unpaid,R,,,MAY 2025,2026-09-10 09:29:19.502884+00
14665,2025-05-01,151,ABDUL KALAM A,2025-05-13,G/F,General Fitness,1000.00,,1000.00,due_or_unpaid,R,,,MAY 2025,2026-09-10 09:29:19.502884+00
14666,2025-05-01,152,JARDIS SK M,2025-05-13,S/Z,Strength Zone,800.00,,800.00,due_or_unpaid,R,,,MAY 2025,2026-09-10 09:29:19.502884+00
14667,2025-05-01,153,MANOJ M,2025-05-14,S/Z,Strength Zone,800.00,,800.00,due_or_unpaid,R,,,MAY 2025,2026-09-10 09:29:19.502884+00
14668,2025-05-01,154,NANTHA KUMAR A,2025-05-14,S/Z,Strength Zone,800.00,,1000.00,due_or_unpaid,R,,,MAY 2025,2026-09-10 09:29:19.502884+00
14669,2025-05-01,155,MANOJ E,2025-05-14,S/Z,Strength Zone,800.00,800.00,0.00,paid,PAID,,,MAY 2025,2026-09-10 09:29:19.502884+00
14670,2025-05-01,156,PRAVEEN KUMAR S,2025-05-15,G/F,General Fitness,1000.00,1000.00,0.00,paid,PAID,,,MAY 2025,2026-09-10 09:29:19.502884+00
14671,2025-05-01,157,SURYA S,2025-05-23,S/Z,Strength Zone,800.00,,800.00,due_or_unpaid,R,,,MAY 2025,2026-09-10 09:29:19.502884+00
14672,2025-05-01,158,MURALI S,2025-05-23,S/Z,Strength Zone,800.00,,800.00,due_or_unpaid,R,,,MAY 2025,2026-09-10 09:29:19.502884+00
14673,2025-05-01,159,RITHISH V,2025-05-18,S/Z,Strength Zone,800.00,,800.00,due_or_unpaid,R,,,MAY 2025,2026-09-10 09:29:19.502884+00
14674,2025-05-01,160,EMIMAL M,2025-05-19,G/F,General Fitness,1000.00,,800.00,due_or_unpaid,R,,,MAY 2025,2026-09-10 09:29:19.502884+00
14675,2025-05-01,161,YUVAN SHANKAR T,2025-05-20,S/Z,Strength Zone,800.00,800.00,0.00,paid,PAID,,,MAY 2025,2026-09-10 09:29:19.502884+00
14676,2025-05-01,162,JENIFER S,2025-05-04,G/F,General Fitness,1000.00,,1000.00,due_or_unpaid,R,,,MAY 2025,2026-09-10 09:29:19.502884+00
14677,2025-05-01,163,SANJEEV D.S,2025-05-04,S/Z,Strength Zone,800.00,,800.00,due_or_unpaid,R,,,MAY 2025,2026-09-10 09:29:19.502884+00
14678,2025-05-01,164,VASANTH KUMAR G,2025-05-05,S/Z,Strength Zone,800.00,,800.00,due_or_unpaid,R,,,MAY 2025,2026-09-10 09:29:19.502884+00
14679,2025-05-01,165,KISHORE KUMAR V,2025-05-07,S/Z,Strength Zone,800.00,,800.00,due_or_unpaid,R,,,MAY 2025,2026-09-10 09:29:19.502884+00
14680,2025-05-01,166,SANTHOSH KUMAR S,2025-05-07,S/Z,Strength Zone,800.00,,800.00,due_or_unpaid,R,,,MAY 2025,2026-09-10 09:29:19.502884+00
14681,2025-05-01,167,SANTHOSH KUMAR A,2025-05-09,S/Z,Strength Zone,800.00,800.00,0.00,paid,PAID,,,MAY 2025,2026-09-10 09:29:19.502884+00
14682,2025-05-01,168,ETHIRAJ T,2025-05-09,S/Z,Strength Zone,800.00,,800.00,due_or_unpaid,R,,,MAY 2025,2026-09-10 09:29:19.502884+00
14683,2025-05-01,169,PRASANTH M,2025-05-10,G/F,General Fitness,1000.00,,1000.00,due_or_unpaid,R,,,MAY 2025,2026-09-10 09:29:19.502884+00
14684,2025-05-01,170,RAGHUL R,2025-05-12,S/Z,Strength Zone,800.00,,800.00,due_or_unpaid,R,,,MAY 2025,2026-09-10 09:29:19.502884+00
14685,2025-05-01,171,GOWTHAM S,2025-05-16,G/F,General Fitness,1000.00,,1000.00,due_or_unpaid,R,,,MAY 2025,2026-09-10 09:29:19.502884+00
14686,2025-05-01,172,RAJESH S,2025-05-16,G/F,General Fitness,1000.00,,1000.00,due_or_unpaid,R,,,MAY 2025,2026-09-10 09:29:19.502884+00
14687,2025-05-01,173,AATHIYAPPAN S,2025-05-18,S/Z,Strength Zone,800.00,,800.00,due_or_unpaid,R,,,MAY 2025,2026-09-10 09:29:19.502884+00
14688,2025-05-01,174,GODSON PRAVEEN J,2025-05-19,G/F,General Fitness,1000.00,,800.00,due_or_unpaid,R,,,MAY 2025,2026-09-10 09:29:19.502884+00
14689,2025-05-01,175,KABILAN R,2025-05-26,S/Z,Strength Zone,800.00,,800.00,due_or_unpaid,R,,,MAY 2025,2026-09-10 09:29:19.502884+00
14690,2025-05-01,176,KAMAL S,2025-05-28,S/Z,Strength Zone,1000.00,,800.00,due_or_unpaid,R,,,MAY 2025,2026-09-10 09:29:19.502884+00
14691,2025-05-01,177,MOHAMED ASHWAQ S,2025-05-02,S/Z,Strength Zone,800.00,,800.00,due_or_unpaid,R,,,MAY 2025,2026-09-10 09:29:19.502884+00
14692,2025-05-01,178,VICKY,2025-05-03,S/Z,Strength Zone,800.00,,800.00,due_or_unpaid,R,,,MAY 2025,2026-09-10 09:29:19.502884+00
14693,2025-05-01,180,DEEPAK G,2025-05-05,G/F,General Fitness,1000.00,,1000.00,due_or_unpaid,R,,,MAY 2025,2026-09-10 09:29:19.502884+00
14694,2025-05-01,181,AGILESHWARAN M,2025-05-09,S/Z,Strength Zone,800.00,,800.00,due_or_unpaid,R,,,MAY 2025,2026-09-10 09:29:19.502884+00
14695,2025-05-01,182,MUKESH R,2025-05-11,S/Z,Strength Zone,800.00,,800.00,due_or_unpaid,R,,,MAY 2025,2026-09-10 09:29:19.502884+00
14696,2025-05-01,183,SACHIN AARON T,2025-05-17,S/Z,Strength Zone,800.00,800.00,0.00,paid,PAID,,,MAY 2025,2026-09-10 09:29:19.502884+00
14697,2025-05-01,184,SANTHOSH R,2025-07-21,S/Z,Strength Zone,800.00,,4500.00,due_or_unpaid,R,,,MAY 2025,2026-09-10 09:29:19.502884+00
14698,2025-05-01,185,VISHNU VARTHAN S,2025-05-21,S/Z,Strength Zone,800.00,800.00,0.00,paid,PAID,,,MAY 2025,2026-09-10 09:29:19.502884+00
14699,2025-05-01,186,MOGESH V,2025-05-25,S/Z,Strength Zone,800.00,,800.00,due_or_unpaid,R,,,MAY 2025,2026-09-10 09:29:19.502884+00
14700,2025-05-01,187,VISHWA R A,2025-05-27,S/Z,Strength Zone,800.00,43600.00,0.00,paid,R,,,MAY 2025,2026-09-10 09:29:19.502884+00
14701,2025-05-01,188,RAMASUBRAMANI K,2025-07-29,S/Z,Strength Zone,800.00,,3200.00,due_or_unpaid,R,,,MAY 2025,2026-09-10 09:29:19.502884+00
14702,2025-05-01,189,DHANASINGH P,2025-07-29,S/Z,Strength Zone,800.00,,3200.00,due_or_unpaid,R,,,MAY 2025,2026-09-10 09:29:19.502884+00
14703,2025-05-01,190,AMAR NATH R,2025-05-03,G/F,General Fitness,1000.00,,1000.00,due_or_unpaid,R,,,MAY 2025,2026-09-10 09:29:19.502884+00
14704,2025-05-01,191,PUVIYARASAN G,2025-05-04,S/Z,Strength Zone,800.00,,800.00,due_or_unpaid,R,,,MAY 2025,2026-09-10 09:29:19.502884+00
14705,2025-05-01,192,DINESH KUMAR R,2025-05-04,S/Z,Strength Zone,800.00,800.00,0.00,paid,PAID,,,MAY 2025,2026-09-10 09:29:19.502884+00
14706,2025-05-01,193,ARUN KUMAR R,2025-05-04,G/F,General Fitness,1000.00,,1000.00,due_or_unpaid,R,,,MAY 2025,2026-09-10 09:29:19.502884+00
14707,2025-05-01,194,ASWIN P BENNY,2025-05-04,G/F,General Fitness,1000.00,,1000.00,due_or_unpaid,R,,,MAY 2025,2026-09-10 09:29:19.502884+00
14708,2025-05-01,195,ROCK R,2025-05-04,S/Z,Strength Zone,800.00,,800.00,due_or_unpaid,R,,,MAY 2025,2026-09-10 09:29:19.502884+00
14709,2025-05-01,196,SURIYA PRAKASH M,2025-05-12,S/Z,Strength Zone,800.00,,800.00,due_or_unpaid,R,,,MAY 2025,2026-09-10 09:29:19.502884+00
14710,2025-05-01,197,BHARATHI RAJA M,2025-05-12,G/F,General Fitness,1000.00,,1000.00,due_or_unpaid,R,,,MAY 2025,2026-09-10 09:29:19.502884+00
14711,2025-05-01,198,SURYA R,2025-05-12,S/Z,Strength Zone,800.00,800.00,0.00,paid,PAID,,,MAY 2025,2026-09-10 09:29:19.502884+00
14712,2025-05-01,199,MADHUWANTH K,2025-05-13,S/Z,Strength Zone,800.00,,800.00,due_or_unpaid,R,,,MAY 2025,2026-09-10 09:29:19.502884+00
14713,2025-05-01,200,DHAYALAN R,2025-05-12,G/F,General Fitness,1000.00,,1000.00,due_or_unpaid,R,,,MAY 2025,2026-09-10 09:29:19.502884+00
14714,2025-05-01,201,KARTHI BALAJI R,2025-05-13,S/Z,Strength Zone,800.00,,800.00,due_or_unpaid,R,,,MAY 2025,2026-09-10 09:29:19.502884+00
14715,2025-05-01,202,HARI KRISHNAN G,2025-05-18,G/F,General Fitness,1000.00,1000.00,0.00,paid,PAID,,,MAY 2025,2026-09-10 09:29:19.502884+00
14716,2025-05-01,203,VIGNESH K,2025-05-18,G/F,General Fitness,1000.00,1000.00,0.00,paid,PAID,,,MAY 2025,2026-09-10 09:29:19.502884+00
14717,2025-05-01,204,AKASH C,2025-05-20,S/Z,Strength Zone,800.00,,800.00,due_or_unpaid,R,,,MAY 2025,2026-09-10 09:29:19.502884+00
14718,2025-05-01,205,MANI MARAN M,2025-05-20,S/Z,Strength Zone,800.00,,800.00,due_or_unpaid,R,,,MAY 2025,2026-09-10 09:29:19.502884+00
14719,2025-05-01,206,SANTHA KUMAR S,2025-05-24,G/F,General Fitness,1000.00,,1000.00,due_or_unpaid,R,,,MAY 2025,2026-09-10 09:29:19.502884+00
14720,2025-05-01,207,SANJAY S,2025-05-24,S/Z,Strength Zone,800.00,800.00,0.00,paid,PAID,,,MAY 2025,2026-09-10 09:29:19.502884+00
14721,2025-05-01,208,SEEN N,2025-05-24,S/Z,Strength Zone,800.00,,800.00,due_or_unpaid,R,,,MAY 2025,2026-09-10 09:29:19.502884+00
14722,2025-05-01,209,PASUPATHI M,2025-05-25,G/F,General Fitness,1000.00,,1000.00,due_or_unpaid,R,,,MAY 2025,2026-09-10 09:29:19.502884+00
14723,2025-05-01,210,NAVEEN K.M,2025-05-03,G/F,General Fitness,1000.00,1000.00,0.00,paid,PAID,,,MAY 2025,2026-09-10 09:29:19.502884+00
14724,2025-05-01,211,SUNIL KUMAR H,2025-05-03,S/Z,Strength Zone,800.00,800.00,0.00,paid,PAID,,,MAY 2025,2026-09-10 09:29:19.502884+00
14725,2025-05-01,212,ALI,2025-05-03,S/Z,Strength Zone,800.00,800.00,0.00,paid,PAID,,,MAY 2025,2026-09-10 09:29:19.502884+00
14726,2025-05-01,213,SADDAM,2025-05-03,S/Z,Strength Zone,800.00,800.00,0.00,paid,PAID,,,MAY 2025,2026-09-10 09:29:19.502884+00
14727,2025-05-01,214,SUMAN RAJ P,2025-05-10,G/F,General Fitness,1000.00,,1000.00,due_or_unpaid,R,,,MAY 2025,2026-09-10 09:29:19.502884+00
14728,2025-05-01,215,MICHEAL PRAKASH P,2025-05-11,G/F,General Fitness,1000.00,,1000.00,due_or_unpaid,R,,,MAY 2025,2026-09-10 09:29:19.502884+00
14729,2025-05-01,216,RAJA K,2025-05-11,G/F,General Fitness,1000.00,,1000.00,due_or_unpaid,R,,,MAY 2025,2026-09-10 09:29:19.502884+00
14730,2025-05-01,217,SANJAY P R,2025-05-11,S/Z,Strength Zone,800.00,,800.00,due_or_unpaid,R,,,MAY 2025,2026-09-10 09:29:19.502884+00
14731,2025-05-01,218,NARENDRAN,2025-05-14,S/Z,Strength Zone,800.00,,800.00,due_or_unpaid,R,,,MAY 2025,2026-09-10 09:29:19.502884+00
14732,2025-05-01,219,SUNIL P,2025-05-13,S/Z,Strength Zone,800.00,,800.00,due_or_unpaid,R,,,MAY 2025,2026-09-10 09:29:19.502884+00
14733,2025-05-01,220,VENKAT,2025-05-13,G/F,General Fitness,1000.00,,1000.00,due_or_unpaid,R,,,MAY 2025,2026-09-10 09:29:19.502884+00
14734,2025-05-01,221,KARTHICK R,2025-05-15,S/Z,Strength Zone,800.00,,800.00,due_or_unpaid,R,,,MAY 2025,2026-09-10 09:29:19.502884+00
14735,2025-05-01,222,MUNISH KUMAR B,2025-05-17,G/F,General Fitness,800.00,800.00,0.00,paid,PAID,,,MAY 2025,2026-09-10 09:29:19.502884+00
14736,2025-05-01,223,RAJIBUL ALI T,2025-05-22,S/Z,Strength Zone,800.00,,800.00,due_or_unpaid,R,,,MAY 2025,2026-09-10 09:29:19.502884+00
14737,2025-05-01,224,MOHANRAJ P,2025-05-24,G/F,General Fitness,1000.00,1000.00,0.00,paid,PAID,,,MAY 2025,2026-09-10 09:29:19.502884+00
14738,2025-05-01,225,RAVINDHAREN,2025-05-25,S/Z,Strength Zone,800.00,,800.00,due_or_unpaid,R,,,MAY 2025,2026-09-10 09:29:19.502884+00
14739,2025-05-01,226,SURESH M,2025-05-01,S/Z,Strength Zone,800.00,800.00,0.00,paid,PAID,,,MAY 2025,2026-09-10 09:29:19.502884+00
14740,2025-05-01,227,KARTHIK DHANASEKAR,2025-05-01,S/Z,Strength Zone,800.00,800.00,0.00,paid,PAID,,,MAY 2025,2026-09-10 09:29:19.502884+00
14741,2025-05-01,228,MANIKANDAN D,2025-05-01,S/Z,Strength Zone,800.00,800.00,0.00,paid,PAID,,,MAY 2025,2026-09-10 09:29:19.502884+00
14742,2025-05-01,229,VISHVA,2025-05-01,S/Z,Strength Zone,800.00,800.00,0.00,paid,PAID,,,MAY 2025,2026-09-10 09:29:19.502884+00
14743,2025-05-01,230,SHYAM K,2025-05-04,S/Z,Strength Zone,800.00,800.00,0.00,paid,PAID,,,MAY 2025,2026-09-10 09:29:19.502884+00
14744,2025-05-01,231,SHASHANTH S,2025-05-05,G/F,General Fitness,1000.00,1000.00,0.00,paid,PAID,,,MAY 2025,2026-09-10 09:29:19.502884+00
14745,2025-05-01,232,ANIL KUMAR,2025-05-05,S/Z,Strength Zone,800.00,,800.00,due_or_unpaid,R,,,MAY 2025,2026-09-10 09:29:19.502884+00
14746,2025-05-01,233,NIKHIL NAYAK L,2025-05-07,S/Z,Strength Zone,800.00,800.00,0.00,paid,PAID,,,MAY 2025,2026-09-10 09:29:19.502884+00
14747,2025-05-01,234,PINKU NAYAK C,2025-05-07,S/Z,Strength Zone,800.00,800.00,0.00,paid,PAID,,,MAY 2025,2026-09-10 09:29:19.502884+00
14748,2025-05-01,235,AKASH S,2025-05-01,G/F,General Fitness,1000.00,1000.00,0.00,paid,PAID,,,MAY 2025,2026-09-10 09:29:19.502884+00
14749,2025-05-01,236,ANAND,2025-05-08,S/Z,Strength Zone,1000.00,1000.00,0.00,paid,PAID,,,MAY 2025,2026-09-10 09:29:19.502884+00
14750,2025-05-01,237,LOHIT NAYAK,2025-05-12,S/Z,Strength Zone,800.00,,800.00,due_or_unpaid,R,,,MAY 2025,2026-09-10 09:29:19.502884+00
14751,2025-05-01,238,PIMPLE KUMAR,2025-05-15,S/Z,Strength Zone,800.00,800.00,0.00,paid,PAID,,,MAY 2025,2026-09-10 09:29:19.502884+00
14752,2025-05-01,239,GOPINATH M,2025-05-17,G/F,General Fitness,1000.00,,1000.00,due_or_unpaid,R,,,MAY 2025,2026-09-10 09:29:19.502884+00
14753,2025-05-01,239,GOPINATH M,2025-05-19,S/Z,Strength Zone,800.00,,800.00,due_or_unpaid,R,,,MAY 2025,2026-09-10 09:29:19.502884+00
14754,2025-05-01,240,YOGESH G,2025-05-21,S/Z,Strength Zone,800.00,800.00,0.00,paid,PAID,,,MAY 2025,2026-09-10 09:29:19.502884+00
14755,2025-05-01,240,YOGESH G,2025-05-24,S/Z,Strength Zone,800.00,,800.00,due_or_unpaid,R,,,MAY 2025,2026-09-10 09:29:19.502884+00
14756,2025-05-01,241,PRADHAP V,2025-05-21,S/Z,Strength Zone,800.00,800.00,0.00,paid,PAID,,,MAY 2025,2026-09-10 09:29:19.502884+00
14757,2025-05-01,242,AJAY A,2025-05-26,S/Z,Strength Zone,800.00,800.00,0.00,paid,PAID,,,MAY 2025,2026-09-10 09:29:19.502884+00
14758,2025-05-01,243,SANTHOSH,2025-05-29,G/F,General Fitness,1000.00,,1000.00,due_or_unpaid,R,,,MAY 2025,2026-09-10 09:29:19.502884+00
14759,2025-05-01,244,BABU K,2025-05-26,G/F,General Fitness,1000.00,,1000.00,due_or_unpaid,R,,,MAY 2025,2026-09-10 09:29:19.502884+00
14760,2025-06-01,1,SUNDHAR M,2025-06-09,S/Z,Strength Zone,800.00,,800.00,due_or_unpaid,R,,,JUNE 2025,2026-09-10 09:29:19.502884+00
14761,2025-06-01,2,NITHYASEELAN P,2025-06-09,S/Z,Strength Zone,800.00,,800.00,due_or_unpaid,R,,,JUNE 2025,2026-09-10 09:29:19.502884+00
14762,2025-06-01,3,SANJEEVA REDDY C,2026-01-09,S/Z,Strength Zone,800.00,,6000.00,paid,PAID,,,JUNE 2025,2026-09-10 09:29:19.502884+00
14763,2025-06-01,4,ABDUL RAHMAN A,2025-06-09,S/Z,Strength Zone,800.00,,1000.00,due_or_unpaid,R,,,JUNE 2025,2026-09-10 09:29:19.502884+00
14764,2025-06-01,5,SANTHOSH KUMAR G,2025-06-09,G/F,General Fitness,1000.00,,1000.00,due_or_unpaid,R,,,JUNE 2025,2026-09-10 09:29:19.502884+00
14765,2025-06-01,6,SATHISH KUMAR J,2025-06-09,G/F,General Fitness,1000.00,,1000.00,due_or_unpaid,R,,,JUNE 2025,2026-09-10 09:29:19.502884+00
14766,2025-06-01,7,VIJAYABABU C,2026-01-09,G/F,General Fitness,1000.00,,6000.00,paid,PAID,,,JUNE 2025,2026-09-10 09:29:19.502884+00
14767,2025-06-01,8,ISTJHAR AHAMAD,2025-06-09,G/F,General Fitness,1000.00,,1000.00,due_or_unpaid,R,,,JUNE 2025,2026-09-10 09:29:19.502884+00
14768,2025-06-01,9,MUBARAK ALI,2025-06-09,S/Z,Strength Zone,800.00,,800.00,due_or_unpaid,R,,,JUNE 2025,2026-09-10 09:29:19.502884+00
14769,2025-06-01,10,GULJOR HUSSAIN,2025-06-09,S/Z,Strength Zone,800.00,,800.00,due_or_unpaid,R,,,JUNE 2025,2026-09-10 09:29:19.502884+00
14770,2025-06-01,11,SURHAB ALI,2025-06-09,S/Z,Strength Zone,800.00,,800.00,due_or_unpaid,R,,,JUNE 2025,2026-09-10 09:29:19.502884+00
14771,2025-06-01,12,SATHYA M,2025-06-09,G/F,General Fitness,800.00,,800.00,due_or_unpaid,R,,,JUNE 2025,2026-09-10 09:29:19.502884+00
14772,2025-06-01,13,PORTAP CHETRY,2025-06-09,S/Z,Strength Zone,800.00,,800.00,due_or_unpaid,R,,,JUNE 2025,2026-09-10 09:29:19.502884+00
14773,2025-06-01,14,TAMIL,2025-06-09,G/F,General Fitness,1000.00,,1000.00,due_or_unpaid,R,,,JUNE 2025,2026-09-10 09:29:19.502884+00
14774,2025-06-01,15,DEEPAK M,2025-06-09,S/Z,Strength Zone,800.00,800.00,0.00,paid,PAID,,,JUNE 2025,2026-09-10 09:29:19.502884+00
14775,2025-06-01,16,SARATH KUMAR A,2025-06-10,S/Z,Strength Zone,800.00,,800.00,due_or_unpaid,R,,,JUNE 2025,2026-09-10 09:29:19.502884+00
14776,2025-06-01,17,UDHAYA PANDIAN,2025-06-10,G/F,General Fitness,1000.00,,1000.00,due_or_unpaid,R,,,JUNE 2025,2026-09-10 09:29:19.502884+00
14777,2025-06-01,18,MANJIT KUMAR,2025-06-09,S/Z,Strength Zone,800.00,,800.00,due_or_unpaid,R,,,JUNE 2025,2026-09-10 09:29:19.502884+00
14778,2025-06-01,19,YUVARAJ C,2025-11-10,G/F,General Fitness,1000.00,,7000.00,paid,PAID,3000.0,,JUNE 2025,2026-09-10 09:29:19.502884+00
14779,2025-06-01,20,CHARLES,2025-06-09,S/Z,Strength Zone,800.00,,1000.00,due_or_unpaid,R,,,JUNE 2025,2026-09-10 09:29:19.502884+00
14780,2025-06-01,21,DHANUSH V,2025-06-10,S/Z,Strength Zone,800.00,,800.00,due_or_unpaid,R,,,JUNE 2025,2026-09-10 09:29:19.502884+00
14781,2025-06-01,22,BOLORAM PONIKA A.J,2025-06-10,S/Z,Strength Zone,800.00,,800.00,due_or_unpaid,R,,,JUNE 2025,2026-09-10 09:29:19.502884+00
14782,2025-06-01,23,PRASANTH M,2025-06-10,S/Z,Strength Zone,800.00,,800.00,due_or_unpaid,R,,,JUNE 2025,2026-09-10 09:29:19.502884+00
14783,2025-06-01,24,RAGUL R,2025-06-11,S/Z,Strength Zone,800.00,800.00,0.00,paid,PAID,,,JUNE 2025,2026-09-10 09:29:19.502884+00
14784,2025-06-01,25,SANTHOSH M,2025-06-11,S/Z,Strength Zone,800.00,,800.00,due_or_unpaid,R,,,JUNE 2025,2026-09-10 09:29:19.502884+00
14785,2025-06-01,26,MAZID ALI,2025-06-11,S/Z,Strength Zone,800.00,,800.00,due_or_unpaid,R,,,JUNE 2025,2026-09-10 09:29:19.502884+00
14786,2025-06-01,27,SADIKUL ISLAM,2025-06-11,S/Z,Strength Zone,800.00,,800.00,due_or_unpaid,R,,,JUNE 2025,2026-09-10 09:29:19.502884+00
14787,2025-06-01,28,LAKSHWANTH,2026-02-11,G/F,General Fitness,1000.00,,7499.00,paid,PAID,,,JUNE 2025,2026-09-10 09:29:19.502884+00
14788,2025-06-01,29,GOWTHAM A,2025-06-01,S/Z,Strength Zone,800.00,,800.00,due_or_unpaid,R,,,JUNE 2025,2026-09-10 09:29:19.502884+00
14789,2025-06-01,30,PRADEEP Y,2025-06-20,S/Z,Strength Zone,800.00,800.00,0.00,paid,PAID,,,JUNE 2025,2026-09-10 09:29:19.502884+00
14790,2025-06-01,31,ROHIT R,2025-06-12,S/Z,Strength Zone,800.00,,800.00,paid,PAID,,,JUNE 2025,2026-09-10 09:29:19.502884+00
14791,2025-06-01,32,RISHI M,2025-06-12,S/Z,Strength Zone,800.00,800.00,0.00,paid,PAID,,,JUNE 2025,2026-09-10 09:29:19.502884+00
14792,2025-06-01,33,GOPAL B,2025-06-12,S/Z,Strength Zone,800.00,800.00,0.00,paid,PAID,,,JUNE 2025,2026-09-10 09:29:19.502884+00
14793,2025-06-01,34,KODOM ALI D,2025-06-13,S/Z,Strength Zone,800.00,,800.00,due_or_unpaid,R,,,JUNE 2025,2026-09-10 09:29:19.502884+00
14794,2025-06-01,35,SUJAB ALI A,2025-06-13,S/Z,Strength Zone,800.00,,800.00,due_or_unpaid,R,,,JUNE 2025,2026-09-10 09:29:19.502884+00
14795,2025-06-01,36,ASHABUL HOQUE S,2025-06-13,S/Z,Strength Zone,800.00,,800.00,due_or_unpaid,R,,,JUNE 2025,2026-09-10 09:29:19.502884+00
14796,2025-06-01,37,SURESH K,2025-06-13,G/F,General Fitness,1000.00,,1000.00,due_or_unpaid,R,,,JUNE 2025,2026-09-10 09:29:19.502884+00
14797,2025-06-01,38,YUVARAJ B,2025-06-13,S/F,,800.00,800.00,0.00,paid,PAID,,,JUNE 2025,2026-09-10 09:29:19.502884+00
14798,2025-06-01,39,BALAKUMAR M,2025-06-13,G/F,General Fitness,1000.00,1000.00,0.00,paid,PAID,,,JUNE 2025,2026-09-10 09:29:19.502884+00
14799,2025-06-01,40,SIDDHARTH V,2025-06-13,S/Z,Strength Zone,800.00,,800.00,due_or_unpaid,R,,,JUNE 2025,2026-09-10 09:29:19.502884+00
14800,2025-06-01,41,VAJARAVEL BALA A,2025-06-13,G/F,General Fitness,1000.00,,1000.00,due_or_unpaid,R,,,JUNE 2025,2026-09-10 09:29:19.502884+00
14801,2025-06-01,42,SARAVANAN K,2025-06-13,S/Z,Strength Zone,800.00,,800.00,due_or_unpaid,R,,,JUNE 2025,2026-09-10 09:29:19.502884+00
14802,2025-06-01,43,ARJUN S,2025-06-13,S/Z,Strength Zone,800.00,,800.00,due_or_unpaid,R,,,JUNE 2025,2026-09-10 09:29:19.502884+00
14803,2025-06-01,44,RAM PRASAD,2025-06-14,G/F,General Fitness,1000.00,,1000.00,due_or_unpaid,R,,,JUNE 2025,2026-09-10 09:29:19.502884+00
14804,2025-06-01,45,SANTHOSH,2025-06-14,S/Z,Strength Zone,800.00,,800.00,due_or_unpaid,R,,,JUNE 2025,2026-09-10 09:29:19.502884+00
14805,2025-06-01,46,SRI RAM R,2025-06-14,S/Z,Strength Zone,1000.00,2700.00,0.00,paid,PAID,,,JUNE 2025,2026-09-10 09:29:19.502884+00
14806,2025-06-01,47,ANBU N,2025-06-14,G/F,General Fitness,1000.00,,1000.00,due_or_unpaid,R,,,JUNE 2025,2026-09-10 09:29:19.502884+00
14807,2025-06-01,48,ARAVIND KUMAR P,2025-06-14,S/Z,Strength Zone,800.00,,800.00,due_or_unpaid,R,,,JUNE 2025,2026-09-10 09:29:19.502884+00
14808,2025-06-01,49,ARUN S,2025-06-16,G/F,General Fitness,1000.00,,1000.00,due_or_unpaid,R,,,JUNE 2025,2026-09-10 09:29:19.502884+00
14809,2025-06-01,50,AATHI,2025-06-16,S/Z,Strength Zone,800.00,,800.00,due_or_unpaid,R,,,JUNE 2025,2026-09-10 09:29:19.502884+00
14810,2025-06-01,51,JOTHILINGAM R,2025-06-15,G/F,General Fitness,1000.00,,1000.00,due_or_unpaid,R,,,JUNE 2025,2026-09-10 09:29:19.502884+00
14811,2025-06-01,52,VASANTH J,2026-01-15,S/Z,Strength Zone,1000.00,,6000.00,paid,PAID,,,JUNE 2025,2026-09-10 09:29:19.502884+00
14812,2025-06-01,53,BETSY PAULINE V,2025-06-16,G/F,General Fitness,1000.00,1000.00,0.00,paid,PAID,,,JUNE 2025,2026-09-10 09:29:19.502884+00
14813,2025-06-01,54,PREM KUMAR Y,2025-06-16,S/Z,Strength Zone,800.00,,800.00,due_or_unpaid,R,,,JUNE 2025,2026-09-10 09:29:19.502884+00
14814,2025-06-01,55,JAWAID F,2025-06-16,S/Z,Strength Zone,800.00,,800.00,due_or_unpaid,R,,,JUNE 2025,2026-09-10 09:29:19.502884+00
14815,2025-06-01,56,BOBIDUL ISLAM A,2025-06-16,G/F,General Fitness,1000.00,,1000.00,due_or_unpaid,R,,,JUNE 2025,2026-09-10 09:29:19.502884+00
14816,2025-06-01,57,ABDUL KHALAK J,2025-06-16,G/F,General Fitness,1000.00,,1000.00,due_or_unpaid,R,,,JUNE 2025,2026-09-10 09:29:19.502884+00
14817,2025-06-01,58,MEHERUL HAQUE.S,2025-06-16,G/F,General Fitness,1000.00,,1000.00,due_or_unpaid,R,,,JUNE 2025,2026-09-10 09:29:19.502884+00
14818,2025-06-01,59,JAGADEESH M,2025-06-16,G/F,General Fitness,1000.00,,1000.00,due_or_unpaid,R,,,JUNE 2025,2026-09-10 09:29:19.502884+00
14819,2025-06-01,60,FAYAZ AHMED A,2025-06-16,S/Z,Strength Zone,800.00,,800.00,due_or_unpaid,R,,,JUNE 2025,2026-09-10 09:29:19.502884+00
14820,2025-06-01,61,MAMIDUL ALI,2025-06-17,S/Z,Strength Zone,800.00,,800.00,due_or_unpaid,R,,,JUNE 2025,2026-09-10 09:29:19.502884+00
14821,2025-06-01,62,VINOTH KUMAR C,2025-06-17,G/F,General Fitness,800.00,,800.00,due_or_unpaid,R,,,JUNE 2025,2026-09-10 09:29:19.502884+00
14822,2025-06-01,63,ABDUL BATIN U,2025-06-17,S/Z,Strength Zone,800.00,,800.00,due_or_unpaid,R,,,JUNE 2025,2026-09-10 09:29:19.502884+00
14823,2025-06-01,64,NILCHAN ALI,2025-06-17,S/Z,Strength Zone,800.00,,800.00,due_or_unpaid,R,,,JUNE 2025,2026-09-10 09:29:19.502884+00
14824,2025-06-01,65,MOMIRUL HOQUE,2025-06-17,S/Z,Strength Zone,800.00,,800.00,due_or_unpaid,R,,,JUNE 2025,2026-09-10 09:29:19.502884+00
14825,2025-06-01,66,AMIR HAMJA,2025-06-17,S/Z,Strength Zone,800.00,,800.00,due_or_unpaid,R,,,JUNE 2025,2026-09-10 09:29:19.502884+00
14826,2025-06-01,67,SUNIL R,2025-06-17,G/F,General Fitness,1000.00,,1000.00,due_or_unpaid,R,,,JUNE 2025,2026-09-10 09:29:19.502884+00
14827,2025-06-01,68,SUDHAKAR S,2025-06-17,S/Z,Strength Zone,800.00,,800.00,due_or_unpaid,R,,,JUNE 2025,2026-09-10 09:29:19.502884+00
14828,2025-06-01,69,AMINUL ISLAM MD,2025-06-18,S/Z,Strength Zone,800.00,,800.00,due_or_unpaid,R,,,JUNE 2025,2026-09-10 09:29:19.502884+00
14829,2025-06-01,70,TAFIKUL ISLAM,2025-06-18,G/F,General Fitness,1000.00,,800.00,due_or_unpaid,R,,,JUNE 2025,2026-09-10 09:29:19.502884+00
14830,2025-06-01,72,HAFIZUR RAHMAM,2025-06-19,S/Z,Strength Zone,800.00,,800.00,due_or_unpaid,R,,,JUNE 2025,2026-09-10 09:29:19.502884+00
14831,2025-06-01,73,MOJNUR,2025-06-19,S/Z,Strength Zone,800.00,,800.00,due_or_unpaid,R,,,JUNE 2025,2026-09-10 09:29:19.502884+00
14832,2025-06-01,74,YOGESH R,2025-06-19,S/Z,Strength Zone,800.00,,800.00,due_or_unpaid,R,,,JUNE 2025,2026-09-10 09:29:19.502884+00
14833,2025-06-01,75,NAVAS,2025-06-19,G/F,General Fitness,1000.00,,800.00,due_or_unpaid,R,,,JUNE 2025,2026-09-10 09:29:19.502884+00
14834,2025-06-01,76,TAYABUR RAHMAN A,2025-06-20,S/Z,Strength Zone,800.00,800.00,0.00,paid,PAID,,,JUNE 2025,2026-09-10 09:29:19.502884+00
14835,2025-06-01,78,RATHISH KUMAR,2025-06-23,G/F,General Fitness,1000.00,,1000.00,due_or_unpaid,R,,,JUNE 2025,2026-09-10 09:29:19.502884+00
14836,2025-06-01,79,DARVIN RAJ J,2025-06-10,G/F,General Fitness,1000.00,1000.00,0.00,paid,PAID,,,JUNE 2025,2026-09-10 09:29:19.502884+00
14837,2025-06-01,80,PRASANTH S,2025-06-23,S/Z,Strength Zone,800.00,,800.00,due_or_unpaid,R,,,JUNE 2025,2026-09-10 09:29:19.502884+00
14838,2025-06-01,81,GURU SHANKAR,2025-06-23,S/Z,Strength Zone,800.00,,800.00,due_or_unpaid,R,,,JUNE 2025,2026-09-10 09:29:19.502884+00
14839,2025-06-01,82,NARJUL ISLAM A,2025-06-23,S/Z,Strength Zone,800.00,,800.00,due_or_unpaid,R,,,JUNE 2025,2026-09-10 09:29:19.502884+00
14840,2025-06-01,83,SANGIT KUMAR SAMANTHA,2025-06-23,G/F,General Fitness,1000.00,,800.00,due_or_unpaid,R,,,JUNE 2025,2026-09-10 09:29:19.502884+00
14841,2025-06-01,84,RAGUL A,2025-06-23,S/Z,Strength Zone,800.00,800.00,0.00,paid,PAID,,,JUNE 2025,2026-09-10 09:29:19.502884+00
14842,2025-06-01,85,ASWINI SAGAR SWAIN,2025-06-24,S/Z,Strength Zone,800.00,,800.00,due_or_unpaid,R,,,JUNE 2025,2026-09-10 09:29:19.502884+00
14843,2025-06-01,86,DEEPAK M,2025-06-24,S/Z,Strength Zone,800.00,,800.00,due_or_unpaid,R,,,JUNE 2025,2026-09-10 09:29:19.502884+00
14844,2025-06-01,88,NATHAN K,2025-06-25,S/Z,Strength Zone,800.00,,800.00,due_or_unpaid,R,,,JUNE 2025,2026-09-10 09:29:19.502884+00
14845,2025-06-01,89,MOIN UDDIN A,2025-06-25,S/Z,Strength Zone,800.00,,800.00,due_or_unpaid,R,,,JUNE 2025,2026-09-10 09:29:19.502884+00
14846,2025-06-01,90,ALI AHMED R,2025-06-25,S/Z,Strength Zone,800.00,,800.00,due_or_unpaid,R,,,JUNE 2025,2026-09-10 09:29:19.502884+00
14847,2025-06-01,91,ABINASH S,2025-06-27,S/Z,Strength Zone,800.00,,800.00,paid,PAID,,,JUNE 2025,2026-09-10 09:29:19.502884+00
14848,2025-06-01,92,ARAVIND S,2025-06-28,S/Z,Strength Zone,800.00,,800.00,due_or_unpaid,R,,,JUNE 2025,2026-09-10 09:29:19.502884+00
14849,2025-06-01,93,ASHADUL,2025-06-30,G/F,General Fitness,1000.00,,800.00,due_or_unpaid,R,,,JUNE 2025,2026-09-10 09:29:19.502884+00
14850,2025-06-01,94,GUHAN A,2025-06-30,S/Z,Strength Zone,800.00,,800.00,due_or_unpaid,R,,,JUNE 2025,2026-09-10 09:29:19.502884+00
14851,2025-06-01,95,ROKIBUL HUSSAIN A,2025-06-30,S/Z,Strength Zone,800.00,,800.00,due_or_unpaid,R,,,JUNE 2025,2026-09-10 09:29:19.502884+00
14852,2025-06-01,96,MERVYN,2025-10-01,G/F,General Fitness,7000.00,,7000.00,paid,PAID,,,JUNE 2025,2026-09-10 09:29:19.502884+00
14853,2025-06-01,97,MICHAEL A,2025-06-01,S/Z,Strength Zone,800.00,,800.00,due_or_unpaid,R,,,JUNE 2025,2026-09-10 09:29:19.502884+00
14854,2025-06-01,98,SUGAN RAJ M,2025-06-01,S/Z,Strength Zone,800.00,,800.00,due_or_unpaid,R,,,JUNE 2025,2026-09-10 09:29:19.502884+00
14855,2025-06-01,99,SHUTRUGHAN KUMAR R,2025-06-01,S/Z,Strength Zone,800.00,,800.00,due_or_unpaid,R,,,JUNE 2025,2026-09-10 09:29:19.502884+00
14856,2025-06-01,100,DAVID A,2025-06-02,G/F,General Fitness,1000.00,1000.00,0.00,paid,PAID,,,JUNE 2025,2026-09-10 09:29:19.502884+00
14857,2025-06-01,101,PETER A,2025-06-02,G/F,General Fitness,1000.00,,1000.00,due_or_unpaid,R,,,JUNE 2025,2026-09-10 09:29:19.502884+00
14858,2025-06-01,102,KUMARAN M,2025-06-02,S/Z,Strength Zone,800.00,,800.00,due_or_unpaid,R,,,JUNE 2025,2026-09-10 09:29:19.502884+00
14859,2025-06-01,103,CHARAN KUMAR V,2025-06-02,S/Z,Strength Zone,800.00,,800.00,due_or_unpaid,R,,,JUNE 2025,2026-09-10 09:29:19.502884+00
14860,2025-06-01,104,SETTU E,2025-06-03,S/Z,Strength Zone,800.00,,800.00,due_or_unpaid,R,,,JUNE 2025,2026-09-10 09:29:19.502884+00
14861,2025-06-01,105,NITHISH KUMAR S,2025-06-04,S/Z,Strength Zone,800.00,,800.00,due_or_unpaid,R,,,JUNE 2025,2026-09-10 09:29:19.502884+00
14862,2025-06-01,106,RAMESH S,2025-06-04,G/F,General Fitness,1000.00,,1000.00,due_or_unpaid,R,,,JUNE 2025,2026-09-10 09:29:19.502884+00
14863,2025-06-01,107,SANJAN V,2025-06-05,S/Z,Strength Zone,800.00,,800.00,due_or_unpaid,R,,,JUNE 2025,2026-09-10 09:29:19.502884+00
14864,2025-06-01,108,DIVAKAR M,2025-06-05,G/F,General Fitness,1000.00,,1000.00,due_or_unpaid,R,,,JUNE 2025,2026-09-10 09:29:19.502884+00
14865,2025-06-01,109,DANIEL R,2025-06-05,S/Z,Strength Zone,800.00,800.00,0.00,paid,PAID,,,JUNE 2025,2026-09-10 09:29:19.502884+00
14866,2025-06-01,110,MANIKANADAN,2025-06-07,G/F,General Fitness,1000.00,,1000.00,due_or_unpaid,R,,,JUNE 2025,2026-09-10 09:29:19.502884+00
14867,2025-06-01,111,PRITHIVIKASH,2025-06-26,S/Z,Strength Zone,800.00,,800.00,due_or_unpaid,R,,,JUNE 2025,2026-09-10 09:29:19.502884+00
14868,2025-06-01,112,CHANDRU,2025-06-08,S/Z,Strength Zone,800.00,,800.00,due_or_unpaid,R,,,JUNE 2025,2026-09-10 09:29:19.502884+00
14869,2025-06-01,113,SANJAY J,2025-06-08,S/Z,Strength Zone,800.00,,800.00,due_or_unpaid,R,,,JUNE 2025,2026-09-10 09:29:19.502884+00
14870,2025-06-01,114,AJITH D,2025-06-09,S/Z,Strength Zone,800.00,,800.00,due_or_unpaid,R,,,JUNE 2025,2026-09-10 09:29:19.502884+00
14871,2025-06-01,115,SANJAY B,2025-06-09,S/Z,Strength Zone,800.00,,800.00,due_or_unpaid,R,,,JUNE 2025,2026-09-10 09:29:19.502884+00
14872,2025-06-01,116,TAMIL SELVAN M,2025-06-12,S/Z,Strength Zone,800.00,,800.00,due_or_unpaid,R,,,JUNE 2025,2026-09-10 09:29:19.502884+00
14873,2025-06-01,117,ARUN YADAV,2025-06-12,S/Z,Strength Zone,800.00,,800.00,due_or_unpaid,R,,,JUNE 2025,2026-09-10 09:29:19.502884+00
14874,2025-06-01,118,GIRI S,2025-06-13,S/Z,Strength Zone,800.00,,800.00,due_or_unpaid,R,,,JUNE 2025,2026-09-10 09:29:19.502884+00
14875,2025-06-01,119,JOHNSON S,2025-06-14,S/Z,Strength Zone,800.00,,800.00,due_or_unpaid,R,,,JUNE 2025,2026-09-10 09:29:19.502884+00
14876,2025-06-01,120,DEEPAK BILUNG,2025-06-15,S/Z,Strength Zone,800.00,,800.00,due_or_unpaid,R,,,JUNE 2025,2026-09-10 09:29:19.502884+00
14877,2025-06-01,121,BINU,2025-06-15,S/Z,Strength Zone,800.00,,800.00,due_or_unpaid,R,,,JUNE 2025,2026-09-10 09:29:19.502884+00
14878,2025-06-01,122,SOHEL RANA,2025-06-16,G/F,General Fitness,1000.00,,1000.00,due_or_unpaid,R,,,JUNE 2025,2026-09-10 09:29:19.502884+00
14879,2025-06-01,123,CHAITANYA K,2025-06-17,G/F,General Fitness,1000.00,,1000.00,due_or_unpaid,R,,,JUNE 2025,2026-09-10 09:29:19.502884+00
14880,2025-06-01,124,KATHIRAVAN.E,2025-06-18,S/Z,Strength Zone,800.00,,800.00,due_or_unpaid,R,,,JUNE 2025,2026-09-10 09:29:19.502884+00
14881,2025-06-01,125,MOORTHY R,2025-06-18,S/Z,Strength Zone,800.00,,800.00,due_or_unpaid,R,,,JUNE 2025,2026-09-10 09:29:19.502884+00
14882,2025-06-01,126,SANJAY S,2025-06-18,S/Z,Strength Zone,800.00,,800.00,due_or_unpaid,R,,,JUNE 2025,2026-09-10 09:29:19.502884+00
14883,2025-06-01,127,PERUMAL V,2025-06-19,S/Z,Strength Zone,800.00,,800.00,due_or_unpaid,R,,,JUNE 2025,2026-09-10 09:29:19.502884+00
14884,2025-06-01,128,EMAMUL HUSSAIN A,2025-06-20,S/Z,Strength Zone,800.00,,800.00,due_or_unpaid,R,,,JUNE 2025,2026-09-10 09:29:19.502884+00
14885,2025-06-01,129,JEEVA M,2025-06-21,S/Z,Strength Zone,800.00,,1000.00,due_or_unpaid,R,,,JUNE 2025,2026-09-10 09:29:19.502884+00
14886,2025-06-01,130,ARAVIND S,2025-06-19,S/Z,Strength Zone,800.00,2300.00,0.00,paid,PAID,,,JUNE 2025,2026-09-10 09:29:19.502884+00
14887,2025-06-01,131,SURESH P,2025-06-28,S/Z,Strength Zone,800.00,,800.00,due_or_unpaid,R,,,JUNE 2025,2026-09-10 09:29:19.502884+00
14888,2025-06-01,132,KAMAL M,2025-06-28,S/Z,Strength Zone,800.00,,800.00,due_or_unpaid,R,,,JUNE 2025,2026-09-10 09:29:19.502884+00
14889,2025-06-01,133,FARHAN,2025-06-29,S/Z,Strength Zone,800.00,37800.00,0.00,paid,R,,,JUNE 2025,2026-09-10 09:29:19.502884+00
14890,2025-06-01,134,HARISHIT D,2025-06-30,S/Z,Strength Zone,800.00,,800.00,due_or_unpaid,R,,,JUNE 2025,2026-09-10 09:29:19.502884+00
14891,2025-06-01,135,BALAJI Y,2025-06-01,G/F,General Fitness,800.00,,800.00,paid,PAID,,,JUNE 2025,2026-09-10 09:29:19.502884+00
14892,2025-06-01,136,PETER A,2026-04-01,G/F,General Fitness,1000.00,,7500.00,paid,PAID,,,JUNE 2025,2026-09-10 09:29:19.502884+00
14893,2025-06-01,137,KAMESH R,2025-06-02,S/Z,Strength Zone,800.00,,800.00,due_or_unpaid,R,,,JUNE 2025,2026-09-10 09:29:19.502884+00
14894,2025-06-01,138,PREM S,2025-06-04,S/Z,Strength Zone,800.00,,800.00,due_or_unpaid,R,,,JUNE 2025,2026-09-10 09:29:19.502884+00
14895,2025-06-01,139,VIMAL RAJ R,2025-06-04,S/Z,Strength Zone,800.00,,800.00,due_or_unpaid,R,,,JUNE 2025,2026-09-10 09:29:19.502884+00
14896,2025-06-01,140,JOSEPH,2025-06-04,S/Z,Strength Zone,800.00,,800.00,due_or_unpaid,R,,,JUNE 2025,2026-09-10 09:29:19.502884+00
14897,2025-06-01,141,ALA IMRAN A,2025-06-04,G/F,General Fitness,1000.00,1000.00,0.00,paid,PAID,,,JUNE 2025,2026-09-10 09:29:19.502884+00
14898,2025-06-01,142,HAZRAT ALI,2025-06-05,S/Z,Strength Zone,800.00,,800.00,due_or_unpaid,R,,,JUNE 2025,2026-09-10 09:29:19.502884+00
14899,2025-06-01,143,MAHESHWAR GOPE,2025-06-05,S/Z,Strength Zone,800.00,,800.00,due_or_unpaid,R,,,JUNE 2025,2026-09-10 09:29:19.502884+00
14900,2025-06-01,144,SAKTHI DS,2025-06-09,S/Z,Strength Zone,800.00,,800.00,due_or_unpaid,R,,,JUNE 2025,2026-09-10 09:29:19.502884+00
14901,2025-06-01,145,MUKESH S,2025-06-09,S/Z,Strength Zone,800.00,,800.00,due_or_unpaid,R,,,JUNE 2025,2026-09-10 09:29:19.502884+00
14902,2025-06-01,146,AKASH SATHIVEL,2025-06-10,G/F,General Fitness,1000.00,,1000.00,due_or_unpaid,R,,,JUNE 2025,2026-09-10 09:29:19.502884+00
14903,2025-06-01,147,SARAN RAJ S,2025-06-10,G/F,General Fitness,1000.00,,1000.00,due_or_unpaid,R,,,JUNE 2025,2026-09-10 09:29:19.502884+00
14904,2025-06-01,148,SUDHAKAR S,2025-06-11,G/F,General Fitness,800.00,,800.00,due_or_unpaid,R,,,JUNE 2025,2026-09-10 09:29:19.502884+00
14905,2025-06-01,149,UMAMAHESWARA RAO,2025-06-11,G/F,General Fitness,1000.00,,1000.00,due_or_unpaid,R,,,JUNE 2025,2026-09-10 09:29:19.502884+00
14906,2025-06-01,150,BARKATHULLAM K A,2025-06-13,G/F,General Fitness,1000.00,,1000.00,due_or_unpaid,R,,,JUNE 2025,2026-09-10 09:29:19.502884+00
14907,2025-06-01,151,ABDUL KALAM A,2025-06-13,G/F,General Fitness,1000.00,,1000.00,due_or_unpaid,R,,,JUNE 2025,2026-09-10 09:29:19.502884+00
14908,2025-06-01,152,JARDIS SK M,2025-06-13,S/Z,Strength Zone,800.00,,800.00,due_or_unpaid,R,,,JUNE 2025,2026-09-10 09:29:19.502884+00
14909,2025-06-01,153,MANOJ M,2025-06-14,S/Z,Strength Zone,800.00,,800.00,due_or_unpaid,R,,,JUNE 2025,2026-09-10 09:29:19.502884+00
14910,2025-06-01,154,NANTHA KUMAR A,2025-06-14,S/Z,Strength Zone,800.00,,1000.00,due_or_unpaid,R,,,JUNE 2025,2026-09-10 09:29:19.502884+00
14911,2025-06-01,155,MANOJ E,2025-06-14,S/Z,Strength Zone,800.00,,800.00,paid,PAID,,,JUNE 2025,2026-09-10 09:29:19.502884+00
14912,2025-06-01,156,PRAVEEN KUMAR S,2025-06-28,G/F,General Fitness,1000.00,800.00,800.00,paid,PAID,,,JUNE 2025,2026-09-10 09:29:19.502884+00
14913,2025-06-01,157,SURYA S,2025-06-23,S/Z,Strength Zone,800.00,,800.00,due_or_unpaid,R,,,JUNE 2025,2026-09-10 09:29:19.502884+00
14914,2025-06-01,158,MURALI S,2025-06-23,S/Z,Strength Zone,800.00,,800.00,due_or_unpaid,R,,,JUNE 2025,2026-09-10 09:29:19.502884+00
14915,2025-06-01,159,RITHISH V,2025-06-18,S/Z,Strength Zone,800.00,,800.00,due_or_unpaid,R,,,JUNE 2025,2026-09-10 09:29:19.502884+00
14916,2025-06-01,160,EMIMAL M,2025-06-19,G/F,General Fitness,1000.00,,800.00,due_or_unpaid,R,,,JUNE 2025,2026-09-10 09:29:19.502884+00
14917,2025-06-01,161,YUVAN SHANKAR T,2025-06-20,G/F,General Fitness,1000.00,,1000.00,due_or_unpaid,R,,,JUNE 2025,2026-09-10 09:29:19.502884+00
14918,2025-06-01,162,JENIFER S,2025-06-04,G/F,General Fitness,1000.00,,1000.00,due_or_unpaid,R,,,JUNE 2025,2026-09-10 09:29:19.502884+00
14919,2025-06-01,163,SANJEEV D.S,2025-06-04,S/Z,Strength Zone,800.00,800.00,0.00,paid,PAID,,,JUNE 2025,2026-09-10 09:29:19.502884+00
14920,2025-06-01,164,VASANTH KUMAR G,2025-06-05,S/Z,Strength Zone,800.00,,800.00,due_or_unpaid,R,,,JUNE 2025,2026-09-10 09:29:19.502884+00
14921,2025-06-01,165,KISHORE KUMAR V,2025-06-07,S/Z,Strength Zone,800.00,,800.00,due_or_unpaid,R,,,JUNE 2025,2026-09-10 09:29:19.502884+00
14922,2025-06-01,166,SANTHOSH KUMAR S,2025-06-07,S/Z,Strength Zone,800.00,,800.00,due_or_unpaid,R,,,JUNE 2025,2026-09-10 09:29:19.502884+00
14923,2025-06-01,167,SANTHOSH KUMAR A,2025-06-09,S/Z,Strength Zone,800.00,,800.00,due_or_unpaid,R,,,JUNE 2025,2026-09-10 09:29:19.502884+00
14924,2025-06-01,168,ETHIRAJ T,2025-06-09,S/Z,Strength Zone,800.00,,800.00,due_or_unpaid,R,,,JUNE 2025,2026-09-10 09:29:19.502884+00
14925,2025-06-01,169,PRASANTH M,2025-06-10,G/F,General Fitness,1000.00,,1000.00,due_or_unpaid,R,,,JUNE 2025,2026-09-10 09:29:19.502884+00
14926,2025-06-01,170,RAGHUL R,2025-06-12,S/Z,Strength Zone,800.00,,800.00,due_or_unpaid,R,,,JUNE 2025,2026-09-10 09:29:19.502884+00
14927,2025-06-01,171,GOWTHAM S,2025-06-16,G/F,General Fitness,1000.00,,1000.00,due_or_unpaid,R,,,JUNE 2025,2026-09-10 09:29:19.502884+00
14928,2025-06-01,172,RAJESH S,2025-06-16,G/F,General Fitness,1000.00,,1000.00,due_or_unpaid,R,,,JUNE 2025,2026-09-10 09:29:19.502884+00
14929,2025-06-01,173,AATHIYAPPAN S,2025-06-18,S/Z,Strength Zone,800.00,,800.00,due_or_unpaid,R,,,JUNE 2025,2026-09-10 09:29:19.502884+00
14930,2025-06-01,174,GODSON PRAVEEN J,2025-06-19,G/F,General Fitness,1000.00,,800.00,due_or_unpaid,R,,,JUNE 2025,2026-09-10 09:29:19.502884+00
14931,2025-06-01,175,KABILAN R,2025-06-26,S/Z,Strength Zone,800.00,,800.00,due_or_unpaid,R,,,JUNE 2025,2026-09-10 09:29:19.502884+00
14932,2025-06-01,176,KAMAL S,2025-06-28,S/Z,Strength Zone,1000.00,,800.00,due_or_unpaid,R,,,JUNE 2025,2026-09-10 09:29:19.502884+00
14933,2025-06-01,177,MOHAMED ASHWAQ S,2025-06-02,S/Z,Strength Zone,800.00,,800.00,due_or_unpaid,R,,,JUNE 2025,2026-09-10 09:29:19.502884+00
14934,2025-06-01,178,VICKY,2025-06-03,S/Z,Strength Zone,800.00,,800.00,due_or_unpaid,R,,,JUNE 2025,2026-09-10 09:29:19.502884+00
14935,2025-06-01,180,DEEPAK G,2025-06-05,G/F,General Fitness,1000.00,,1000.00,due_or_unpaid,R,,,JUNE 2025,2026-09-10 09:29:19.502884+00
14936,2025-06-01,181,AGILESHWARAN M,2025-06-09,S/Z,Strength Zone,800.00,,800.00,due_or_unpaid,R,,,JUNE 2025,2026-09-10 09:29:19.502884+00
14937,2025-06-01,182,MUKESH R,2025-06-11,S/Z,Strength Zone,800.00,,800.00,due_or_unpaid,R,,,JUNE 2025,2026-09-10 09:29:19.502884+00
14938,2025-06-01,183,SACHIN AARON T,2025-06-17,S/Z,Strength Zone,800.00,,800.00,due_or_unpaid,R,,,JUNE 2025,2026-09-10 09:29:19.502884+00
14939,2025-06-01,184,SANTHOSH R,2025-07-21,S/Z,Strength Zone,800.00,,4500.00,paid,PAID,,,JUNE 2025,2026-09-10 09:29:19.502884+00
14940,2025-06-01,185,VISHNU VARTHAN S,2025-06-21,S/Z,Strength Zone,800.00,800.00,0.00,paid,PAID,,,JUNE 2025,2026-09-10 09:29:19.502884+00
14941,2025-06-01,186,MOGESH V,2025-06-25,S/Z,Strength Zone,800.00,,800.00,due_or_unpaid,R,,,JUNE 2025,2026-09-10 09:29:19.502884+00
14942,2025-06-01,187,VISHWA R A,2025-06-27,S/Z,Strength Zone,800.00,,800.00,due_or_unpaid,R,,,JUNE 2025,2026-09-10 09:29:19.502884+00
14943,2025-06-01,188,RAMASUBRAMANI K,2025-07-29,S/Z,Strength Zone,800.00,,3200.00,paid,PAID,,,JUNE 2025,2026-09-10 09:29:19.502884+00
14944,2025-06-01,189,DHANASINGH P,2025-07-29,S/Z,Strength Zone,800.00,,3200.00,paid,PAID,,,JUNE 2025,2026-09-10 09:29:19.502884+00
14945,2025-06-01,190,AMAR NATH R,2025-06-03,G/F,General Fitness,1000.00,,1000.00,due_or_unpaid,R,,,JUNE 2025,2026-09-10 09:29:19.502884+00
14946,2025-06-01,191,PUVIYARASAN G,2025-06-04,S/Z,Strength Zone,800.00,,800.00,due_or_unpaid,R,,,JUNE 2025,2026-09-10 09:29:19.502884+00
14947,2025-06-01,192,DINESH KUMAR R,2025-06-04,S/Z,Strength Zone,800.00,800.00,0.00,paid,PAID,,,JUNE 2025,2026-09-10 09:29:19.502884+00
14948,2025-06-01,193,ARUN KUMAR R,2025-06-04,G/F,General Fitness,1000.00,,1000.00,due_or_unpaid,R,,,JUNE 2025,2026-09-10 09:29:19.502884+00
14949,2025-06-01,194,ASWIN P BENNY,2025-06-04,G/F,General Fitness,1000.00,,1000.00,due_or_unpaid,R,,,JUNE 2025,2026-09-10 09:29:19.502884+00
14950,2025-06-01,195,ROCK R,2025-06-04,S/Z,Strength Zone,800.00,,800.00,due_or_unpaid,R,,,JUNE 2025,2026-09-10 09:29:19.502884+00
14951,2025-06-01,196,SURIYA PRAKASH M,2025-06-12,S/Z,Strength Zone,800.00,,800.00,due_or_unpaid,R,,,JUNE 2025,2026-09-10 09:29:19.502884+00
14952,2025-06-01,197,BHARATHI RAJA M,2025-06-12,G/F,General Fitness,1000.00,,1000.00,due_or_unpaid,R,,,JUNE 2025,2026-09-10 09:29:19.502884+00
14953,2025-06-01,198,SURYA R,2025-06-12,S/Z,Strength Zone,800.00,800.00,0.00,paid,PAID,,,JUNE 2025,2026-09-10 09:29:19.502884+00
14954,2025-06-01,199,MADHUWANTH K,2025-06-13,S/Z,Strength Zone,800.00,,800.00,due_or_unpaid,R,,,JUNE 2025,2026-09-10 09:29:19.502884+00
14955,2025-06-01,200,DHAYALAN R,2025-06-12,G/F,General Fitness,1000.00,,1000.00,due_or_unpaid,R,,,JUNE 2025,2026-09-10 09:29:19.502884+00
14956,2025-06-01,201,KARTHI BALAJI R,2025-06-13,S/Z,Strength Zone,800.00,,800.00,due_or_unpaid,R,,,JUNE 2025,2026-09-10 09:29:19.502884+00
14957,2025-06-01,202,HARI KRISHNAN G,2025-06-18,G/F,General Fitness,1000.00,1000.00,0.00,paid,PAID,,,JUNE 2025,2026-09-10 09:29:19.502884+00
14958,2025-06-01,203,VIGNESH K,2025-06-18,G/F,General Fitness,1000.00,,1000.00,due_or_unpaid,R,,,JUNE 2025,2026-09-10 09:29:19.502884+00
14959,2025-06-01,204,AKASH C,2025-06-20,S/Z,Strength Zone,800.00,,800.00,due_or_unpaid,R,,,JUNE 2025,2026-09-10 09:29:19.502884+00
14960,2025-06-01,205,MANI MARAN M,2025-06-20,S/Z,Strength Zone,800.00,,800.00,due_or_unpaid,R,,,JUNE 2025,2026-09-10 09:29:19.502884+00
14961,2025-06-01,206,SANTHA KUMAR S,2025-06-24,G/F,General Fitness,1000.00,,1000.00,due_or_unpaid,R,,,JUNE 2025,2026-09-10 09:29:19.502884+00
14962,2025-06-01,207,SANJAY S,2025-06-24,S/Z,Strength Zone,800.00,,800.00,due_or_unpaid,R,,,JUNE 2025,2026-09-10 09:29:19.502884+00
14963,2025-06-01,208,SEEN N,2025-06-24,S/Z,Strength Zone,800.00,,800.00,due_or_unpaid,R,,,JUNE 2025,2026-09-10 09:29:19.502884+00
14964,2025-06-01,209,PASUPATHI M,2025-06-25,G/F,General Fitness,1000.00,,1000.00,due_or_unpaid,R,,,JUNE 2025,2026-09-10 09:29:19.502884+00
14965,2025-06-01,210,NAVEEN K.M,2025-06-03,G/F,General Fitness,1000.00,1000.00,0.00,paid,PAID,,,JUNE 2025,2026-09-10 09:29:19.502884+00
14966,2025-06-01,211,SUNIL KUMAR H,2025-06-03,S/Z,Strength Zone,800.00,800.00,0.00,paid,PAID,,,JUNE 2025,2026-09-10 09:29:19.502884+00
14967,2025-06-01,212,ALI,2025-06-03,S/Z,Strength Zone,800.00,,800.00,due_or_unpaid,R,,,JUNE 2025,2026-09-10 09:29:19.502884+00
14968,2025-06-01,213,SADDAM,2025-06-03,S/Z,Strength Zone,800.00,,800.00,due_or_unpaid,R,,,JUNE 2025,2026-09-10 09:29:19.502884+00
14969,2025-06-01,214,SUMAN RAJ P,2025-06-10,G/F,General Fitness,1000.00,,1000.00,due_or_unpaid,R,,,JUNE 2025,2026-09-10 09:29:19.502884+00
14970,2025-06-01,215,MICHEAL PRAKASH P,2025-06-11,G/F,General Fitness,1000.00,,1000.00,due_or_unpaid,R,,,JUNE 2025,2026-09-10 09:29:19.502884+00
14971,2025-06-01,216,RAJA K,2025-06-11,G/F,General Fitness,1000.00,,1000.00,due_or_unpaid,R,,,JUNE 2025,2026-09-10 09:29:19.502884+00
14972,2025-06-01,217,SANJAY P R,2025-06-11,S/Z,Strength Zone,800.00,,800.00,due_or_unpaid,R,,,JUNE 2025,2026-09-10 09:29:19.502884+00
14973,2025-06-01,218,NARENDRAN,2025-06-14,S/Z,Strength Zone,800.00,,800.00,due_or_unpaid,R,,,JUNE 2025,2026-09-10 09:29:19.502884+00
14974,2025-06-01,219,SUNIL P,2025-06-13,S/Z,Strength Zone,800.00,,800.00,due_or_unpaid,R,,,JUNE 2025,2026-09-10 09:29:19.502884+00
14975,2025-06-01,220,VENKAT,2025-06-13,G/F,General Fitness,1000.00,,1000.00,due_or_unpaid,R,,,JUNE 2025,2026-09-10 09:29:19.502884+00
14976,2025-06-01,221,KARTHICK R,2025-06-15,S/Z,Strength Zone,800.00,,800.00,due_or_unpaid,R,,,JUNE 2025,2026-09-10 09:29:19.502884+00
14977,2025-06-01,222,MUNISH KUMAR B,2025-06-17,G/F,General Fitness,800.00,800.00,0.00,paid,PAID,,,JUNE 2025,2026-09-10 09:29:19.502884+00
14978,2025-06-01,223,RAJIBUL ALI T,2025-06-22,S/Z,Strength Zone,800.00,,800.00,due_or_unpaid,R,,,JUNE 2025,2026-09-10 09:29:19.502884+00
14979,2025-06-01,224,MOHANRAJ P,2025-06-24,G/F,General Fitness,1000.00,1000.00,0.00,paid,PAID,,,JUNE 2025,2026-09-10 09:29:19.502884+00
14980,2025-06-01,225,RAVINDHAREN,2025-06-25,S/Z,Strength Zone,800.00,,800.00,due_or_unpaid,R,,,JUNE 2025,2026-09-10 09:29:19.502884+00
14981,2025-06-01,226,SURESH M,2025-06-01,S/Z,Strength Zone,800.00,800.00,0.00,paid,PAID,,,JUNE 2025,2026-09-10 09:29:19.502884+00
14982,2025-06-01,227,KARTHIK DHANASEKAR,2025-06-01,S/Z,Strength Zone,800.00,800.00,0.00,paid,PAID,,,JUNE 2025,2026-09-10 09:29:19.502884+00
14983,2025-06-01,228,MANIKANDAN D,2025-06-01,S/Z,Strength Zone,800.00,800.00,0.00,paid,PAID,,,JUNE 2025,2026-09-10 09:29:19.502884+00
14984,2025-06-01,229,VISHVA,2025-06-01,S/Z,Strength Zone,800.00,800.00,0.00,paid,PAID,,,JUNE 2025,2026-09-10 09:29:19.502884+00
14985,2025-06-01,230,SHYAM K,2025-06-04,S/Z,Strength Zone,800.00,,800.00,due_or_unpaid,R,,,JUNE 2025,2026-09-10 09:29:19.502884+00
14986,2025-06-01,231,SHASHANTH S,2025-06-05,S/Z,Strength Zone,800.00,800.00,0.00,paid,PAID,,,JUNE 2025,2026-09-10 09:29:19.502884+00
14987,2025-06-01,232,ANIL KUMAR,2025-06-05,S/Z,Strength Zone,800.00,,800.00,due_or_unpaid,R,,,JUNE 2025,2026-09-10 09:29:19.502884+00
14988,2025-06-01,233,NIKHIL NAYAK L,2025-06-07,S/Z,Strength Zone,800.00,,800.00,due_or_unpaid,R,,,JUNE 2025,2026-09-10 09:29:19.502884+00
14989,2025-06-01,234,PINKU NAYAK C,2025-06-07,S/Z,Strength Zone,800.00,,800.00,due_or_unpaid,R,,,JUNE 2025,2026-09-10 09:29:19.502884+00
14990,2025-06-01,235,AKASH S,2025-06-01,G/F,General Fitness,1000.00,,1000.00,paid,PAID,,,JUNE 2025,2026-09-10 09:29:19.502884+00
14991,2025-06-01,236,ANAND,2025-06-08,G/F,General Fitness,1000.00,1000.00,0.00,paid,PAID,,,JUNE 2025,2026-09-10 09:29:19.502884+00
14992,2025-06-01,237,LOHIT NAYAK,2025-06-12,S/Z,Strength Zone,800.00,,800.00,due_or_unpaid,R,,,JUNE 2025,2026-09-10 09:29:19.502884+00
14993,2025-06-01,238,RIMPLE KUMAR,2025-06-15,S/Z,Strength Zone,800.00,800.00,0.00,paid,PAID,,,JUNE 2025,2026-09-10 09:29:19.502884+00
14994,2025-06-01,239,GOPINATH M,2025-06-17,G/F,General Fitness,1000.00,,1000.00,due_or_unpaid,R,,,JUNE 2025,2026-09-10 09:29:19.502884+00
14995,2025-06-01,239,GOPINATH M,2025-06-19,S/Z,Strength Zone,800.00,,800.00,due_or_unpaid,R,,,JUNE 2025,2026-09-10 09:29:19.502884+00
14996,2025-06-01,240,YOGESH G,2025-06-21,S/Z,Strength Zone,800.00,,800.00,due_or_unpaid,R,,,JUNE 2025,2026-09-10 09:29:19.502884+00
14997,2025-06-01,240,YOGESH G,2025-06-24,S/Z,Strength Zone,800.00,,800.00,due_or_unpaid,R,,,JUNE 2025,2026-09-10 09:29:19.502884+00
14998,2025-06-01,241,PRADHAP V,2025-06-21,S/Z,Strength Zone,800.00,,800.00,due_or_unpaid,R,,,JUNE 2025,2026-09-10 09:29:19.502884+00
14999,2025-06-01,241,PRADHAP V,2025-06-24,S/Z,Strength Zone,800.00,,800.00,due_or_unpaid,R,,,JUNE 2025,2026-09-10 09:29:19.502884+00
15000,2025-06-01,242,AJAY A,2025-06-26,S/Z,Strength Zone,800.00,,800.00,due_or_unpaid,R,,,JUNE 2025,2026-09-10 09:29:19.502884+00
15001,2025-06-01,243,SANTHOSH,2025-06-29,G/F,General Fitness,1000.00,,1000.00,due_or_unpaid,R,,,JUNE 2025,2026-09-10 09:29:19.502884+00
15002,2025-06-01,244,BABU K,2025-06-26,G/F,General Fitness,1000.00,,1000.00,due_or_unpaid,R,,,JUNE 2025,2026-09-10 09:29:19.502884+00
15003,2025-06-01,245,KISHORE S,2025-06-03,G/F,General Fitness,1000.00,1000.00,0.00,paid,PAID,,,JUNE 2025,2026-09-10 09:29:19.502884+00
15004,2025-06-01,246,SURESH,2025-06-05,S/Z,Strength Zone,800.00,800.00,0.00,paid,PAID,,,JUNE 2025,2026-09-10 09:29:19.502884+00
15005,2025-06-01,247,VIVEK,2025-11-05,S/Z,Strength Zone,800.00,,3700.00,paid,PAID,,,JUNE 2025,2026-09-10 09:29:19.502884+00
15006,2025-06-01,248,ELAKKIAN,2025-06-05,G/F,General Fitness,1000.00,,1000.00,due_or_unpaid,R,,,JUNE 2025,2026-09-10 09:29:19.502884+00
15007,2025-06-01,249,DEEPAK,2025-06-05,G/F,General Fitness,1000.00,1000.00,0.00,paid,PAID,,,JUNE 2025,2026-09-10 09:29:19.502884+00
15008,2025-06-01,250,RESHATH S,2025-06-06,S/Z,Strength Zone,800.00,,800.00,due_or_unpaid,R,,,JUNE 2025,2026-09-10 09:29:19.502884+00
15009,2025-06-01,251,ARAVINTHAN S,2025-06-12,G/F,General Fitness,1000.00,800.00,800.00,paid,PAID,,,JUNE 2025,2026-09-10 09:29:19.502884+00
15010,2025-06-01,252,MAULIRAJ V,2025-06-13,S/Z,Strength Zone,800.00,800.00,0.00,paid,PAID,,,JUNE 2025,2026-09-10 09:29:19.502884+00
15011,2025-06-01,253,DHAYANATHAN,2025-06-25,G/F,General Fitness,1000.00,1000.00,0.00,paid,PAID,,,JUNE 2025,2026-09-10 09:29:19.502884+00
15012,2025-06-01,254,SELVAM K,2025-06-14,S/Z,Strength Zone,800.00,,800.00,due_or_unpaid,R,,,JUNE 2025,2026-09-10 09:29:19.502884+00
15013,2025-06-01,255,VIJAYAN .S,2025-06-17,G/F,General Fitness,1000.00,,1000.00,due_or_unpaid,R,,,JUNE 2025,2026-09-10 09:29:19.502884+00
15014,2025-06-01,256,KARTHICK M,2025-06-19,S/Z,Strength Zone,800.00,,800.00,due_or_unpaid,R,,,JUNE 2025,2026-09-10 09:29:19.502884+00
15015,2025-06-01,257,PAWN KUMAR,2025-06-26,S/Z,Strength Zone,800.00,800.00,0.00,paid,PAID,,,JUNE 2025,2026-09-10 09:29:19.502884+00
15016,2025-07-01,1,SUNDHAR M,2025-07-09,S/Z,Strength Zone,800.00,,800.00,due_or_unpaid,R,,,JULY 2025,2026-09-10 09:29:19.502884+00
15017,2025-07-01,2,NITHYASEELAN P,2025-07-09,S/Z,Strength Zone,800.00,,800.00,due_or_unpaid,R,,,JULY 2025,2026-09-10 09:29:19.502884+00
15018,2025-07-01,3,SANJEEVA REDDY C,2026-01-09,S/Z,Strength Zone,800.00,,6000.00,paid,PAID,,,JULY 2025,2026-09-10 09:29:19.502884+00
15019,2025-07-01,4,ABDUL RAHMAN A,2025-07-09,S/Z,Strength Zone,800.00,,1000.00,due_or_unpaid,R,,,JULY 2025,2026-09-10 09:29:19.502884+00
15020,2025-07-01,5,SANTHOSH KUMAR G,2025-07-09,G/F,General Fitness,1000.00,,1000.00,due_or_unpaid,R,,,JULY 2025,2026-09-10 09:29:19.502884+00
15021,2025-07-01,6,SATHISH KUMAR J,2025-07-09,G/F,General Fitness,1000.00,,1000.00,due_or_unpaid,R,,,JULY 2025,2026-09-10 09:29:19.502884+00
15022,2025-07-01,7,VIJAYABABU C,2026-01-09,G/F,General Fitness,1000.00,,6000.00,paid,PAID,,,JULY 2025,2026-09-10 09:29:19.502884+00
15023,2025-07-01,8,ISTJHAR AHAMAD,2025-07-09,G/F,General Fitness,1000.00,,1000.00,due_or_unpaid,R,,,JULY 2025,2026-09-10 09:29:19.502884+00
15024,2025-07-01,9,MUBARAK ALI,2025-07-09,S/Z,Strength Zone,800.00,,800.00,due_or_unpaid,R,,,JULY 2025,2026-09-10 09:29:19.502884+00
15025,2025-07-01,10,GULJOR HUSSAIN,2025-07-09,S/Z,Strength Zone,800.00,,800.00,due_or_unpaid,R,,,JULY 2025,2026-09-10 09:29:19.502884+00
15026,2025-07-01,11,SURHAB ALI,2025-07-09,S/Z,Strength Zone,800.00,,800.00,due_or_unpaid,R,,,JULY 2025,2026-09-10 09:29:19.502884+00
15027,2025-07-01,12,SATHYA M,2025-07-09,G/F,General Fitness,800.00,,800.00,due_or_unpaid,R,,,JULY 2025,2026-09-10 09:29:19.502884+00
15028,2025-07-01,13,PORTAP CHETRY,2025-07-09,S/Z,Strength Zone,800.00,,800.00,due_or_unpaid,R,,,JULY 2025,2026-09-10 09:29:19.502884+00
15029,2025-07-01,14,TAMIL,2025-07-09,G/F,General Fitness,1000.00,,1000.00,due_or_unpaid,R,,,JULY 2025,2026-09-10 09:29:19.502884+00
15030,2025-07-01,15,DEEPAK M,2025-07-09,S/Z,Strength Zone,800.00,,800.00,due_or_unpaid,R,,,JULY 2025,2026-09-10 09:29:19.502884+00
15031,2025-07-01,16,SARATH KUMAR A,2025-07-10,S/Z,Strength Zone,800.00,,800.00,due_or_unpaid,R,,,JULY 2025,2026-09-10 09:29:19.502884+00
15032,2025-07-01,17,UDHAYA PANDIAN,2025-07-10,G/F,General Fitness,1000.00,,1000.00,due_or_unpaid,R,,,JULY 2025,2026-09-10 09:29:19.502884+00
15033,2025-07-01,18,MANJIT KUMAR,2025-07-09,S/Z,Strength Zone,800.00,,800.00,due_or_unpaid,R,,,JULY 2025,2026-09-10 09:29:19.502884+00
15034,2025-07-01,19,YUVARAJ C,2025-11-10,G/F,General Fitness,1000.00,,7000.00,paid,PAID,3000.0,,JULY 2025,2026-09-10 09:29:19.502884+00
15035,2025-07-01,20,CHARLES,2025-07-09,S/Z,Strength Zone,800.00,,1000.00,due_or_unpaid,R,,,JULY 2025,2026-09-10 09:29:19.502884+00
15036,2025-07-01,21,DHANUSH V,2025-07-10,S/Z,Strength Zone,800.00,,800.00,due_or_unpaid,R,,,JULY 2025,2026-09-10 09:29:19.502884+00
15037,2025-07-01,22,BOLORAM PONIKA A.J,2025-07-10,S/Z,Strength Zone,800.00,,800.00,due_or_unpaid,R,,,JULY 2025,2026-09-10 09:29:19.502884+00
15038,2025-07-01,23,PRASANTH M,2025-07-10,S/Z,Strength Zone,800.00,,800.00,due_or_unpaid,R,,,JULY 2025,2026-09-10 09:29:19.502884+00
15039,2025-07-01,24,RAGUL R,2025-07-11,S/Z,Strength Zone,800.00,800.00,0.00,paid,PAID,,,JULY 2025,2026-09-10 09:29:19.502884+00
15040,2025-07-01,25,SANTHOSH M,2025-07-11,S/Z,Strength Zone,800.00,,800.00,due_or_unpaid,R,,,JULY 2025,2026-09-10 09:29:19.502884+00
15041,2025-07-01,26,MAZID ALI,2025-07-11,S/Z,Strength Zone,800.00,,800.00,due_or_unpaid,R,,,JULY 2025,2026-09-10 09:29:19.502884+00
15042,2025-07-01,27,SADIKUL ISLAM,2025-07-11,S/Z,Strength Zone,800.00,,800.00,due_or_unpaid,R,,,JULY 2025,2026-09-10 09:29:19.502884+00
15043,2025-07-01,28,LAKSHWANTH,2026-02-11,G/F,General Fitness,1000.00,,7499.00,paid,PAID,,,JULY 2025,2026-09-10 09:29:19.502884+00
15044,2025-07-01,29,GOWTHAM A,2025-06-01,S/Z,Strength Zone,800.00,,800.00,due_or_unpaid,R,,,JULY 2025,2026-09-10 09:29:19.502884+00
15045,2025-07-01,30,PRADEEP Y,2025-07-20,S/Z,Strength Zone,800.00,800.00,0.00,paid,PAID,,,JULY 2025,2026-09-10 09:29:19.502884+00
15046,2025-07-01,31,ROHIT R,2025-07-12,S/Z,Strength Zone,800.00,,800.00,due_or_unpaid,R,,,JULY 2025,2026-09-10 09:29:19.502884+00
15047,2025-07-01,32,RISHI M,2025-07-12,S/Z,Strength Zone,800.00,,800.00,due_or_unpaid,R,,,JULY 2025,2026-09-10 09:29:19.502884+00
15048,2025-07-01,33,GOPAL B,2025-07-12,S/Z,Strength Zone,800.00,800.00,0.00,paid,PAID,,,JULY 2025,2026-09-10 09:29:19.502884+00
15049,2025-07-01,34,KODOM ALI D,2025-07-13,S/Z,Strength Zone,800.00,,800.00,due_or_unpaid,R,,,JULY 2025,2026-09-10 09:29:19.502884+00
15050,2025-07-01,35,SUJAB ALI A,2025-07-13,S/Z,Strength Zone,800.00,,800.00,due_or_unpaid,R,,,JULY 2025,2026-09-10 09:29:19.502884+00
15051,2025-07-01,36,ASHABUL HOQUE S,2025-07-13,S/Z,Strength Zone,800.00,,800.00,due_or_unpaid,R,,,JULY 2025,2026-09-10 09:29:19.502884+00
15052,2025-07-01,37,SURESH K,2025-07-13,G/F,General Fitness,1000.00,,1000.00,due_or_unpaid,R,,,JULY 2025,2026-09-10 09:29:19.502884+00
15053,2025-07-01,38,YUVARAJ B,2025-07-13,S/F,,800.00,800.00,0.00,paid,PAID,,,JULY 2025,2026-09-10 09:29:19.502884+00
15054,2025-07-01,39,BALAKUMAR M,2025-07-13,G/F,General Fitness,1000.00,1000.00,0.00,paid,PAID,,,JULY 2025,2026-09-10 09:29:19.502884+00
15055,2025-07-01,40,SIDDHARTH V,2025-07-13,S/Z,Strength Zone,800.00,,800.00,due_or_unpaid,R,,,JULY 2025,2026-09-10 09:29:19.502884+00
15056,2025-07-01,41,VAJARAVEL BALA A,2025-07-13,G/F,General Fitness,1000.00,,1000.00,due_or_unpaid,R,,,JULY 2025,2026-09-10 09:29:19.502884+00
15057,2025-07-01,42,SARAVANAN K,2025-07-13,S/Z,Strength Zone,800.00,,800.00,due_or_unpaid,R,,,JULY 2025,2026-09-10 09:29:19.502884+00
15058,2025-07-01,43,ARJUN S,2025-07-13,S/Z,Strength Zone,800.00,,800.00,due_or_unpaid,R,,,JULY 2025,2026-09-10 09:29:19.502884+00
15059,2025-07-01,44,RAM PRASAD,2025-07-14,G/F,General Fitness,1000.00,,1000.00,due_or_unpaid,R,,,JULY 2025,2026-09-10 09:29:19.502884+00
15060,2025-07-01,45,SANTHOSH,2025-07-01,S/Z,Strength Zone,800.00,800.00,0.00,paid,PAID,,,JULY 2025,2026-09-10 09:29:19.502884+00
15061,2025-07-01,46,SRI RAM R,2025-07-14,S/Z,Strength Zone,1000.00,1900.00,0.00,paid,R,,,JULY 2025,2026-09-10 09:29:19.502884+00
15062,2025-07-01,47,ANBU N,2025-07-14,G/F,General Fitness,1000.00,,1000.00,due_or_unpaid,R,,,JULY 2025,2026-09-10 09:29:19.502884+00
15063,2025-07-01,48,ARAVIND KUMAR P,2025-07-14,S/Z,Strength Zone,800.00,,800.00,due_or_unpaid,R,,,JULY 2025,2026-09-10 09:29:19.502884+00
15064,2025-07-01,49,ARUN S,2025-07-16,G/F,General Fitness,1000.00,,1000.00,due_or_unpaid,R,,,JULY 2025,2026-09-10 09:29:19.502884+00
15065,2025-07-01,50,AATHI,2025-07-16,S/Z,Strength Zone,800.00,,800.00,due_or_unpaid,R,,,JULY 2025,2026-09-10 09:29:19.502884+00
15066,2025-07-01,51,JOTHILINGAM R,2025-07-15,G/F,General Fitness,1000.00,,1000.00,due_or_unpaid,R,,,JULY 2025,2026-09-10 09:29:19.502884+00
15067,2025-07-01,52,VASANTH J,2026-01-15,S/Z,Strength Zone,1000.00,,6000.00,paid,PAID,,,JULY 2025,2026-09-10 09:29:19.502884+00
15068,2025-07-01,53,BETSY PAULINE V,2025-07-16,G/F,General Fitness,1000.00,1000.00,0.00,paid,PAID,,,JULY 2025,2026-09-10 09:29:19.502884+00
15069,2025-07-01,54,PREM KUMAR Y,2025-07-16,S/Z,Strength Zone,800.00,,800.00,due_or_unpaid,R,,,JULY 2025,2026-09-10 09:29:19.502884+00
15070,2025-07-01,55,JAWAID F,2025-07-16,S/Z,Strength Zone,800.00,,800.00,due_or_unpaid,R,,,JULY 2025,2026-09-10 09:29:19.502884+00
15071,2025-07-01,56,BOBIDUL ISLAM A,2025-07-16,G/F,General Fitness,1000.00,,1000.00,due_or_unpaid,R,,,JULY 2025,2026-09-10 09:29:19.502884+00
15072,2025-07-01,57,ABDUL KHALAK J,2025-07-16,G/F,General Fitness,1000.00,,1000.00,due_or_unpaid,R,,,JULY 2025,2026-09-10 09:29:19.502884+00
15073,2025-07-01,58,MEHERUL HAQUE.S,2025-07-16,G/F,General Fitness,1000.00,,1000.00,due_or_unpaid,R,,,JULY 2025,2026-09-10 09:29:19.502884+00
15074,2025-07-01,59,JAGADEESH M,2025-07-16,G/F,General Fitness,1000.00,,1000.00,due_or_unpaid,R,,,JULY 2025,2026-09-10 09:29:19.502884+00
15075,2025-07-01,60,FAYAZ AHMED A,2025-07-16,S/Z,Strength Zone,800.00,,800.00,due_or_unpaid,R,,,JULY 2025,2026-09-10 09:29:19.502884+00
15076,2025-07-01,61,MAMIDUL ALI,2025-07-17,S/Z,Strength Zone,800.00,,800.00,due_or_unpaid,R,,,JULY 2025,2026-09-10 09:29:19.502884+00
15077,2025-07-01,62,VINOTH KUMAR C,2025-07-17,G/F,General Fitness,800.00,,800.00,due_or_unpaid,R,,,JULY 2025,2026-09-10 09:29:19.502884+00
15078,2025-07-01,63,ABDUL BATIN U,2025-07-17,S/Z,Strength Zone,800.00,,800.00,due_or_unpaid,R,,,JULY 2025,2026-09-10 09:29:19.502884+00
15079,2025-07-01,64,NILCHAN ALI,2025-07-17,S/Z,Strength Zone,800.00,,800.00,due_or_unpaid,R,,,JULY 2025,2026-09-10 09:29:19.502884+00
15080,2025-07-01,65,MOMIRUL HOQUE,2025-07-17,S/Z,Strength Zone,800.00,,800.00,due_or_unpaid,R,,,JULY 2025,2026-09-10 09:29:19.502884+00
15081,2025-07-01,66,AMIR HAMJA,2025-07-17,S/Z,Strength Zone,800.00,,800.00,due_or_unpaid,R,,,JULY 2025,2026-09-10 09:29:19.502884+00
15082,2025-07-01,67,SUNIL R,2025-07-17,G/F,General Fitness,1000.00,,1000.00,due_or_unpaid,R,,,JULY 2025,2026-09-10 09:29:19.502884+00
15083,2025-07-01,68,SUDHAKAR S,2025-07-17,S/Z,Strength Zone,800.00,,800.00,due_or_unpaid,R,,,JULY 2025,2026-09-10 09:29:19.502884+00
15084,2025-07-01,69,AMINUL ISLAM MD,2025-07-18,S/Z,Strength Zone,800.00,,800.00,due_or_unpaid,R,,,JULY 2025,2026-09-10 09:29:19.502884+00
15085,2025-07-01,70,TAFIKUL ISLAM,2025-07-18,G/F,General Fitness,1000.00,,800.00,due_or_unpaid,R,,,JULY 2025,2026-09-10 09:29:19.502884+00
15086,2025-07-01,72,HAFIZUR RAHMAM,2025-07-19,S/Z,Strength Zone,800.00,,800.00,due_or_unpaid,R,,,JULY 2025,2026-09-10 09:29:19.502884+00
15087,2025-07-01,73,MOJNUR,2025-07-19,S/Z,Strength Zone,800.00,,800.00,due_or_unpaid,R,,,JULY 2025,2026-09-10 09:29:19.502884+00
15088,2025-07-01,74,YOGESH R,2025-07-19,S/Z,Strength Zone,800.00,,800.00,due_or_unpaid,R,,,JULY 2025,2026-09-10 09:29:19.502884+00
15089,2025-07-01,75,NAVAS,2025-07-19,G/F,General Fitness,1000.00,,800.00,due_or_unpaid,R,,,JULY 2025,2026-09-10 09:29:19.502884+00
15090,2025-07-01,76,TAYABUR RAHMAN A,2025-07-20,S/Z,Strength Zone,800.00,800.00,0.00,paid,PAID,,,JULY 2025,2026-09-10 09:29:19.502884+00
15091,2025-07-01,78,RATHISH KUMAR,2025-07-23,G/F,General Fitness,1000.00,,1000.00,due_or_unpaid,R,,,JULY 2025,2026-09-10 09:29:19.502884+00
15092,2025-07-01,79,DARVIN RAJ J,2025-06-10,G/F,General Fitness,1000.00,,1000.00,due_or_unpaid,R,,,JULY 2025,2026-09-10 09:29:19.502884+00
15093,2025-07-01,80,PRASANTH S,2025-07-23,S/Z,Strength Zone,800.00,,800.00,due_or_unpaid,R,,,JULY 2025,2026-09-10 09:29:19.502884+00
15094,2025-07-01,81,GURU SHANKAR,2025-07-23,S/Z,Strength Zone,800.00,,800.00,due_or_unpaid,R,,,JULY 2025,2026-09-10 09:29:19.502884+00
15095,2025-07-01,82,NARJUL ISLAM A,2025-07-23,S/Z,Strength Zone,800.00,,800.00,due_or_unpaid,R,,,JULY 2025,2026-09-10 09:29:19.502884+00
15096,2025-07-01,83,SANGIT KUMAR SAMANTHA,2025-07-23,G/F,General Fitness,1000.00,,800.00,due_or_unpaid,R,,,JULY 2025,2026-09-10 09:29:19.502884+00
15097,2025-07-01,84,RAGUL A,2025-07-23,S/Z,Strength Zone,800.00,800.00,0.00,paid,PAID,,,JULY 2025,2026-09-10 09:29:19.502884+00
15098,2025-07-01,85,ASWINI SAGAR SWAIN,2025-07-24,S/Z,Strength Zone,800.00,,800.00,due_or_unpaid,R,,,JULY 2025,2026-09-10 09:29:19.502884+00
15099,2025-07-01,86,DEEPAK M,2025-07-24,S/Z,Strength Zone,800.00,,800.00,due_or_unpaid,R,,,JULY 2025,2026-09-10 09:29:19.502884+00
15100,2025-07-01,88,NATHAN K,2025-07-25,S/Z,Strength Zone,800.00,,800.00,due_or_unpaid,R,,,JULY 2025,2026-09-10 09:29:19.502884+00
15101,2025-07-01,89,MOIN UDDIN A,2025-07-25,S/Z,Strength Zone,800.00,,800.00,due_or_unpaid,R,,,JULY 2025,2026-09-10 09:29:19.502884+00
15102,2025-07-01,90,ALI AHMED R,2025-07-25,S/Z,Strength Zone,800.00,,800.00,due_or_unpaid,R,,,JULY 2025,2026-09-10 09:29:19.502884+00
15103,2025-07-01,91,ABINASH S,2025-07-27,S/Z,Strength Zone,800.00,,800.00,due_or_unpaid,R,,,JULY 2025,2026-09-10 09:29:19.502884+00
15104,2025-07-01,92,ARAVIND S,2025-07-28,S/Z,Strength Zone,800.00,,800.00,due_or_unpaid,R,,,JULY 2025,2026-09-10 09:29:19.502884+00
15105,2025-07-01,93,ASHADUL,2025-07-30,G/F,General Fitness,1000.00,,800.00,due_or_unpaid,R,,,JULY 2025,2026-09-10 09:29:19.502884+00
15106,2025-07-01,94,GUHAN A,2025-07-30,S/Z,Strength Zone,800.00,,800.00,due_or_unpaid,R,,,JULY 2025,2026-09-10 09:29:19.502884+00
15107,2025-07-01,95,ROKIBUL HUSSAIN A,2025-07-30,S/Z,Strength Zone,800.00,,800.00,due_or_unpaid,R,,,JULY 2025,2026-09-10 09:29:19.502884+00
15108,2025-07-01,96,MERVYN,2025-10-01,G/F,General Fitness,7000.00,,7000.00,paid,PAID,,,JULY 2025,2026-09-10 09:29:19.502884+00
15109,2025-07-01,97,MICHAEL A,2025-07-01,S/Z,Strength Zone,800.00,,800.00,due_or_unpaid,R,,,JULY 2025,2026-09-10 09:29:19.502884+00
15110,2025-07-01,98,SUGAN RAJ M,2025-07-01,S/Z,Strength Zone,800.00,,800.00,due_or_unpaid,R,,,JULY 2025,2026-09-10 09:29:19.502884+00
15111,2025-07-01,99,SHUTRUGHAN KUMAR R,2025-07-01,G/F,General Fitness,800.00,1000.00,0.00,paid,PAID,,,JULY 2025,2026-09-10 09:29:19.502884+00
15112,2025-07-01,100,DAVID A,2025-07-02,G/F,General Fitness,1000.00,1000.00,0.00,paid,PAID,,,JULY 2025,2026-09-10 09:29:19.502884+00
15113,2025-07-01,101,PETER A,2025-07-02,G/F,General Fitness,1000.00,,1000.00,due_or_unpaid,R,,,JULY 2025,2026-09-10 09:29:19.502884+00
15114,2025-07-01,102,KUMARAN M,2025-07-02,S/Z,Strength Zone,800.00,,800.00,due_or_unpaid,R,,,JULY 2025,2026-09-10 09:29:19.502884+00
15115,2025-07-01,103,CHARAN KUMAR V,2025-07-02,S/Z,Strength Zone,800.00,,800.00,due_or_unpaid,R,,,JULY 2025,2026-09-10 09:29:19.502884+00
15116,2025-07-01,104,SETTU E,2025-07-03,S/Z,Strength Zone,800.00,,800.00,due_or_unpaid,R,,,JULY 2025,2026-09-10 09:29:19.502884+00
15117,2025-07-01,105,NITHISH KUMAR S,2025-07-04,S/Z,Strength Zone,800.00,,800.00,due_or_unpaid,R,,,JULY 2025,2026-09-10 09:29:19.502884+00
15118,2025-07-01,106,RAMESH S,2025-07-04,G/F,General Fitness,1000.00,,1000.00,due_or_unpaid,R,,,JULY 2025,2026-09-10 09:29:19.502884+00
15119,2025-07-01,107,SANJAN V,2025-07-05,S/Z,Strength Zone,800.00,,800.00,due_or_unpaid,R,,,JULY 2025,2026-09-10 09:29:19.502884+00
15120,2025-07-01,108,DIVAKAR M,2025-07-05,G/F,General Fitness,1000.00,,1000.00,due_or_unpaid,R,,,JULY 2025,2026-09-10 09:29:19.502884+00
15121,2025-07-01,109,DANIEL R,2025-07-05,S/Z,Strength Zone,800.00,800.00,0.00,paid,PAID,,,JULY 2025,2026-09-10 09:29:19.502884+00
15122,2025-07-01,110,MANIKANADAN,2025-07-07,G/F,General Fitness,1000.00,,1000.00,due_or_unpaid,R,,,JULY 2025,2026-09-10 09:29:19.502884+00
15123,2025-07-01,111,PRITHIVIKASH,2025-07-26,S/Z,Strength Zone,800.00,,800.00,due_or_unpaid,R,,,JULY 2025,2026-09-10 09:29:19.502884+00
15124,2025-07-01,112,CHANDRU,2025-07-08,S/Z,Strength Zone,800.00,,800.00,due_or_unpaid,R,,,JULY 2025,2026-09-10 09:29:19.502884+00
15125,2025-07-01,113,SANJAY J,2025-07-08,S/Z,Strength Zone,800.00,,800.00,due_or_unpaid,R,,,JULY 2025,2026-09-10 09:29:19.502884+00
15126,2025-07-01,114,AJITH D,2025-07-09,S/Z,Strength Zone,800.00,,800.00,due_or_unpaid,R,,,JULY 2025,2026-09-10 09:29:19.502884+00
15127,2025-07-01,115,SANJAY B,2025-07-09,S/Z,Strength Zone,800.00,,800.00,due_or_unpaid,R,,,JULY 2025,2026-09-10 09:29:19.502884+00
15128,2025-07-01,116,TAMIL SELVAN M,2025-07-12,S/Z,Strength Zone,800.00,,800.00,due_or_unpaid,R,,,JULY 2025,2026-09-10 09:29:19.502884+00
15129,2025-07-01,117,ARUN YADAV,2025-07-12,S/Z,Strength Zone,800.00,,800.00,due_or_unpaid,R,,,JULY 2025,2026-09-10 09:29:19.502884+00
15130,2025-07-01,118,GIRI S,2025-07-13,S/Z,Strength Zone,800.00,,800.00,due_or_unpaid,R,,,JULY 2025,2026-09-10 09:29:19.502884+00
15131,2025-07-01,119,JOHNSON S,2025-07-14,S/Z,Strength Zone,800.00,,800.00,due_or_unpaid,R,,,JULY 2025,2026-09-10 09:29:19.502884+00
15132,2025-07-01,120,DEEPAK BILUNG,2025-07-15,S/Z,Strength Zone,800.00,,800.00,due_or_unpaid,R,,,JULY 2025,2026-09-10 09:29:19.502884+00
15133,2025-07-01,121,BINU,2025-07-15,S/Z,Strength Zone,800.00,,800.00,due_or_unpaid,R,,,JULY 2025,2026-09-10 09:29:19.502884+00
15134,2025-07-01,122,SOHEL RANA,2025-07-16,G/F,General Fitness,1000.00,,1000.00,due_or_unpaid,R,,,JULY 2025,2026-09-10 09:29:19.502884+00
15135,2025-07-01,123,CHAITANYA K,2025-07-17,G/F,General Fitness,1000.00,,1000.00,due_or_unpaid,R,,,JULY 2025,2026-09-10 09:29:19.502884+00
15136,2025-07-01,124,KATHIRAVAN.E,2025-07-18,S/Z,Strength Zone,800.00,,800.00,due_or_unpaid,R,,,JULY 2025,2026-09-10 09:29:19.502884+00
15137,2025-07-01,125,MOORTHY R,2025-07-18,S/Z,Strength Zone,800.00,,800.00,due_or_unpaid,R,,,JULY 2025,2026-09-10 09:29:19.502884+00
15138,2025-07-01,126,SANJAY S,2025-07-18,S/Z,Strength Zone,800.00,,800.00,due_or_unpaid,R,,,JULY 2025,2026-09-10 09:29:19.502884+00
15139,2025-07-01,127,PERUMAL V,2025-07-19,S/Z,Strength Zone,800.00,,800.00,due_or_unpaid,R,,,JULY 2025,2026-09-10 09:29:19.502884+00
15140,2025-07-01,128,EMAMUL HUSSAIN A,2025-07-20,S/Z,Strength Zone,800.00,,800.00,due_or_unpaid,R,,,JULY 2025,2026-09-10 09:29:19.502884+00
15141,2025-07-01,129,JEEVA M,2025-07-21,S/Z,Strength Zone,800.00,,1000.00,due_or_unpaid,R,,,JULY 2025,2026-09-10 09:29:19.502884+00
15142,2025-07-01,130,ARAVIND S,2025-07-19,S/Z,Strength Zone,800.00,,2300.00,due_or_unpaid,R,,,JULY 2025,2026-09-10 09:29:19.502884+00
15143,2025-07-01,131,SURESH P,2025-07-28,S/Z,Strength Zone,800.00,,800.00,due_or_unpaid,R,,,JULY 2025,2026-09-10 09:29:19.502884+00
15144,2025-07-01,132,KAMAL M,2025-07-28,S/Z,Strength Zone,800.00,,800.00,due_or_unpaid,R,,,JULY 2025,2026-09-10 09:29:19.502884+00
15145,2025-07-01,133,FARHAN,2025-07-29,S/Z,Strength Zone,800.00,,800.00,due_or_unpaid,R,,,JULY 2025,2026-09-10 09:29:19.502884+00
15146,2025-07-01,134,HARISHIT D,2025-07-30,S/Z,Strength Zone,800.00,,800.00,due_or_unpaid,R,,,JULY 2025,2026-09-10 09:29:19.502884+00
15147,2025-07-01,135,BALAJI Y,2025-07-01,G/F,General Fitness,800.00,,800.00,due_or_unpaid,R,,,JULY 2025,2026-09-10 09:29:19.502884+00
15148,2025-07-01,136,PETER A,2026-04-01,G/F,General Fitness,1000.00,,7500.00,paid,PAID,,,JULY 2025,2026-09-10 09:29:19.502884+00
15149,2025-07-01,137,KAMESH R,2025-07-02,S/Z,Strength Zone,800.00,,800.00,due_or_unpaid,R,,,JULY 2025,2026-09-10 09:29:19.502884+00
15150,2025-07-01,138,PREM S,2025-07-04,S/Z,Strength Zone,800.00,,800.00,due_or_unpaid,R,,,JULY 2025,2026-09-10 09:29:19.502884+00
15151,2025-07-01,139,VIMAL RAJ R,2025-07-04,S/Z,Strength Zone,800.00,,800.00,due_or_unpaid,R,,,JULY 2025,2026-09-10 09:29:19.502884+00
15152,2025-07-01,140,JOSEPH,2025-07-04,S/Z,Strength Zone,800.00,,800.00,due_or_unpaid,R,,,JULY 2025,2026-09-10 09:29:19.502884+00
15153,2025-07-01,141,ALA IMRAN A,2025-07-04,G/F,General Fitness,1000.00,1000.00,0.00,paid,PAID,,,JULY 2025,2026-09-10 09:29:19.502884+00
15154,2025-07-01,142,HAZRAT ALI,2025-07-05,S/Z,Strength Zone,800.00,,800.00,due_or_unpaid,R,,,JULY 2025,2026-09-10 09:29:19.502884+00
15155,2025-07-01,143,MAHESHWAR GOPE,2025-07-05,S/Z,Strength Zone,800.00,,800.00,due_or_unpaid,R,,,JULY 2025,2026-09-10 09:29:19.502884+00
15156,2025-07-01,144,SAKTHI DS,2025-07-09,S/Z,Strength Zone,800.00,,800.00,due_or_unpaid,R,,,JULY 2025,2026-09-10 09:29:19.502884+00
15157,2025-07-01,145,MUKESH S,2025-07-09,S/Z,Strength Zone,800.00,,800.00,due_or_unpaid,R,,,JULY 2025,2026-09-10 09:29:19.502884+00
15158,2025-07-01,146,AKASH SATHIVEL,2025-07-10,G/F,General Fitness,1000.00,,1000.00,due_or_unpaid,R,,,JULY 2025,2026-09-10 09:29:19.502884+00
15159,2025-07-01,147,SARAN RAJ S,2025-07-10,G/F,General Fitness,1000.00,,1000.00,due_or_unpaid,R,,,JULY 2025,2026-09-10 09:29:19.502884+00
15160,2025-07-01,148,SUDHAKAR S,2025-07-11,G/F,General Fitness,800.00,,800.00,due_or_unpaid,R,,,JULY 2025,2026-09-10 09:29:19.502884+00
15161,2025-07-01,149,UMAMAHESWARA RAO,2025-07-11,G/F,General Fitness,1000.00,,1000.00,due_or_unpaid,R,,,JULY 2025,2026-09-10 09:29:19.502884+00
15162,2025-07-01,150,BARKATHULLAM K A,2025-07-13,G/F,General Fitness,1000.00,,1000.00,due_or_unpaid,R,,,JULY 2025,2026-09-10 09:29:19.502884+00
15163,2025-07-01,151,ABDUL KALAM A,2025-07-13,G/F,General Fitness,1000.00,,1000.00,due_or_unpaid,R,,,JULY 2025,2026-09-10 09:29:19.502884+00
15164,2025-07-01,152,JARDIS SK M,2025-07-13,S/Z,Strength Zone,800.00,,800.00,due_or_unpaid,R,,,JULY 2025,2026-09-10 09:29:19.502884+00
15165,2025-07-01,153,MANOJ M,2025-07-14,S/Z,Strength Zone,800.00,,800.00,due_or_unpaid,R,,,JULY 2025,2026-09-10 09:29:19.502884+00
15166,2025-07-01,154,NANTHA KUMAR A,2025-07-14,S/Z,Strength Zone,800.00,,1000.00,due_or_unpaid,R,,,JULY 2025,2026-09-10 09:29:19.502884+00
15167,2025-07-01,155,MANOJ E,2025-07-14,S/Z,Strength Zone,800.00,,800.00,due_or_unpaid,R,,,JULY 2025,2026-09-10 09:29:19.502884+00
15168,2025-07-01,156,PRAVEEN KUMAR S,2025-07-28,G/F,General Fitness,1000.00,,1000.00,due_or_unpaid,R,,,JULY 2025,2026-09-10 09:29:19.502884+00
15169,2025-07-01,157,SURYA S,2025-07-23,S/Z,Strength Zone,800.00,,800.00,due_or_unpaid,R,,,JULY 2025,2026-09-10 09:29:19.502884+00
15170,2025-07-01,158,MURALI S,2025-07-23,S/Z,Strength Zone,800.00,,800.00,due_or_unpaid,R,,,JULY 2025,2026-09-10 09:29:19.502884+00
15171,2025-07-01,159,RITHISH V,2025-07-18,S/Z,Strength Zone,800.00,,800.00,due_or_unpaid,R,,,JULY 2025,2026-09-10 09:29:19.502884+00
15172,2025-07-01,160,EMIMAL M,2025-07-19,G/F,General Fitness,1000.00,,800.00,due_or_unpaid,R,,,JULY 2025,2026-09-10 09:29:19.502884+00
15173,2025-07-01,161,YUVAN SHANKAR T,2025-07-20,G/F,General Fitness,1000.00,1000.00,0.00,paid,PAID,,,JULY 2025,2026-09-10 09:29:19.502884+00
15174,2025-07-01,162,JENIFER S,2025-07-04,G/F,General Fitness,1000.00,,1000.00,due_or_unpaid,R,,,JULY 2025,2026-09-10 09:29:19.502884+00
15175,2025-07-01,163,SANJEEV D.S,2025-07-04,S/Z,Strength Zone,800.00,,800.00,due_or_unpaid,R,,,JULY 2025,2026-09-10 09:29:19.502884+00
15176,2025-07-01,164,VASANTH KUMAR G,2025-07-05,S/Z,Strength Zone,800.00,,800.00,due_or_unpaid,R,,,JULY 2025,2026-09-10 09:29:19.502884+00
15177,2025-07-01,165,KISHORE KUMAR V,2025-07-07,S/Z,Strength Zone,800.00,,800.00,due_or_unpaid,R,,,JULY 2025,2026-09-10 09:29:19.502884+00
15178,2025-07-01,166,SANTHOSH KUMAR S,2025-07-07,S/Z,Strength Zone,800.00,,800.00,due_or_unpaid,R,,,JULY 2025,2026-09-10 09:29:19.502884+00
15179,2025-07-01,167,SANTHOSH KUMAR A,2025-07-09,S/Z,Strength Zone,800.00,,800.00,due_or_unpaid,R,,,JULY 2025,2026-09-10 09:29:19.502884+00
15180,2025-07-01,168,ETHIRAJ T,2025-07-09,S/Z,Strength Zone,800.00,,800.00,due_or_unpaid,R,,,JULY 2025,2026-09-10 09:29:19.502884+00
15181,2025-07-01,169,PRASANTH M,2025-07-10,G/F,General Fitness,1000.00,,1000.00,due_or_unpaid,R,,,JULY 2025,2026-09-10 09:29:19.502884+00
15182,2025-07-01,170,RAGHUL R,2025-07-12,S/Z,Strength Zone,800.00,,800.00,due_or_unpaid,R,,,JULY 2025,2026-09-10 09:29:19.502884+00
15183,2025-07-01,171,GOWTHAM S,2025-07-16,G/F,General Fitness,1000.00,,1000.00,due_or_unpaid,R,,,JULY 2025,2026-09-10 09:29:19.502884+00
15184,2025-07-01,172,RAJESH S,2025-07-16,G/F,General Fitness,1000.00,,1000.00,due_or_unpaid,R,,,JULY 2025,2026-09-10 09:29:19.502884+00
15185,2025-07-01,173,AATHIYAPPAN S,2025-07-18,S/Z,Strength Zone,800.00,,800.00,due_or_unpaid,R,,,JULY 2025,2026-09-10 09:29:19.502884+00
15186,2025-07-01,174,GODSON PRAVEEN J,2025-07-19,G/F,General Fitness,1000.00,,800.00,due_or_unpaid,R,,,JULY 2025,2026-09-10 09:29:19.502884+00
15187,2025-07-01,175,KABILAN R,2025-07-26,S/Z,Strength Zone,800.00,,800.00,due_or_unpaid,R,,,JULY 2025,2026-09-10 09:29:19.502884+00
15188,2025-07-01,176,KAMAL S,2025-07-28,S/Z,Strength Zone,1000.00,,800.00,due_or_unpaid,R,,,JULY 2025,2026-09-10 09:29:19.502884+00
15189,2025-07-01,177,MOHAMED ASHWAQ S,2025-07-02,S/Z,Strength Zone,800.00,,800.00,due_or_unpaid,R,,,JULY 2025,2026-09-10 09:29:19.502884+00
15190,2025-07-01,178,VICKY,2025-07-03,S/Z,Strength Zone,800.00,,800.00,due_or_unpaid,R,,,JULY 2025,2026-09-10 09:29:19.502884+00
15191,2025-07-01,180,DEEPAK G,2025-07-05,G/F,General Fitness,1000.00,,1000.00,due_or_unpaid,R,,,JULY 2025,2026-09-10 09:29:19.502884+00
15192,2025-07-01,181,AGILESHWARAN M,2025-07-09,S/Z,Strength Zone,800.00,,800.00,due_or_unpaid,R,,,JULY 2025,2026-09-10 09:29:19.502884+00
15193,2025-07-01,182,MUKESH R,2025-07-11,S/Z,Strength Zone,800.00,,800.00,due_or_unpaid,R,,,JULY 2025,2026-09-10 09:29:19.502884+00
15194,2025-07-01,183,SACHIN AARON T,2025-07-17,S/Z,Strength Zone,800.00,,800.00,due_or_unpaid,R,,,JULY 2025,2026-09-10 09:29:19.502884+00
15195,2025-07-01,184,SANTHOSH R,2025-07-21,S/Z,Strength Zone,800.00,,800.00,due_or_unpaid,R,,,JULY 2025,2026-09-10 09:29:19.502884+00
15196,2025-07-01,185,VISHNU VARTHAN S,2025-07-21,S/Z,Strength Zone,800.00,800.00,0.00,paid,PAID,,,JULY 2025,2026-09-10 09:29:19.502884+00
15197,2025-07-01,186,MOGESH V,2025-07-25,S/Z,Strength Zone,800.00,,800.00,due_or_unpaid,R,,,JULY 2025,2026-09-10 09:29:19.502884+00
15198,2025-07-01,187,VISHWA R A,2025-07-27,S/Z,Strength Zone,800.00,,800.00,due_or_unpaid,R,,,JULY 2025,2026-09-10 09:29:19.502884+00
15199,2025-07-01,188,RAMASUBRAMANI K,2025-07-29,S/Z,Strength Zone,800.00,,800.00,due_or_unpaid,R,,,JULY 2025,2026-09-10 09:29:19.502884+00
15200,2025-07-01,189,DHANASINGH P,2025-07-29,S/Z,Strength Zone,800.00,,800.00,due_or_unpaid,R,,,JULY 2025,2026-09-10 09:29:19.502884+00
15201,2025-07-01,190,AMAR NATH R,2025-07-03,G/F,General Fitness,1000.00,,1000.00,due_or_unpaid,R,,,JULY 2025,2026-09-10 09:29:19.502884+00
15202,2025-07-01,191,PUVIYARASAN G,2025-07-04,S/Z,Strength Zone,800.00,,800.00,due_or_unpaid,R,,,JULY 2025,2026-09-10 09:29:19.502884+00
15203,2025-07-01,192,DINESH KUMAR R,2025-07-04,S/Z,Strength Zone,800.00,,800.00,due_or_unpaid,R,,,JULY 2025,2026-09-10 09:29:19.502884+00
15204,2025-07-01,193,ARUN KUMAR R,2025-07-04,G/F,General Fitness,1000.00,,1000.00,due_or_unpaid,R,,,JULY 2025,2026-09-10 09:29:19.502884+00
15205,2025-07-01,194,ASWIN P BENNY,2025-07-04,G/F,General Fitness,1000.00,,1000.00,due_or_unpaid,R,,,JULY 2025,2026-09-10 09:29:19.502884+00
15206,2025-07-01,195,ROCK R,2025-07-04,S/Z,Strength Zone,800.00,,800.00,due_or_unpaid,R,,,JULY 2025,2026-09-10 09:29:19.502884+00
15207,2025-07-01,196,SURIYA PRAKASH M,2025-07-12,S/Z,Strength Zone,800.00,,800.00,due_or_unpaid,R,,,JULY 2025,2026-09-10 09:29:19.502884+00
15208,2025-07-01,197,BHARATHI RAJA M,2025-07-12,G/F,General Fitness,1000.00,,1000.00,due_or_unpaid,R,,,JULY 2025,2026-09-10 09:29:19.502884+00
15209,2025-07-01,198,SURYA R,2025-07-12,S/Z,Strength Zone,800.00,,800.00,due_or_unpaid,R,,,JULY 2025,2026-09-10 09:29:19.502884+00
15210,2025-07-01,199,MADHUWANTH K,2025-07-13,S/Z,Strength Zone,800.00,,800.00,due_or_unpaid,R,,,JULY 2025,2026-09-10 09:29:19.502884+00
15211,2025-07-01,200,DHAYALAN R,2025-07-21,G/F,General Fitness,1000.00,1000.00,0.00,paid,PAID,,,JULY 2025,2026-09-10 09:29:19.502884+00
15212,2025-07-01,201,KARTHI BALAJI R,2025-07-13,S/Z,Strength Zone,800.00,,800.00,due_or_unpaid,R,,,JULY 2025,2026-09-10 09:29:19.502884+00
15213,2025-07-01,202,HARI KRISHNAN G,2025-07-18,G/F,General Fitness,1000.00,1000.00,0.00,paid,PAID,,,JULY 2025,2026-09-10 09:29:19.502884+00
15214,2025-07-01,203,VIGNESH K,2025-07-18,G/F,General Fitness,1000.00,1000.00,0.00,paid,PAID,,,JULY 2025,2026-09-10 09:29:19.502884+00
15215,2025-07-01,204,AKASH C,2025-07-20,S/Z,Strength Zone,800.00,,800.00,due_or_unpaid,R,,,JULY 2025,2026-09-10 09:29:19.502884+00
15216,2025-07-01,205,MANI MARAN M,2025-07-20,S/Z,Strength Zone,800.00,,800.00,due_or_unpaid,R,,,JULY 2025,2026-09-10 09:29:19.502884+00
15217,2025-07-01,206,SANTHA KUMAR S,2025-07-24,G/F,General Fitness,1000.00,,1000.00,due_or_unpaid,R,,,JULY 2025,2026-09-10 09:29:19.502884+00
15218,2025-07-01,207,SANJAY S,2025-07-24,S/Z,Strength Zone,800.00,,800.00,due_or_unpaid,R,,,JULY 2025,2026-09-10 09:29:19.502884+00
15219,2025-07-01,208,SEEN N,2025-07-24,S/Z,Strength Zone,800.00,,800.00,due_or_unpaid,R,,,JULY 2025,2026-09-10 09:29:19.502884+00
15220,2025-07-01,209,PASUPATHI M,2025-07-25,G/F,General Fitness,1000.00,,1000.00,due_or_unpaid,R,,,JULY 2025,2026-09-10 09:29:19.502884+00
15221,2025-07-01,210,NAVEEN K.M,2025-07-03,G/F,General Fitness,1000.00,1000.00,0.00,paid,PAID,,,JULY 2025,2026-09-10 09:29:19.502884+00
15222,2025-07-01,211,SUNIL KUMAR H,2025-07-03,S/Z,Strength Zone,800.00,800.00,0.00,paid,PAID,,,JULY 2025,2026-09-10 09:29:19.502884+00
15223,2025-07-01,212,ALI,2025-07-03,S/Z,Strength Zone,800.00,,800.00,due_or_unpaid,R,,,JULY 2025,2026-09-10 09:29:19.502884+00
15224,2025-07-01,213,SADDAM,2025-07-03,S/Z,Strength Zone,800.00,,800.00,due_or_unpaid,R,,,JULY 2025,2026-09-10 09:29:19.502884+00
15225,2025-07-01,214,SUMAN RAJ P,2025-07-10,G/F,General Fitness,1000.00,,1000.00,due_or_unpaid,R,,,JULY 2025,2026-09-10 09:29:19.502884+00
15226,2025-07-01,215,MICHEAL PRAKASH P,2025-07-11,G/F,General Fitness,1000.00,,1000.00,due_or_unpaid,R,,,JULY 2025,2026-09-10 09:29:19.502884+00
15227,2025-07-01,216,RAJA K,2025-07-11,G/F,General Fitness,1000.00,,1000.00,due_or_unpaid,R,,,JULY 2025,2026-09-10 09:29:19.502884+00
15228,2025-07-01,217,SANJAY P R,2025-07-11,S/Z,Strength Zone,800.00,,800.00,due_or_unpaid,R,,,JULY 2025,2026-09-10 09:29:19.502884+00
15229,2025-07-01,218,NARENDRAN,2025-07-14,S/Z,Strength Zone,800.00,,800.00,due_or_unpaid,R,,,JULY 2025,2026-09-10 09:29:19.502884+00
15230,2025-07-01,219,SUNIL P,2025-07-13,S/Z,Strength Zone,800.00,,800.00,due_or_unpaid,R,,,JULY 2025,2026-09-10 09:29:19.502884+00
15231,2025-07-01,220,VENKAT,2025-07-13,G/F,General Fitness,1000.00,,1000.00,due_or_unpaid,R,,,JULY 2025,2026-09-10 09:29:19.502884+00
15232,2025-07-01,221,KARTHICK R,2025-07-15,S/Z,Strength Zone,800.00,,800.00,due_or_unpaid,R,,,JULY 2025,2026-09-10 09:29:19.502884+00
15233,2025-07-01,222,MUNISH KUMAR B,2025-07-17,G/F,General Fitness,800.00,800.00,0.00,paid,PAID,,,JULY 2025,2026-09-10 09:29:19.502884+00
15234,2025-07-01,223,RAJIBUL ALI T,2025-07-22,S/Z,Strength Zone,800.00,,800.00,due_or_unpaid,R,,,JULY 2025,2026-09-10 09:29:19.502884+00
15235,2025-07-01,224,MOHANRAJ P,2025-07-24,G/F,General Fitness,1000.00,1000.00,0.00,paid,PAID,,,JULY 2025,2026-09-10 09:29:19.502884+00
15236,2025-07-01,225,RAVINDHAREN,2025-07-25,S/Z,Strength Zone,800.00,,800.00,due_or_unpaid,R,,,JULY 2025,2026-09-10 09:29:19.502884+00
15237,2025-07-01,226,SURESH M,2025-07-01,S/Z,Strength Zone,800.00,800.00,0.00,paid,PAID,,,JULY 2025,2026-09-10 09:29:19.502884+00
15238,2025-07-01,227,KARTHIK DHANASEKAR,2025-07-01,S/Z,Strength Zone,800.00,800.00,0.00,paid,PAID,,,JULY 2025,2026-09-10 09:29:19.502884+00
15239,2025-07-01,228,MANIKANDAN D,2025-07-01,S/Z,Strength Zone,800.00,800.00,0.00,paid,PAID,,,JULY 2025,2026-09-10 09:29:19.502884+00
15240,2025-07-01,229,VISHVA,2025-07-01,S/Z,Strength Zone,800.00,,800.00,due_or_unpaid,R,,,JULY 2025,2026-09-10 09:29:19.502884+00
15241,2025-07-01,230,SHYAM K,2025-07-04,S/Z,Strength Zone,800.00,,800.00,due_or_unpaid,R,,,JULY 2025,2026-09-10 09:29:19.502884+00
15242,2025-07-01,231,SHASHANTH S,2025-07-05,S/Z,Strength Zone,800.00,800.00,0.00,paid,PAID,,,JULY 2025,2026-09-10 09:29:19.502884+00
15243,2025-07-01,232,ANIL KUMAR,2025-07-05,S/Z,Strength Zone,800.00,,800.00,due_or_unpaid,R,,,JULY 2025,2026-09-10 09:29:19.502884+00
15244,2025-07-01,233,NIKHIL NAYAK L,2025-07-07,S/Z,Strength Zone,800.00,,800.00,due_or_unpaid,R,,,JULY 2025,2026-09-10 09:29:19.502884+00
15245,2025-07-01,234,PINKU NAYAK C,2025-07-07,S/Z,Strength Zone,800.00,,800.00,due_or_unpaid,R,,,JULY 2025,2026-09-10 09:29:19.502884+00
15246,2025-07-01,235,AKASH S,2025-07-01,G/F,General Fitness,1000.00,,1000.00,due_or_unpaid,R,,,JULY 2025,2026-09-10 09:29:19.502884+00
15247,2025-07-01,236,ANAND,2025-07-08,G/F,General Fitness,1000.00,,1000.00,due_or_unpaid,R,,,JULY 2025,2026-09-10 09:29:19.502884+00
15248,2025-07-01,237,LOHIT NAYAK,2025-07-12,S/Z,Strength Zone,800.00,,800.00,due_or_unpaid,R,,,JULY 2025,2026-09-10 09:29:19.502884+00
15249,2025-07-01,238,RIMPLE KUMAR,2025-07-15,S/Z,Strength Zone,800.00,800.00,0.00,paid,PAID,,,JULY 2025,2026-09-10 09:29:19.502884+00
15250,2025-07-01,239,GOPINATH M,2025-07-17,G/F,General Fitness,1000.00,,1000.00,due_or_unpaid,R,,,JULY 2025,2026-09-10 09:29:19.502884+00
15251,2025-07-01,239,GOPINATH M,2025-07-19,S/Z,Strength Zone,800.00,,800.00,due_or_unpaid,R,,,JULY 2025,2026-09-10 09:29:19.502884+00
15252,2025-07-01,240,YOGESH G,2025-07-21,S/Z,Strength Zone,800.00,,800.00,due_or_unpaid,R,,,JULY 2025,2026-09-10 09:29:19.502884+00
15253,2025-07-01,240,YOGESH G,2025-07-24,S/Z,Strength Zone,800.00,,800.00,due_or_unpaid,R,,,JULY 2025,2026-09-10 09:29:19.502884+00
15254,2025-07-01,241,PRADHAP V,2025-07-21,S/Z,Strength Zone,800.00,,800.00,due_or_unpaid,R,,,JULY 2025,2026-09-10 09:29:19.502884+00
15255,2025-07-01,241,PRADHAP V,2025-07-24,S/Z,Strength Zone,800.00,,800.00,due_or_unpaid,R,,,JULY 2025,2026-09-10 09:29:19.502884+00
15256,2025-07-01,242,AJAY A,2025-07-26,S/Z,Strength Zone,800.00,,800.00,due_or_unpaid,R,,,JULY 2025,2026-09-10 09:29:19.502884+00
15257,2025-07-01,243,SANTHOSH,2025-07-29,G/F,General Fitness,1000.00,,1000.00,due_or_unpaid,R,,,JULY 2025,2026-09-10 09:29:19.502884+00
15258,2025-07-01,244,BABU K,2025-07-26,G/F,General Fitness,1000.00,,1000.00,due_or_unpaid,R,,,JULY 2025,2026-09-10 09:29:19.502884+00
15259,2025-07-01,245,KISHORE S,2025-07-03,G/F,General Fitness,1000.00,1000.00,0.00,paid,PAID,,,JULY 2025,2026-09-10 09:29:19.502884+00
15260,2025-07-01,246,SURESH,2025-07-05,S/Z,Strength Zone,800.00,,800.00,due_or_unpaid,R,,,JULY 2025,2026-09-10 09:29:19.502884+00
15261,2025-07-01,247,VIVEK,2025-08-05,S/Z,Strength Zone,800.00,,3700.00,due_or_unpaid,R,,,JULY 2025,2026-09-10 09:29:19.502884+00
15262,2025-07-01,248,ELAKKIAN,2025-07-05,G/F,General Fitness,1000.00,,1000.00,due_or_unpaid,R,,,JULY 2025,2026-09-10 09:29:19.502884+00
15263,2025-07-01,249,DEEPAK,2025-07-05,G/F,General Fitness,1000.00,1000.00,0.00,paid,PAID,,,JULY 2025,2026-09-10 09:29:19.502884+00
15264,2025-07-01,250,RESHATH S,2025-07-06,S/Z,Strength Zone,800.00,,800.00,due_or_unpaid,R,,,JULY 2025,2026-09-10 09:29:19.502884+00
15265,2025-07-01,251,ARAVINTHAN S,2025-07-12,S/Z,Strength Zone,800.00,800.00,0.00,paid,PAID,,,JULY 2025,2026-09-10 09:29:19.502884+00
15266,2025-07-01,252,MAULIRAJ V,2025-07-13,S/Z,Strength Zone,800.00,800.00,0.00,paid,PAID,,,JULY 2025,2026-09-10 09:29:19.502884+00
15267,2025-07-01,253,DHAYANATHAN,2025-07-25,G/F,General Fitness,1000.00,800.00,800.00,paid,PAID,,,JULY 2025,2026-09-10 09:29:19.502884+00
15268,2025-07-01,254,SELVAM K,2025-07-14,S/Z,Strength Zone,800.00,,800.00,due_or_unpaid,R,,,JULY 2025,2026-09-10 09:29:19.502884+00
15269,2025-07-01,255,VIJAYAN .S,2025-07-17,G/F,General Fitness,1000.00,800.00,800.00,paid,PAID,,,JULY 2025,2026-09-10 09:29:19.502884+00
15270,2025-07-01,256,KARTHICK M,2025-07-19,S/Z,Strength Zone,800.00,,800.00,due_or_unpaid,R,,,JULY 2025,2026-09-10 09:29:19.502884+00
15271,2025-07-01,257,PAWN KUMAR,2025-07-26,S/Z,Strength Zone,800.00,,800.00,due_or_unpaid,R,,,JULY 2025,2026-09-10 09:29:19.502884+00
15272,2025-07-01,258,BEENAUVV V,2025-07-05,G/F,General Fitness,1000.00,,1000.00,due_or_unpaid,R,,,JULY 2025,2026-09-10 09:29:19.502884+00
15273,2025-07-01,259,PRADEEP KUMAR G,2025-07-04,G/F,General Fitness,1000.00,,1000.00,due_or_unpaid,R,,,JULY 2025,2026-09-10 09:29:19.502884+00
15274,2025-07-01,260,BARATH R,2025-07-10,S/Z,Strength Zone,800.00,800.00,0.00,paid,PAID,,,JULY 2025,2026-09-10 09:29:19.502884+00
15275,2025-07-01,261,MANIKANDAN L,2025-07-12,G/F,General Fitness,1000.00,,1000.00,due_or_unpaid,R,,,JULY 2025,2026-09-10 09:29:19.502884+00
15276,2025-07-01,262,RANJITH A,2025-07-13,G/F,General Fitness,1000.00,,1000.00,due_or_unpaid,R,,,JULY 2025,2026-09-10 09:29:19.502884+00
15277,2025-07-01,263,SHANMATHI E,2025-07-16,G/F,General Fitness,1000.00,,1000.00,due_or_unpaid,R,,,JULY 2025,2026-09-10 09:29:19.502884+00
15278,2025-07-01,264,VENKATESH K,2025-07-19,S/Z,Strength Zone,800.00,,800.00,due_or_unpaid,R,,,JULY 2025,2026-09-10 09:29:19.502884+00
15279,2025-07-01,265,ANKUR GUWALA J,2025-07-19,S/Z,Strength Zone,800.00,,800.00,due_or_unpaid,R,,,JULY 2025,2026-09-10 09:29:19.502884+00
15280,2025-07-01,266,PRANESH M,2025-07-20,S/Z,Strength Zone,800.00,800.00,0.00,paid,PAID,,,JULY 2025,2026-09-10 09:29:19.502884+00
15281,2025-07-01,267,HANY PRINCY V,2025-07-23,G/F,General Fitness,1000.00,800.00,1000.00,paid,PAID,,,JULY 2025,2026-09-10 09:29:19.502884+00
15282,2025-07-01,268,GUGAN S,2025-07-25,S/Z,Strength Zone,800.00,,800.00,due_or_unpaid,R,,,JULY 2025,2026-09-10 09:29:19.502884+00
15283,2025-08-01,1,SUNDHAR M,2025-08-09,S/Z,Strength Zone,800.00,,800.00,due_or_unpaid,R,,,AUGUST 2025,2026-09-10 09:29:19.502884+00
15284,2025-08-01,2,NITHYASEELAN P,2025-08-09,S/Z,Strength Zone,800.00,,800.00,due_or_unpaid,R,,,AUGUST 2025,2026-09-10 09:29:19.502884+00
15285,2025-08-01,3,SANJEEVA REDDY C,2026-01-09,S/Z,Strength Zone,800.00,,6000.00,paid,PAID,,E,AUGUST 2025,2026-09-10 09:29:19.502884+00
15286,2025-08-01,4,ABDUL RAHMAN A,2025-08-09,S/Z,Strength Zone,800.00,,1000.00,due_or_unpaid,R,,,AUGUST 2025,2026-09-10 09:29:19.502884+00
15287,2025-08-01,5,SANTHOSH KUMAR G,2025-08-09,G/F,General Fitness,1000.00,,1000.00,due_or_unpaid,R,,,AUGUST 2025,2026-09-10 09:29:19.502884+00
15288,2025-08-01,6,SATHISH KUMAR J,2025-08-09,G/F,General Fitness,1000.00,,1000.00,due_or_unpaid,R,,,AUGUST 2025,2026-09-10 09:29:19.502884+00
15289,2025-08-01,7,VIJAYABABU C,2026-01-09,G/F,General Fitness,1000.00,,6000.00,due_or_unpaid,R,,M,AUGUST 2025,2026-09-10 09:29:19.502884+00
15290,2025-08-01,8,ISTJHAR AHAMAD,2025-08-09,G/F,General Fitness,1000.00,,1000.00,due_or_unpaid,R,,,AUGUST 2025,2026-09-10 09:29:19.502884+00
15291,2025-08-01,9,MUBARAK ALI,2025-08-09,S/Z,Strength Zone,800.00,,800.00,due_or_unpaid,R,,,AUGUST 2025,2026-09-10 09:29:19.502884+00
15292,2025-08-01,10,GULJOR HUSSAIN,2025-08-09,S/Z,Strength Zone,800.00,,800.00,due_or_unpaid,R,,,AUGUST 2025,2026-09-10 09:29:19.502884+00
15293,2025-08-01,11,SURHAB ALI,2025-08-09,S/Z,Strength Zone,800.00,,800.00,due_or_unpaid,R,,,AUGUST 2025,2026-09-10 09:29:19.502884+00
15294,2025-08-01,12,SATHYA M,2025-08-09,G/F,General Fitness,800.00,,800.00,due_or_unpaid,R,,,AUGUST 2025,2026-09-10 09:29:19.502884+00
15295,2025-08-01,13,PORTAP CHETRY,2025-08-09,S/Z,Strength Zone,800.00,,800.00,due_or_unpaid,R,,,AUGUST 2025,2026-09-10 09:29:19.502884+00
15296,2025-08-01,14,TAMIL,2025-08-09,G/F,General Fitness,1000.00,,1000.00,due_or_unpaid,R,,,AUGUST 2025,2026-09-10 09:29:19.502884+00
15297,2025-08-01,15,DEEPAK M,2025-08-09,S/Z,Strength Zone,800.00,,800.00,due_or_unpaid,R,,E,AUGUST 2025,2026-09-10 09:29:19.502884+00
15298,2025-08-01,16,SARATH KUMAR A,2025-08-10,S/Z,Strength Zone,800.00,,800.00,due_or_unpaid,R,,,AUGUST 2025,2026-09-10 09:29:19.502884+00
15299,2025-08-01,17,UDHAYA PANDIAN,2025-08-10,G/F,General Fitness,1000.00,,1000.00,due_or_unpaid,R,,M,AUGUST 2025,2026-09-10 09:29:19.502884+00
15300,2025-08-01,18,MANJIT KUMAR,2025-08-09,S/Z,Strength Zone,800.00,,800.00,due_or_unpaid,R,,,AUGUST 2025,2026-09-10 09:29:19.502884+00
15301,2025-08-01,19,YUVARAJ C,2025-11-10,G/F,General Fitness,1000.00,,7000.00,due_or_unpaid,R,,E,AUGUST 2025,2026-09-10 09:29:19.502884+00
15302,2025-08-01,20,CHARLES,2025-08-09,S/Z,Strength Zone,800.00,,1000.00,due_or_unpaid,R,,,AUGUST 2025,2026-09-10 09:29:19.502884+00
15303,2025-08-01,21,DHANUSH V,2025-08-10,S/Z,Strength Zone,800.00,,800.00,due_or_unpaid,R,,,AUGUST 2025,2026-09-10 09:29:19.502884+00
15304,2025-08-01,22,BOLORAM PONIKA A.J,2025-08-10,S/Z,Strength Zone,800.00,,800.00,due_or_unpaid,R,,,AUGUST 2025,2026-09-10 09:29:19.502884+00
15305,2025-08-01,23,PRASANTH M,2025-08-10,S/Z,Strength Zone,800.00,,800.00,due_or_unpaid,R,,,AUGUST 2025,2026-09-10 09:29:19.502884+00
15306,2025-08-01,24,RAGUL R,2025-08-11,S/Z,Strength Zone,800.00,800.00,0.00,paid,PAID,,E,AUGUST 2025,2026-09-10 09:29:19.502884+00
15307,2025-08-01,25,SANTHOSH M,2025-08-11,S/Z,Strength Zone,800.00,,800.00,due_or_unpaid,R,,,AUGUST 2025,2026-09-10 09:29:19.502884+00
15308,2025-08-01,26,MAZID ALI,2025-08-11,S/Z,Strength Zone,800.00,,800.00,due_or_unpaid,R,,,AUGUST 2025,2026-09-10 09:29:19.502884+00
15309,2025-08-01,27,SADIKUL ISLAM,2025-08-11,S/Z,Strength Zone,800.00,,800.00,due_or_unpaid,R,,,AUGUST 2025,2026-09-10 09:29:19.502884+00
15310,2025-08-01,28,LAKSHWANTH,2026-02-11,G/F,General Fitness,1000.00,,7499.00,due_or_unpaid,R,,E,AUGUST 2025,2026-09-10 09:29:19.502884+00
15311,2025-08-01,29,GOWTHAM A,2025-06-01,S/Z,Strength Zone,800.00,,800.00,due_or_unpaid,R,,,AUGUST 2025,2026-09-10 09:29:19.502884+00
15312,2025-08-01,30,PRADEEP Y,2025-08-20,S/Z,Strength Zone,800.00,800.00,0.00,paid,PAID,,E,AUGUST 2025,2026-09-10 09:29:19.502884+00
15313,2025-08-01,31,ROHIT R,2025-08-12,S/Z,Strength Zone,800.00,,800.00,due_or_unpaid,R,,E,AUGUST 2025,2026-09-10 09:29:19.502884+00
15314,2025-08-01,32,RISHI M,2025-08-12,S/Z,Strength Zone,800.00,,800.00,due_or_unpaid,R,,E,AUGUST 2025,2026-09-10 09:29:19.502884+00
15315,2025-08-01,33,GOPAL B,2025-08-12,S/Z,Strength Zone,800.00,800.00,0.00,paid,PAID,,E,AUGUST 2025,2026-09-10 09:29:19.502884+00
15316,2025-08-01,34,KODOM ALI D,2025-08-13,S/Z,Strength Zone,800.00,,800.00,due_or_unpaid,R,,,AUGUST 2025,2026-09-10 09:29:19.502884+00
15317,2025-08-01,35,SUJAB ALI A,2025-08-13,S/Z,Strength Zone,800.00,,800.00,due_or_unpaid,R,,,AUGUST 2025,2026-09-10 09:29:19.502884+00
15318,2025-08-01,36,ASHABUL HOQUE S,2025-08-13,S/Z,Strength Zone,800.00,,800.00,due_or_unpaid,R,,,AUGUST 2025,2026-09-10 09:29:19.502884+00
15319,2025-08-01,37,SURESH K,2025-08-13,G/F,General Fitness,1000.00,,1000.00,due_or_unpaid,R,,,AUGUST 2025,2026-09-10 09:29:19.502884+00
15320,2025-08-01,38,YUVARAJ B,2025-08-13,S/F,,800.00,,800.00,due_or_unpaid,R,,M/E,AUGUST 2025,2026-09-10 09:29:19.502884+00
15321,2025-08-01,39,BALAKUMAR M,2025-08-13,G/F,General Fitness,1000.00,1000.00,0.00,paid,PAID,,E,AUGUST 2025,2026-09-10 09:29:19.502884+00
15322,2025-08-01,40,SIDDHARTH V,2025-08-13,S/Z,Strength Zone,800.00,,800.00,due_or_unpaid,R,,,AUGUST 2025,2026-09-10 09:29:19.502884+00
15323,2025-08-01,41,VAJARAVEL BALA A,2025-08-13,G/F,General Fitness,1000.00,1000.00,0.00,paid,PAID,,M,AUGUST 2025,2026-09-10 09:29:19.502884+00
15324,2025-08-01,42,SARAVANAN K,2025-08-13,S/Z,Strength Zone,800.00,800.00,0.00,paid,PAID,,E,AUGUST 2025,2026-09-10 09:29:19.502884+00
15325,2025-08-01,43,ARJUN S,2025-08-13,S/Z,Strength Zone,800.00,,800.00,due_or_unpaid,R,,,AUGUST 2025,2026-09-10 09:29:19.502884+00
15326,2025-08-01,44,RAM PRASAD,2025-08-14,G/F,General Fitness,1000.00,,1000.00,due_or_unpaid,R,,,AUGUST 2025,2026-09-10 09:29:19.502884+00
15327,2025-08-01,45,SANTHOSH,2025-08-01,S/Z,Strength Zone,800.00,,800.00,due_or_unpaid,R,,,AUGUST 2025,2026-09-10 09:29:19.502884+00
15328,2025-08-01,46,SRI RAM R,2025-08-14,S/Z,Strength Zone,1000.00,,1900.00,due_or_unpaid,R,,E,AUGUST 2025,2026-09-10 09:29:19.502884+00
15329,2025-08-01,47,ANBU N,2025-08-14,G/F,General Fitness,1000.00,,1000.00,due_or_unpaid,R,,,AUGUST 2025,2026-09-10 09:29:19.502884+00
15330,2025-08-01,48,ARAVIND KUMAR P,2025-08-14,S/Z,Strength Zone,800.00,,800.00,due_or_unpaid,R,,,AUGUST 2025,2026-09-10 09:29:19.502884+00
15331,2025-08-01,49,ARUN S,2025-08-16,G/F,General Fitness,1000.00,,1000.00,due_or_unpaid,R,,,AUGUST 2025,2026-09-10 09:29:19.502884+00
15332,2025-08-01,50,AATHI,2025-08-16,S/Z,Strength Zone,800.00,,800.00,due_or_unpaid,R,,,AUGUST 2025,2026-09-10 09:29:19.502884+00
15333,2025-08-01,51,JOTHILINGAM R,2025-08-15,G/F,General Fitness,1000.00,,1000.00,due_or_unpaid,R,,,AUGUST 2025,2026-09-10 09:29:19.502884+00
15334,2025-08-01,52,VASANTH J,2026-01-15,S/Z,Strength Zone,1000.00,,6000.00,due_or_unpaid,R,,M,AUGUST 2025,2026-09-10 09:29:19.502884+00
15335,2025-08-01,53,BETSY PAULINE V,2025-08-16,G/F,General Fitness,1000.00,1000.00,0.00,paid,PAID,,M,AUGUST 2025,2026-09-10 09:29:19.502884+00
15336,2025-08-01,54,PREM KUMAR Y,2025-08-16,S/Z,Strength Zone,800.00,,800.00,due_or_unpaid,R,,,AUGUST 2025,2026-09-10 09:29:19.502884+00
15337,2025-08-01,55,JAWAID F,2025-08-16,S/Z,Strength Zone,800.00,,800.00,due_or_unpaid,R,,,AUGUST 2025,2026-09-10 09:29:19.502884+00
15338,2025-08-01,56,BOBIDUL ISLAM A,2025-08-16,G/F,General Fitness,1000.00,,1000.00,due_or_unpaid,R,,,AUGUST 2025,2026-09-10 09:29:19.502884+00
15339,2025-08-01,57,ABDUL KHALAK J,2025-08-16,G/F,General Fitness,1000.00,,1000.00,due_or_unpaid,R,,,AUGUST 2025,2026-09-10 09:29:19.502884+00
15340,2025-08-01,58,MEHERUL HAQUE.S,2025-08-16,G/F,General Fitness,1000.00,,1000.00,due_or_unpaid,R,,,AUGUST 2025,2026-09-10 09:29:19.502884+00
15341,2025-08-01,59,JAGADEESH M,2025-08-16,G/F,General Fitness,1000.00,,1000.00,due_or_unpaid,R,,,AUGUST 2025,2026-09-10 09:29:19.502884+00
15342,2025-08-01,60,FAYAZ AHMED A,2025-08-16,S/Z,Strength Zone,800.00,,800.00,due_or_unpaid,R,,,AUGUST 2025,2026-09-10 09:29:19.502884+00
15343,2025-08-01,61,MAMIDUL ALI,2025-08-17,S/Z,Strength Zone,800.00,,800.00,due_or_unpaid,R,,,AUGUST 2025,2026-09-10 09:29:19.502884+00
15344,2025-08-01,62,VINOTH KUMAR C,2025-08-17,G/F,General Fitness,800.00,,800.00,due_or_unpaid,R,,,AUGUST 2025,2026-09-10 09:29:19.502884+00
15345,2025-08-01,63,ABDUL BATIN U,2025-08-17,S/Z,Strength Zone,800.00,,800.00,due_or_unpaid,R,,,AUGUST 2025,2026-09-10 09:29:19.502884+00
15346,2025-08-01,64,NILCHAN ALI,2025-08-17,S/Z,Strength Zone,800.00,,800.00,due_or_unpaid,R,,,AUGUST 2025,2026-09-10 09:29:19.502884+00
15347,2025-08-01,65,MOMIRUL HOQUE,2025-08-17,S/Z,Strength Zone,800.00,,800.00,due_or_unpaid,R,,,AUGUST 2025,2026-09-10 09:29:19.502884+00
15348,2025-08-01,66,AMIR HAMJA,2025-08-17,S/Z,Strength Zone,800.00,,800.00,due_or_unpaid,R,,,AUGUST 2025,2026-09-10 09:29:19.502884+00
15349,2025-08-01,67,SUNIL R,2025-08-17,G/F,General Fitness,1000.00,,1000.00,due_or_unpaid,R,,,AUGUST 2025,2026-09-10 09:29:19.502884+00
15350,2025-08-01,68,SUDHAKAR S,2025-08-17,S/Z,Strength Zone,800.00,,800.00,due_or_unpaid,R,,,AUGUST 2025,2026-09-10 09:29:19.502884+00
15351,2025-08-01,69,AMINUL ISLAM MD,2025-08-18,S/Z,Strength Zone,800.00,,800.00,due_or_unpaid,R,,,AUGUST 2025,2026-09-10 09:29:19.502884+00
15352,2025-08-01,70,TAFIKUL ISLAM,2025-08-18,G/F,General Fitness,1000.00,,800.00,due_or_unpaid,R,,,AUGUST 2025,2026-09-10 09:29:19.502884+00
15353,2025-08-01,72,HAFIZUR RAHMAM,2025-08-19,S/Z,Strength Zone,800.00,,800.00,due_or_unpaid,R,,,AUGUST 2025,2026-09-10 09:29:19.502884+00
15354,2025-08-01,73,MOJNUR,2025-08-19,S/Z,Strength Zone,800.00,,800.00,due_or_unpaid,R,,,AUGUST 2025,2026-09-10 09:29:19.502884+00
15355,2025-08-01,74,YOGESH R,2025-08-19,S/Z,Strength Zone,800.00,,800.00,due_or_unpaid,R,,,AUGUST 2025,2026-09-10 09:29:19.502884+00
15356,2025-08-01,75,NAVAS,2025-08-19,G/F,General Fitness,1000.00,,800.00,due_or_unpaid,R,,,AUGUST 2025,2026-09-10 09:29:19.502884+00
15357,2025-08-01,76,TAYABUR RAHMAN A,2025-08-20,S/Z,Strength Zone,800.00,,800.00,due_or_unpaid,R,,M,AUGUST 2025,2026-09-10 09:29:19.502884+00
15358,2025-08-01,78,RATHISH KUMAR,2025-08-23,G/F,General Fitness,1000.00,,1000.00,due_or_unpaid,R,,,AUGUST 2025,2026-09-10 09:29:19.502884+00
15359,2025-08-01,79,DARVIN RAJ J,2025-06-10,G/F,General Fitness,1000.00,,1000.00,due_or_unpaid,R,,,AUGUST 2025,2026-09-10 09:29:19.502884+00
15360,2025-08-01,80,PRASANTH S,2025-08-23,S/Z,Strength Zone,800.00,,800.00,due_or_unpaid,R,,,AUGUST 2025,2026-09-10 09:29:19.502884+00
15361,2025-08-01,81,GURU SHANKAR,2025-08-23,S/Z,Strength Zone,800.00,,800.00,due_or_unpaid,R,,,AUGUST 2025,2026-09-10 09:29:19.502884+00
15362,2025-08-01,82,NARJUL ISLAM A,2025-08-23,S/Z,Strength Zone,800.00,,800.00,due_or_unpaid,R,,,AUGUST 2025,2026-09-10 09:29:19.502884+00
15363,2025-08-01,83,SANGIT KUMAR SAMANTHA,2025-08-23,G/F,General Fitness,1000.00,,800.00,due_or_unpaid,R,,,AUGUST 2025,2026-09-10 09:29:19.502884+00
15364,2025-08-01,84,RAGUL A,2025-08-23,S/Z,Strength Zone,800.00,800.00,0.00,paid,PAID,,E,AUGUST 2025,2026-09-10 09:29:19.502884+00
15365,2025-08-01,85,ASWINI SAGAR SWAIN,2025-08-24,S/Z,Strength Zone,800.00,,800.00,due_or_unpaid,R,,,AUGUST 2025,2026-09-10 09:29:19.502884+00
15366,2025-08-01,86,DEEPAK M,2025-08-24,S/Z,Strength Zone,800.00,,800.00,due_or_unpaid,R,,,AUGUST 2025,2026-09-10 09:29:19.502884+00
15367,2025-08-01,88,NATHAN K,2025-08-25,S/Z,Strength Zone,800.00,,800.00,due_or_unpaid,R,,,AUGUST 2025,2026-09-10 09:29:19.502884+00
15368,2025-08-01,89,MOIN UDDIN A,2025-08-25,S/Z,Strength Zone,800.00,,800.00,due_or_unpaid,R,,,AUGUST 2025,2026-09-10 09:29:19.502884+00
15369,2025-08-01,90,ALI AHMED R,2025-08-25,S/Z,Strength Zone,800.00,,800.00,due_or_unpaid,R,,,AUGUST 2025,2026-09-10 09:29:19.502884+00
15370,2025-08-01,91,ABINASH S,2025-08-27,S/Z,Strength Zone,800.00,,800.00,paid,PAID,,E,AUGUST 2025,2026-09-10 09:29:19.502884+00
15371,2025-08-01,92,ARAVIND S,2025-08-28,S/Z,Strength Zone,800.00,,800.00,due_or_unpaid,R,,,AUGUST 2025,2026-09-10 09:29:19.502884+00
15372,2025-08-01,93,ASHADUL,2025-08-30,G/F,General Fitness,1000.00,,800.00,due_or_unpaid,R,,,AUGUST 2025,2026-09-10 09:29:19.502884+00
15373,2025-08-01,94,GUHAN A,2025-08-30,S/Z,Strength Zone,800.00,,800.00,due_or_unpaid,R,,,AUGUST 2025,2026-09-10 09:29:19.502884+00
15374,2025-08-01,95,ROKIBUL HUSSAIN A,2025-08-30,S/Z,Strength Zone,800.00,,800.00,due_or_unpaid,R,,,AUGUST 2025,2026-09-10 09:29:19.502884+00
15375,2025-08-01,96,MERVYN,2025-10-01,G/F,General Fitness,7000.00,,7000.00,paid,PAID,,,AUGUST 2025,2026-09-10 09:29:19.502884+00
15376,2025-08-01,97,MICHAEL A,2025-08-01,S/Z,Strength Zone,800.00,,800.00,due_or_unpaid,R,,,AUGUST 2025,2026-09-10 09:29:19.502884+00
15377,2025-08-01,98,SUGAN RAJ M,2025-08-01,S/Z,Strength Zone,800.00,,800.00,due_or_unpaid,R,,,AUGUST 2025,2026-09-10 09:29:19.502884+00
15378,2025-08-01,99,SHUTRUGHAN KUMAR R,2025-08-01,G/F,General Fitness,800.00,,800.00,due_or_unpaid,R,,,AUGUST 2025,2026-09-10 09:29:19.502884+00
15379,2025-08-01,100,DAVID A,2025-08-02,G/F,General Fitness,1000.00,,1000.00,due_or_unpaid,R,,,AUGUST 2025,2026-09-10 09:29:19.502884+00
15380,2025-08-01,101,PETER A,2025-08-02,G/F,General Fitness,1000.00,,1000.00,due_or_unpaid,R,,,AUGUST 2025,2026-09-10 09:29:19.502884+00
15381,2025-08-01,102,KUMARAN M,2025-08-02,S/Z,Strength Zone,800.00,,800.00,due_or_unpaid,R,,,AUGUST 2025,2026-09-10 09:29:19.502884+00
15382,2025-08-01,103,CHARAN KUMAR V,2025-08-02,S/Z,Strength Zone,800.00,,800.00,due_or_unpaid,R,,,AUGUST 2025,2026-09-10 09:29:19.502884+00
15383,2025-08-01,104,SETTU E,2025-08-03,S/Z,Strength Zone,800.00,,800.00,due_or_unpaid,R,,,AUGUST 2025,2026-09-10 09:29:19.502884+00
15384,2025-08-01,105,NITHISH KUMAR S,2025-08-04,S/Z,Strength Zone,800.00,,800.00,due_or_unpaid,R,,,AUGUST 2025,2026-09-10 09:29:19.502884+00
15385,2025-08-01,106,RAMESH S,2025-08-04,G/F,General Fitness,1000.00,,1000.00,due_or_unpaid,R,,,AUGUST 2025,2026-09-10 09:29:19.502884+00
15386,2025-08-01,107,SANJAN V,2025-08-05,S/Z,Strength Zone,800.00,,800.00,due_or_unpaid,R,,,AUGUST 2025,2026-09-10 09:29:19.502884+00
15387,2025-08-01,108,DIVAKAR M,2025-08-05,G/F,General Fitness,1000.00,,1000.00,due_or_unpaid,R,,,AUGUST 2025,2026-09-10 09:29:19.502884+00
15388,2025-08-01,109,DANIEL R,2025-08-05,S/Z,Strength Zone,800.00,800.00,0.00,paid,PAID,,M,AUGUST 2025,2026-09-10 09:29:19.502884+00
15389,2025-08-01,110,MANIKANADAN,2025-08-07,G/F,General Fitness,1000.00,,1000.00,due_or_unpaid,R,,,AUGUST 2025,2026-09-10 09:29:19.502884+00
15390,2025-08-01,111,PRITHIVIKASH,2025-08-26,S/Z,Strength Zone,800.00,,800.00,due_or_unpaid,R,,,AUGUST 2025,2026-09-10 09:29:19.502884+00
15391,2025-08-01,112,CHANDRU,2025-08-08,S/Z,Strength Zone,800.00,,800.00,due_or_unpaid,R,,,AUGUST 2025,2026-09-10 09:29:19.502884+00
15392,2025-08-01,113,SANJAY J,2025-08-08,S/Z,Strength Zone,800.00,,800.00,due_or_unpaid,R,,,AUGUST 2025,2026-09-10 09:29:19.502884+00
15393,2025-08-01,114,AJITH D,2025-08-09,S/Z,Strength Zone,800.00,,800.00,due_or_unpaid,R,,,AUGUST 2025,2026-09-10 09:29:19.502884+00
15394,2025-08-01,115,SANJAY B,2025-08-09,S/Z,Strength Zone,800.00,,800.00,due_or_unpaid,R,,,AUGUST 2025,2026-09-10 09:29:19.502884+00
15395,2025-08-01,116,TAMIL SELVAN M,2025-08-12,S/Z,Strength Zone,800.00,,800.00,due_or_unpaid,R,,,AUGUST 2025,2026-09-10 09:29:19.502884+00
15396,2025-08-01,117,ARUN YADAV,2025-08-12,S/Z,Strength Zone,800.00,,800.00,due_or_unpaid,R,,,AUGUST 2025,2026-09-10 09:29:19.502884+00
15397,2025-08-01,118,GIRI S,2025-08-13,S/Z,Strength Zone,800.00,,800.00,due_or_unpaid,R,,,AUGUST 2025,2026-09-10 09:29:19.502884+00
15398,2025-08-01,119,JOHNSON S,2025-08-14,S/Z,Strength Zone,800.00,,800.00,due_or_unpaid,R,,,AUGUST 2025,2026-09-10 09:29:19.502884+00
15399,2025-08-01,120,DEEPAK BILUNG,2025-08-15,S/Z,Strength Zone,800.00,,800.00,due_or_unpaid,R,,,AUGUST 2025,2026-09-10 09:29:19.502884+00
15400,2025-08-01,121,BINU,2025-08-15,S/Z,Strength Zone,800.00,,800.00,due_or_unpaid,R,,,AUGUST 2025,2026-09-10 09:29:19.502884+00
15401,2025-08-01,122,SOHEL RANA,2025-08-16,G/F,General Fitness,1000.00,,1000.00,due_or_unpaid,R,,,AUGUST 2025,2026-09-10 09:29:19.502884+00
15402,2025-08-01,123,CHAITANYA K,2025-08-17,G/F,General Fitness,1000.00,,1000.00,due_or_unpaid,R,,,AUGUST 2025,2026-09-10 09:29:19.502884+00
15403,2025-08-01,124,KATHIRAVAN.E,2025-08-18,S/Z,Strength Zone,800.00,,800.00,due_or_unpaid,R,,,AUGUST 2025,2026-09-10 09:29:19.502884+00
15404,2025-08-01,125,MOORTHY R,2025-08-18,S/Z,Strength Zone,800.00,800.00,0.00,paid,PAID,,E,AUGUST 2025,2026-09-10 09:29:19.502884+00
15405,2025-08-01,126,SANJAY S,2025-08-18,S/Z,Strength Zone,800.00,,800.00,due_or_unpaid,R,,,AUGUST 2025,2026-09-10 09:29:19.502884+00
15406,2025-08-01,127,PERUMAL V,2025-08-19,S/Z,Strength Zone,800.00,,800.00,due_or_unpaid,R,,,AUGUST 2025,2026-09-10 09:29:19.502884+00
15407,2025-08-01,128,EMAMUL HUSSAIN A,2025-08-20,S/Z,Strength Zone,800.00,,800.00,due_or_unpaid,R,,,AUGUST 2025,2026-09-10 09:29:19.502884+00
15408,2025-08-01,129,JEEVA M,2025-08-21,S/Z,Strength Zone,800.00,,1000.00,due_or_unpaid,R,,,AUGUST 2025,2026-09-10 09:29:19.502884+00
15409,2025-08-01,130,ARAVIND S,2025-08-19,S/Z,Strength Zone,800.00,,800.00,due_or_unpaid,R,,E,AUGUST 2025,2026-09-10 09:29:19.502884+00
15410,2025-08-01,131,SURESH P,2025-08-28,S/Z,Strength Zone,800.00,,800.00,due_or_unpaid,R,,,AUGUST 2025,2026-09-10 09:29:19.502884+00
15411,2025-08-01,132,KAMAL M,2025-08-28,S/Z,Strength Zone,800.00,,800.00,due_or_unpaid,R,,M,AUGUST 2025,2026-09-10 09:29:19.502884+00
15412,2025-08-01,133,FARHAN,2025-08-29,S/Z,Strength Zone,800.00,,800.00,due_or_unpaid,R,,,AUGUST 2025,2026-09-10 09:29:19.502884+00
15413,2025-08-01,134,HARISHIT D,2025-08-30,S/Z,Strength Zone,800.00,,800.00,due_or_unpaid,R,,,AUGUST 2025,2026-09-10 09:29:19.502884+00
15414,2025-08-01,135,BALAJI Y,2025-08-01,G/F,General Fitness,800.00,,800.00,due_or_unpaid,R,,,AUGUST 2025,2026-09-10 09:29:19.502884+00
15415,2025-08-01,136,PETER A,2026-04-01,G/F,General Fitness,1000.00,,7500.00,paid,PAID,,M,AUGUST 2025,2026-09-10 09:29:19.502884+00
15416,2025-08-01,137,KAMESH R,2025-08-02,S/Z,Strength Zone,800.00,,800.00,due_or_unpaid,R,,,AUGUST 2025,2026-09-10 09:29:19.502884+00
15417,2025-08-01,138,PREM S,2025-08-04,S/Z,Strength Zone,800.00,,800.00,due_or_unpaid,R,,,AUGUST 2025,2026-09-10 09:29:19.502884+00
15418,2025-08-01,139,VIMAL RAJ R,2025-08-04,S/Z,Strength Zone,800.00,,800.00,due_or_unpaid,R,,,AUGUST 2025,2026-09-10 09:29:19.502884+00
15419,2025-08-01,140,JOSEPH,2025-08-04,S/Z,Strength Zone,800.00,,800.00,due_or_unpaid,R,,,AUGUST 2025,2026-09-10 09:29:19.502884+00
15420,2025-08-01,141,ALA IMRAN A,2025-08-04,G/F,General Fitness,1000.00,1000.00,0.00,paid,PAID,,E,AUGUST 2025,2026-09-10 09:29:19.502884+00
15421,2025-08-01,142,HAZRAT ALI,2025-08-05,S/Z,Strength Zone,800.00,,800.00,due_or_unpaid,R,,,AUGUST 2025,2026-09-10 09:29:19.502884+00
15422,2025-08-01,143,MAHESHWAR GOPE,2025-08-05,S/Z,Strength Zone,800.00,,800.00,due_or_unpaid,R,,,AUGUST 2025,2026-09-10 09:29:19.502884+00
15423,2025-08-01,144,SAKTHI DS,2025-08-09,S/Z,Strength Zone,800.00,,800.00,due_or_unpaid,R,,,AUGUST 2025,2026-09-10 09:29:19.502884+00
15424,2025-08-01,145,MUKESH S,2025-08-09,S/Z,Strength Zone,800.00,,800.00,due_or_unpaid,R,,,AUGUST 2025,2026-09-10 09:29:19.502884+00
15425,2025-08-01,146,AKASH SATHIVEL,2025-08-10,G/F,General Fitness,1000.00,,1000.00,due_or_unpaid,R,,,AUGUST 2025,2026-09-10 09:29:19.502884+00
15426,2025-08-01,147,SARAN RAJ S,2025-08-10,G/F,General Fitness,1000.00,,1000.00,due_or_unpaid,R,,,AUGUST 2025,2026-09-10 09:29:19.502884+00
15427,2025-08-01,148,SUDHAKAR S,2025-08-11,G/F,General Fitness,800.00,800.00,0.00,paid,PAID,,M/E,AUGUST 2025,2026-09-10 09:29:19.502884+00
15428,2025-08-01,149,UMAMAHESWARA RAO,2025-08-11,G/F,General Fitness,1000.00,,1000.00,due_or_unpaid,R,,,AUGUST 2025,2026-09-10 09:29:19.502884+00
15429,2025-08-01,150,BARKATHULLAM K A,2025-08-13,G/F,General Fitness,1000.00,,1000.00,due_or_unpaid,R,,,AUGUST 2025,2026-09-10 09:29:19.502884+00
15430,2025-08-01,151,ABDUL KALAM A,2025-08-13,G/F,General Fitness,1000.00,,1000.00,due_or_unpaid,R,,,AUGUST 2025,2026-09-10 09:29:19.502884+00
15431,2025-08-01,152,JARDIS SK M,2025-08-13,S/Z,Strength Zone,800.00,,800.00,due_or_unpaid,R,,,AUGUST 2025,2026-09-10 09:29:19.502884+00
15432,2025-08-01,153,MANOJ M,2025-08-14,S/Z,Strength Zone,800.00,,800.00,due_or_unpaid,R,,,AUGUST 2025,2026-09-10 09:29:19.502884+00
15433,2025-08-01,154,NANTHA KUMAR A,2025-08-14,S/Z,Strength Zone,800.00,,1000.00,due_or_unpaid,R,,,AUGUST 2025,2026-09-10 09:29:19.502884+00
15434,2025-08-01,155,MANOJ E,2025-08-14,S/Z,Strength Zone,800.00,,800.00,due_or_unpaid,R,,M,AUGUST 2025,2026-09-10 09:29:19.502884+00
15435,2025-08-01,156,PRAVEEN KUMAR S,2025-08-28,G/F,General Fitness,800.00,800.00,0.00,paid,R,,E,AUGUST 2025,2026-09-10 09:29:19.502884+00
15436,2025-08-01,157,SURYA S,2025-08-23,S/Z,Strength Zone,800.00,,800.00,due_or_unpaid,R,,,AUGUST 2025,2026-09-10 09:29:19.502884+00
15437,2025-08-01,158,MURALI S,2025-08-23,S/Z,Strength Zone,800.00,,800.00,due_or_unpaid,R,,,AUGUST 2025,2026-09-10 09:29:19.502884+00
15438,2025-08-01,159,RITHISH V,2025-08-18,S/Z,Strength Zone,800.00,,800.00,due_or_unpaid,R,,,AUGUST 2025,2026-09-10 09:29:19.502884+00
15439,2025-08-01,160,EMIMAL M,2025-08-19,G/F,General Fitness,1000.00,,800.00,due_or_unpaid,R,,,AUGUST 2025,2026-09-10 09:29:19.502884+00
15440,2025-08-01,161,YUVAN SHANKAR T,2025-08-20,G/F,General Fitness,1000.00,,1000.00,due_or_unpaid,R,,M/E,AUGUST 2025,2026-09-10 09:29:19.502884+00
15441,2025-08-01,162,JENIFER S,2025-08-04,G/F,General Fitness,1000.00,,1000.00,due_or_unpaid,R,,,AUGUST 2025,2026-09-10 09:29:19.502884+00
15442,2025-08-01,163,SANJEEV D.S,2025-08-04,S/Z,Strength Zone,800.00,,800.00,due_or_unpaid,R,,,AUGUST 2025,2026-09-10 09:29:19.502884+00
15443,2025-08-01,164,VASANTH KUMAR G,2025-08-05,S/Z,Strength Zone,800.00,,800.00,due_or_unpaid,R,,,AUGUST 2025,2026-09-10 09:29:19.502884+00
15444,2025-08-01,165,KISHORE KUMAR V,2025-08-07,S/Z,Strength Zone,800.00,,800.00,due_or_unpaid,R,,,AUGUST 2025,2026-09-10 09:29:19.502884+00
15445,2025-08-01,166,SANTHOSH KUMAR S,2025-08-07,S/Z,Strength Zone,800.00,,800.00,due_or_unpaid,R,,,AUGUST 2025,2026-09-10 09:29:19.502884+00
15446,2025-08-01,167,SANTHOSH KUMAR A,2025-08-30,S/Z,Strength Zone,800.00,800.00,0.00,paid,PAID,,E,AUGUST 2025,2026-09-10 09:29:19.502884+00
15447,2025-08-01,168,ETHIRAJ T,2025-08-09,S/Z,Strength Zone,800.00,,800.00,due_or_unpaid,R,,,AUGUST 2025,2026-09-10 09:29:19.502884+00
15448,2025-08-01,169,PRASANTH M,2025-08-10,G/F,General Fitness,1000.00,,1000.00,due_or_unpaid,R,,,AUGUST 2025,2026-09-10 09:29:19.502884+00
15449,2025-08-01,170,RAGHUL R,2025-08-12,S/Z,Strength Zone,800.00,,800.00,due_or_unpaid,R,,,AUGUST 2025,2026-09-10 09:29:19.502884+00
15450,2025-08-01,171,GOWTHAM S,2025-08-16,G/F,General Fitness,1000.00,,1000.00,due_or_unpaid,R,,,AUGUST 2025,2026-09-10 09:29:19.502884+00
15451,2025-08-01,172,RAJESH S,2025-08-16,G/F,General Fitness,1000.00,,1000.00,due_or_unpaid,R,,,AUGUST 2025,2026-09-10 09:29:19.502884+00
15452,2025-08-01,173,AATHIYAPPAN S,2025-08-04,S/Z,Strength Zone,800.00,800.00,0.00,paid,PAID,,E,AUGUST 2025,2026-09-10 09:29:19.502884+00
15453,2025-08-01,174,GODSON PRAVEEN J,2025-08-19,G/F,General Fitness,1000.00,,800.00,due_or_unpaid,R,,,AUGUST 2025,2026-09-10 09:29:19.502884+00
15454,2025-08-01,175,KABILAN R,2025-08-26,S/Z,Strength Zone,800.00,,800.00,due_or_unpaid,R,,,AUGUST 2025,2026-09-10 09:29:19.502884+00
15455,2025-08-01,176,KAMAL S,2025-08-28,S/Z,Strength Zone,1000.00,,800.00,due_or_unpaid,R,,E,AUGUST 2025,2026-09-10 09:29:19.502884+00
15456,2025-08-01,177,MOHAMED ASHWAQ S,2025-08-02,S/Z,Strength Zone,800.00,,800.00,due_or_unpaid,R,,,AUGUST 2025,2026-09-10 09:29:19.502884+00
15457,2025-08-01,178,VICKY,2025-08-03,S/Z,Strength Zone,800.00,,800.00,due_or_unpaid,R,,,AUGUST 2025,2026-09-10 09:29:19.502884+00
15458,2025-08-01,180,DEEPAK G,2025-08-05,G/F,General Fitness,1000.00,,1000.00,due_or_unpaid,R,,,AUGUST 2025,2026-09-10 09:29:19.502884+00
15459,2025-08-01,181,AGILESHWARAN M,2025-08-09,S/Z,Strength Zone,800.00,,800.00,due_or_unpaid,R,,,AUGUST 2025,2026-09-10 09:29:19.502884+00
15460,2025-08-01,182,MUKESH R,2025-08-11,S/Z,Strength Zone,800.00,,800.00,due_or_unpaid,R,,,AUGUST 2025,2026-09-10 09:29:19.502884+00
15461,2025-08-01,183,SACHIN AARON T,2025-08-17,S/Z,Strength Zone,800.00,,800.00,due_or_unpaid,R,,,AUGUST 2025,2026-09-10 09:29:19.502884+00
15462,2025-08-01,184,SANTHOSH R,2025-08-21,S/Z,Strength Zone,800.00,800.00,0.00,paid,R,,M,AUGUST 2025,2026-09-10 09:29:19.502884+00
15463,2025-08-01,185,VISHNU VARTHAN S,2025-08-21,S/Z,Strength Zone,800.00,,800.00,due_or_unpaid,R,,E,AUGUST 2025,2026-09-10 09:29:19.502884+00
15464,2025-08-01,186,MOGESH V,2025-08-25,S/Z,Strength Zone,800.00,,800.00,due_or_unpaid,R,,,AUGUST 2025,2026-09-10 09:29:19.502884+00
15465,2025-08-01,187,VISHWA R A,2025-08-27,S/Z,Strength Zone,800.00,,800.00,due_or_unpaid,R,,,AUGUST 2025,2026-09-10 09:29:19.502884+00
15466,2025-08-01,188,RAMASUBRAMANI K,2025-08-29,S/Z,Strength Zone,800.00,,800.00,due_or_unpaid,R,,E,AUGUST 2025,2026-09-10 09:29:19.502884+00
15467,2025-08-01,189,DHANASINGH P,2025-08-29,S/Z,Strength Zone,800.00,,800.00,due_or_unpaid,R,,E,AUGUST 2025,2026-09-10 09:29:19.502884+00
15468,2025-08-01,190,AMAR NATH R,2025-08-03,G/F,General Fitness,1000.00,,1000.00,due_or_unpaid,R,,,AUGUST 2025,2026-09-10 09:29:19.502884+00
15469,2025-08-01,191,PUVIYARASAN G,2025-08-04,S/Z,Strength Zone,800.00,,800.00,due_or_unpaid,R,,,AUGUST 2025,2026-09-10 09:29:19.502884+00
15470,2025-08-01,192,DINESH KUMAR R,2025-08-04,S/Z,Strength Zone,800.00,800.00,0.00,paid,PAID,,M,AUGUST 2025,2026-09-10 09:29:19.502884+00
15471,2025-08-01,193,ARUN KUMAR R,2025-08-04,G/F,General Fitness,1000.00,,1000.00,due_or_unpaid,R,,,AUGUST 2025,2026-09-10 09:29:19.502884+00
15472,2025-08-01,194,ASWIN P BENNY,2025-08-04,G/F,General Fitness,1000.00,,1000.00,due_or_unpaid,R,,,AUGUST 2025,2026-09-10 09:29:19.502884+00
15473,2025-08-01,195,ROCK R,2025-08-04,S/Z,Strength Zone,800.00,,800.00,due_or_unpaid,R,,,AUGUST 2025,2026-09-10 09:29:19.502884+00
15474,2025-08-01,196,SURIYA PRAKASH M,2025-08-12,S/Z,Strength Zone,800.00,,800.00,due_or_unpaid,R,,,AUGUST 2025,2026-09-10 09:29:19.502884+00
15475,2025-08-01,197,BHARATHI RAJA M,2025-08-12,G/F,General Fitness,1000.00,,1000.00,due_or_unpaid,R,,,AUGUST 2025,2026-09-10 09:29:19.502884+00
15476,2025-08-01,198,SURYA R,2025-08-12,S/Z,Strength Zone,800.00,800.00,0.00,paid,PAID,,E,AUGUST 2025,2026-09-10 09:29:19.502884+00
15477,2025-08-01,199,MADHUWANTH K,2025-08-13,S/Z,Strength Zone,800.00,,800.00,due_or_unpaid,R,,,AUGUST 2025,2026-09-10 09:29:19.502884+00
15478,2025-08-01,200,DHAYALAN R,2025-07-21,G/F,General Fitness,1000.00,,1000.00,due_or_unpaid,R,,,AUGUST 2025,2026-09-10 09:29:19.502884+00
15479,2025-08-01,201,KARTHI BALAJI R,2025-08-13,S/Z,Strength Zone,800.00,,800.00,due_or_unpaid,R,,,AUGUST 2025,2026-09-10 09:29:19.502884+00
15480,2025-08-01,202,HARI KRISHNAN G,2025-08-18,G/F,General Fitness,1000.00,1000.00,0.00,paid,PAID,,M/E,AUGUST 2025,2026-09-10 09:29:19.502884+00
15481,2025-08-01,203,VIGNESH K,2025-08-18,G/F,General Fitness,1000.00,1000.00,0.00,paid,PAID,,M/E,AUGUST 2025,2026-09-10 09:29:19.502884+00
15482,2025-08-01,204,AKASH C,2025-08-20,S/Z,Strength Zone,800.00,,800.00,due_or_unpaid,R,,,AUGUST 2025,2026-09-10 09:29:19.502884+00
15483,2025-08-01,205,MANI MARAN M,2025-08-20,S/Z,Strength Zone,800.00,,800.00,due_or_unpaid,R,,,AUGUST 2025,2026-09-10 09:29:19.502884+00
15484,2025-08-01,206,SANTHA KUMAR S,2025-08-24,G/F,General Fitness,1000.00,,1000.00,due_or_unpaid,R,,,AUGUST 2025,2026-09-10 09:29:19.502884+00
15485,2025-08-01,207,SANJAY S,2025-08-24,S/Z,Strength Zone,800.00,,800.00,due_or_unpaid,R,,,AUGUST 2025,2026-09-10 09:29:19.502884+00
15486,2025-08-01,208,SEEN N,2025-08-24,S/Z,Strength Zone,800.00,,800.00,due_or_unpaid,R,,M,AUGUST 2025,2026-09-10 09:29:19.502884+00
15487,2025-08-01,209,PASUPATHI M,2025-08-25,G/F,General Fitness,1000.00,,1000.00,due_or_unpaid,R,,M,AUGUST 2025,2026-09-10 09:29:19.502884+00
15488,2025-08-01,210,NAVEEN K.M,2025-08-03,G/F,General Fitness,1000.00,1000.00,0.00,paid,PAID,,M,AUGUST 2025,2026-09-10 09:29:19.502884+00
15489,2025-08-01,211,SUNIL KUMAR H,2025-08-03,S/Z,Strength Zone,800.00,,800.00,due_or_unpaid,R,,,AUGUST 2025,2026-09-10 09:29:19.502884+00
15490,2025-08-01,212,ALI,2025-08-03,S/Z,Strength Zone,800.00,,800.00,due_or_unpaid,R,,,AUGUST 2025,2026-09-10 09:29:19.502884+00
15491,2025-08-01,213,SADDAM,2025-08-03,S/Z,Strength Zone,800.00,,800.00,due_or_unpaid,R,,,AUGUST 2025,2026-09-10 09:29:19.502884+00
15492,2025-08-01,214,SUMAN RAJ P,2025-08-10,G/F,General Fitness,1000.00,,1000.00,due_or_unpaid,R,,,AUGUST 2025,2026-09-10 09:29:19.502884+00
15493,2025-08-01,215,MICHEAL PRAKASH P,2025-08-11,G/F,General Fitness,1000.00,,1000.00,due_or_unpaid,R,,,AUGUST 2025,2026-09-10 09:29:19.502884+00
15494,2025-08-01,216,RAJA K,2025-08-11,G/F,General Fitness,1000.00,,1000.00,due_or_unpaid,R,,,AUGUST 2025,2026-09-10 09:29:19.502884+00
15495,2025-08-01,217,SANJAY P R,2025-08-11,S/Z,Strength Zone,800.00,,800.00,due_or_unpaid,R,,,AUGUST 2025,2026-09-10 09:29:19.502884+00
15496,2025-08-01,218,NARENDRAN,2025-08-14,S/Z,Strength Zone,800.00,,800.00,due_or_unpaid,R,,,AUGUST 2025,2026-09-10 09:29:19.502884+00
15497,2025-08-01,219,SUNIL P,2025-08-13,S/Z,Strength Zone,800.00,,800.00,due_or_unpaid,R,,,AUGUST 2025,2026-09-10 09:29:19.502884+00
15498,2025-08-01,220,VENKAT,2025-08-13,G/F,General Fitness,1000.00,,1000.00,due_or_unpaid,R,,,AUGUST 2025,2026-09-10 09:29:19.502884+00
15499,2025-08-01,221,KARTHICK R,2025-08-15,S/Z,Strength Zone,800.00,,800.00,due_or_unpaid,R,,,AUGUST 2025,2026-09-10 09:29:19.502884+00
15500,2025-08-01,222,MUNISH KUMAR B,2025-08-17,G/F,General Fitness,800.00,,800.00,due_or_unpaid,R,,M,AUGUST 2025,2026-09-10 09:29:19.502884+00
15501,2025-08-01,223,RAJIBUL ALI T,2025-08-22,S/Z,Strength Zone,800.00,,800.00,due_or_unpaid,R,,,AUGUST 2025,2026-09-10 09:29:19.502884+00
15502,2025-08-01,224,MOHANRAJ P,2025-08-24,G/F,General Fitness,1000.00,1000.00,0.00,paid,PAID,,E,AUGUST 2025,2026-09-10 09:29:19.502884+00
15503,2025-08-01,225,RAVINDHAREN,2025-08-25,S/Z,Strength Zone,800.00,,800.00,due_or_unpaid,R,,,AUGUST 2025,2026-09-10 09:29:19.502884+00
15504,2025-08-01,226,SURESH M,2025-08-01,S/Z,Strength Zone,800.00,,800.00,due_or_unpaid,R,,M,AUGUST 2025,2026-09-10 09:29:19.502884+00
15505,2025-08-01,227,KARTHIK DHANASEKAR,2025-08-01,S/Z,Strength Zone,800.00,800.00,0.00,paid,PAID,,M,AUGUST 2025,2026-09-10 09:29:19.502884+00
15506,2025-08-01,228,MANIKANDAN D,2025-08-01,S/Z,Strength Zone,800.00,,800.00,due_or_unpaid,R,,M,AUGUST 2025,2026-09-10 09:29:19.502884+00
15507,2025-08-01,229,VISHVA,2025-08-01,S/Z,Strength Zone,800.00,,800.00,due_or_unpaid,R,,,AUGUST 2025,2026-09-10 09:29:19.502884+00
15508,2025-08-01,230,SHYAM K,2025-08-04,S/Z,Strength Zone,800.00,,800.00,due_or_unpaid,R,,,AUGUST 2025,2026-09-10 09:29:19.502884+00
15509,2025-08-01,231,SHASHANTH S,2025-08-05,S/Z,Strength Zone,800.00,800.00,0.00,paid,PAID,,E,AUGUST 2025,2026-09-10 09:29:19.502884+00
15510,2025-08-01,232,ANIL KUMAR,2025-08-05,S/Z,Strength Zone,800.00,,800.00,due_or_unpaid,R,,,AUGUST 2025,2026-09-10 09:29:19.502884+00
15511,2025-08-01,233,NIKHIL NAYAK L,2025-08-07,S/Z,Strength Zone,800.00,,800.00,due_or_unpaid,R,,,AUGUST 2025,2026-09-10 09:29:19.502884+00
15512,2025-08-01,234,PINKU NAYAK C,2025-08-07,S/Z,Strength Zone,800.00,,800.00,due_or_unpaid,R,,,AUGUST 2025,2026-09-10 09:29:19.502884+00
15513,2025-08-01,235,AKASH S,2025-08-01,G/F,General Fitness,1000.00,,1000.00,due_or_unpaid,R,,,AUGUST 2025,2026-09-10 09:29:19.502884+00
15514,2025-08-01,236,ANAND,2025-08-08,G/F,General Fitness,1000.00,1000.00,0.00,paid,P,,M,AUGUST 2025,2026-09-10 09:29:19.502884+00
15515,2025-08-01,237,LOHIT NAYAK,2025-08-12,S/Z,Strength Zone,800.00,,800.00,due_or_unpaid,R,,,AUGUST 2025,2026-09-10 09:29:19.502884+00
15516,2025-08-01,238,RIMPLE KUMAR,2025-08-15,S/Z,Strength Zone,800.00,800.00,0.00,paid,PAID,,M,AUGUST 2025,2026-09-10 09:29:19.502884+00
15517,2025-08-01,239,GOPINATH M,2025-08-17,G/F,General Fitness,1000.00,,1000.00,due_or_unpaid,R,,,AUGUST 2025,2026-09-10 09:29:19.502884+00
15518,2025-08-01,239,GOPINATH M,2025-08-19,S/Z,Strength Zone,800.00,,800.00,due_or_unpaid,R,,,AUGUST 2025,2026-09-10 09:29:19.502884+00
15519,2025-08-01,240,YOGESH G,2025-08-21,S/Z,Strength Zone,800.00,,800.00,due_or_unpaid,R,,,AUGUST 2025,2026-09-10 09:29:19.502884+00
15520,2025-08-01,240,YOGESH G,2025-08-24,S/Z,Strength Zone,800.00,,800.00,due_or_unpaid,R,,,AUGUST 2025,2026-09-10 09:29:19.502884+00
15521,2025-08-01,241,PRADHAP V,2025-08-21,S/Z,Strength Zone,800.00,,800.00,due_or_unpaid,R,,,AUGUST 2025,2026-09-10 09:29:19.502884+00
15522,2025-08-01,241,PRADHAP V,2025-08-24,S/Z,Strength Zone,800.00,,800.00,due_or_unpaid,R,,,AUGUST 2025,2026-09-10 09:29:19.502884+00
15523,2025-08-01,242,AJAY A,2025-08-26,S/Z,Strength Zone,800.00,,800.00,due_or_unpaid,R,,E,AUGUST 2025,2026-09-10 09:29:19.502884+00
15524,2025-08-01,243,SANTHOSH,2025-08-29,G/F,General Fitness,1000.00,,1000.00,due_or_unpaid,R,,,AUGUST 2025,2026-09-10 09:29:19.502884+00
15525,2025-08-01,244,BABU K,2025-08-26,G/F,General Fitness,1000.00,,1000.00,due_or_unpaid,R,,,AUGUST 2025,2026-09-10 09:29:22.361896+00
15526,2025-08-01,245,KISHORE S,2025-08-03,G/F,General Fitness,1000.00,1000.00,0.00,paid,PAID,,M,AUGUST 2025,2026-09-10 09:29:22.361896+00
15527,2025-08-01,246,SURESH,2025-08-05,S/Z,Strength Zone,800.00,,800.00,due_or_unpaid,R,,,AUGUST 2025,2026-09-10 09:29:22.361896+00
15528,2025-08-01,247,VIVEK,2025-11-05,S/Z,Strength Zone,800.00,,800.00,due_or_unpaid,R,,M,AUGUST 2025,2026-09-10 09:29:22.361896+00
15529,2025-08-01,248,ELAKKIAN,2025-08-05,G/F,General Fitness,1000.00,,1000.00,due_or_unpaid,R,,,AUGUST 2025,2026-09-10 09:29:22.361896+00
15530,2025-08-01,249,DEEPAK C,2025-08-05,G/F,General Fitness,1000.00,1000.00,0.00,paid,PAID,,E,AUGUST 2025,2026-09-10 09:29:22.361896+00
15531,2025-08-01,250,RESHATH S,2025-08-06,S/Z,Strength Zone,800.00,,800.00,due_or_unpaid,R,,,AUGUST 2025,2026-09-10 09:29:22.361896+00
15532,2025-08-01,251,ARAVINTHAN S,2025-08-12,S/Z,Strength Zone,800.00,,800.00,due_or_unpaid,R,,M/E,AUGUST 2025,2026-09-10 09:29:22.361896+00
15533,2025-08-01,252,MAULIRAJ V,2025-08-13,S/Z,Strength Zone,800.00,,800.00,due_or_unpaid,R,,M,AUGUST 2025,2026-09-10 09:29:22.361896+00
15534,2025-08-01,253,DHAYANATHAN,2025-08-25,S/Z,Strength Zone,800.00,800.00,0.00,paid,PAID,,M,AUGUST 2025,2026-09-10 09:29:22.361896+00
15535,2025-08-01,254,SELVAM K,2025-08-14,S/Z,Strength Zone,1000.00,1000.00,0.00,paid,PAID,,M/E,AUGUST 2025,2026-09-10 09:29:22.361896+00
15536,2025-08-01,255,VIJAYAN .S,2025-08-17,G/F,General Fitness,1000.00,,800.00,due_or_unpaid,R,,M,AUGUST 2025,2026-09-10 09:29:22.361896+00
15537,2025-08-01,256,KARTHICK M,2025-08-19,S/Z,Strength Zone,800.00,,800.00,due_or_unpaid,R,,,AUGUST 2025,2026-09-10 09:29:22.361896+00
15538,2025-08-01,257,PAWN KUMAR,2025-08-26,S/Z,Strength Zone,800.00,,800.00,due_or_unpaid,R,,M,AUGUST 2025,2026-09-10 09:29:22.361896+00
15539,2025-08-01,258,BEENAUVV V,2025-08-05,G/F,General Fitness,1000.00,,1000.00,due_or_unpaid,R,,,AUGUST 2025,2026-09-10 09:29:22.361896+00
15540,2025-08-01,259,PRADEEP KUMAR G,2025-08-04,G/F,General Fitness,1000.00,,1000.00,due_or_unpaid,R,,,AUGUST 2025,2026-09-10 09:29:22.361896+00
15541,2025-08-01,260,BARATH R,2025-08-10,S/Z,Strength Zone,800.00,800.00,0.00,paid,PAID,,M,AUGUST 2025,2026-09-10 09:29:22.361896+00
15542,2025-08-01,261,MANIKANDAN L,2025-08-12,G/F,General Fitness,1000.00,,1000.00,due_or_unpaid,R,,M,AUGUST 2025,2026-09-10 09:29:22.361896+00
15543,2025-08-01,262,RANJITH A,2025-08-13,G/F,General Fitness,1000.00,,1000.00,due_or_unpaid,R,,M,AUGUST 2025,2026-09-10 09:29:22.361896+00
15544,2025-08-01,263,SHANMATHI E,2025-08-16,G/F,General Fitness,1000.00,,1000.00,due_or_unpaid,R,,,AUGUST 2025,2026-09-10 09:29:22.361896+00
15545,2025-08-01,264,VENKATESH K,2025-08-19,S/Z,Strength Zone,800.00,,800.00,due_or_unpaid,R,,M,AUGUST 2025,2026-09-10 09:29:22.361896+00
15546,2025-08-01,265,ANKUR GUWALA J,2025-08-19,S/Z,Strength Zone,800.00,,800.00,due_or_unpaid,R,,M,AUGUST 2025,2026-09-10 09:29:22.361896+00
15547,2025-08-01,266,PRANESH M,2025-08-20,S/Z,Strength Zone,800.00,,800.00,due_or_unpaid,R,,E,AUGUST 2025,2026-09-10 09:29:22.361896+00
15548,2025-08-01,267,HANY PRINCY V,2025-08-23,G/F,General Fitness,1000.00,1000.00,0.00,paid,PAID,,M,AUGUST 2025,2026-09-10 09:29:22.361896+00
15549,2025-08-01,268,GUGAN S,2025-08-25,S/Z,Strength Zone,800.00,,800.00,due_or_unpaid,R,,,AUGUST 2025,2026-09-10 09:29:22.361896+00
15550,2025-08-01,269,SENTHIL KUMAR,2025-08-01,G/F,General Fitness,1000.00,1000.00,0.00,paid,P,,M,AUGUST 2025,2026-09-10 09:29:22.361896+00
15551,2025-08-01,270,AMITH KUMAR,2025-08-01,S/Z,Strength Zone,800.00,,800.00,due_or_unpaid,R,,,AUGUST 2025,2026-09-10 09:29:22.361896+00
15552,2025-08-01,271,ABISHEK KUMAR,2025-08-01,S/Z,Strength Zone,800.00,,800.00,due_or_unpaid,R,,,AUGUST 2025,2026-09-10 09:29:22.361896+00
15553,2025-08-01,272,BHUPINDER SINGH,2025-08-01,S/Z,Strength Zone,1000.00,800.00,800.00,paid,PAID,,M/E,AUGUST 2025,2026-09-10 09:29:22.361896+00
15554,2025-08-01,273,DEEPAK B,2025-08-04,G/F,General Fitness,1000.00,,1000.00,due_or_unpaid,R,,E,AUGUST 2025,2026-09-10 09:29:22.361896+00
15555,2025-08-01,274,RATHNA KUMAR A,2025-08-07,S/Z,Strength Zone,800.00,800.00,0.00,paid,PAID,,M,AUGUST 2025,2026-09-10 09:29:22.361896+00
15556,2025-08-01,275,BINIT,2025-08-08,G/F,General Fitness,1000.00,,1000.00,due_or_unpaid,R,?,M,AUGUST 2025,2026-09-10 09:29:22.361896+00
15557,2025-08-01,276,SAPHMITA,2025-08-08,G/F,General Fitness,1000.00,,1000.00,due_or_unpaid,R,?,M,AUGUST 2025,2026-09-10 09:29:22.361896+00
15558,2025-08-01,277,ARAVIND D,2025-08-08,G/F,General Fitness,1000.00,,1000.00,due_or_unpaid,R,?,M,AUGUST 2025,2026-09-10 09:29:22.361896+00
15559,2025-08-01,278,VIGNESH M,2025-08-08,G/F,General Fitness,1000.00,1000.00,0.00,paid,PAID,,M,AUGUST 2025,2026-09-10 09:29:22.361896+00
15560,2025-08-01,279,MOHAMMED FAAIZ M,2025-08-09,G/F,General Fitness,1000.00,1000.00,0.00,paid,PAID,,E,AUGUST 2025,2026-09-10 09:29:22.361896+00
15561,2025-08-01,280,PERIYASAMY J,2025-06-10,S/Z,Strength Zone,800.00,,800.00,due_or_unpaid,R,,M,AUGUST 2025,2026-09-10 09:29:22.361896+00
15562,2025-08-01,281,AKASH A,2025-08-11,G/F,General Fitness,1000.00,,1000.00,due_or_unpaid,R,,M,AUGUST 2025,2026-09-10 09:29:22.361896+00
15563,2025-08-01,282,SOLOMON K,2025-08-11,G/F,General Fitness,1000.00,,1000.00,due_or_unpaid,R,,M,AUGUST 2025,2026-09-10 09:29:22.361896+00
15564,2025-08-01,283,SARAN S,2025-08-11,S/Z,Strength Zone,1000.00,1000.00,0.00,paid,PAID,,M,AUGUST 2025,2026-09-10 09:29:22.361896+00
15565,2025-08-01,284,ARJUN B,2025-08-12,S/Z,Strength Zone,800.00,800.00,0.00,paid,PAID,,M,AUGUST 2025,2026-09-10 09:29:22.361896+00
15566,2025-08-01,285,SARAVANAN R,2025-08-12,S/Z,Strength Zone,800.00,800.00,0.00,paid,PAID,,M,AUGUST 2025,2026-09-10 09:29:22.361896+00
15567,2025-08-01,286,TAPAS KUMAR B,2025-08-16,S/Z,Strength Zone,800.00,800.00,0.00,paid,PAID,,M,AUGUST 2025,2026-09-10 09:29:22.361896+00
15568,2025-08-01,287,PRASANTH K,2025-08-16,S/Z,Strength Zone,800.00,,800.00,due_or_unpaid,R,,E,AUGUST 2025,2026-09-10 09:29:22.361896+00
15569,2025-08-01,288,SANDHIYA S,2025-08-16,G/F,General Fitness,1000.00,,1000.00,due_or_unpaid,R,,E,AUGUST 2025,2026-09-10 09:29:22.361896+00
15570,2025-08-01,289,AMAN KUMAR,2025-08-18,S/Z,Strength Zone,800.00,800.00,0.00,paid,PAID,,M,AUGUST 2025,2026-09-10 09:29:22.361896+00
15571,2025-08-01,290,VARUN KUMAR J,2025-08-24,G/F,General Fitness,1000.00,1000.00,0.00,paid,PAID,,E,AUGUST 2025,2026-09-10 09:29:22.361896+00
15572,2025-08-01,291,MOHAN H,2025-08-29,S/Z,Strength Zone,800.00,,800.00,due_or_unpaid,R,,E,AUGUST 2025,2026-09-10 09:29:22.361896+00
15573,2025-08-01,292,PAUL CHRISTOPHER T,2025-08-29,S/Z,Strength Zone,800.00,,800.00,due_or_unpaid,R,,E,AUGUST 2025,2026-09-10 09:29:22.361896+00
15574,2025-09-01,1,SUNDHAR M,2025-09-09,S/Z,Strength Zone,800.00,,800.00,due_or_unpaid,R,,,SEPT 2025,2026-09-10 09:29:22.361896+00
15575,2025-09-01,2,NITHYASEELAN P,2025-09-09,S/Z,Strength Zone,800.00,,800.00,due_or_unpaid,R,,,SEPT 2025,2026-09-10 09:29:22.361896+00
15576,2025-09-01,3,SANJEEVA REDDY C,2026-01-09,S/Z,Strength Zone,800.00,,6000.00,paid,PAID,,E,SEPT 2025,2026-09-10 09:29:22.361896+00
15577,2025-09-01,4,ABDUL RAHMAN A,2025-09-09,S/Z,Strength Zone,800.00,,1000.00,due_or_unpaid,R,,,SEPT 2025,2026-09-10 09:29:22.361896+00
15578,2025-09-01,5,SANTHOSH KUMAR G,2025-09-09,G/F,General Fitness,1000.00,,1000.00,due_or_unpaid,R,,,SEPT 2025,2026-09-10 09:29:22.361896+00
15579,2025-09-01,6,SATHISH KUMAR J,2025-09-09,G/F,General Fitness,1000.00,,1000.00,due_or_unpaid,R,,,SEPT 2025,2026-09-10 09:29:22.361896+00
15580,2025-09-01,7,VIJAYABABU C,2026-01-09,G/F,General Fitness,1000.00,,6000.00,paid,PAID,,M,SEPT 2025,2026-09-10 09:29:22.361896+00
15581,2025-09-01,8,ISTJHAR AHAMAD,2025-09-09,G/F,General Fitness,1000.00,,1000.00,due_or_unpaid,R,,,SEPT 2025,2026-09-10 09:29:22.361896+00
15582,2025-09-01,9,MUBARAK ALI,2025-09-09,S/Z,Strength Zone,800.00,,800.00,due_or_unpaid,R,,,SEPT 2025,2026-09-10 09:29:22.361896+00
15583,2025-09-01,10,GULJOR HUSSAIN,2025-09-09,S/Z,Strength Zone,800.00,,800.00,due_or_unpaid,R,,,SEPT 2025,2026-09-10 09:29:22.361896+00
15584,2025-09-01,11,SURHAB ALI,2025-09-09,S/Z,Strength Zone,800.00,,800.00,due_or_unpaid,R,,,SEPT 2025,2026-09-10 09:29:22.361896+00
15585,2025-09-01,12,SATHYA M,2025-09-09,G/F,General Fitness,800.00,800.00,0.00,paid,PAID,,M,SEPT 2025,2026-09-10 09:29:22.361896+00
15586,2025-09-01,13,PORTAP CHETRY,2025-09-09,S/Z,Strength Zone,800.00,,800.00,due_or_unpaid,R,,,SEPT 2025,2026-09-10 09:29:22.361896+00
15587,2025-09-01,14,TAMIL,2025-09-09,G/F,General Fitness,1000.00,,1000.00,due_or_unpaid,R,,,SEPT 2025,2026-09-10 09:29:22.361896+00
15588,2025-09-01,15,DEEPAK M,2025-09-09,S/Z,Strength Zone,800.00,800.00,0.00,paid,PAID,,E,SEPT 2025,2026-09-10 09:29:22.361896+00
15589,2025-09-01,16,SARATH KUMAR A,2025-09-10,S/Z,Strength Zone,800.00,,800.00,due_or_unpaid,R,,,SEPT 2025,2026-09-10 09:29:22.361896+00
15590,2025-09-01,17,UDHAYA PANDIAN,2025-09-10,G/F,General Fitness,1000.00,,1000.00,due_or_unpaid,R,,M,SEPT 2025,2026-09-10 09:29:22.361896+00
15591,2025-09-01,18,MANJIT KUMAR,2025-09-09,S/Z,Strength Zone,800.00,,800.00,due_or_unpaid,R,,,SEPT 2025,2026-09-10 09:29:22.361896+00
15592,2025-09-01,19,YUVARAJ C,2025-11-10,G/F,General Fitness,1000.00,,7000.00,due_or_unpaid,R,,E,SEPT 2025,2026-09-10 09:29:22.361896+00
15593,2025-09-01,20,CHARLES,2025-09-09,S/Z,Strength Zone,800.00,,1000.00,due_or_unpaid,R,,,SEPT 2025,2026-09-10 09:29:22.361896+00
15594,2025-09-01,21,DHANUSH V,2025-09-10,S/Z,Strength Zone,800.00,,800.00,due_or_unpaid,R,,,SEPT 2025,2026-09-10 09:29:22.361896+00
15595,2025-09-01,22,BOLORAM PONIKA A.J,2025-09-10,S/Z,Strength Zone,800.00,,800.00,due_or_unpaid,R,,,SEPT 2025,2026-09-10 09:29:22.361896+00
15596,2025-09-01,23,PRASANTH M,2025-09-10,S/Z,Strength Zone,800.00,,800.00,due_or_unpaid,R,,,SEPT 2025,2026-09-10 09:29:22.361896+00
15597,2025-09-01,24,RAGUL R,2025-09-22,S/Z,Strength Zone,800.00,800.00,0.00,paid,PAID,,E,SEPT 2025,2026-09-10 09:29:22.361896+00
15598,2025-09-01,25,SANTHOSH M,2025-09-11,S/Z,Strength Zone,800.00,,800.00,due_or_unpaid,R,,,SEPT 2025,2026-09-10 09:29:22.361896+00
15599,2025-09-01,26,MAZID ALI,2025-09-11,S/Z,Strength Zone,800.00,,800.00,due_or_unpaid,R,,,SEPT 2025,2026-09-10 09:29:22.361896+00
15600,2025-09-01,27,SADIKUL ISLAM,2025-09-11,S/Z,Strength Zone,800.00,,800.00,due_or_unpaid,R,,,SEPT 2025,2026-09-10 09:29:22.361896+00
15601,2025-09-01,28,LAKSHWANTH,2026-02-11,G/F,General Fitness,1000.00,,7499.00,due_or_unpaid,R,,E,SEPT 2025,2026-09-10 09:29:22.361896+00
15602,2025-09-01,29,GOWTHAM A,2025-06-01,S/Z,Strength Zone,800.00,,800.00,due_or_unpaid,R,,,SEPT 2025,2026-09-10 09:29:22.361896+00
15603,2025-09-01,30,PRADEEP Y,2025-09-20,S/Z,Strength Zone,800.00,,800.00,due_or_unpaid,R,,E,SEPT 2025,2026-09-10 09:29:22.361896+00
15604,2025-09-01,31,ROHIT R,2025-09-12,S/Z,Strength Zone,800.00,,800.00,due_or_unpaid,R,,E,SEPT 2025,2026-09-10 09:29:22.361896+00
15605,2025-09-01,32,RISHI M,2025-09-12,S/Z,Strength Zone,800.00,,800.00,due_or_unpaid,R,,E,SEPT 2025,2026-09-10 09:29:22.361896+00
15606,2025-09-01,33,GOPAL B,2025-09-12,S/Z,Strength Zone,800.00,800.00,0.00,paid,PAID,,E,SEPT 2025,2026-09-10 09:29:22.361896+00
15607,2025-09-01,34,KODOM ALI D,2025-09-13,S/Z,Strength Zone,800.00,,800.00,due_or_unpaid,R,,,SEPT 2025,2026-09-10 09:29:22.361896+00
15608,2025-09-01,35,SUJAB ALI A,2025-09-13,S/Z,Strength Zone,800.00,,800.00,due_or_unpaid,R,,,SEPT 2025,2026-09-10 09:29:22.361896+00
15609,2025-09-01,36,ASHABUL HOQUE S,2025-09-13,S/Z,Strength Zone,800.00,,800.00,due_or_unpaid,R,,,SEPT 2025,2026-09-10 09:29:22.361896+00
15610,2025-09-01,37,SURESH K,2025-09-13,G/F,General Fitness,1000.00,,1000.00,due_or_unpaid,R,,,SEPT 2025,2026-09-10 09:29:22.361896+00
15611,2025-09-01,38,YUVARAJ B,2025-09-13,S/F,,800.00,1000.00,0.00,paid,R,,M/E,SEPT 2025,2026-09-10 09:29:22.361896+00
15612,2025-09-01,39,BALAKUMAR M,2025-09-13,G/F,General Fitness,1000.00,1000.00,0.00,paid,PAID,,E,SEPT 2025,2026-09-10 09:29:22.361896+00
15613,2025-09-01,40,SIDDHARTH V,2025-09-13,S/Z,Strength Zone,800.00,,800.00,due_or_unpaid,R,,,SEPT 2025,2026-09-10 09:29:22.361896+00
15614,2025-09-01,41,VAJARAVEL BALA A,2025-09-13,G/F,General Fitness,1000.00,1000.00,0.00,paid,PAID,,M,SEPT 2025,2026-09-10 09:29:22.361896+00
15615,2025-09-01,42,SARAVANAN K,2025-09-13,S/Z,Strength Zone,800.00,,800.00,due_or_unpaid,R,,E,SEPT 2025,2026-09-10 09:29:22.361896+00
15616,2025-09-01,43,ARJUN S,2025-09-13,S/Z,Strength Zone,800.00,,800.00,due_or_unpaid,R,,,SEPT 2025,2026-09-10 09:29:22.361896+00
15617,2025-09-01,44,RAM PRASAD,2025-09-14,G/F,General Fitness,1000.00,,1000.00,due_or_unpaid,R,,,SEPT 2025,2026-09-10 09:29:22.361896+00
15618,2025-09-01,45,SANTHOSH,2025-09-01,S/Z,Strength Zone,800.00,,800.00,due_or_unpaid,R,,,SEPT 2025,2026-09-10 09:29:22.361896+00
15619,2025-09-01,46,SRI RAM R,2025-09-14,S/Z,Strength Zone,1000.00,,1900.00,due_or_unpaid,R,,E,SEPT 2025,2026-09-10 09:29:22.361896+00
15620,2025-09-01,47,ANBU N,2025-09-14,G/F,General Fitness,1000.00,,1000.00,due_or_unpaid,R,,,SEPT 2025,2026-09-10 09:29:22.361896+00
15621,2025-09-01,48,ARAVIND KUMAR P,2025-09-14,S/Z,Strength Zone,800.00,,800.00,due_or_unpaid,R,,,SEPT 2025,2026-09-10 09:29:22.361896+00
15622,2025-09-01,49,ARUN S,2025-09-16,G/F,General Fitness,1000.00,,1000.00,due_or_unpaid,R,,,SEPT 2025,2026-09-10 09:29:22.361896+00
15623,2025-09-01,50,AATHI,2025-09-16,S/Z,Strength Zone,800.00,,800.00,due_or_unpaid,R,,,SEPT 2025,2026-09-10 09:29:22.361896+00
15624,2025-09-01,51,JOTHILINGAM R,2025-09-15,G/F,General Fitness,1000.00,,1000.00,due_or_unpaid,R,,,SEPT 2025,2026-09-10 09:29:22.361896+00
15625,2025-09-01,52,VASANTH J,2026-01-15,S/Z,Strength Zone,1000.00,,6000.00,due_or_unpaid,R,,M,SEPT 2025,2026-09-10 09:29:22.361896+00
15626,2025-09-01,53,BETSY PAULINE V,2025-09-16,G/F,General Fitness,1000.00,1000.00,0.00,paid,PAID,,M,SEPT 2025,2026-09-10 09:29:22.361896+00
15627,2025-09-01,54,PREM KUMAR Y,2025-09-16,S/Z,Strength Zone,800.00,,800.00,due_or_unpaid,R,,,SEPT 2025,2026-09-10 09:29:22.361896+00
15628,2025-09-01,55,JAWAID F,2025-09-16,S/Z,Strength Zone,800.00,,800.00,due_or_unpaid,R,,,SEPT 2025,2026-09-10 09:29:22.361896+00
15629,2025-09-01,56,BOBIDUL ISLAM A,2025-09-16,G/F,General Fitness,1000.00,,1000.00,due_or_unpaid,R,,,SEPT 2025,2026-09-10 09:29:22.361896+00
15630,2025-09-01,57,ABDUL KHALAK J,2025-09-16,G/F,General Fitness,1000.00,,1000.00,due_or_unpaid,R,,,SEPT 2025,2026-09-10 09:29:22.361896+00
15631,2025-09-01,58,MEHERUL HAQUE.S,2025-09-16,G/F,General Fitness,1000.00,,1000.00,due_or_unpaid,R,,,SEPT 2025,2026-09-10 09:29:22.361896+00
15632,2025-09-01,59,JAGADEESH M,2025-09-16,G/F,General Fitness,1000.00,,1000.00,due_or_unpaid,R,,,SEPT 2025,2026-09-10 09:29:22.361896+00
15633,2025-09-01,60,FAYAZ AHMED A,2025-09-16,S/Z,Strength Zone,800.00,,800.00,due_or_unpaid,R,,,SEPT 2025,2026-09-10 09:29:22.361896+00
15634,2025-09-01,61,MAMIDUL ALI,2025-09-17,S/Z,Strength Zone,800.00,,800.00,due_or_unpaid,R,,,SEPT 2025,2026-09-10 09:29:22.361896+00
15635,2025-09-01,62,VINOTH KUMAR C,2025-09-17,G/F,General Fitness,800.00,,800.00,due_or_unpaid,R,,,SEPT 2025,2026-09-10 09:29:22.361896+00
15636,2025-09-01,63,ABDUL BATIN U,2025-09-17,S/Z,Strength Zone,800.00,,800.00,due_or_unpaid,R,,,SEPT 2025,2026-09-10 09:29:22.361896+00
15637,2025-09-01,64,NILCHAN ALI,2025-09-17,S/Z,Strength Zone,800.00,,800.00,due_or_unpaid,R,,,SEPT 2025,2026-09-10 09:29:22.361896+00
15638,2025-09-01,65,MOMIRUL HOQUE,2025-09-17,S/Z,Strength Zone,800.00,,800.00,due_or_unpaid,R,,,SEPT 2025,2026-09-10 09:29:22.361896+00
15639,2025-09-01,66,AMIR HAMJA,2025-09-17,S/Z,Strength Zone,800.00,,800.00,due_or_unpaid,R,,,SEPT 2025,2026-09-10 09:29:22.361896+00
15640,2025-09-01,67,SUNIL R,2025-09-17,G/F,General Fitness,1000.00,,1000.00,due_or_unpaid,R,,,SEPT 2025,2026-09-10 09:29:22.361896+00
15641,2025-09-01,68,SUDHAKAR S,2025-09-17,S/Z,Strength Zone,800.00,,800.00,due_or_unpaid,R,,,SEPT 2025,2026-09-10 09:29:22.361896+00
15642,2025-09-01,69,AMINUL ISLAM MD,2025-09-18,S/Z,Strength Zone,800.00,,800.00,due_or_unpaid,R,,,SEPT 2025,2026-09-10 09:29:22.361896+00
15643,2025-09-01,70,TAFIKUL ISLAM,2025-09-18,G/F,General Fitness,1000.00,,800.00,due_or_unpaid,R,,,SEPT 2025,2026-09-10 09:29:22.361896+00
15644,2025-09-01,72,HAFIZUR RAHMAM,2025-09-19,S/Z,Strength Zone,800.00,,800.00,due_or_unpaid,R,,,SEPT 2025,2026-09-10 09:29:22.361896+00
15645,2025-09-01,73,MOJNUR,2025-09-19,S/Z,Strength Zone,800.00,,800.00,due_or_unpaid,R,,,SEPT 2025,2026-09-10 09:29:22.361896+00
15646,2025-09-01,74,YOGESH R,2025-09-19,S/Z,Strength Zone,800.00,,800.00,due_or_unpaid,R,,,SEPT 2025,2026-09-10 09:29:22.361896+00
15647,2025-09-01,75,NAVAS,2025-09-19,G/F,General Fitness,1000.00,,800.00,due_or_unpaid,R,,,SEPT 2025,2026-09-10 09:29:22.361896+00
15648,2025-09-01,76,TAYABUR RAHMAN A,2025-09-20,S/Z,Strength Zone,800.00,,800.00,due_or_unpaid,R,,M,SEPT 2025,2026-09-10 09:29:22.361896+00
15649,2025-09-01,78,RATHISH KUMAR,2025-09-23,G/F,General Fitness,1000.00,1000.00,0.00,paid,PAID,,,SEPT 2025,2026-09-10 09:29:22.361896+00
15650,2025-09-01,78,SANTHOSH,2025-09-29,G/F,General Fitness,1000.00,,1000.00,due_or_unpaid,R,,,SEPT 2025,2026-09-10 09:29:22.361896+00
15651,2025-09-01,79,DARVIN RAJ J,2025-06-10,G/F,General Fitness,1000.00,,1000.00,due_or_unpaid,R,,,SEPT 2025,2026-09-10 09:29:22.361896+00
15652,2025-09-01,80,PRASANTH S,2025-09-23,S/Z,Strength Zone,800.00,,800.00,due_or_unpaid,R,,,SEPT 2025,2026-09-10 09:29:22.361896+00
15653,2025-09-01,81,GURU SHANKAR,2025-09-23,S/Z,Strength Zone,800.00,,800.00,due_or_unpaid,R,,,SEPT 2025,2026-09-10 09:29:22.361896+00
15654,2025-09-01,82,NARJUL ISLAM A,2025-09-23,S/Z,Strength Zone,800.00,,800.00,due_or_unpaid,R,,,SEPT 2025,2026-09-10 09:29:22.361896+00
15655,2025-09-01,83,SANGIT KUMAR SAMANTHA,2025-09-23,G/F,General Fitness,1000.00,,800.00,due_or_unpaid,R,,,SEPT 2025,2026-09-10 09:29:22.361896+00
15656,2025-09-01,84,RAGUL A,2025-09-23,S/Z,Strength Zone,800.00,800.00,0.00,paid,PAID,,E,SEPT 2025,2026-09-10 09:29:22.361896+00
15657,2025-09-01,85,ASWINI SAGAR SWAIN,2025-09-24,S/Z,Strength Zone,800.00,,800.00,due_or_unpaid,R,,,SEPT 2025,2026-09-10 09:29:22.361896+00
15658,2025-09-01,86,DEEPAK M,2025-09-08,G/F,General Fitness,1000.00,1000.00,0.00,paid,PAID,,E,SEPT 2025,2026-09-10 09:29:22.361896+00
15659,2025-09-01,88,NATHAN K,2025-09-25,S/Z,Strength Zone,800.00,,800.00,due_or_unpaid,R,,,SEPT 2025,2026-09-10 09:29:22.361896+00
15660,2025-09-01,89,MOIN UDDIN A,2025-09-25,S/Z,Strength Zone,800.00,,800.00,due_or_unpaid,R,,,SEPT 2025,2026-09-10 09:29:22.361896+00
15661,2025-09-01,90,ALI AHMED R,2025-09-25,S/Z,Strength Zone,800.00,,800.00,due_or_unpaid,R,,,SEPT 2025,2026-09-10 09:29:22.361896+00
15662,2025-09-01,91,ABINASH S,2025-09-27,S/Z,Strength Zone,800.00,,800.00,due_or_unpaid,R,,E,SEPT 2025,2026-09-10 09:29:22.361896+00
15663,2025-09-01,92,ARAVIND S,2025-09-28,S/Z,Strength Zone,800.00,,800.00,due_or_unpaid,R,,,SEPT 2025,2026-09-10 09:29:22.361896+00
15664,2025-09-01,93,ASHADUL,2025-09-30,G/F,General Fitness,1000.00,,800.00,due_or_unpaid,R,,,SEPT 2025,2026-09-10 09:29:22.361896+00
15665,2025-09-01,94,GUHAN A,2025-09-30,S/Z,Strength Zone,800.00,,800.00,due_or_unpaid,R,,,SEPT 2025,2026-09-10 09:29:22.361896+00
15666,2025-09-01,95,ROKIBUL HUSSAIN A,2025-09-30,S/Z,Strength Zone,800.00,,800.00,due_or_unpaid,R,,,SEPT 2025,2026-09-10 09:29:22.361896+00
15667,2025-09-01,96,MERVYN,2025-10-01,G/F,General Fitness,7000.00,,7000.00,paid,PAID,,,SEPT 2025,2026-09-10 09:29:22.361896+00
15668,2025-09-01,97,MICHAEL A,2025-09-01,S/Z,Strength Zone,800.00,,800.00,due_or_unpaid,R,,,SEPT 2025,2026-09-10 09:29:22.361896+00
15669,2025-09-01,98,SUGAN RAJ M,2025-09-01,S/Z,Strength Zone,800.00,,800.00,due_or_unpaid,R,,,SEPT 2025,2026-09-10 09:29:22.361896+00
15670,2025-09-01,99,SHUTRUGHAN KUMAR R,2025-09-01,G/F,General Fitness,800.00,,800.00,due_or_unpaid,R,,,SEPT 2025,2026-09-10 09:29:22.361896+00
15671,2025-09-01,100,DAVID A,2025-09-02,G/F,General Fitness,1000.00,,1000.00,due_or_unpaid,R,,,SEPT 2025,2026-09-10 09:29:22.361896+00
15672,2025-09-01,101,PETER A,2025-09-02,G/F,General Fitness,1000.00,,1000.00,due_or_unpaid,R,,,SEPT 2025,2026-09-10 09:29:22.361896+00
15673,2025-09-01,102,KUMARAN M,2025-09-02,S/Z,Strength Zone,800.00,,800.00,due_or_unpaid,R,,,SEPT 2025,2026-09-10 09:29:22.361896+00
15674,2025-09-01,103,CHARAN KUMAR V,2025-09-02,S/Z,Strength Zone,800.00,,800.00,due_or_unpaid,R,,,SEPT 2025,2026-09-10 09:29:22.361896+00
15675,2025-09-01,104,SETTU E,2025-09-03,S/Z,Strength Zone,800.00,,800.00,due_or_unpaid,R,,,SEPT 2025,2026-09-10 09:29:22.361896+00
15676,2025-09-01,105,NITHISH KUMAR S,2025-09-15,S/Z,Strength Zone,800.00,800.00,0.00,paid,PAID,,E,SEPT 2025,2026-09-10 09:29:22.361896+00
15677,2025-09-01,106,RAMESH S,2025-09-04,G/F,General Fitness,1000.00,,1000.00,due_or_unpaid,R,,,SEPT 2025,2026-09-10 09:29:22.361896+00
15678,2025-09-01,107,SANJAN V,2025-09-05,S/Z,Strength Zone,800.00,,800.00,due_or_unpaid,R,,,SEPT 2025,2026-09-10 09:29:22.361896+00
15679,2025-09-01,108,DIVAKAR M,2025-09-05,G/F,General Fitness,1000.00,,1000.00,due_or_unpaid,R,,,SEPT 2025,2026-09-10 09:29:22.361896+00
15680,2025-09-01,109,DANIEL R,2025-09-05,S/Z,Strength Zone,800.00,800.00,0.00,paid,PAID,,M,SEPT 2025,2026-09-10 09:29:22.361896+00
15681,2025-09-01,110,MANIKANADAN,2025-09-07,G/F,General Fitness,1000.00,,1000.00,due_or_unpaid,R,,,SEPT 2025,2026-09-10 09:29:22.361896+00
15682,2025-09-01,111,PRITHIVIKASH,2025-09-26,S/Z,Strength Zone,800.00,,800.00,due_or_unpaid,R,,,SEPT 2025,2026-09-10 09:29:22.361896+00
15683,2025-09-01,112,CHANDRU,2025-09-08,S/Z,Strength Zone,800.00,,800.00,due_or_unpaid,R,,,SEPT 2025,2026-09-10 09:29:22.361896+00
15684,2025-09-01,113,SANJAY J,2025-10-04,S/Z,Strength Zone,800.00,800.00,0.00,paid,PAID,,M,SEPT 2025,2026-09-10 09:29:22.361896+00
15685,2025-09-01,114,AJITH D,2025-09-09,S/Z,Strength Zone,800.00,,800.00,due_or_unpaid,R,,,SEPT 2025,2026-09-10 09:29:22.361896+00
15686,2025-09-01,115,SANJAY B,2025-09-09,S/Z,Strength Zone,800.00,,800.00,due_or_unpaid,R,,,SEPT 2025,2026-09-10 09:29:22.361896+00
15687,2025-09-01,116,TAMIL SELVAN M,2025-09-12,S/Z,Strength Zone,800.00,,800.00,due_or_unpaid,R,,,SEPT 2025,2026-09-10 09:29:22.361896+00
15688,2025-09-01,117,ARUN YADAV,2025-09-12,S/Z,Strength Zone,800.00,,800.00,due_or_unpaid,R,,,SEPT 2025,2026-09-10 09:29:22.361896+00
15689,2025-09-01,118,GIRI S,2025-09-13,S/Z,Strength Zone,800.00,,800.00,due_or_unpaid,R,,,SEPT 2025,2026-09-10 09:29:22.361896+00
15690,2025-09-01,119,JOHNSON S,2025-09-14,S/Z,Strength Zone,800.00,,800.00,due_or_unpaid,R,,,SEPT 2025,2026-09-10 09:29:22.361896+00
15691,2025-09-01,120,DEEPAK BILUNG,2025-09-15,S/Z,Strength Zone,800.00,,800.00,due_or_unpaid,R,,,SEPT 2025,2026-09-10 09:29:22.361896+00
15692,2025-09-01,121,BINU,2025-09-15,S/Z,Strength Zone,800.00,,800.00,due_or_unpaid,R,,,SEPT 2025,2026-09-10 09:29:22.361896+00
15693,2025-09-01,122,SOHEL RANA,2025-09-16,G/F,General Fitness,1000.00,,1000.00,due_or_unpaid,R,,,SEPT 2025,2026-09-10 09:29:22.361896+00
15694,2025-09-01,123,CHAITANYA K,2025-09-17,G/F,General Fitness,1000.00,,1000.00,due_or_unpaid,R,,,SEPT 2025,2026-09-10 09:29:22.361896+00
15695,2025-09-01,124,KATHIRAVAN.E,2025-09-18,S/Z,Strength Zone,800.00,,800.00,due_or_unpaid,R,,,SEPT 2025,2026-09-10 09:29:22.361896+00
15696,2025-09-01,125,MOORTHY R,2025-09-18,S/Z,Strength Zone,800.00,,800.00,due_or_unpaid,R,,E,SEPT 2025,2026-09-10 09:29:22.361896+00
15697,2025-09-01,126,SANJAY S,2025-09-18,S/Z,Strength Zone,800.00,,800.00,due_or_unpaid,R,,,SEPT 2025,2026-09-10 09:29:22.361896+00
15698,2025-09-01,127,PERUMAL V,2025-09-19,S/Z,Strength Zone,800.00,,800.00,due_or_unpaid,R,,,SEPT 2025,2026-09-10 09:29:22.361896+00
15699,2025-09-01,128,EMAMUL HUSSAIN A,2025-09-20,S/Z,Strength Zone,800.00,,800.00,due_or_unpaid,R,,,SEPT 2025,2026-09-10 09:29:22.361896+00
15700,2025-09-01,129,JEEVA M,2025-09-21,S/Z,Strength Zone,800.00,,1000.00,due_or_unpaid,R,,,SEPT 2025,2026-09-10 09:29:22.361896+00
15701,2025-09-01,130,ARAVIND S,2025-09-19,S/Z,Strength Zone,800.00,,800.00,due_or_unpaid,R,,E,SEPT 2025,2026-09-10 09:29:22.361896+00
15702,2025-09-01,131,SURESH P,2025-09-28,S/Z,Strength Zone,800.00,,800.00,due_or_unpaid,R,,,SEPT 2025,2026-09-10 09:29:22.361896+00
15703,2025-09-01,132,KAMAL M,2025-09-28,S/Z,Strength Zone,800.00,,800.00,due_or_unpaid,R,,M,SEPT 2025,2026-09-10 09:29:22.361896+00
15704,2025-09-01,133,FARHAN,2025-09-29,S/Z,Strength Zone,800.00,,800.00,due_or_unpaid,R,,,SEPT 2025,2026-09-10 09:29:22.361896+00
15705,2025-09-01,134,HARISHIT D,2025-09-30,S/Z,Strength Zone,800.00,,800.00,due_or_unpaid,R,,,SEPT 2025,2026-09-10 09:29:22.361896+00
15706,2025-09-01,135,BALAJI Y,2025-09-01,G/F,General Fitness,800.00,,800.00,due_or_unpaid,R,,,SEPT 2025,2026-09-10 09:29:22.361896+00
15707,2025-09-01,136,PETER A,2026-04-01,G/F,General Fitness,1000.00,,7500.00,paid,PAID,,M,SEPT 2025,2026-09-10 09:29:22.361896+00
15708,2025-09-01,137,KAMESH R,2025-09-08,S/Z,Strength Zone,800.00,800.00,0.00,paid,PAID,,,SEPT 2025,2026-09-10 09:29:22.361896+00
15709,2025-09-01,138,PREM S,2025-09-04,S/Z,Strength Zone,800.00,,800.00,due_or_unpaid,R,,,SEPT 2025,2026-09-10 09:29:22.361896+00
15710,2025-09-01,139,VIMAL RAJ R,2025-09-04,S/Z,Strength Zone,800.00,,800.00,due_or_unpaid,R,,,SEPT 2025,2026-09-10 09:29:22.361896+00
15711,2025-09-01,140,JOSEPH,2025-09-04,S/Z,Strength Zone,800.00,,800.00,due_or_unpaid,R,,,SEPT 2025,2026-09-10 09:29:22.361896+00
15712,2025-09-01,141,ALA IMRAN A,2025-09-04,G/F,General Fitness,1000.00,1000.00,0.00,paid,PAID,,E,SEPT 2025,2026-09-10 09:29:22.361896+00
15713,2025-09-01,142,HAZRAT ALI,2025-09-05,S/Z,Strength Zone,800.00,,800.00,due_or_unpaid,R,,,SEPT 2025,2026-09-10 09:29:22.361896+00
15714,2025-09-01,143,MAHESHWAR GOPE,2025-09-05,S/Z,Strength Zone,800.00,,800.00,due_or_unpaid,R,,,SEPT 2025,2026-09-10 09:29:22.361896+00
15715,2025-09-01,144,SAKTHI DS,2025-09-09,S/Z,Strength Zone,800.00,,800.00,due_or_unpaid,R,,,SEPT 2025,2026-09-10 09:29:22.361896+00
15716,2025-09-01,145,MUKESH S,2025-09-09,S/Z,Strength Zone,800.00,,800.00,due_or_unpaid,R,,,SEPT 2025,2026-09-10 09:29:22.361896+00
15717,2025-09-01,146,AKASH SATHIVEL,2025-09-10,G/F,General Fitness,1000.00,,1000.00,due_or_unpaid,R,,,SEPT 2025,2026-09-10 09:29:22.361896+00
15718,2025-09-01,147,SARAN RAJ S,2025-09-10,G/F,General Fitness,1000.00,,1000.00,due_or_unpaid,R,,,SEPT 2025,2026-09-10 09:29:22.361896+00
15719,2025-09-01,148,SUDHAKAR S,2025-09-11,G/F,General Fitness,800.00,1000.00,0.00,paid,PAID,,M/E,SEPT 2025,2026-09-10 09:29:22.361896+00
15720,2025-09-01,149,UMAMAHESWARA RAO,2025-09-11,G/F,General Fitness,1000.00,,1000.00,due_or_unpaid,R,,,SEPT 2025,2026-09-10 09:29:22.361896+00
15721,2025-09-01,150,BARKATHULLAM K A,2025-09-13,G/F,General Fitness,1000.00,,1000.00,due_or_unpaid,R,,,SEPT 2025,2026-09-10 09:29:22.361896+00
15722,2025-09-01,151,ABDUL KALAM A,2025-09-13,G/F,General Fitness,1000.00,,1000.00,due_or_unpaid,R,,,SEPT 2025,2026-09-10 09:29:22.361896+00
15723,2025-09-01,152,JARDIS SK M,2025-09-13,S/Z,Strength Zone,800.00,,800.00,due_or_unpaid,R,,,SEPT 2025,2026-09-10 09:29:22.361896+00
15724,2025-09-01,153,MANOJ M,2025-09-14,S/Z,Strength Zone,800.00,,800.00,due_or_unpaid,R,,,SEPT 2025,2026-09-10 09:29:22.361896+00
15725,2025-09-01,154,NANTHA KUMAR A,2025-09-14,S/Z,Strength Zone,800.00,,1000.00,due_or_unpaid,R,,,SEPT 2025,2026-09-10 09:29:22.361896+00
15726,2025-09-01,155,MANOJ E,2025-09-14,S/Z,Strength Zone,800.00,,800.00,due_or_unpaid,R,,M,SEPT 2025,2026-09-10 09:29:22.361896+00
15727,2025-09-01,156,PRAVEEN KUMAR S,2025-09-28,G/F,General Fitness,800.00,,800.00,due_or_unpaid,R,,E,SEPT 2025,2026-09-10 09:29:22.361896+00
15728,2025-09-01,157,SURYA S,2025-09-23,S/Z,Strength Zone,800.00,,800.00,due_or_unpaid,R,,,SEPT 2025,2026-09-10 09:29:22.361896+00
15729,2025-09-01,158,MURALI S,2025-09-23,S/Z,Strength Zone,800.00,,800.00,due_or_unpaid,R,,,SEPT 2025,2026-09-10 09:29:22.361896+00
15730,2025-09-01,159,RITHISH V,2025-09-18,S/Z,Strength Zone,800.00,,800.00,due_or_unpaid,R,,,SEPT 2025,2026-09-10 09:29:22.361896+00
15731,2025-09-01,160,EMIMAL M,2025-09-19,G/F,General Fitness,1000.00,,800.00,due_or_unpaid,R,,,SEPT 2025,2026-09-10 09:29:22.361896+00
15732,2025-09-01,161,YUVAN SHANKAR T,2025-09-17,G/F,General Fitness,1000.00,1000.00,0.00,paid,PAID,,M/E,SEPT 2025,2026-09-10 09:29:22.361896+00
15733,2025-09-01,162,JENIFER S,2025-09-04,G/F,General Fitness,1000.00,,1000.00,due_or_unpaid,R,,,SEPT 2025,2026-09-10 09:29:22.361896+00
15734,2025-09-01,163,SANJEEV D.S,2025-09-04,S/Z,Strength Zone,800.00,,800.00,due_or_unpaid,R,,,SEPT 2025,2026-09-10 09:29:22.361896+00
15735,2025-09-01,164,VASANTH KUMAR G,2025-09-05,S/Z,Strength Zone,800.00,,800.00,due_or_unpaid,R,,,SEPT 2025,2026-09-10 09:29:22.361896+00
15736,2025-09-01,165,KISHORE KUMAR V,2025-09-07,S/Z,Strength Zone,800.00,,800.00,due_or_unpaid,R,,,SEPT 2025,2026-09-10 09:29:22.361896+00
15737,2025-09-01,166,SANTHOSH KUMAR S,2025-09-07,S/Z,Strength Zone,800.00,,800.00,due_or_unpaid,R,,,SEPT 2025,2026-09-10 09:29:22.361896+00
15738,2025-09-01,167,SANTHOSH KUMAR A,2025-09-09,S/Z,Strength Zone,800.00,,800.00,due_or_unpaid,R,,E,SEPT 2025,2026-09-10 09:29:22.361896+00
15739,2025-09-01,168,ETHIRAJ T,2025-09-09,S/Z,Strength Zone,800.00,,800.00,due_or_unpaid,R,,,SEPT 2025,2026-09-10 09:29:22.361896+00
15740,2025-09-01,169,PRASANTH M,2025-09-10,G/F,General Fitness,1000.00,,1000.00,due_or_unpaid,R,,,SEPT 2025,2026-09-10 09:29:22.361896+00
15741,2025-09-01,170,RAGHUL R,2025-09-12,S/Z,Strength Zone,800.00,,800.00,due_or_unpaid,R,,,SEPT 2025,2026-09-10 09:29:22.361896+00
15742,2025-09-01,171,GOWTHAM S,2025-09-16,G/F,General Fitness,1000.00,,1000.00,due_or_unpaid,R,,,SEPT 2025,2026-09-10 09:29:22.361896+00
15743,2025-09-01,172,RAJESH S,2025-09-16,G/F,General Fitness,1000.00,,1000.00,due_or_unpaid,R,,,SEPT 2025,2026-09-10 09:29:22.361896+00
15744,2025-09-01,173,AATHIYAPPAN S,2025-09-04,S/Z,Strength Zone,800.00,800.00,0.00,paid,PAID,,E,SEPT 2025,2026-09-10 09:29:22.361896+00
15745,2025-09-01,174,GODSON PRAVEEN J,2025-09-19,G/F,General Fitness,1000.00,,800.00,due_or_unpaid,R,,,SEPT 2025,2026-09-10 09:29:22.361896+00
15746,2025-09-01,175,KABILAN R,2025-09-26,S/Z,Strength Zone,800.00,,800.00,due_or_unpaid,R,,,SEPT 2025,2026-09-10 09:29:22.361896+00
15747,2025-09-01,176,KAMAL S,2025-09-28,S/Z,Strength Zone,1000.00,,800.00,due_or_unpaid,R,,E,SEPT 2025,2026-09-10 09:29:22.361896+00
15748,2025-09-01,177,MOHAMED ASHWAQ S,2025-09-02,S/Z,Strength Zone,800.00,,800.00,due_or_unpaid,R,,,SEPT 2025,2026-09-10 09:29:22.361896+00
15749,2025-09-01,178,VICKY,2025-09-03,S/Z,Strength Zone,800.00,,800.00,due_or_unpaid,R,,,SEPT 2025,2026-09-10 09:29:22.361896+00
15750,2025-09-01,180,DEEPAK G,2025-09-05,G/F,General Fitness,1000.00,,1000.00,due_or_unpaid,R,,,SEPT 2025,2026-09-10 09:29:22.361896+00
15751,2025-09-01,181,AGILESHWARAN M,2025-09-09,S/Z,Strength Zone,800.00,,800.00,due_or_unpaid,R,,,SEPT 2025,2026-09-10 09:29:22.361896+00
15752,2025-09-01,182,MUKESH R,2025-09-11,S/Z,Strength Zone,800.00,,800.00,due_or_unpaid,R,,,SEPT 2025,2026-09-10 09:29:22.361896+00
15753,2025-09-01,183,SACHIN AARON T,2025-09-17,S/Z,Strength Zone,800.00,,800.00,due_or_unpaid,R,,,SEPT 2025,2026-09-10 09:29:22.361896+00
15754,2025-09-01,184,SANTHOSH R,2025-09-21,S/Z,Strength Zone,800.00,,800.00,due_or_unpaid,R,,M,SEPT 2025,2026-09-10 09:29:22.361896+00
15755,2025-09-01,185,VISHNU VARTHAN S,2025-09-21,S/Z,Strength Zone,800.00,1600.00,0.00,paid,R,,E,SEPT 2025,2026-09-10 09:29:22.361896+00
15756,2025-09-01,186,MOGESH V,2025-09-25,S/Z,Strength Zone,800.00,,800.00,due_or_unpaid,R,,,SEPT 2025,2026-09-10 09:29:22.361896+00
15757,2025-09-01,187,VISHWA R A,2025-09-27,S/Z,Strength Zone,800.00,,800.00,due_or_unpaid,R,,,SEPT 2025,2026-09-10 09:29:22.361896+00
15758,2025-09-01,188,RAMASUBRAMANI K,2025-09-29,S/Z,Strength Zone,800.00,,800.00,due_or_unpaid,R,,E,SEPT 2025,2026-09-10 09:29:22.361896+00
15759,2025-09-01,189,DHANASINGH P,2025-09-29,S/Z,Strength Zone,800.00,,800.00,due_or_unpaid,R,,E,SEPT 2025,2026-09-10 09:29:22.361896+00
15760,2025-09-01,190,AMAR NATH R,2025-09-03,G/F,General Fitness,1000.00,,1000.00,due_or_unpaid,R,,,SEPT 2025,2026-09-10 09:29:22.361896+00
15761,2025-09-01,191,PUVIYARASAN G,2025-09-10,S/Z,Strength Zone,800.00,800.00,0.00,paid,PAID,,M,SEPT 2025,2026-09-10 09:29:22.361896+00
15762,2025-09-01,192,DINESH KUMAR R,2025-09-04,S/Z,Strength Zone,800.00,,800.00,due_or_unpaid,R,,M,SEPT 2025,2026-09-10 09:29:22.361896+00
15763,2025-09-01,193,ARUN KUMAR R,2025-09-04,G/F,General Fitness,1000.00,,1000.00,due_or_unpaid,R,,,SEPT 2025,2026-09-10 09:29:22.361896+00
15764,2025-09-01,194,ASWIN P BENNY,2025-09-04,G/F,General Fitness,1000.00,,1000.00,due_or_unpaid,R,,,SEPT 2025,2026-09-10 09:29:22.361896+00
15765,2025-09-01,195,ROCK R,2025-09-04,S/Z,Strength Zone,800.00,,800.00,due_or_unpaid,R,,,SEPT 2025,2026-09-10 09:29:22.361896+00
15766,2025-09-01,196,SURIYA PRAKASH M,2025-09-12,S/Z,Strength Zone,800.00,,800.00,due_or_unpaid,R,,,SEPT 2025,2026-09-10 09:29:22.361896+00
15767,2025-09-01,197,BHARATHI RAJA M,2025-09-12,G/F,General Fitness,1000.00,,1000.00,due_or_unpaid,R,,,SEPT 2025,2026-09-10 09:29:22.361896+00
15768,2025-09-01,198,SURYA R,2025-09-12,S/Z,Strength Zone,800.00,,800.00,due_or_unpaid,R,,E,SEPT 2025,2026-09-10 09:29:22.361896+00
15769,2025-09-01,199,MADHUWANTH K,2025-09-13,S/Z,Strength Zone,800.00,,800.00,due_or_unpaid,R,,,SEPT 2025,2026-09-10 09:29:22.361896+00
15770,2025-09-01,200,DHAYALAN R,2025-07-21,G/F,General Fitness,1000.00,,1000.00,due_or_unpaid,R,,,SEPT 2025,2026-09-10 09:29:22.361896+00
15771,2025-09-01,201,KARTHI BALAJI R,2025-09-13,S/Z,Strength Zone,800.00,,800.00,due_or_unpaid,R,,,SEPT 2025,2026-09-10 09:29:22.361896+00
15772,2025-09-01,202,HARI KRISHNAN G,2025-09-18,G/F,General Fitness,1000.00,1000.00,0.00,paid,PAID,,M/E,SEPT 2025,2026-09-10 09:29:22.361896+00
15773,2025-09-01,203,VIGNESH K,2025-09-18,G/F,General Fitness,1000.00,1000.00,0.00,paid,PAID,,M/E,SEPT 2025,2026-09-10 09:29:22.361896+00
15774,2025-09-01,204,AKASH C,2025-09-20,S/Z,Strength Zone,800.00,,800.00,due_or_unpaid,R,,,SEPT 2025,2026-09-10 09:29:22.361896+00
15775,2025-09-01,205,MANI MARAN M,2025-09-20,S/Z,Strength Zone,800.00,,800.00,due_or_unpaid,R,,,SEPT 2025,2026-09-10 09:29:22.361896+00
15776,2025-09-01,206,SANTHA KUMAR S,2025-09-24,G/F,General Fitness,1000.00,,1000.00,due_or_unpaid,R,,,SEPT 2025,2026-09-10 09:29:22.361896+00
15777,2025-09-01,207,SANJAY S,2025-09-24,S/Z,Strength Zone,800.00,,800.00,due_or_unpaid,R,,,SEPT 2025,2026-09-10 09:29:22.361896+00
15778,2025-09-01,208,SEEN N,2025-09-24,S/Z,Strength Zone,800.00,,800.00,due_or_unpaid,R,,M,SEPT 2025,2026-09-10 09:29:22.361896+00
15779,2025-09-01,209,PASUPATHI M,2025-09-25,G/F,General Fitness,1000.00,,1000.00,due_or_unpaid,R,,M,SEPT 2025,2026-09-10 09:29:22.361896+00
15780,2025-09-01,210,NAVEEN K.M,2025-09-03,G/F,General Fitness,1000.00,1000.00,0.00,paid,PAID,,M,SEPT 2025,2026-09-10 09:29:22.361896+00
15781,2025-09-01,211,SUNIL KUMAR H,2025-09-03,S/Z,Strength Zone,800.00,,800.00,due_or_unpaid,R,,,SEPT 2025,2026-09-10 09:29:22.361896+00
15782,2025-09-01,212,ALI,2025-09-03,S/Z,Strength Zone,800.00,,800.00,due_or_unpaid,R,,,SEPT 2025,2026-09-10 09:29:22.361896+00
15783,2025-09-01,213,SADDAM,2025-09-03,S/Z,Strength Zone,800.00,,800.00,due_or_unpaid,R,,,SEPT 2025,2026-09-10 09:29:22.361896+00
15784,2025-09-01,214,SUMAN RAJ P,2025-09-10,G/F,General Fitness,1000.00,,1000.00,due_or_unpaid,R,,,SEPT 2025,2026-09-10 09:29:22.361896+00
15785,2025-09-01,215,MICHEAL PRAKASH P,2025-09-11,G/F,General Fitness,1000.00,,1000.00,due_or_unpaid,R,,,SEPT 2025,2026-09-10 09:29:22.361896+00
15786,2025-09-01,216,RAJA K,2025-09-11,G/F,General Fitness,1000.00,,1000.00,due_or_unpaid,R,,,SEPT 2025,2026-09-10 09:29:22.361896+00
15787,2025-09-01,217,SANJAY P R,2025-09-11,S/Z,Strength Zone,800.00,,800.00,due_or_unpaid,R,,,SEPT 2025,2026-09-10 09:29:22.361896+00
15788,2025-09-01,218,NARENDRAN,2025-09-14,S/Z,Strength Zone,800.00,,800.00,due_or_unpaid,R,,,SEPT 2025,2026-09-10 09:29:22.361896+00
15789,2025-09-01,219,SUNIL P,2025-09-13,S/Z,Strength Zone,800.00,,800.00,due_or_unpaid,R,,,SEPT 2025,2026-09-10 09:29:22.361896+00
15790,2025-09-01,220,VENKAT,2025-09-13,G/F,General Fitness,1000.00,,1000.00,due_or_unpaid,R,,,SEPT 2025,2026-09-10 09:29:22.361896+00
15791,2025-09-01,221,KARTHICK R,2025-09-15,S/Z,Strength Zone,800.00,,800.00,due_or_unpaid,R,,,SEPT 2025,2026-09-10 09:29:22.361896+00
15792,2025-09-01,222,MUNISH KUMAR B,2025-09-17,S/Z,Strength Zone,800.00,800.00,0.00,paid,PAID,,M,SEPT 2025,2026-09-10 09:29:22.361896+00
15793,2025-09-01,223,RAJIBUL ALI T,2025-09-22,S/Z,Strength Zone,800.00,,800.00,due_or_unpaid,R,,,SEPT 2025,2026-09-10 09:29:22.361896+00
15794,2025-09-01,224,MOHANRAJ P,2025-09-24,G/F,General Fitness,1000.00,,1000.00,due_or_unpaid,R,,E,SEPT 2025,2026-09-10 09:29:22.361896+00
15795,2025-09-01,225,RAVINDHAREN,2025-09-25,S/Z,Strength Zone,800.00,,800.00,due_or_unpaid,R,,,SEPT 2025,2026-09-10 09:29:22.361896+00
15796,2025-09-01,226,SURESH M,2025-09-01,S/Z,Strength Zone,800.00,,800.00,due_or_unpaid,R,,M,SEPT 2025,2026-09-10 09:29:22.361896+00
15797,2025-09-01,227,KARTHIK DHANASEKAR,2025-09-01,S/Z,Strength Zone,800.00,800.00,0.00,paid,PAID,,M,SEPT 2025,2026-09-10 09:29:22.361896+00
15798,2025-09-01,228,MANIKANDAN D,2025-09-01,S/Z,Strength Zone,800.00,,800.00,due_or_unpaid,R,,M,SEPT 2025,2026-09-10 09:29:22.361896+00
15799,2025-09-01,229,VISHVA,2025-09-01,S/Z,Strength Zone,800.00,,800.00,due_or_unpaid,R,,,SEPT 2025,2026-09-10 09:29:22.361896+00
15800,2025-09-01,230,SHYAM K,2025-09-04,S/Z,Strength Zone,800.00,,800.00,due_or_unpaid,R,,,SEPT 2025,2026-09-10 09:29:22.361896+00
15801,2025-09-01,231,SHASHANTH S,2025-09-05,S/Z,Strength Zone,800.00,800.00,0.00,paid,PAID,,E,SEPT 2025,2026-09-10 09:29:22.361896+00
15802,2025-09-01,232,ANIL KUMAR,2025-09-05,S/Z,Strength Zone,800.00,,800.00,due_or_unpaid,R,,,SEPT 2025,2026-09-10 09:29:22.361896+00
15803,2025-09-01,233,NIKHIL NAYAK L,2025-09-07,S/Z,Strength Zone,800.00,,800.00,due_or_unpaid,R,,,SEPT 2025,2026-09-10 09:29:22.361896+00
15804,2025-09-01,234,PINKU NAYAK C,2025-09-07,S/Z,Strength Zone,800.00,,800.00,due_or_unpaid,R,,,SEPT 2025,2026-09-10 09:29:22.361896+00
15805,2025-09-01,235,AKASH S,2025-09-01,G/F,General Fitness,1000.00,,1000.00,due_or_unpaid,R,,,SEPT 2025,2026-09-10 09:29:22.361896+00
15806,2025-09-01,236,ANAND,2025-09-08,G/F,General Fitness,1000.00,1000.00,0.00,paid,PAID,,M,SEPT 2025,2026-09-10 09:29:22.361896+00
15807,2025-09-01,237,LOHIT NAYAK,2025-09-12,S/Z,Strength Zone,800.00,,800.00,due_or_unpaid,R,,,SEPT 2025,2026-09-10 09:29:22.361896+00
15808,2025-09-01,238,RIMPLE KUMAR,2025-09-15,S/Z,Strength Zone,800.00,,800.00,due_or_unpaid,R,,M,SEPT 2025,2026-09-10 09:29:22.361896+00
15809,2025-09-01,239,GOPINATH M,2025-09-17,G/F,General Fitness,1000.00,,1000.00,due_or_unpaid,R,,,SEPT 2025,2026-09-10 09:29:22.361896+00
15810,2025-09-01,239,GOPINATH M,2025-09-19,S/Z,Strength Zone,800.00,,800.00,due_or_unpaid,R,,,SEPT 2025,2026-09-10 09:29:22.361896+00
15811,2025-09-01,240,YOGESH G,2025-09-21,S/Z,Strength Zone,800.00,,800.00,due_or_unpaid,R,,,SEPT 2025,2026-09-10 09:29:22.361896+00
15812,2025-09-01,240,YOGESH G,2025-09-24,S/Z,Strength Zone,800.00,,800.00,due_or_unpaid,R,,,SEPT 2025,2026-09-10 09:29:22.361896+00
15813,2025-09-01,241,PRADHAP V,2025-09-21,S/Z,Strength Zone,800.00,,800.00,due_or_unpaid,R,,,SEPT 2025,2026-09-10 09:29:22.361896+00
15814,2025-09-01,241,PRADHAP V,2025-09-24,S/Z,Strength Zone,800.00,,800.00,due_or_unpaid,R,,,SEPT 2025,2026-09-10 09:29:22.361896+00
15815,2025-09-01,242,AJAY A,2025-09-26,S/Z,Strength Zone,800.00,,800.00,due_or_unpaid,R,,E,SEPT 2025,2026-09-10 09:29:22.361896+00
15816,2025-09-01,244,BABU K,2025-09-26,G/F,General Fitness,1000.00,,1000.00,due_or_unpaid,R,,,SEPT 2025,2026-09-10 09:29:22.361896+00
15817,2025-09-01,245,KISHORE S,2025-09-03,G/F,General Fitness,1000.00,,1000.00,due_or_unpaid,R,,M,SEPT 2025,2026-09-10 09:29:22.361896+00
15818,2025-09-01,246,SURESH,2025-09-05,S/Z,Strength Zone,800.00,,800.00,due_or_unpaid,R,,,SEPT 2025,2026-09-10 09:29:22.361896+00
15819,2025-09-01,247,VIVEK,2025-11-05,S/Z,Strength Zone,800.00,,800.00,due_or_unpaid,R,,M,SEPT 2025,2026-09-10 09:29:22.361896+00
15820,2025-09-01,248,ELAKKIAN,2025-09-05,G/F,General Fitness,1000.00,,1000.00,due_or_unpaid,R,,,SEPT 2025,2026-09-10 09:29:22.361896+00
15821,2025-09-01,249,DEEPAK C,2025-09-05,G/F,General Fitness,1000.00,1000.00,0.00,paid,PAID,,E,SEPT 2025,2026-09-10 09:29:22.361896+00
15822,2025-09-01,250,RESHATH S,2025-09-06,S/Z,Strength Zone,800.00,,800.00,due_or_unpaid,R,,,SEPT 2025,2026-09-10 09:29:22.361896+00
15823,2025-09-01,251,ARAVINTHAN S,2025-09-12,G/F,General Fitness,1000.00,1000.00,0.00,paid,PAID,,M/E,SEPT 2025,2026-09-10 09:29:22.361896+00
15824,2025-09-01,252,MAULIRAJ V,2025-09-13,S/Z,Strength Zone,800.00,,800.00,due_or_unpaid,R,,M,SEPT 2025,2026-09-10 09:29:22.361896+00
15825,2025-09-01,253,DHAYANATHAN,2025-09-25,S/Z,Strength Zone,800.00,,800.00,due_or_unpaid,R,,M,SEPT 2025,2026-09-10 09:29:22.361896+00
15826,2025-09-01,254,SELVAM K,2025-09-14,S/Z,Strength Zone,1000.00,,1000.00,due_or_unpaid,R,,M/E,SEPT 2025,2026-09-10 09:29:22.361896+00
15827,2025-09-01,255,VIJAYAN .S,2025-09-08,G/F,General Fitness,1000.00,800.00,800.00,paid,PAID,,M,SEPT 2025,2026-09-10 09:29:22.361896+00
15828,2025-09-01,256,KARTHICK M,2025-09-19,S/Z,Strength Zone,800.00,,800.00,due_or_unpaid,R,,,SEPT 2025,2026-09-10 09:29:22.361896+00
15829,2025-09-01,257,PAWN KUMAR,2025-09-26,S/Z,Strength Zone,800.00,,800.00,due_or_unpaid,R,,M,SEPT 2025,2026-09-10 09:29:22.361896+00
15830,2025-09-01,258,BEENAUVV V,2025-09-05,G/F,General Fitness,1000.00,,1000.00,due_or_unpaid,R,,,SEPT 2025,2026-09-10 09:29:22.361896+00
15831,2025-09-01,259,PRADEEP KUMAR G,2025-09-04,G/F,General Fitness,1000.00,,1000.00,due_or_unpaid,R,,,SEPT 2025,2026-09-10 09:29:22.361896+00
15832,2025-09-01,260,BARATH R,2025-09-10,S/Z,Strength Zone,800.00,800.00,0.00,paid,PAID,,M,SEPT 2025,2026-09-10 09:29:22.361896+00
15833,2025-09-01,261,MANIKANDAN L,2025-09-12,G/F,General Fitness,1000.00,,1000.00,due_or_unpaid,R,,M,SEPT 2025,2026-09-10 09:29:22.361896+00
15834,2025-09-01,262,RANJITH A,2025-09-13,G/F,General Fitness,1000.00,,1000.00,due_or_unpaid,R,,M,SEPT 2025,2026-09-10 09:29:22.361896+00
15835,2025-09-01,263,SHANMATHI E,2025-09-16,G/F,General Fitness,1000.00,,1000.00,due_or_unpaid,R,,,SEPT 2025,2026-09-10 09:29:22.361896+00
15836,2025-09-01,264,VENKATESH K,2025-09-19,S/Z,Strength Zone,800.00,,800.00,due_or_unpaid,R,,M,SEPT 2025,2026-09-10 09:29:22.361896+00
15837,2025-09-01,265,ANKUR GUWALA J,2025-09-19,S/Z,Strength Zone,800.00,,800.00,due_or_unpaid,R,,M,SEPT 2025,2026-09-10 09:29:22.361896+00
15838,2025-09-01,266,PRANESH M,2025-09-20,S/Z,Strength Zone,800.00,,800.00,due_or_unpaid,R,,E,SEPT 2025,2026-09-10 09:29:22.361896+00
15839,2025-09-01,267,HANY PRINCY V,2025-09-23,G/F,General Fitness,1000.00,,1000.00,due_or_unpaid,R,,M,SEPT 2025,2026-09-10 09:29:22.361896+00
15840,2025-09-01,268,GUGAN S,2025-09-25,S/Z,Strength Zone,800.00,,800.00,due_or_unpaid,R,,,SEPT 2025,2026-09-10 09:29:22.361896+00
15841,2025-09-01,269,SENTHIL KUMAR,2025-09-01,G/F,General Fitness,1000.00,1000.00,0.00,paid,PAID,,M,SEPT 2025,2026-09-10 09:29:22.361896+00
15842,2025-09-01,270,AMITH KUMAR,2025-09-01,S/Z,Strength Zone,800.00,,800.00,due_or_unpaid,R,,,SEPT 2025,2026-09-10 09:29:22.361896+00
15843,2025-09-01,271,ABISHEK KUMAR,2025-09-01,S/Z,Strength Zone,800.00,,800.00,due_or_unpaid,R,,,SEPT 2025,2026-09-10 09:29:22.361896+00
15844,2025-09-01,272,BHUPINDER SINGH,2025-09-01,S/Z,Strength Zone,800.00,800.00,0.00,paid,PAID,,M/E,SEPT 2025,2026-09-10 09:29:22.361896+00
15845,2025-09-01,273,DEEPAK B,2025-09-04,G/F,General Fitness,1000.00,,1000.00,due_or_unpaid,R,,E,SEPT 2025,2026-09-10 09:29:22.361896+00
15846,2025-09-01,274,RATHNA KUMAR A,2026-09-07,S/Z,Strength Zone,800.00,7777.00,0.00,paid,PAID,,M,SEPT 2025,2026-09-10 09:29:22.361896+00
15847,2025-09-01,275,BINIT,2025-09-08,G/F,General Fitness,1000.00,,1000.00,due_or_unpaid,R,,M,SEPT 2025,2026-09-10 09:29:22.361896+00
15848,2025-09-01,276,SAPHMITA,2025-09-08,G/F,General Fitness,1000.00,,1000.00,due_or_unpaid,R,,M,SEPT 2025,2026-09-10 09:29:22.361896+00
15849,2025-09-01,277,ARAVIND D,2025-09-08,G/F,General Fitness,1000.00,,1000.00,due_or_unpaid,R,,M,SEPT 2025,2026-09-10 09:29:22.361896+00
15850,2025-09-01,278,VIGNESH M,2025-09-08,G/F,General Fitness,1000.00,1000.00,0.00,paid,PAID,,M,SEPT 2025,2026-09-10 09:29:22.361896+00
15851,2025-09-01,279,MOHAMMED FAAIZ M,2025-09-09,G/F,General Fitness,1000.00,,1000.00,due_or_unpaid,R,,E,SEPT 2025,2026-09-10 09:29:22.361896+00
15852,2025-09-01,280,PERIYASAMY J,2025-06-10,S/Z,Strength Zone,800.00,,800.00,due_or_unpaid,R,,M,SEPT 2025,2026-09-10 09:29:22.361896+00
15853,2025-09-01,281,AKASH A,2025-09-11,G/F,General Fitness,1000.00,,1000.00,due_or_unpaid,R,,M,SEPT 2025,2026-09-10 09:29:22.361896+00
15854,2025-09-01,282,SOLOMON K,2025-09-11,G/F,General Fitness,1000.00,,1000.00,due_or_unpaid,R,,M,SEPT 2025,2026-09-10 09:29:22.361896+00
15855,2025-09-01,283,SARAN S,2025-09-11,S/Z,Strength Zone,1000.00,1000.00,0.00,paid,PAID,,M,SEPT 2025,2026-09-10 09:29:22.361896+00
15856,2025-09-01,284,ARJUN B,2025-09-12,S/Z,Strength Zone,800.00,800.00,0.00,paid,PAID,,M,SEPT 2025,2026-09-10 09:29:22.361896+00
15857,2025-09-01,285,SARAVANAN R,2025-09-12,S/Z,Strength Zone,800.00,800.00,0.00,paid,PAID,,M,SEPT 2025,2026-09-10 09:29:22.361896+00
15858,2025-09-01,286,TAPAS KUMAR B,2025-09-16,S/Z,Strength Zone,800.00,800.00,0.00,paid,PAID,,M,SEPT 2025,2026-09-10 09:29:22.361896+00
15859,2025-09-01,287,PRASANTH K,2025-09-16,S/Z,Strength Zone,800.00,,800.00,due_or_unpaid,R,,E,SEPT 2025,2026-09-10 09:29:22.361896+00
15860,2025-09-01,288,SANDHIYA S,2025-09-16,G/F,General Fitness,1000.00,,1000.00,due_or_unpaid,R,,E,SEPT 2025,2026-09-10 09:29:22.361896+00
15861,2025-09-01,289,AMAN KUMAR,2025-09-18,S/Z,Strength Zone,800.00,,800.00,due_or_unpaid,R,,M,SEPT 2025,2026-09-10 09:29:22.361896+00
15862,2025-09-01,290,VARUN KUMAR J,2025-09-24,G/F,General Fitness,1000.00,1000.00,0.00,paid,PAID,,E,SEPT 2025,2026-09-10 09:29:22.361896+00
15863,2025-09-01,291,MOHAN H,2025-09-29,S/Z,Strength Zone,800.00,800.00,0.00,paid,R,,E,SEPT 2025,2026-09-10 09:29:22.361896+00
15864,2025-09-01,292,PAUL CHRISTOPHER T,2025-09-29,S/Z,Strength Zone,800.00,47977.00,0.00,paid,R,,E,SEPT 2025,2026-09-10 09:29:22.361896+00
15865,2025-09-01,293,ANAND N,2025-09-02,S/Z,Strength Zone,800.00,,800.00,due_or_unpaid,R,,E,SEPT 2025,2026-09-10 09:29:22.361896+00
15866,2025-09-01,294,GANESH S,2025-09-04,S/Z,Strength Zone,800.00,800.00,0.00,paid,PAID,,M,SEPT 2025,2026-09-10 09:29:22.361896+00
15867,2025-09-01,295,RAMAN VERMA,2025-09-05,S/Z,Strength Zone,800.00,,800.00,due_or_unpaid,R,,,SEPT 2025,2026-09-10 09:29:22.361896+00
15868,2025-09-01,296,HARI PRASATH L,2025-09-05,S/Z,Strength Zone,800.00,,800.00,due_or_unpaid,R,,,SEPT 2025,2026-09-10 09:29:22.361896+00
15869,2025-09-01,297,SELVA P,2025-09-05,S/Z,Strength Zone,800.00,,800.00,due_or_unpaid,R,,,SEPT 2025,2026-09-10 09:29:22.361896+00
15870,2025-09-01,298,DILLIBABU,2025-09-08,S/Z,Strength Zone,800.00,,800.00,due_or_unpaid,R,,,SEPT 2025,2026-09-10 09:29:22.361896+00
15871,2025-09-01,299,NIVEN R,2025-09-13,G/F,General Fitness,1000.00,1000.00,0.00,paid,PAID,,M,SEPT 2025,2026-09-10 09:29:22.361896+00
15872,2025-09-01,300,KALIAAKASH S,2025-09-13,S/Z,Strength Zone,800.00,,800.00,due_or_unpaid,R,,E,SEPT 2025,2026-09-10 09:29:22.361896+00
15873,2025-09-01,301,RAJKUMAR,2025-09-18,S/Z,Strength Zone,800.00,,800.00,due_or_unpaid,R,,M,SEPT 2025,2026-09-10 09:29:22.361896+00
15874,2025-09-01,302,GANESH K,2025-09-28,G/F,General Fitness,1000.00,,1000.00,due_or_unpaid,R,,M,SEPT 2025,2026-09-10 09:29:22.361896+00
15875,2025-09-01,303,JAYAPRAKASH V,2025-09-28,G/F,General Fitness,1000.00,1000.00,0.00,paid,R,,M,SEPT 2025,2026-09-10 09:29:22.361896+00
15876,2025-10-01,1,SUNDHAR M,2025-10-09,S/Z,Strength Zone,800.00,,800.00,due_or_unpaid,R,,,OCT 2025,2026-09-10 09:29:22.361896+00
15877,2025-10-01,2,NITHYASEELAN P,2025-10-09,S/Z,Strength Zone,800.00,,800.00,due_or_unpaid,R,,,OCT 2025,2026-09-10 09:29:22.361896+00
15878,2025-10-01,3,SANJEEVA REDDY C,2026-01-09,S/Z,Strength Zone,800.00,,6000.00,paid,PAID,,,OCT 2025,2026-09-10 09:29:22.361896+00
15879,2025-10-01,4,ABDUL RAHMAN A,2025-10-09,S/Z,Strength Zone,800.00,,1000.00,due_or_unpaid,R,,,OCT 2025,2026-09-10 09:29:22.361896+00
15880,2025-10-01,5,SANTHOSH KUMAR G,2025-10-09,G/F,General Fitness,1000.00,,1000.00,due_or_unpaid,R,,M,OCT 2025,2026-09-10 09:29:22.361896+00
15881,2025-10-01,6,SATHISH KUMAR J,2025-10-09,G/F,General Fitness,1000.00,,1000.00,due_or_unpaid,R,,,OCT 2025,2026-09-10 09:29:22.361896+00
15882,2025-10-01,7,VIJAYABABU C,2026-01-09,G/F,General Fitness,1000.00,,6000.00,paid,PAID,,,OCT 2025,2026-09-10 09:29:22.361896+00
15883,2025-10-01,8,ISTJHAR AHAMAD,2025-10-09,G/F,General Fitness,1000.00,,1000.00,due_or_unpaid,R,,E,OCT 2025,2026-09-10 09:29:22.361896+00
15884,2025-10-01,9,MUBARAK ALI,2025-10-09,S/Z,Strength Zone,800.00,,800.00,due_or_unpaid,R,,,OCT 2025,2026-09-10 09:29:22.361896+00
15885,2025-10-01,10,GULJOR HUSSAIN,2025-10-09,S/Z,Strength Zone,800.00,,800.00,due_or_unpaid,R,,,OCT 2025,2026-09-10 09:29:22.361896+00
15886,2025-10-01,11,SURHAB ALI,2025-10-09,S/Z,Strength Zone,800.00,,800.00,due_or_unpaid,R,,,OCT 2025,2026-09-10 09:29:22.361896+00
15887,2025-10-01,12,SATHYA M,2025-10-09,G/F,General Fitness,800.00,,800.00,due_or_unpaid,R,,M,OCT 2025,2026-09-10 09:29:22.361896+00
15888,2025-10-01,13,PORTAP CHETRY,2025-10-09,S/Z,Strength Zone,800.00,,800.00,due_or_unpaid,R,,,OCT 2025,2026-09-10 09:29:22.361896+00
15889,2025-10-01,14,TAMIL,2025-10-09,G/F,General Fitness,1000.00,,1000.00,due_or_unpaid,R,,,OCT 2025,2026-09-10 09:29:22.361896+00
15890,2025-10-01,15,DEEPAK M,2025-10-09,S/Z,Strength Zone,800.00,,800.00,due_or_unpaid,R,,E,OCT 2025,2026-09-10 09:29:22.361896+00
15891,2025-10-01,16,SARATH KUMAR A,2025-10-10,S/Z,Strength Zone,800.00,,800.00,due_or_unpaid,R,,,OCT 2025,2026-09-10 09:29:22.361896+00
15892,2025-10-01,17,UDHAYA PANDIAN,2025-10-10,G/F,General Fitness,1000.00,,1000.00,due_or_unpaid,R,,,OCT 2025,2026-09-10 09:29:22.361896+00
15893,2025-10-01,18,MANJIT KUMAR,2025-10-14,S/Z,Strength Zone,1000.00,1000.00,0.00,paid,PAID,,,OCT 2025,2026-09-10 09:29:22.361896+00
15894,2025-10-01,19,YUVARAJ C,2025-11-10,G/F,General Fitness,1000.00,,7000.00,paid,PAID,,M,OCT 2025,2026-09-10 09:29:22.361896+00
15895,2025-10-01,20,CHARLES,2025-10-09,S/Z,Strength Zone,800.00,,1000.00,due_or_unpaid,R,,E,OCT 2025,2026-09-10 09:29:22.361896+00
15896,2025-10-01,21,DHANUSH V,2025-10-10,S/Z,Strength Zone,800.00,,800.00,due_or_unpaid,R,,,OCT 2025,2026-09-10 09:29:22.361896+00
15897,2025-10-01,22,BOLORAM PONIKA A.J,2025-10-10,S/Z,Strength Zone,800.00,,800.00,due_or_unpaid,R,,M,OCT 2025,2026-09-10 09:29:22.361896+00
15898,2025-10-01,23,PRASANTH M,2025-10-10,S/Z,Strength Zone,800.00,,800.00,due_or_unpaid,R,,,OCT 2025,2026-09-10 09:29:22.361896+00
15899,2025-10-01,24,RAGUL R,2025-10-22,S/Z,Strength Zone,800.00,,800.00,due_or_unpaid,R,,M,OCT 2025,2026-09-10 09:29:22.361896+00
15900,2025-10-01,24,RAGUL R,2025-10-22,S/Z,Strength Zone,800.00,800.00,0.00,paid,PAID,,E,OCT 2025,2026-09-10 09:29:22.361896+00
15901,2025-10-01,25,SANTHOSH M,2025-10-11,S/Z,Strength Zone,800.00,,800.00,due_or_unpaid,R,,M,OCT 2025,2026-09-10 09:29:22.361896+00
15902,2025-10-01,26,MAZID ALI,2025-10-11,S/Z,Strength Zone,800.00,,800.00,due_or_unpaid,R,,M,OCT 2025,2026-09-10 09:29:22.361896+00
15903,2025-10-01,27,SADIKUL ISLAM,2025-10-11,S/Z,Strength Zone,800.00,,800.00,due_or_unpaid,R,,M,OCT 2025,2026-09-10 09:29:22.361896+00
15904,2025-10-01,28,LAKSHWANTH,2026-02-11,G/F,General Fitness,1000.00,,7499.00,paid,PAID,,M/E,OCT 2025,2026-09-10 09:29:22.361896+00
15905,2025-10-01,29,GOWTHAM A,2025-10-01,S/Z,Strength Zone,800.00,,800.00,due_or_unpaid,R,,,OCT 2025,2026-09-10 09:29:22.361896+00
15906,2025-10-01,30,PRADEEP Y,2025-10-20,S/Z,Strength Zone,800.00,800.00,0.00,paid,PAID,,E,OCT 2025,2026-09-10 09:29:22.361896+00
15907,2025-10-01,31,ROHIT R,2025-10-12,S/Z,Strength Zone,800.00,,800.00,due_or_unpaid,R,,,OCT 2025,2026-09-10 09:29:22.361896+00
15908,2025-10-01,32,RISHI M,2025-10-12,S/Z,Strength Zone,800.00,,800.00,due_or_unpaid,R,,M/E,OCT 2025,2026-09-10 09:29:22.361896+00
15909,2025-10-01,33,GOPAL B,2025-10-12,S/Z,Strength Zone,800.00,800.00,0.00,paid,PAID,,E,OCT 2025,2026-09-10 09:29:22.361896+00
15910,2025-10-01,34,KODOM ALI D,2025-10-13,S/Z,Strength Zone,800.00,,800.00,due_or_unpaid,R,,,OCT 2025,2026-09-10 09:29:22.361896+00
15911,2025-10-01,35,SUJAB ALI A,2025-10-13,S/Z,Strength Zone,800.00,,800.00,due_or_unpaid,R,,,OCT 2025,2026-09-10 09:29:22.361896+00
15912,2025-10-01,36,ASHABUL HOQUE S,2025-10-13,S/Z,Strength Zone,800.00,,800.00,due_or_unpaid,R,,,OCT 2025,2026-09-10 09:29:22.361896+00
15913,2025-10-01,37,SURESH K,2025-10-13,G/F,General Fitness,1000.00,,1000.00,due_or_unpaid,R,,,OCT 2025,2026-09-10 09:29:22.361896+00
15914,2025-10-01,38,YUVARAJ B,2025-10-13,S/F,,800.00,,1600.00,due_or_unpaid,R,,M/E,OCT 2025,2026-09-10 09:29:22.361896+00
15915,2025-10-01,39,BALAKUMAR H,2025-10-13,G/F,General Fitness,1000.00,1000.00,0.00,paid,PAID,,E,OCT 2025,2026-09-10 09:29:22.361896+00
15916,2025-10-01,40,SIDDHARATH V,2025-10-13,S/Z,Strength Zone,800.00,,800.00,due_or_unpaid,R,,,OCT 2025,2026-09-10 09:29:22.361896+00
15917,2025-10-01,41,VAJRAVEL A,2025-10-13,G/F,General Fitness,1000.00,1000.00,0.00,paid,PAID,,M,OCT 2025,2026-09-10 09:29:22.361896+00
15918,2025-10-01,42,SARAVANAN K,2025-10-13,S/Z,Strength Zone,800.00,,1600.00,due_or_unpaid,R,,M,OCT 2025,2026-09-10 09:29:22.361896+00
15919,2025-10-01,43,ARJUN S,2025-10-13,S/Z,Strength Zone,800.00,,800.00,due_or_unpaid,R,,M,OCT 2025,2026-09-10 09:29:22.361896+00
15920,2025-10-01,44,RAM PRASAD,2025-10-14,G/F,General Fitness,1000.00,,1000.00,due_or_unpaid,R,,,OCT 2025,2026-09-10 09:29:22.361896+00
15921,2025-10-01,45,SANTHOSH,2025-10-01,S/Z,Strength Zone,800.00,,800.00,due_or_unpaid,R,,,OCT 2025,2026-09-10 09:29:22.361896+00
15922,2025-10-01,46,SRI RAM R,2025-10-14,S/Z,Strength Zone,1000.00,,1900.00,due_or_unpaid,R,,M,OCT 2025,2026-09-10 09:29:22.361896+00
15923,2025-10-01,47,ANBU N,2025-10-14,G/F,General Fitness,1000.00,,1000.00,due_or_unpaid,R,,,OCT 2025,2026-09-10 09:29:22.361896+00
15924,2025-10-01,48,ARAVINDKUMAR P,2025-10-14,S/Z,Strength Zone,800.00,,800.00,due_or_unpaid,R,,M,OCT 2025,2026-09-10 09:29:22.361896+00
15925,2025-10-01,49,ARUN S,2025-10-16,G/F,General Fitness,1000.00,,1000.00,due_or_unpaid,R,,E,OCT 2025,2026-09-10 09:29:22.361896+00
15926,2025-10-01,50,AATHI,2025-10-16,S/Z,Strength Zone,800.00,,800.00,due_or_unpaid,R,,,OCT 2025,2026-09-10 09:29:22.361896+00
15927,2025-10-01,51,JOTHILINGAM R,2025-10-15,G/F,General Fitness,1000.00,,1000.00,due_or_unpaid,R,,,OCT 2025,2026-09-10 09:29:22.361896+00
15928,2025-10-01,52,VASANTH J,2026-01-15,S/Z,Strength Zone,1000.00,,6000.00,paid,PAID,,,OCT 2025,2026-09-10 09:29:22.361896+00
15929,2025-10-01,53,BESTY PAULINE,2025-10-16,G/F,General Fitness,1000.00,,1000.00,due_or_unpaid,R,,,OCT 2025,2026-09-10 09:29:22.361896+00
15930,2025-10-01,54,PREM KUMAR Y,2025-10-16,S/Z,Strength Zone,800.00,,800.00,due_or_unpaid,R,,,OCT 2025,2026-09-10 09:29:22.361896+00
15931,2025-10-01,55,JAWAID F,2025-10-16,S/Z,Strength Zone,800.00,,800.00,due_or_unpaid,R,,,OCT 2025,2026-09-10 09:29:22.361896+00
15932,2025-10-01,56,BOBIDUL ISLAM A,2025-10-16,G/F,General Fitness,1000.00,,1000.00,due_or_unpaid,R,,,OCT 2025,2026-09-10 09:29:22.361896+00
15933,2025-10-01,57,ABDUL KHALAK J,2025-10-16,G/F,General Fitness,1000.00,,1000.00,due_or_unpaid,R,,,OCT 2025,2026-09-10 09:29:22.361896+00
15934,2025-10-01,58,MEHERUL HAQUE S,2025-10-16,G/F,General Fitness,1000.00,,1000.00,due_or_unpaid,R,,,OCT 2025,2026-09-10 09:29:22.361896+00
15935,2025-10-01,59,JAGADEESH M,2025-10-16,G/F,General Fitness,1000.00,,1000.00,due_or_unpaid,R,,,OCT 2025,2026-09-10 09:29:22.361896+00
15936,2025-10-01,60,FAIYAZ AHMED A,2025-10-16,S/Z,Strength Zone,800.00,,800.00,due_or_unpaid,R,,,OCT 2025,2026-09-10 09:29:22.361896+00
15937,2025-10-01,61,MAMIDUL ALI,2025-10-17,S/Z,Strength Zone,800.00,,800.00,due_or_unpaid,R,,,OCT 2025,2026-09-10 09:29:22.361896+00
15938,2025-10-01,62,VINOTH KUMAR,2025-10-17,G/F,General Fitness,800.00,,800.00,due_or_unpaid,R,,,OCT 2025,2026-09-10 09:29:22.361896+00
15939,2025-10-01,63,ABDUL BATIN,2025-10-17,S/Z,Strength Zone,800.00,,800.00,due_or_unpaid,R,,E,OCT 2025,2026-09-10 09:29:22.361896+00
15940,2025-10-01,64,NILCHAN ALI,2025-10-17,S/Z,Strength Zone,800.00,,800.00,due_or_unpaid,R,,,OCT 2025,2026-09-10 09:29:22.361896+00
15941,2025-10-01,65,MONIRUAL HOQUE,2025-10-17,S/Z,Strength Zone,800.00,,800.00,due_or_unpaid,R,,M,OCT 2025,2026-09-10 09:29:22.361896+00
15942,2025-10-01,66,AMIR HAMJA,2025-10-17,S/Z,Strength Zone,800.00,,800.00,due_or_unpaid,R,,M/E,OCT 2025,2026-09-10 09:29:22.361896+00
15943,2025-10-01,67,SUNIL R,2025-10-17,G/F,General Fitness,1000.00,,1000.00,due_or_unpaid,R,,M/E,OCT 2025,2026-09-10 09:29:22.361896+00
15944,2025-10-01,68,SUDHAKAR S,2025-10-17,S/Z,Strength Zone,800.00,,800.00,due_or_unpaid,R,,M,OCT 2025,2026-09-10 09:29:22.361896+00
15945,2025-10-01,69,AMINUL ISLAM MD,2025-10-18,S/Z,Strength Zone,800.00,,800.00,due_or_unpaid,R,,,OCT 2025,2026-09-10 09:29:22.361896+00
15946,2025-10-01,70,TAFIKUL ISLAM,2025-10-18,G/F,General Fitness,1000.00,,800.00,due_or_unpaid,R,,,OCT 2025,2026-09-10 09:29:22.361896+00
15947,2025-10-01,72,HAFIZUR RAHMAM,2025-10-19,S/Z,Strength Zone,800.00,,800.00,due_or_unpaid,R,,E,OCT 2025,2026-09-10 09:29:22.361896+00
15948,2025-10-01,73,MOJNUR,2025-10-19,S/Z,Strength Zone,800.00,,800.00,due_or_unpaid,R,,M,OCT 2025,2026-09-10 09:29:22.361896+00
15949,2025-10-01,74,YOGESH R,2025-10-19,S/Z,Strength Zone,800.00,,800.00,due_or_unpaid,R,,E,OCT 2025,2026-09-10 09:29:22.361896+00
15950,2025-10-01,75,NAVAS,2025-10-19,G/F,General Fitness,1000.00,,800.00,due_or_unpaid,R,,,OCT 2025,2026-09-10 09:29:22.361896+00
15951,2025-10-01,76,TAYABUR RAHMAN A,2025-10-20,S/Z,Strength Zone,800.00,,800.00,due_or_unpaid,R,,,OCT 2025,2026-09-10 09:29:22.361896+00
15952,2025-10-01,78,RATHISH KUMAR,2025-10-23,G/F,General Fitness,1000.00,,1000.00,due_or_unpaid,R,,M,OCT 2025,2026-09-10 09:29:22.361896+00
15953,2025-10-01,78,SANTHOSH,2025-10-29,G/F,General Fitness,1000.00,,1000.00,due_or_unpaid,R,,,OCT 2025,2026-09-10 09:29:22.361896+00
15954,2025-10-01,79,DARVIN RAJ J,2025-06-10,G/F,General Fitness,1000.00,,1000.00,due_or_unpaid,R,,,OCT 2025,2026-09-10 09:29:22.361896+00
15955,2025-10-01,80,PRASANTH S,2025-10-23,S/Z,Strength Zone,800.00,,800.00,due_or_unpaid,R,,,OCT 2025,2026-09-10 09:29:22.361896+00
15956,2025-10-01,81,GURU SHANKAR,2025-10-23,S/Z,Strength Zone,800.00,,800.00,due_or_unpaid,R,,,OCT 2025,2026-09-10 09:29:22.361896+00
15957,2025-10-01,82,NARJUL ISLAM A,2025-10-23,S/Z,Strength Zone,800.00,,800.00,due_or_unpaid,R,,,OCT 2025,2026-09-10 09:29:22.361896+00
15958,2025-10-01,83,SANGIT KUMAR SAMANTHA,2025-10-23,G/F,General Fitness,1000.00,,800.00,due_or_unpaid,R,,,OCT 2025,2026-09-10 09:29:22.361896+00
15959,2025-10-01,84,RAGUL A,2025-10-23,S/Z,Strength Zone,800.00,800.00,0.00,paid,PAID,,E,OCT 2025,2026-09-10 09:29:22.361896+00
15960,2025-10-01,85,ASWINI SAGAR SWAIN,2025-10-24,S/Z,Strength Zone,800.00,,800.00,due_or_unpaid,R,,M,OCT 2025,2026-09-10 09:29:22.361896+00
15961,2025-10-01,86,DEEPAK M,2025-10-08,G/F,General Fitness,1000.00,1000.00,0.00,paid,PAID,,E,OCT 2025,2026-09-10 09:29:22.361896+00
15962,2025-10-01,88,NATHAN K,2025-10-25,S/Z,Strength Zone,800.00,,800.00,due_or_unpaid,R,,M,OCT 2025,2026-09-10 09:29:22.361896+00
15963,2025-10-01,89,MOIN UDDIN A,2025-10-25,S/Z,Strength Zone,800.00,,800.00,due_or_unpaid,R,,E,OCT 2025,2026-09-10 09:29:22.361896+00
15964,2025-10-01,90,ALI AHMED R,2025-10-25,S/Z,Strength Zone,800.00,,800.00,due_or_unpaid,R,,E,OCT 2025,2026-09-10 09:29:22.361896+00
15965,2025-10-01,91,ABINASH S,2025-10-27,S/Z,Strength Zone,800.00,,800.00,due_or_unpaid,R,,,OCT 2025,2026-09-10 09:29:22.361896+00
15966,2025-10-01,92,ARAVIND S,2025-10-28,S/Z,Strength Zone,800.00,,800.00,due_or_unpaid,R,,,OCT 2025,2026-09-10 09:29:22.361896+00
15967,2025-10-01,93,ASHADUL,2025-10-30,G/F,General Fitness,1000.00,,800.00,due_or_unpaid,R,,,OCT 2025,2026-09-10 09:29:22.361896+00
15968,2025-10-01,94,GUHAN A,2025-10-30,S/Z,Strength Zone,800.00,,800.00,due_or_unpaid,R,,,OCT 2025,2026-09-10 09:29:22.361896+00
15969,2025-10-01,95,ROKIBUL HUSSAIN A,2025-10-30,S/Z,Strength Zone,800.00,,800.00,due_or_unpaid,R,,,OCT 2025,2026-09-10 09:29:22.361896+00
15970,2025-10-01,96,MERVYN,2025-10-01,G/F,General Fitness,7000.00,,7000.00,due_or_unpaid,R,,,OCT 2025,2026-09-10 09:29:22.361896+00
15971,2025-10-01,97,MICHAEL A,2025-10-01,S/Z,Strength Zone,800.00,,800.00,due_or_unpaid,R,,,OCT 2025,2026-09-10 09:29:22.361896+00
15972,2025-10-01,98,SUGAN RAJ M,2025-10-01,S/Z,Strength Zone,800.00,,800.00,due_or_unpaid,R,,,OCT 2025,2026-09-10 09:29:22.361896+00
15973,2025-10-01,99,SHUTRUGHAN KUMAR R,2025-10-01,G/F,General Fitness,800.00,,800.00,due_or_unpaid,R,,,OCT 2025,2026-09-10 09:29:22.361896+00
15974,2025-10-01,100,DAVID A,2025-10-02,G/F,General Fitness,1000.00,,1000.00,due_or_unpaid,R,,,OCT 2025,2026-09-10 09:29:22.361896+00
15975,2025-10-01,101,PETER A,2025-10-02,G/F,General Fitness,1000.00,,1000.00,due_or_unpaid,R,,,OCT 2025,2026-09-10 09:29:22.361896+00
15976,2025-10-01,102,KUMARAN M,2025-10-02,S/Z,Strength Zone,800.00,,800.00,due_or_unpaid,R,,E,OCT 2025,2026-09-10 09:29:22.361896+00
15977,2025-10-01,103,CHARAN KUMAR V,2025-10-10,G/F,General Fitness,1000.00,1000.00,0.00,paid,PAID,,E,OCT 2025,2026-09-10 09:29:22.361896+00
15978,2025-10-01,104,SETTU E,2025-10-03,S/Z,Strength Zone,800.00,,800.00,due_or_unpaid,R,,,OCT 2025,2026-09-10 09:29:22.361896+00
15979,2025-10-01,105,NITHISH KUMAR S,2025-10-15,S/Z,Strength Zone,800.00,,800.00,due_or_unpaid,R,,M/E,OCT 2025,2026-09-10 09:29:22.361896+00
15980,2025-10-01,106,RAMESH S,2025-10-04,G/F,General Fitness,1000.00,,1000.00,due_or_unpaid,R,,,OCT 2025,2026-09-10 09:29:22.361896+00
15981,2025-10-01,107,SANJAN V,2025-10-05,S/Z,Strength Zone,800.00,,800.00,due_or_unpaid,R,,,OCT 2025,2026-09-10 09:29:22.361896+00
15982,2025-10-01,108,DIVAKAR M,2025-10-05,G/F,General Fitness,1000.00,,1000.00,due_or_unpaid,R,,,OCT 2025,2026-09-10 09:29:22.361896+00
15983,2025-10-01,109,DANIEL R,2025-10-05,S/Z,Strength Zone,800.00,800.00,0.00,paid,PAID,,E,OCT 2025,2026-09-10 09:29:22.361896+00
15984,2025-10-01,110,MANIKANADAN,2025-10-07,G/F,General Fitness,1000.00,,1000.00,due_or_unpaid,R,,,OCT 2025,2026-09-10 09:29:22.361896+00
15985,2025-10-01,111,PRITHIVIKASH,2025-10-26,S/Z,Strength Zone,800.00,,800.00,due_or_unpaid,R,,E,OCT 2025,2026-09-10 09:29:22.361896+00
15986,2025-10-01,112,CHANDRU,2025-10-08,S/Z,Strength Zone,800.00,,800.00,due_or_unpaid,R,,M,OCT 2025,2026-09-10 09:29:22.361896+00
15987,2025-10-01,113,SANJAY J,2025-10-04,S/Z,Strength Zone,800.00,,800.00,due_or_unpaid,R,,,OCT 2025,2026-09-10 09:29:22.361896+00
15988,2025-10-01,114,AJITH D,2025-10-09,S/Z,Strength Zone,800.00,,800.00,due_or_unpaid,R,,,OCT 2025,2026-09-10 09:29:22.361896+00
15989,2025-10-01,115,SANJAY B,2025-10-09,S/Z,Strength Zone,800.00,,800.00,due_or_unpaid,R,,M,OCT 2025,2026-09-10 09:29:22.361896+00
15990,2025-10-01,116,TAMIL SELVAN M,2025-10-12,S/Z,Strength Zone,800.00,,800.00,due_or_unpaid,R,,M,OCT 2025,2026-09-10 09:29:22.361896+00
15991,2025-10-01,117,ARUN YADAV,2025-10-12,S/Z,Strength Zone,800.00,,800.00,due_or_unpaid,R,,M,OCT 2025,2026-09-10 09:29:22.361896+00
15992,2025-10-01,118,GIRI S,2025-10-13,S/Z,Strength Zone,800.00,,800.00,due_or_unpaid,R,,,OCT 2025,2026-09-10 09:29:22.361896+00
15993,2025-10-01,119,JOHNSON S,2025-10-14,S/Z,Strength Zone,800.00,,800.00,due_or_unpaid,R,,,OCT 2025,2026-09-10 09:29:22.361896+00
15994,2025-10-01,120,DEEPAK BILUNG,2025-10-15,S/Z,Strength Zone,800.00,,800.00,due_or_unpaid,R,,,OCT 2025,2026-09-10 09:29:22.361896+00
15995,2025-10-01,121,BINU,2025-10-15,S/Z,Strength Zone,800.00,,800.00,due_or_unpaid,R,,M,OCT 2025,2026-09-10 09:29:22.361896+00
15996,2025-10-01,122,SOHEL RANA,2025-10-16,G/F,General Fitness,1000.00,,1000.00,due_or_unpaid,R,,,OCT 2025,2026-09-10 09:29:22.361896+00
15997,2025-10-01,123,CHAITANYA K,2025-10-17,G/F,General Fitness,1000.00,,1000.00,due_or_unpaid,R,,,OCT 2025,2026-09-10 09:29:22.361896+00
15998,2025-10-01,124,KATHIRAVAN.E,2025-10-18,S/Z,Strength Zone,800.00,,800.00,due_or_unpaid,R,,,OCT 2025,2026-09-10 09:29:22.361896+00
15999,2025-10-01,125,MOORTHY R,2025-10-18,S/Z,Strength Zone,800.00,,800.00,due_or_unpaid,R,,E,OCT 2025,2026-09-10 09:29:22.361896+00
16000,2025-10-01,126,SANJAY S,2025-10-18,S/Z,Strength Zone,800.00,,800.00,due_or_unpaid,R,,M,OCT 2025,2026-09-10 09:29:22.361896+00
16001,2025-10-01,127,PERUMAL V,2025-10-19,S/Z,Strength Zone,800.00,,800.00,due_or_unpaid,R,,,OCT 2025,2026-09-10 09:29:22.361896+00
16002,2025-10-01,128,EMAMUL HUSSAIN A,2025-10-20,S/Z,Strength Zone,800.00,,800.00,due_or_unpaid,R,,,OCT 2025,2026-09-10 09:29:22.361896+00
16003,2025-10-01,129,JEEVA M,2025-10-21,S/Z,Strength Zone,800.00,,1000.00,due_or_unpaid,R,,E,OCT 2025,2026-09-10 09:29:22.361896+00
16004,2025-10-01,130,ARAVIND S,2025-10-19,S/Z,Strength Zone,800.00,,800.00,due_or_unpaid,R,,,OCT 2025,2026-09-10 09:29:22.361896+00
16005,2025-10-01,131,SURESH P,2025-10-28,S/Z,Strength Zone,800.00,,800.00,due_or_unpaid,R,,,OCT 2025,2026-09-10 09:29:22.361896+00
16006,2025-10-01,132,KAMAL M,2025-10-28,S/Z,Strength Zone,800.00,,800.00,due_or_unpaid,R,,,OCT 2025,2026-09-10 09:29:22.361896+00
16007,2025-10-01,133,FARHAN,2025-10-29,S/Z,Strength Zone,800.00,,800.00,due_or_unpaid,R,,,OCT 2025,2026-09-10 09:29:22.361896+00
16008,2025-10-01,134,HARISHIT D,2025-10-30,S/Z,Strength Zone,,,800.00,due_or_unpaid,R,,,OCT 2025,2026-09-10 09:29:22.361896+00
16009,2025-10-01,135,BALAJI Y,2025-10-01,G/F,General Fitness,800.00,,800.00,due_or_unpaid,R,,,OCT 2025,2026-09-10 09:29:22.361896+00
16010,2025-10-01,136,PETER A,2026-04-01,G/F,General Fitness,1000.00,,7500.00,paid,PAID,,M,OCT 2025,2026-09-10 09:29:22.361896+00
16011,2025-10-01,137,KAMESH R,2025-10-08,S/Z,Strength Zone,800.00,800.00,0.00,paid,PAID,,E,OCT 2025,2026-09-10 09:29:22.361896+00
16012,2025-10-01,138,PREM S,2025-10-04,S/Z,Strength Zone,800.00,,800.00,due_or_unpaid,R,,E,OCT 2025,2026-09-10 09:29:22.361896+00
16013,2025-10-01,139,VIMAL RAJ R,2025-10-04,S/Z,Strength Zone,800.00,,800.00,due_or_unpaid,R,,,OCT 2025,2026-09-10 09:29:22.361896+00
16014,2025-10-01,140,JOSEPH,2025-10-04,S/Z,Strength Zone,800.00,,800.00,due_or_unpaid,R,,,OCT 2025,2026-09-10 09:29:22.361896+00
16015,2025-10-01,141,ALA IMRAN A,2025-10-04,G/F,General Fitness,1000.00,1000.00,0.00,paid,PAID,,M,OCT 2025,2026-09-10 09:29:22.361896+00
16016,2025-10-01,142,HAZRAT ALI,2025-10-05,S/Z,Strength Zone,800.00,,800.00,due_or_unpaid,R,,,OCT 2025,2026-09-10 09:29:22.361896+00
16017,2025-10-01,143,MAHESHWAR GOPE,2025-10-05,S/Z,Strength Zone,800.00,,800.00,due_or_unpaid,R,,,OCT 2025,2026-09-10 09:29:22.361896+00
16018,2025-10-01,144,SAKTHI DS,2025-10-09,S/Z,Strength Zone,800.00,,800.00,due_or_unpaid,R,,E,OCT 2025,2026-09-10 09:29:22.361896+00
16019,2025-10-01,145,MUKESH S,2025-10-09,S/Z,Strength Zone,800.00,,800.00,due_or_unpaid,R,,,OCT 2025,2026-09-10 09:29:22.361896+00
16020,2025-10-01,146,AKASH SATHIVEL,2025-10-10,G/F,General Fitness,1000.00,,1000.00,due_or_unpaid,R,,E,OCT 2025,2026-09-10 09:29:22.361896+00
16021,2025-10-01,147,SARAN RAJ S,2025-10-10,G/F,General Fitness,1000.00,,1000.00,due_or_unpaid,R,,,OCT 2025,2026-09-10 09:29:22.361896+00
16022,2025-10-01,148,SUDHAKAR S,2025-10-11,G/F,General Fitness,800.00,1000.00,0.00,paid,PAID,,M/E,OCT 2025,2026-09-10 09:29:22.361896+00
16023,2025-10-01,149,UMAMAHESWARA RAO,2025-10-11,G/F,General Fitness,1000.00,,1000.00,due_or_unpaid,R,,E,OCT 2025,2026-09-10 09:29:22.361896+00
16024,2025-10-01,150,BARKATHULLAM,2025-10-13,G/F,General Fitness,1000.00,,1000.00,due_or_unpaid,R,,M,OCT 2025,2026-09-10 09:29:22.361896+00
16025,2025-10-01,151,ABDUL KALAM A,2025-10-13,G/F,General Fitness,1000.00,,1000.00,due_or_unpaid,R,,E,OCT 2025,2026-09-10 09:29:22.361896+00
16026,2025-10-01,152,JARDIS SK,2025-10-13,S/Z,Strength Zone,800.00,,800.00,due_or_unpaid,R,,,OCT 2025,2026-09-10 09:29:22.361896+00
16027,2025-10-01,153,MANOJ M,2025-10-14,S/Z,Strength Zone,800.00,,800.00,due_or_unpaid,R,,M/E,OCT 2025,2026-09-10 09:29:22.361896+00
16028,2025-10-01,154,NANTHA KUMAR A,2025-10-14,S/Z,Strength Zone,800.00,,1000.00,due_or_unpaid,R,,,OCT 2025,2026-09-10 09:29:22.361896+00
16029,2025-10-01,155,MANOJ E,2025-10-14,S/Z,Strength Zone,800.00,,800.00,due_or_unpaid,R,,M,OCT 2025,2026-09-10 09:29:22.361896+00
16030,2025-10-01,156,PRAVEEN KUMAR S,2025-10-28,G/F,General Fitness,800.00,,800.00,due_or_unpaid,R,,,OCT 2025,2026-09-10 09:29:22.361896+00
16031,2025-10-01,157,SURYA S,2025-10-23,S/Z,Strength Zone,800.00,,800.00,due_or_unpaid,R,,E,OCT 2025,2026-09-10 09:29:22.361896+00
16032,2025-10-01,158,MURALI S,2025-10-23,S/Z,Strength Zone,800.00,,800.00,due_or_unpaid,R,,E,OCT 2025,2026-09-10 09:29:22.361896+00
16033,2025-10-01,159,RITHISH V,2025-10-18,S/Z,Strength Zone,800.00,,800.00,due_or_unpaid,R,,,OCT 2025,2026-09-10 09:29:22.361896+00
16034,2025-10-01,160,EMIMAL M,2025-10-19,G/F,General Fitness,1000.00,,800.00,due_or_unpaid,R,,,OCT 2025,2026-09-10 09:29:22.361896+00
16035,2025-10-01,161,YUVAN SHANKAR T,2025-10-17,G/F,General Fitness,1000.00,,1000.00,due_or_unpaid,R,,,OCT 2025,2026-09-10 09:29:22.361896+00
16036,2025-10-01,162,JENIFER S,2025-10-04,G/F,General Fitness,1000.00,,1000.00,due_or_unpaid,R,,M,OCT 2025,2026-09-10 09:29:22.361896+00
16037,2025-10-01,163,SANJEEV D.S,2025-10-04,S/Z,Strength Zone,800.00,,800.00,due_or_unpaid,R,,,OCT 2025,2026-09-10 09:29:22.361896+00
16038,2025-10-01,164,VASANTH KUMAR G,2025-10-05,S/Z,Strength Zone,800.00,,800.00,due_or_unpaid,R,,M,OCT 2025,2026-09-10 09:29:22.361896+00
16039,2025-10-01,165,KISHORE KUMAR V,2025-10-07,S/Z,Strength Zone,800.00,,800.00,due_or_unpaid,R,,M,OCT 2025,2026-09-10 09:29:22.361896+00
16040,2025-10-01,166,SANTHOSH KUMAR S,2025-10-07,S/Z,Strength Zone,800.00,,800.00,due_or_unpaid,R,,,OCT 2025,2026-09-10 09:29:22.361896+00
16041,2025-10-01,167,SANTHOSH KUMAR A,2025-10-09,S/Z,Strength Zone,800.00,800.00,0.00,paid,PAID,,M,OCT 2025,2026-09-10 09:29:22.361896+00
16042,2025-10-01,168,ETHIRAJ T,2025-10-09,S/Z,Strength Zone,800.00,,800.00,due_or_unpaid,R,,,OCT 2025,2026-09-10 09:29:22.361896+00
16043,2025-10-01,169,PRASANTH M,2025-10-10,G/F,General Fitness,1000.00,,1000.00,due_or_unpaid,R,,,OCT 2025,2026-09-10 09:29:22.361896+00
16044,2025-10-01,170,RAGHUL R,2025-10-12,S/Z,Strength Zone,800.00,,800.00,due_or_unpaid,R,,,OCT 2025,2026-09-10 09:29:22.361896+00
16045,2025-10-01,171,GOWTHAM S,2025-10-16,G/F,General Fitness,1000.00,,1000.00,due_or_unpaid,R,,M,OCT 2025,2026-09-10 09:29:22.361896+00
16046,2025-10-01,172,RAJESH S,2025-10-16,G/F,General Fitness,1000.00,,1000.00,due_or_unpaid,R,,E,OCT 2025,2026-09-10 09:29:22.361896+00
16047,2025-10-01,173,AATHIYAPPAN S,2025-10-30,S/Z,Strength Zone,800.00,800.00,0.00,paid,PAID,,E,OCT 2025,2026-09-10 09:29:22.361896+00
16048,2025-10-01,174,GODSON PRAVEEN J,2025-10-19,G/F,General Fitness,1000.00,,800.00,due_or_unpaid,R,,,OCT 2025,2026-09-10 09:29:22.361896+00
16049,2025-10-01,175,KABILAN R,2025-10-26,S/Z,Strength Zone,800.00,,800.00,due_or_unpaid,R,,,OCT 2025,2026-09-10 09:29:22.361896+00
16050,2025-10-01,176,KAMAL S,2025-10-28,S/Z,Strength Zone,1000.00,,800.00,due_or_unpaid,R,,,OCT 2025,2026-09-10 09:29:22.361896+00
16051,2025-10-01,177,MOHAMED ASHWAQ S,2025-10-02,S/Z,Strength Zone,800.00,,800.00,due_or_unpaid,R,,,OCT 2025,2026-09-10 09:29:22.361896+00
16052,2025-10-01,178,VICKY,2025-10-03,S/Z,Strength Zone,800.00,,800.00,due_or_unpaid,R,,,OCT 2025,2026-09-10 09:29:22.361896+00
16053,2025-10-01,180,DEEPAK G,2025-10-05,G/F,General Fitness,1000.00,,1000.00,due_or_unpaid,R,,,OCT 2025,2026-09-10 09:29:22.361896+00
16054,2025-10-01,181,AGILESHWARAN M,2025-10-09,S/Z,Strength Zone,800.00,,800.00,due_or_unpaid,R,,M,OCT 2025,2026-09-10 09:29:22.361896+00
16055,2025-10-01,182,MUKESH R,2025-10-11,S/Z,Strength Zone,800.00,,800.00,due_or_unpaid,R,,,OCT 2025,2026-09-10 09:29:22.361896+00
16056,2025-10-01,183,SACHIN AARON T,2025-10-17,S/Z,Strength Zone,800.00,,800.00,due_or_unpaid,R,,,OCT 2025,2026-09-10 09:29:22.361896+00
16057,2025-10-01,184,SANTHOSH R,2025-10-21,S/Z,Strength Zone,800.00,,800.00,due_or_unpaid,R,,M,OCT 2025,2026-09-10 09:29:22.361896+00
16058,2025-10-01,185,VISHNU VARTHAN S,2025-10-30,S/Z,Strength Zone,800.00,,800.00,due_or_unpaid,R,,E,OCT 2025,2026-09-10 09:29:22.361896+00
16059,2025-10-01,186,MOGESH V,2025-10-25,S/Z,Strength Zone,800.00,,800.00,due_or_unpaid,R,,,OCT 2025,2026-09-10 09:29:22.361896+00
16060,2025-10-01,187,VISHWA R A,2025-10-27,S/Z,Strength Zone,800.00,,800.00,due_or_unpaid,R,,,OCT 2025,2026-09-10 09:29:22.361896+00
16061,2025-10-01,188,RAMASUBRAMANI K,2025-10-29,S/Z,Strength Zone,800.00,,800.00,due_or_unpaid,R,,,OCT 2025,2026-09-10 09:29:22.361896+00
16062,2025-10-01,189,DHANASINGH P,2025-10-29,S/Z,Strength Zone,800.00,,800.00,due_or_unpaid,R,,,OCT 2025,2026-09-10 09:29:22.361896+00
16063,2025-10-01,190,AMAR NATH R,2025-10-03,G/F,General Fitness,1000.00,,1000.00,due_or_unpaid,R,,,OCT 2025,2026-09-10 09:29:22.361896+00
16064,2025-10-01,191,PUVIYARASAN G,2025-10-10,S/Z,Strength Zone,800.00,,800.00,due_or_unpaid,R,,M,OCT 2025,2026-09-10 09:29:22.361896+00
16065,2025-10-01,192,DINESH KUMAR R,2025-10-04,S/Z,Strength Zone,800.00,800.00,0.00,paid,PAID,,M,OCT 2025,2026-09-10 09:29:22.361896+00
16066,2025-10-01,193,ARUN KUMAR R,2025-10-04,G/F,General Fitness,1000.00,,1000.00,due_or_unpaid,R,,,OCT 2025,2026-09-10 09:29:22.361896+00
16067,2025-10-01,194,ASWIN P BENNY,2025-10-04,G/F,General Fitness,1000.00,,1000.00,due_or_unpaid,R,,,OCT 2025,2026-09-10 09:29:22.361896+00
16068,2025-10-01,195,ROCK R,2025-10-04,S/Z,Strength Zone,800.00,,800.00,due_or_unpaid,R,,,OCT 2025,2026-09-10 09:29:22.361896+00
16069,2025-10-01,196,SURIYA PRAKSH M,2025-10-12,S/Z,Strength Zone,800.00,,800.00,due_or_unpaid,R,,,OCT 2025,2026-09-10 09:29:22.361896+00
16070,2025-10-01,197,BHARATHI RAJA M,2025-10-12,G/F,General Fitness,1000.00,,1000.00,due_or_unpaid,R,,,OCT 2025,2026-09-10 09:29:22.361896+00
16071,2025-10-01,198,SURYA R,2025-10-12,S/Z,Strength Zone,800.00,,800.00,due_or_unpaid,R,,E,OCT 2025,2026-09-10 09:29:22.361896+00
16072,2025-10-01,199,NIVEN K,2025-10-13,S/Z,Strength Zone,800.00,,800.00,due_or_unpaid,R,,E,OCT 2025,2026-09-10 09:29:22.361896+00
16073,2025-10-01,200,DHAYALAN R,2025-07-21,G/F,General Fitness,1000.00,,1000.00,due_or_unpaid,R,,,OCT 2025,2026-09-10 09:29:22.361896+00
16074,2025-10-01,201,KARTHI BALAJI R,2025-10-13,S/Z,Strength Zone,800.00,,800.00,due_or_unpaid,R,,M,OCT 2025,2026-09-10 09:29:22.361896+00
16075,2025-10-01,202,HARI KRISHNAN G,2025-10-18,G/F,General Fitness,1000.00,1000.00,0.00,paid,PAID,,M,OCT 2025,2026-09-10 09:29:22.361896+00
16076,2025-10-01,203,VIGNESH K,2025-10-18,G/F,General Fitness,1000.00,1000.00,0.00,paid,PAID,,M,OCT 2025,2026-09-10 09:29:22.361896+00
16077,2025-10-01,204,AKASH C,2025-10-20,S/Z,Strength Zone,800.00,,800.00,due_or_unpaid,R,,,OCT 2025,2026-09-10 09:29:22.361896+00
16078,2025-10-01,205,MANI MARAN M,2025-10-20,S/Z,Strength Zone,800.00,,800.00,due_or_unpaid,R,,,OCT 2025,2026-09-10 09:29:22.361896+00
16079,2025-10-01,206,SANTHA KUMAR S,2025-10-24,G/F,General Fitness,1000.00,,1000.00,due_or_unpaid,R,,E,OCT 2025,2026-09-10 09:29:22.361896+00
16080,2025-10-01,207,SANJAY S,2025-10-24,S/Z,Strength Zone,800.00,,800.00,due_or_unpaid,R,,,OCT 2025,2026-09-10 09:29:22.361896+00
16081,2025-10-01,208,SEEN N,2025-10-24,S/Z,Strength Zone,800.00,,800.00,due_or_unpaid,R,,M,OCT 2025,2026-09-10 09:29:22.361896+00
16082,2025-10-01,209,PASUPATHI M,2025-10-25,G/F,General Fitness,1000.00,44777.00,0.00,paid,R,,,OCT 2025,2026-09-10 09:29:22.361896+00
16083,2025-10-01,210,NAVEEN K.M,2025-10-03,G/F,General Fitness,1000.00,1000.00,0.00,paid,PAID,,M,OCT 2025,2026-09-10 09:29:22.361896+00
16084,2025-10-01,211,SUNIL KUMAR H,2025-10-03,S/Z,Strength Zone,800.00,,800.00,due_or_unpaid,R,,E,OCT 2025,2026-09-10 09:29:22.361896+00
16085,2025-10-01,212,ALI,2025-10-03,S/Z,Strength Zone,800.00,,800.00,due_or_unpaid,R,,,OCT 2025,2026-09-10 09:29:22.361896+00
16086,2025-10-01,213,SADDAM,2025-10-03,S/Z,Strength Zone,800.00,,800.00,due_or_unpaid,R,,,OCT 2025,2026-09-10 09:29:22.361896+00
16087,2025-10-01,214,SUMAN RAJ P,2025-10-10,G/F,General Fitness,1000.00,,1000.00,due_or_unpaid,R,,,OCT 2025,2026-09-10 09:29:22.361896+00
16088,2025-10-01,215,MICHEAL PRAKASH P,2025-10-11,G/F,General Fitness,1000.00,,1000.00,due_or_unpaid,R,,,OCT 2025,2026-09-10 09:29:22.361896+00
16089,2025-10-01,216,RAJA K,2025-10-11,G/F,General Fitness,1000.00,,1000.00,due_or_unpaid,R,,,OCT 2025,2026-09-10 09:29:22.361896+00
16090,2025-10-01,217,SANJAY P R,2025-10-11,S/Z,Strength Zone,800.00,,800.00,due_or_unpaid,R,,,OCT 2025,2026-09-10 09:29:22.361896+00
16091,2025-10-01,218,NARENDRAN T,2025-10-14,S/Z,Strength Zone,800.00,,800.00,due_or_unpaid,R,,,OCT 2025,2026-09-10 09:29:22.361896+00
16092,2025-10-01,219,SUNIL P,2025-10-13,S/Z,Strength Zone,800.00,,800.00,due_or_unpaid,R,,,OCT 2025,2026-09-10 09:29:22.361896+00
16093,2025-10-01,220,VENKET,2025-10-13,G/F,General Fitness,1000.00,,1000.00,due_or_unpaid,R,,E,OCT 2025,2026-09-10 09:29:22.361896+00
16094,2025-10-01,221,KARTHICK R,2025-10-15,S/Z,Strength Zone,800.00,,800.00,due_or_unpaid,R,,,OCT 2025,2026-09-10 09:29:22.361896+00
16095,2025-10-01,222,MUNISH KUMAR B,2025-10-17,S/Z,Strength Zone,800.00,,800.00,due_or_unpaid,R,,,OCT 2025,2026-09-10 09:29:22.361896+00
16096,2025-10-01,223,RAJIBUL ALI T,2025-10-22,S/Z,Strength Zone,800.00,,800.00,due_or_unpaid,R,,M,OCT 2025,2026-09-10 09:29:22.361896+00
16097,2025-10-01,224,MOHANRAJ P,2025-10-24,G/F,General Fitness,1000.00,1000.00,0.00,paid,PAID,,E,OCT 2025,2026-09-10 09:29:22.361896+00
16098,2025-10-01,225,RAVINDHAREN,2025-10-25,S/Z,Strength Zone,800.00,,800.00,due_or_unpaid,R,,M,OCT 2025,2026-09-10 09:29:22.361896+00
16099,2025-10-01,226,SURESH M,2025-10-01,S/Z,Strength Zone,800.00,,800.00,due_or_unpaid,R,,M,OCT 2025,2026-09-10 09:29:22.361896+00
16100,2025-10-01,227,KARTHIK DHANASEKAR,2025-10-01,S/Z,Strength Zone,800.00,800.00,0.00,paid,PAID,,M,OCT 2025,2026-09-10 09:29:22.361896+00
16101,2025-10-01,228,MANIKANDAN D,2025-10-01,S/Z,Strength Zone,800.00,,800.00,due_or_unpaid,R,,M,OCT 2025,2026-09-10 09:29:22.361896+00
16102,2025-10-01,229,VISHVA,2025-10-01,S/Z,Strength Zone,800.00,,800.00,due_or_unpaid,R,,,OCT 2025,2026-09-10 09:29:22.361896+00
16103,2025-10-01,230,SHYAM K,2025-10-04,S/Z,Strength Zone,800.00,,800.00,due_or_unpaid,R,,E,OCT 2025,2026-09-10 09:29:22.361896+00
16104,2025-10-01,231,SHASHANTH S,2025-10-13,S/Z,Strength Zone,800.00,800.00,0.00,paid,PAID,,E,OCT 2025,2026-09-10 09:29:22.361896+00
16105,2025-10-01,232,ANIL KUMAR,2025-10-05,S/Z,Strength Zone,800.00,,800.00,due_or_unpaid,R,,E,OCT 2025,2026-09-10 09:29:22.361896+00
16106,2025-10-01,233,NIKHIL NAYAK L,2025-10-07,S/Z,Strength Zone,800.00,,800.00,due_or_unpaid,R,,M,OCT 2025,2026-09-10 09:29:22.361896+00
16107,2025-10-01,234,PINKU NAYAK C,2025-10-07,S/Z,Strength Zone,800.00,,800.00,due_or_unpaid,R,,M,OCT 2025,2026-09-10 09:29:22.361896+00
16108,2025-10-01,235,AKASH S,2025-10-01,G/F,General Fitness,1000.00,,1000.00,due_or_unpaid,R,,,OCT 2025,2026-09-10 09:29:22.361896+00
16109,2025-10-01,236,ANAND,2025-10-08,G/F,General Fitness,1000.00,,1000.00,due_or_unpaid,R,,M,OCT 2025,2026-09-10 09:29:22.361896+00
16110,2025-10-01,237,LOHIT NAYAK,2025-10-12,S/Z,Strength Zone,800.00,,800.00,due_or_unpaid,R,,,OCT 2025,2026-09-10 09:29:22.361896+00
16111,2025-10-01,238,RIMPLE KUMAR,2025-10-15,S/Z,Strength Zone,800.00,,800.00,due_or_unpaid,R,,,OCT 2025,2026-09-10 09:29:22.361896+00
16112,2025-10-01,239,GOPINATH M,2025-10-17,G/F,General Fitness,1000.00,,1000.00,due_or_unpaid,R,,,OCT 2025,2026-09-10 09:29:22.361896+00
16113,2025-10-01,239,GOPINATH M,2025-10-19,S/Z,Strength Zone,800.00,,800.00,due_or_unpaid,R,,E,OCT 2025,2026-09-10 09:29:22.361896+00
16114,2025-10-01,240,YOGESH G,2025-10-21,S/Z,Strength Zone,800.00,,800.00,due_or_unpaid,R,,,OCT 2025,2026-09-10 09:29:22.361896+00
16115,2025-10-01,240,YOGESH G,2025-10-24,S/Z,Strength Zone,800.00,,800.00,due_or_unpaid,R,,,OCT 2025,2026-09-10 09:29:22.361896+00
16116,2025-10-01,241,PRADHAP V,2025-10-21,S/Z,Strength Zone,800.00,,800.00,due_or_unpaid,R,,,OCT 2025,2026-09-10 09:29:22.361896+00
16117,2025-10-01,241,PRADHAP V,2025-10-24,S/Z,Strength Zone,800.00,,800.00,due_or_unpaid,R,,,OCT 2025,2026-09-10 09:29:22.361896+00
16118,2025-10-01,242,AJAY A,2025-10-26,S/Z,Strength Zone,800.00,,800.00,due_or_unpaid,R,,E,OCT 2025,2026-09-10 09:29:22.361896+00
16119,2025-10-01,244,BABU K,2025-10-26,G/F,General Fitness,1000.00,,1000.00,due_or_unpaid,R,,E,OCT 2025,2026-09-10 09:29:22.361896+00
16120,2025-10-01,245,KISHORE S,2025-10-03,G/F,General Fitness,1000.00,,1000.00,due_or_unpaid,R,,,OCT 2025,2026-09-10 09:29:22.361896+00
16121,2025-10-01,246,SURESH,2025-10-05,S/Z,Strength Zone,800.00,,800.00,due_or_unpaid,R,,,OCT 2025,2026-09-10 09:29:22.361896+00
16122,2025-10-01,247,VIVEK,2026-11-05,S/Z,Strength Zone,800.00,7777.00,0.00,paid,PAID,,M,OCT 2025,2026-09-10 09:29:22.361896+00
16123,2025-10-01,248,ELAKKIAN,2025-10-05,G/F,General Fitness,1000.00,,1000.00,due_or_unpaid,R,,,OCT 2025,2026-09-10 09:29:22.361896+00
16124,2025-10-01,249,DEEPAK C,2025-10-05,G/F,General Fitness,1000.00,1000.00,0.00,paid,PAID,,E,OCT 2025,2026-09-10 09:29:22.361896+00
16125,2025-10-01,250,RESHATH S,2025-10-06,S/Z,Strength Zone,800.00,,800.00,due_or_unpaid,R,,,OCT 2025,2026-09-10 09:29:22.361896+00
16126,2025-10-01,251,ARAVINTHAN S,2025-10-12,G/F,General Fitness,1000.00,1000.00,0.00,paid,PAID,,M/E,OCT 2025,2026-09-10 09:29:22.361896+00
16127,2025-10-01,252,MOULI RAJ V,2025-10-13,S/Z,Strength Zone,800.00,,800.00,due_or_unpaid,R,,,OCT 2025,2026-09-10 09:29:22.361896+00
16128,2025-10-01,253,DHAYANATHAN,2025-10-25,S/Z,Strength Zone,800.00,,800.00,due_or_unpaid,R,,,OCT 2025,2026-09-10 09:29:22.361896+00
16129,2025-10-01,254,SELVAM K,2025-10-14,S/Z,Strength Zone,1000.00,,1000.00,due_or_unpaid,R,,,OCT 2025,2026-09-10 09:29:22.361896+00
16130,2025-10-01,255,VIJAYAN .S,2025-10-08,G/F,General Fitness,1000.00,800.00,800.00,paid,PAID,,M,OCT 2025,2026-09-10 09:29:22.361896+00
16131,2025-10-01,256,KARTHICK M,2025-10-19,S/Z,Strength Zone,800.00,,800.00,due_or_unpaid,R,,,OCT 2025,2026-09-10 09:29:22.361896+00
16132,2025-10-01,257,PAWN KUMAR,2025-10-26,S/Z,Strength Zone,800.00,,800.00,due_or_unpaid,R,,E,OCT 2025,2026-09-10 09:29:22.361896+00
16133,2025-10-01,258,BEENAUVV V,2025-10-05,G/F,General Fitness,1000.00,,1000.00,due_or_unpaid,R,,,OCT 2025,2026-09-10 09:29:22.361896+00
16134,2025-10-01,259,PRADEEP KUMAR G,2025-10-04,G/F,General Fitness,1000.00,,1000.00,due_or_unpaid,R,,M,OCT 2025,2026-09-10 09:29:22.361896+00
16135,2025-10-01,260,BARATH R,2025-10-10,S/Z,Strength Zone,800.00,800.00,0.00,paid,PAID,,M,OCT 2025,2026-09-10 09:29:22.361896+00
16136,2025-10-01,261,MANIKANDAN L,2025-10-12,G/F,General Fitness,1000.00,,1000.00,due_or_unpaid,R,,E,OCT 2025,2026-09-10 09:29:22.361896+00
16137,2025-10-01,262,RANJITH A,2025-10-13,G/F,General Fitness,1000.00,,1000.00,due_or_unpaid,R,,,OCT 2025,2026-09-10 09:29:22.361896+00
16138,2025-10-01,263,SHANMATHI E,2025-10-16,G/F,General Fitness,1000.00,,1000.00,due_or_unpaid,R,,M,OCT 2025,2026-09-10 09:29:22.361896+00
16139,2025-10-01,264,VENKATESH K,2025-10-19,S/Z,Strength Zone,800.00,,800.00,due_or_unpaid,R,,,OCT 2025,2026-09-10 09:29:22.361896+00
16140,2025-10-01,265,ANKUR GUWALA J,2025-10-19,S/Z,Strength Zone,800.00,,800.00,due_or_unpaid,R,,,OCT 2025,2026-09-10 09:29:22.361896+00
16141,2025-10-01,266,PRANESH M,2025-10-20,S/Z,Strength Zone,800.00,,800.00,due_or_unpaid,R,,E,OCT 2025,2026-09-10 09:29:22.361896+00
16142,2025-10-01,267,HANY PRINCY V,2025-10-06,G/F,General Fitness,1000.00,1000.00,0.00,paid,PAID,,M,OCT 2025,2026-09-10 09:29:22.361896+00
16143,2025-10-01,268,GUGAN S,2025-10-25,S/Z,Strength Zone,800.00,,800.00,due_or_unpaid,R,,M,OCT 2025,2026-09-10 09:29:22.361896+00
16144,2025-10-01,269,SENTHIL KUMAR,2025-10-01,G/F,General Fitness,1000.00,,1000.00,due_or_unpaid,R,,M,OCT 2025,2026-09-10 09:29:22.361896+00
16145,2025-10-01,270,AMITH KUMAR,2025-10-01,S/Z,Strength Zone,800.00,,800.00,due_or_unpaid,R,,,OCT 2025,2026-09-10 09:29:22.361896+00
16146,2025-10-01,271,ABISHEK KUMAR,2025-10-01,S/Z,Strength Zone,800.00,,800.00,due_or_unpaid,R,,,OCT 2025,2026-09-10 09:29:22.361896+00
16147,2025-10-01,272,BHUPINDER SINGH,2025-10-01,S/Z,Strength Zone,800.00,,800.00,due_or_unpaid,R,,M/E,OCT 2025,2026-09-10 09:29:22.361896+00
16148,2025-10-01,273,DEEPAK B,2025-10-04,G/F,General Fitness,1000.00,,1000.00,due_or_unpaid,R,,E,OCT 2025,2026-09-10 09:29:22.361896+00
16149,2025-10-01,274,RATHNA KUMAR A,2026-09-07,S/Z,Strength Zone,800.00,,7777.00,paid,PAID,,M,OCT 2025,2026-09-10 09:29:22.361896+00
16150,2025-10-01,275,BINIT,2025-10-08,G/F,General Fitness,1000.00,,1000.00,due_or_unpaid,R,,M,OCT 2025,2026-09-10 09:29:22.361896+00
16151,2025-10-01,276,SAPHMITA,2025-10-08,G/F,General Fitness,1000.00,,1000.00,due_or_unpaid,R,,,OCT 2025,2026-09-10 09:29:22.361896+00
16152,2025-10-01,277,ARAVIND D,2025-10-08,G/F,General Fitness,1000.00,,1000.00,due_or_unpaid,R,,E,OCT 2025,2026-09-10 09:29:22.361896+00
16153,2025-10-01,278,VIGNESH M,2025-10-08,G/F,General Fitness,1000.00,,1000.00,due_or_unpaid,R,,M,OCT 2025,2026-09-10 09:29:22.361896+00
16154,2025-10-01,279,MOHAMMED FAAIZ M,2025-10-09,G/F,General Fitness,1000.00,1000.00,0.00,paid,PAID,,E,OCT 2025,2026-09-10 09:29:22.361896+00
16155,2025-10-01,280,PERIYASAMY J,2025-06-05,S/Z,Strength Zone,800.00,800.00,0.00,paid,PAID,,,OCT 2025,2026-09-10 09:29:22.361896+00
16156,2025-10-01,281,AKASH A,2025-10-11,G/F,General Fitness,1000.00,,1000.00,due_or_unpaid,R,,,OCT 2025,2026-09-10 09:29:22.361896+00
16157,2025-10-01,282,SOLOMON K,2025-10-11,G/F,General Fitness,1000.00,,1000.00,due_or_unpaid,R,,,OCT 2025,2026-09-10 09:29:22.361896+00
16158,2025-10-01,283,SARAN S,2025-10-11,S/Z,Strength Zone,1000.00,,1000.00,due_or_unpaid,R,,M,OCT 2025,2026-09-10 09:29:22.361896+00
16159,2025-10-01,284,ARJUN B,2025-10-12,S/Z,Strength Zone,800.00,,800.00,due_or_unpaid,R,,M,OCT 2025,2026-09-10 09:29:22.361896+00
16160,2025-10-01,285,SARAVANAN,2025-10-12,S/Z,Strength Zone,800.00,,800.00,due_or_unpaid,R,,M,OCT 2025,2026-09-10 09:29:22.361896+00
16161,2025-10-01,286,TAPAS KUMAR B,2025-10-16,S/Z,Strength Zone,800.00,800.00,0.00,paid,PAID,,,OCT 2025,2026-09-10 09:29:22.361896+00
16162,2025-10-01,287,PRASANTH K,2025-10-16,S/Z,Strength Zone,800.00,,800.00,due_or_unpaid,R,,M,OCT 2025,2026-09-10 09:29:22.361896+00
16163,2025-10-01,288,SANDHIYA S,2025-10-16,G/F,General Fitness,1000.00,,1000.00,due_or_unpaid,R,,,OCT 2025,2026-09-10 09:29:22.361896+00
16164,2025-10-01,289,AMAN KUMAR,2025-10-18,S/Z,Strength Zone,800.00,,800.00,due_or_unpaid,R,,M/E,OCT 2025,2026-09-10 09:29:22.361896+00
16165,2025-10-01,290,VARUN KUMAR J,2025-10-24,G/F,General Fitness,1000.00,1000.00,0.00,paid,PAID,,E,OCT 2025,2026-09-10 09:29:22.361896+00
16166,2025-10-01,291,MOHAN H,2025-10-29,S/Z,Strength Zone,800.00,,1600.00,due_or_unpaid,R,,,OCT 2025,2026-09-10 09:29:22.361896+00
16167,2025-10-01,292,PAUL CHRISTOPHER T,2025-10-29,S/Z,Strength Zone,800.00,,800.00,due_or_unpaid,R,,,OCT 2025,2026-09-10 09:29:22.361896+00
16168,2025-10-01,293,ANAND N,2025-10-02,S/Z,Strength Zone,800.00,800.00,0.00,paid,PAID,,M,OCT 2025,2026-09-10 09:29:22.361896+00
16169,2025-10-01,294,GANESH S,2025-10-04,S/Z,Strength Zone,800.00,800.00,0.00,paid,PAID,,M,OCT 2025,2026-09-10 09:29:22.361896+00
16170,2025-10-01,295,RAMAN VERMA,2025-10-05,S/Z,Strength Zone,800.00,,800.00,due_or_unpaid,R,,,OCT 2025,2026-09-10 09:29:22.361896+00
16171,2025-10-01,296,HARI PRASATH L,2025-10-05,S/Z,Strength Zone,800.00,,800.00,due_or_unpaid,R,,,OCT 2025,2026-09-10 09:29:22.361896+00
16172,2025-10-01,297,SELVA P,2025-10-05,S/Z,Strength Zone,800.00,,800.00,due_or_unpaid,R,,,OCT 2025,2026-09-10 09:29:22.361896+00
16173,2025-10-01,298,DILLIBABU,2025-10-08,S/Z,Strength Zone,800.00,,800.00,due_or_unpaid,R,,,OCT 2025,2026-09-10 09:29:22.361896+00
16174,2025-10-01,299,NIVEN K,2025-10-13,G/F,General Fitness,1000.00,1000.00,0.00,paid,PAID,,M,OCT 2025,2026-09-10 09:29:22.361896+00
16175,2025-10-01,300,KALIA AKASH S,2025-10-13,S/Z,Strength Zone,800.00,,800.00,due_or_unpaid,R,,,OCT 2025,2026-09-10 09:29:22.361896+00
16176,2025-10-01,301,RAJKUMAR,2025-10-18,S/Z,Strength Zone,800.00,,800.00,due_or_unpaid,R,,M,OCT 2025,2026-09-10 09:29:22.361896+00
16177,2025-10-01,302,GANESH K,2025-10-28,G/F,General Fitness,1000.00,,1000.00,due_or_unpaid,R,,E,OCT 2025,2026-09-10 09:29:22.361896+00
16178,2025-10-01,303,JAYAPRAKASH V,2025-10-28,G/F,General Fitness,1000.00,,1000.00,due_or_unpaid,R,,M,OCT 2025,2026-09-10 09:29:22.361896+00
16179,2025-10-01,304,GANESH S,2025-10-01,G/F,General Fitness,1000.00,1000.00,0.00,paid,PAID,,M,OCT 2025,2026-09-10 09:29:22.361896+00
16180,2025-10-01,305,JASLIN A,2025-10-01,G/F,General Fitness,1000.00,,1000.00,due_or_unpaid,R,,E,OCT 2025,2026-09-10 09:29:22.361896+00
16181,2025-10-01,306,SATHISH M,2025-10-01,S/Z,Strength Zone,800.00,,800.00,due_or_unpaid,R,,E,OCT 2025,2026-09-10 09:29:22.361896+00
16182,2025-10-01,307,ARUN K,2025-10-01,S/Z,Strength Zone,800.00,800.00,0.00,paid,PAID,,E,OCT 2025,2026-09-10 09:29:22.361896+00
16183,2025-10-01,308,BALAJI R,2025-10-02,S/Z,Strength Zone,800.00,,800.00,due_or_unpaid,R,,M,OCT 2025,2026-09-10 09:29:22.361896+00
16184,2025-10-01,309,JANAKI RAMAN D,2025-10-04,G/F,General Fitness,1000.00,1000.00,0.00,paid,PAID,,M/E,OCT 2025,2026-09-10 09:29:22.361896+00
16185,2025-10-01,310,KAMALA DHASAN M,2025-10-08,S/Z,Strength Zone,800.00,800.00,0.00,paid,PAID,,M,OCT 2025,2026-09-10 09:29:22.361896+00
16186,2025-10-01,311,JOHN BENEDICT,2025-10-09,G/F,General Fitness,1000.00,2000.00,0.00,paid,PAID,,E,OCT 2025,2026-09-10 09:29:22.361896+00
16187,2025-10-01,312,PADMANABAN J,2025-10-15,S/Z,Strength Zone,800.00,,800.00,due_or_unpaid,R,,,OCT 2025,2026-09-10 09:29:22.361896+00
16188,2025-10-01,313,SABARI GIRI S,2025-10-15,S/Z,Strength Zone,800.00,,800.00,due_or_unpaid,R,,M,OCT 2025,2026-09-10 09:29:22.361896+00
16189,2025-10-01,314,ROHITH K,2025-10-15,S/Z,Strength Zone,800.00,,800.00,due_or_unpaid,R,,E,OCT 2025,2026-09-10 09:29:22.361896+00
16190,2025-10-01,315,CHANDHRU,2025-10-15,S/Z,Strength Zone,800.00,,800.00,due_or_unpaid,R,,E,OCT 2025,2026-09-10 09:29:22.361896+00
16191,2025-10-01,316,RAMESH S,2025-10-16,S/Z,Strength Zone,800.00,800.00,0.00,paid,PAID,,M,OCT 2025,2026-09-10 09:29:22.361896+00
16192,2025-10-01,317,KEERTHI VARMAN S,2025-10-19,S/Z,Strength Zone,800.00,,800.00,due_or_unpaid,R,,M,OCT 2025,2026-09-10 09:29:22.361896+00
16193,2025-11-01,1,SUNDHAR M,2025-11-09,S/Z,Strength Zone,800.00,,800.00,due_or_unpaid,R,,,NOV 2025,2026-09-10 09:29:22.361896+00
16194,2025-11-01,2,NITHYASEELAN P,2025-11-09,S/Z,Strength Zone,800.00,,800.00,due_or_unpaid,R,,,NOV 2025,2026-09-10 09:29:22.361896+00
16195,2025-11-01,3,SANJEEVA REDDY C,2026-01-09,S/Z,Strength Zone,800.00,,6000.00,paid,PAID,,,NOV 2025,2026-09-10 09:29:22.361896+00
16196,2025-11-01,4,ABDUL RAHMAN A,2025-11-09,S/Z,Strength Zone,800.00,,1000.00,due_or_unpaid,R,,,NOV 2025,2026-09-10 09:29:22.361896+00
16197,2025-11-01,5,SANTHOSH KUMAR G,2025-11-09,G/F,General Fitness,1000.00,,1000.00,due_or_unpaid,R,,,NOV 2025,2026-09-10 09:29:22.361896+00
16198,2025-11-01,6,SATHISH KUMAR J,2025-11-09,G/F,General Fitness,1000.00,,1000.00,due_or_unpaid,R,,,NOV 2025,2026-09-10 09:29:22.361896+00
16199,2025-11-01,7,VIJAYABABU C,2026-01-09,G/F,General Fitness,1000.00,,6000.00,paid,PAID,,,NOV 2025,2026-09-10 09:29:22.361896+00
16200,2025-11-01,8,ISTJHAR AHAMAD,2025-11-09,G/F,General Fitness,1000.00,,1000.00,due_or_unpaid,R,,,NOV 2025,2026-09-10 09:29:22.361896+00
16201,2025-11-01,9,MUBARAK ALI,2025-11-09,S/Z,Strength Zone,800.00,,800.00,due_or_unpaid,R,,,NOV 2025,2026-09-10 09:29:22.361896+00
16202,2025-11-01,10,GULJOR HUSSAIN,2025-11-09,S/Z,Strength Zone,800.00,,800.00,due_or_unpaid,R,,,NOV 2025,2026-09-10 09:29:22.361896+00
16203,2025-11-01,11,SURHAB ALI,2025-11-09,S/Z,Strength Zone,800.00,,800.00,due_or_unpaid,R,,,NOV 2025,2026-09-10 09:29:22.361896+00
16204,2025-11-01,12,SATHYA M,2025-11-09,G/F,General Fitness,800.00,,800.00,due_or_unpaid,R,,,NOV 2025,2026-09-10 09:29:22.361896+00
16205,2025-11-01,13,PORTAP CHETRY,2025-11-09,S/Z,Strength Zone,800.00,,800.00,due_or_unpaid,R,,,NOV 2025,2026-09-10 09:29:22.361896+00
16206,2025-11-01,14,TAMIL,2025-11-09,G/F,General Fitness,1000.00,,1000.00,due_or_unpaid,R,,,NOV 2025,2026-09-10 09:29:22.361896+00
16207,2025-11-01,15,DEEPAK M,2025-11-09,S/Z,Strength Zone,800.00,,800.00,due_or_unpaid,R,,,NOV 2025,2026-09-10 09:29:22.361896+00
16208,2025-11-01,16,SARATH KUMAR A,2025-11-10,S/Z,Strength Zone,800.00,,800.00,due_or_unpaid,R,,,NOV 2025,2026-09-10 09:29:22.361896+00
16209,2025-11-01,17,UDHAYA PANDIAN,2025-11-10,G/F,General Fitness,1000.00,,1000.00,due_or_unpaid,R,,,NOV 2025,2026-09-10 09:29:22.361896+00
16210,2025-11-01,18,MANJIT KUMAR,2025-11-14,S/Z,Strength Zone,1000.00,,1000.00,due_or_unpaid,R,,,NOV 2025,2026-09-10 09:29:22.361896+00
16211,2025-11-01,19,YUVARAJ C,2025-11-10,G/F,General Fitness,1000.00,,7000.00,due_or_unpaid,R,,,NOV 2025,2026-09-10 09:29:22.361896+00
16212,2025-11-01,20,CHARLES,2025-11-09,S/Z,Strength Zone,800.00,,1000.00,due_or_unpaid,R,,,NOV 2025,2026-09-10 09:29:22.361896+00
16213,2025-11-01,21,DHANUSH V,2025-11-10,S/Z,Strength Zone,800.00,,800.00,due_or_unpaid,R,,,NOV 2025,2026-09-10 09:29:22.361896+00
16214,2025-11-01,22,BOLORAM PONIKA A.J,2025-11-10,S/Z,Strength Zone,800.00,,800.00,due_or_unpaid,R,,,NOV 2025,2026-09-10 09:29:22.361896+00
16215,2025-11-01,23,PRASANTH M,2025-11-10,S/Z,Strength Zone,800.00,,800.00,due_or_unpaid,R,,,NOV 2025,2026-09-10 09:29:22.361896+00
16216,2025-11-01,24,RAGUL R,2025-11-14,S/Z,Strength Zone,800.00,800.00,0.00,paid,PAID,,,NOV 2025,2026-09-10 09:29:22.361896+00
16217,2025-11-01,25,SANTHOSH M,2025-11-11,S/Z,Strength Zone,800.00,,800.00,due_or_unpaid,R,,,NOV 2025,2026-09-10 09:29:22.361896+00
16218,2025-11-01,26,MAZID ALI,2025-11-11,S/Z,Strength Zone,800.00,,800.00,due_or_unpaid,R,,,NOV 2025,2026-09-10 09:29:22.361896+00
16219,2025-11-01,27,SADIKUL ISLAM,2025-11-11,S/Z,Strength Zone,800.00,,800.00,due_or_unpaid,R,,,NOV 2025,2026-09-10 09:29:22.361896+00
16220,2025-11-01,28,LAKSHWANTH,2026-02-11,G/F,General Fitness,1000.00,,7499.00,paid,PAID,,,NOV 2025,2026-09-10 09:29:22.361896+00
16221,2025-11-01,29,GOWTHAM A,2025-11-01,S/Z,Strength Zone,800.00,,800.00,due_or_unpaid,R,,,NOV 2025,2026-09-10 09:29:22.361896+00
16222,2025-11-01,30,PRADEEP Y,2025-11-20,S/Z,Strength Zone,800.00,800.00,0.00,paid,R,,,NOV 2025,2026-09-10 09:29:22.361896+00
16223,2025-11-01,31,ROHIT R,2025-11-12,S/Z,Strength Zone,800.00,,800.00,paid,PAID,,,NOV 2025,2026-09-10 09:29:22.361896+00
16224,2025-11-01,32,RISHI M,2025-11-12,S/Z,Strength Zone,800.00,,800.00,due_or_unpaid,R,,,NOV 2025,2026-09-10 09:29:22.361896+00
16225,2025-11-01,33,GOPAL B,2025-11-12,S/Z,Strength Zone,800.00,800.00,0.00,paid,PAID,,,NOV 2025,2026-09-10 09:29:22.361896+00
16226,2025-11-01,34,KODOM ALI D,2025-11-13,S/Z,Strength Zone,800.00,,800.00,due_or_unpaid,R,,,NOV 2025,2026-09-10 09:29:22.361896+00
16227,2025-11-01,35,SUJAB ALI A,2025-11-13,S/Z,Strength Zone,800.00,,800.00,due_or_unpaid,R,,,NOV 2025,2026-09-10 09:29:22.361896+00
16228,2025-11-01,36,ASHABUL HOQUE S,2025-11-13,S/Z,Strength Zone,800.00,,800.00,due_or_unpaid,R,,,NOV 2025,2026-09-10 09:29:22.361896+00
16229,2025-11-01,37,SURESH K,2025-11-13,G/F,General Fitness,1000.00,,1000.00,due_or_unpaid,R,,,NOV 2025,2026-09-10 09:29:22.361896+00
16230,2025-11-01,38,YUVARAJ B,2025-11-13,S/F,,800.00,,1600.00,due_or_unpaid,R,,,NOV 2025,2026-09-10 09:29:22.361896+00
16231,2025-11-01,39,BALAKUMAR H,2025-11-13,G/F,General Fitness,1000.00,1000.00,0.00,paid,PAID,,,NOV 2025,2026-09-10 09:29:22.361896+00
16232,2025-11-01,40,SIDDHARATH V,2025-11-13,S/Z,Strength Zone,1000.00,1000.00,0.00,paid,PAID,,,NOV 2025,2026-09-10 09:29:22.361896+00
16233,2025-11-01,41,VAJRAVEL A,2025-11-13,G/F,General Fitness,1000.00,1000.00,0.00,paid,PAID,,,NOV 2025,2026-09-10 09:29:22.361896+00
16234,2025-11-01,42,SARAVANAN K,2025-11-13,S/Z,Strength Zone,800.00,800.00,0.00,paid,PAID,,,NOV 2025,2026-09-10 09:29:22.361896+00
16235,2025-11-01,43,ARJUN S,2025-11-13,S/Z,Strength Zone,800.00,,800.00,due_or_unpaid,R,,,NOV 2025,2026-09-10 09:29:22.361896+00
16236,2025-11-01,44,RAM PRASAD,2025-11-14,G/F,General Fitness,1000.00,,1000.00,due_or_unpaid,R,,,NOV 2025,2026-09-10 09:29:22.361896+00
16237,2025-11-01,45,SANTHOSH,2025-11-01,S/Z,Strength Zone,800.00,,800.00,due_or_unpaid,R,,,NOV 2025,2026-09-10 09:29:22.361896+00
16238,2025-11-01,46,SRI RAM R,2025-11-14,S/Z,Strength Zone,1000.00,,1900.00,due_or_unpaid,R,,,NOV 2025,2026-09-10 09:29:22.361896+00
16239,2025-11-01,47,ANBU N,2025-11-14,G/F,General Fitness,1000.00,,1000.00,due_or_unpaid,R,,,NOV 2025,2026-09-10 09:29:22.361896+00
16240,2025-11-01,48,ARAVINDKUMAR P,2025-11-14,S/Z,Strength Zone,800.00,,800.00,due_or_unpaid,R,,,NOV 2025,2026-09-10 09:29:22.361896+00
16241,2025-11-01,49,ARUN S,2025-11-16,G/F,General Fitness,1000.00,,1000.00,due_or_unpaid,R,,,NOV 2025,2026-09-10 09:29:22.361896+00
16242,2025-11-01,50,AATHI,2025-11-06,S/Z,Strength Zone,800.00,800.00,0.00,paid,PAID,,,NOV 2025,2026-09-10 09:29:22.361896+00
16243,2025-11-01,51,JOTHILINGAM R,2025-11-15,G/F,General Fitness,1000.00,,1000.00,due_or_unpaid,R,,,NOV 2025,2026-09-10 09:29:22.361896+00
16244,2025-11-01,52,VASANTH J,2026-01-15,S/Z,Strength Zone,1000.00,,6000.00,paid,PAID,,,NOV 2025,2026-09-10 09:29:22.361896+00
16245,2025-11-01,53,BESTY PAULINE,2025-11-16,G/F,General Fitness,1000.00,,1000.00,due_or_unpaid,R,,,NOV 2025,2026-09-10 09:29:22.361896+00
16246,2025-11-01,54,PREM KUMAR Y,2025-11-16,S/Z,Strength Zone,800.00,,800.00,due_or_unpaid,R,,,NOV 2025,2026-09-10 09:29:22.361896+00
16247,2025-11-01,55,JAWAID F,2025-11-16,S/Z,Strength Zone,800.00,,800.00,due_or_unpaid,R,,,NOV 2025,2026-09-10 09:29:22.361896+00
16248,2025-11-01,56,BOBIDUL ISLAM A,2025-11-16,G/F,General Fitness,1000.00,,1000.00,due_or_unpaid,R,,,NOV 2025,2026-09-10 09:29:22.361896+00
16249,2025-11-01,57,ABDUL KHALAK J,2025-11-16,G/F,General Fitness,1000.00,,1000.00,due_or_unpaid,R,,,NOV 2025,2026-09-10 09:29:22.361896+00
16250,2025-11-01,58,MEHERUL HAQUE S,2025-11-16,G/F,General Fitness,1000.00,,1000.00,due_or_unpaid,R,,,NOV 2025,2026-09-10 09:29:22.361896+00
16251,2025-11-01,59,JAGADEESH M,2025-11-16,G/F,General Fitness,1000.00,,1000.00,due_or_unpaid,R,,,NOV 2025,2026-09-10 09:29:22.361896+00
16252,2025-11-01,60,FAIYAZ AHMED A,2025-11-16,S/Z,Strength Zone,800.00,,800.00,due_or_unpaid,R,,,NOV 2025,2026-09-10 09:29:22.361896+00
16253,2025-11-01,61,MAMIDUL ALI,2025-11-17,S/Z,Strength Zone,800.00,,800.00,due_or_unpaid,R,,,NOV 2025,2026-09-10 09:29:22.361896+00
16254,2025-11-01,62,VINOTH KUMAR,2025-11-17,G/F,General Fitness,800.00,,800.00,due_or_unpaid,R,,,NOV 2025,2026-09-10 09:29:22.361896+00
16255,2025-11-01,63,ABDUL BATIN,2025-11-17,S/Z,Strength Zone,800.00,,800.00,due_or_unpaid,R,,,NOV 2025,2026-09-10 09:29:22.361896+00
16256,2025-11-01,64,NILCHAN ALI,2025-11-17,S/Z,Strength Zone,800.00,,800.00,due_or_unpaid,R,,,NOV 2025,2026-09-10 09:29:22.361896+00
16257,2025-11-01,65,MONIRUAL HOQUE,2025-11-17,S/Z,Strength Zone,800.00,,800.00,due_or_unpaid,R,,,NOV 2025,2026-09-10 09:29:22.361896+00
16258,2025-11-01,66,AMIR HAMJA,2025-11-17,S/Z,Strength Zone,800.00,,800.00,due_or_unpaid,R,,,NOV 2025,2026-09-10 09:29:22.361896+00
16259,2025-11-01,67,SUNIL R,2025-11-17,G/F,General Fitness,1000.00,,1000.00,due_or_unpaid,R,,,NOV 2025,2026-09-10 09:29:22.361896+00
16260,2025-11-01,68,SUDHAKAR S,2025-11-17,S/Z,Strength Zone,800.00,,800.00,due_or_unpaid,R,,,NOV 2025,2026-09-10 09:29:22.361896+00
16261,2025-11-01,69,AMINUL ISLAM MD,2025-11-18,S/Z,Strength Zone,800.00,,800.00,due_or_unpaid,R,,,NOV 2025,2026-09-10 09:29:22.361896+00
16262,2025-11-01,70,TAFIKUL ISLAM,2025-11-18,G/F,General Fitness,1000.00,,800.00,due_or_unpaid,R,,,NOV 2025,2026-09-10 09:29:22.361896+00
16263,2025-11-01,72,HAFIZUR RAHMAM,2025-11-19,S/Z,Strength Zone,800.00,,800.00,due_or_unpaid,R,,,NOV 2025,2026-09-10 09:29:22.361896+00
16264,2025-11-01,73,MOJNUR,2025-11-19,S/Z,Strength Zone,800.00,,800.00,due_or_unpaid,R,,,NOV 2025,2026-09-10 09:29:22.361896+00
16265,2025-11-01,74,YOGESH R,2025-11-19,S/Z,Strength Zone,800.00,,800.00,due_or_unpaid,R,,,NOV 2025,2026-09-10 09:29:22.361896+00
16266,2025-11-01,75,NAVAS,2025-11-19,G/F,General Fitness,1000.00,,800.00,due_or_unpaid,R,,,NOV 2025,2026-09-10 09:29:22.361896+00
16267,2025-11-01,76,TAYABUR RAHMAN A,2025-11-20,S/Z,Strength Zone,800.00,,800.00,due_or_unpaid,R,,,NOV 2025,2026-09-10 09:29:22.361896+00
16268,2025-11-01,78,RATHISH KUMAR,2025-11-23,G/F,General Fitness,1000.00,,1000.00,due_or_unpaid,R,,,NOV 2025,2026-09-10 09:29:22.361896+00
16269,2025-11-01,78,SANTHOSH,2025-11-29,G/F,General Fitness,1000.00,,1000.00,due_or_unpaid,R,,,NOV 2025,2026-09-10 09:29:22.361896+00
16270,2025-11-01,79,DARVIN RAJ J,2025-06-10,G/F,General Fitness,1000.00,,1000.00,due_or_unpaid,R,,,NOV 2025,2026-09-10 09:29:22.361896+00
16271,2025-11-01,80,PRASANTH S,2025-11-23,S/Z,Strength Zone,800.00,,800.00,due_or_unpaid,R,,,NOV 2025,2026-09-10 09:29:22.361896+00
16272,2025-11-01,81,GURU SHANKAR,2025-11-23,S/Z,Strength Zone,800.00,,800.00,due_or_unpaid,R,,,NOV 2025,2026-09-10 09:29:22.361896+00
16273,2025-11-01,82,NARJUL ISLAM A,2025-11-23,S/Z,Strength Zone,800.00,,800.00,due_or_unpaid,R,,,NOV 2025,2026-09-10 09:29:22.361896+00
16274,2025-11-01,83,SANGIT KUMAR SAMANTHA,2025-11-23,G/F,General Fitness,1000.00,,800.00,due_or_unpaid,R,,,NOV 2025,2026-09-10 09:29:22.361896+00
16275,2025-11-01,84,RAGUL A,2025-11-23,S/Z,Strength Zone,800.00,,800.00,due_or_unpaid,R,,,NOV 2025,2026-09-10 09:29:22.361896+00
16276,2025-11-01,85,ASWINI SAGAR SWAIN,2025-11-24,S/Z,Strength Zone,800.00,,800.00,due_or_unpaid,R,,,NOV 2025,2026-09-10 09:29:22.361896+00
16277,2025-11-01,86,DEEPAK M,2025-11-08,G/F,General Fitness,1000.00,1000.00,0.00,paid,PAID,,,NOV 2025,2026-09-10 09:29:22.361896+00
16278,2025-11-01,88,NATHAN K,2025-11-25,S/Z,Strength Zone,800.00,,800.00,due_or_unpaid,R,,,NOV 2025,2026-09-10 09:29:22.361896+00
16279,2025-11-01,89,MOIN UDDIN A,2025-11-25,S/Z,Strength Zone,800.00,,800.00,due_or_unpaid,R,,,NOV 2025,2026-09-10 09:29:22.361896+00
16280,2025-11-01,90,ALI AHMED R,2025-11-25,S/Z,Strength Zone,800.00,,800.00,due_or_unpaid,R,,,NOV 2025,2026-09-10 09:29:22.361896+00
16281,2025-11-01,91,ABINASH S,2025-11-27,S/Z,Strength Zone,800.00,,800.00,due_or_unpaid,R,,,NOV 2025,2026-09-10 09:29:22.361896+00
16282,2025-11-01,92,ARAVIND S,2025-11-28,S/Z,Strength Zone,800.00,,800.00,due_or_unpaid,R,,,NOV 2025,2026-09-10 09:29:22.361896+00
16283,2025-11-01,93,ASHADUL,2025-11-30,G/F,General Fitness,1000.00,,800.00,due_or_unpaid,R,,,NOV 2025,2026-09-10 09:29:22.361896+00
16284,2025-11-01,94,GUHAN A,2025-11-30,S/Z,Strength Zone,800.00,,800.00,due_or_unpaid,R,,,NOV 2025,2026-09-10 09:29:22.361896+00
16285,2025-11-01,95,ROKIBUL HUSSAIN A,2025-11-30,S/Z,Strength Zone,800.00,,800.00,due_or_unpaid,R,,,NOV 2025,2026-09-10 09:29:22.361896+00
16286,2025-11-01,96,MERVYN,2025-11-01,G/F,General Fitness,7000.00,,7000.00,paid,PAID,,,NOV 2025,2026-09-10 09:29:22.361896+00
16287,2025-11-01,97,MICHAEL A,2025-11-01,S/Z,Strength Zone,800.00,,800.00,due_or_unpaid,R,,,NOV 2025,2026-09-10 09:29:22.361896+00
16288,2025-11-01,98,SUGAN RAJ M,2025-11-01,S/Z,Strength Zone,800.00,,800.00,due_or_unpaid,R,,,NOV 2025,2026-09-10 09:29:22.361896+00
16289,2025-11-01,99,SHUTRUGHAN KUMAR R,2025-11-01,G/F,General Fitness,800.00,,800.00,due_or_unpaid,R,,,NOV 2025,2026-09-10 09:29:22.361896+00
16290,2025-11-01,100,DAVID A,2025-11-02,G/F,General Fitness,1000.00,,1000.00,due_or_unpaid,R,,,NOV 2025,2026-09-10 09:29:22.361896+00
16291,2025-11-01,101,PETER A,2025-11-02,G/F,General Fitness,1000.00,,1000.00,due_or_unpaid,R,,,NOV 2025,2026-09-10 09:29:22.361896+00
16292,2025-11-01,102,KUMARAN M,2025-11-02,S/Z,Strength Zone,800.00,,800.00,due_or_unpaid,R,,,NOV 2025,2026-09-10 09:29:22.361896+00
16293,2025-11-01,103,CHARAN KUMAR V,2025-11-10,G/F,General Fitness,1000.00,,1000.00,due_or_unpaid,R,,,NOV 2025,2026-09-10 09:29:22.361896+00
16294,2025-11-01,104,SETTU E,2025-11-03,S/Z,Strength Zone,800.00,,800.00,due_or_unpaid,R,,,NOV 2025,2026-09-10 09:29:22.361896+00
16295,2025-11-01,105,NITHISH KUMAR S,2025-11-15,S/Z,Strength Zone,800.00,800.00,0.00,paid,PAID,,,NOV 2025,2026-09-10 09:29:22.361896+00
16296,2025-11-01,106,RAMESH S,2025-11-04,G/F,General Fitness,1000.00,,1000.00,due_or_unpaid,R,,,NOV 2025,2026-09-10 09:29:22.361896+00
16297,2025-11-01,107,SANJAN V,2025-11-05,S/Z,Strength Zone,800.00,,800.00,due_or_unpaid,R,,,NOV 2025,2026-09-10 09:29:22.361896+00
16298,2025-11-01,108,DIVAKAR M,2025-11-05,G/F,General Fitness,1000.00,,1000.00,due_or_unpaid,R,,,NOV 2025,2026-09-10 09:29:22.361896+00
16299,2025-11-01,109,DANIEL R,2025-11-05,S/Z,Strength Zone,800.00,800.00,0.00,paid,PAID,,,NOV 2025,2026-09-10 09:29:22.361896+00
16300,2025-11-01,110,MANIKANADAN,2025-11-07,G/F,General Fitness,1000.00,,1000.00,due_or_unpaid,R,,,NOV 2025,2026-09-10 09:29:22.361896+00
16301,2025-11-01,111,PRITHIVIKASH,2025-11-26,S/Z,Strength Zone,800.00,,800.00,due_or_unpaid,R,,,NOV 2025,2026-09-10 09:29:22.361896+00
16302,2025-11-01,112,CHANDRU,2025-11-08,S/Z,Strength Zone,800.00,,800.00,due_or_unpaid,R,,,NOV 2025,2026-09-10 09:29:22.361896+00
16303,2025-11-01,113,SANJAY J,2025-11-04,S/Z,Strength Zone,800.00,,800.00,due_or_unpaid,R,,,NOV 2025,2026-09-10 09:29:22.361896+00
16304,2025-11-01,114,AJITH D,2025-11-09,S/Z,Strength Zone,800.00,,800.00,due_or_unpaid,R,,,NOV 2025,2026-09-10 09:29:22.361896+00
16305,2025-11-01,115,SANJAY B,2025-11-09,S/Z,Strength Zone,800.00,,800.00,due_or_unpaid,R,,,NOV 2025,2026-09-10 09:29:22.361896+00
16306,2025-11-01,116,TAMIL SELVAN M,2025-11-12,S/Z,Strength Zone,800.00,,800.00,due_or_unpaid,R,,,NOV 2025,2026-09-10 09:29:22.361896+00
16307,2025-11-01,117,ARUN YADAV,2025-11-12,S/Z,Strength Zone,800.00,,800.00,due_or_unpaid,R,,,NOV 2025,2026-09-10 09:29:22.361896+00
16308,2025-11-01,118,GIRI S,2025-11-13,S/Z,Strength Zone,800.00,,800.00,due_or_unpaid,R,,,NOV 2025,2026-09-10 09:29:22.361896+00
16309,2025-11-01,119,JOHNSON S,2025-11-14,S/Z,Strength Zone,800.00,,800.00,due_or_unpaid,R,,,NOV 2025,2026-09-10 09:29:22.361896+00
16310,2025-11-01,120,DEEPAK BILUNG,2025-11-15,S/Z,Strength Zone,800.00,,800.00,due_or_unpaid,R,,,NOV 2025,2026-09-10 09:29:22.361896+00
16311,2025-11-01,121,BINU,2025-11-15,S/Z,Strength Zone,800.00,,800.00,due_or_unpaid,R,,,NOV 2025,2026-09-10 09:29:22.361896+00
16312,2025-11-01,122,SOHEL RANA,2025-11-16,G/F,General Fitness,1000.00,,1000.00,due_or_unpaid,R,,,NOV 2025,2026-09-10 09:29:22.361896+00
16313,2025-11-01,123,CHAITANYA K,2025-11-17,G/F,General Fitness,1000.00,,1000.00,due_or_unpaid,R,,,NOV 2025,2026-09-10 09:29:22.361896+00
16314,2025-11-01,124,KATHIRAVAN.E,2025-11-18,S/Z,Strength Zone,800.00,,800.00,due_or_unpaid,R,,,NOV 2025,2026-09-10 09:29:22.361896+00
16315,2025-11-01,125,MOORTHY R,2025-11-18,S/Z,Strength Zone,800.00,,800.00,due_or_unpaid,R,,,NOV 2025,2026-09-10 09:29:22.361896+00
16316,2025-11-01,126,SANJAY S,2025-11-18,S/Z,Strength Zone,800.00,,800.00,due_or_unpaid,R,,,NOV 2025,2026-09-10 09:29:22.361896+00
16317,2025-11-01,127,PERUMAL V,2025-11-19,S/Z,Strength Zone,800.00,,800.00,due_or_unpaid,R,,,NOV 2025,2026-09-10 09:29:22.361896+00
16318,2025-11-01,128,EMAMUL HUSSAIN A,2025-11-20,S/Z,Strength Zone,800.00,,800.00,due_or_unpaid,R,,,NOV 2025,2026-09-10 09:29:22.361896+00
16319,2025-11-01,129,JEEVA M,2025-11-21,S/Z,Strength Zone,800.00,,1000.00,due_or_unpaid,R,,,NOV 2025,2026-09-10 09:29:22.361896+00
16320,2025-11-01,130,ARAVIND S,2025-11-19,S/Z,Strength Zone,800.00,,800.00,due_or_unpaid,R,,,NOV 2025,2026-09-10 09:29:22.361896+00
16321,2025-11-01,131,SURESH P,2025-11-28,S/Z,Strength Zone,800.00,,800.00,due_or_unpaid,R,,,NOV 2025,2026-09-10 09:29:22.361896+00
16322,2025-11-01,132,KAMAL M,2025-11-28,S/Z,Strength Zone,800.00,,800.00,due_or_unpaid,R,,,NOV 2025,2026-09-10 09:29:22.361896+00
16323,2025-11-01,133,FARHAN,2025-11-29,S/Z,Strength Zone,800.00,,800.00,due_or_unpaid,R,,,NOV 2025,2026-09-10 09:29:22.361896+00
16324,2025-11-01,134,HARISHIT D,2025-11-30,S/Z,Strength Zone,800.00,,800.00,due_or_unpaid,R,,,NOV 2025,2026-09-10 09:29:22.361896+00
16325,2025-11-01,135,BALAJI Y,2025-11-01,G/F,General Fitness,800.00,,800.00,due_or_unpaid,R,,,NOV 2025,2026-09-10 09:29:22.361896+00
16326,2025-11-01,136,PETER A,2026-04-01,G/F,General Fitness,1000.00,,7500.00,paid,PAID,,,NOV 2025,2026-09-10 09:29:22.361896+00
16327,2025-11-01,137,KAMESH R,2025-11-08,S/Z,Strength Zone,800.00,,800.00,due_or_unpaid,R,,,NOV 2025,2026-09-10 09:29:22.361896+00
16328,2025-11-01,138,PREM S,2025-11-04,S/Z,Strength Zone,800.00,,800.00,due_or_unpaid,R,,,NOV 2025,2026-09-10 09:29:22.361896+00
16329,2025-11-01,139,VIMAL RAJ R,2025-11-04,S/Z,Strength Zone,800.00,,800.00,due_or_unpaid,R,,,NOV 2025,2026-09-10 09:29:22.361896+00
16330,2025-11-01,140,JOSEPH,2025-11-04,S/Z,Strength Zone,800.00,,800.00,due_or_unpaid,R,,,NOV 2025,2026-09-10 09:29:22.361896+00
16331,2025-11-01,141,ALA IMRAN A,2025-11-04,G/F,General Fitness,1000.00,,1000.00,due_or_unpaid,R,,,NOV 2025,2026-09-10 09:29:22.361896+00
16332,2025-11-01,142,HAZRAT ALI,2025-11-05,S/Z,Strength Zone,800.00,,800.00,due_or_unpaid,R,,,NOV 2025,2026-09-10 09:29:22.361896+00
16333,2025-11-01,143,MAHESHWAR GOPE,2025-11-05,S/Z,Strength Zone,800.00,,800.00,due_or_unpaid,R,,,NOV 2025,2026-09-10 09:29:22.361896+00
16334,2025-11-01,144,SAKTHI DS,2025-11-09,S/Z,Strength Zone,800.00,,800.00,due_or_unpaid,R,,,NOV 2025,2026-09-10 09:29:22.361896+00
16335,2025-11-01,145,MUKESH S,2025-11-22,S/Z,Strength Zone,800.00,800.00,0.00,paid,PAID,,,NOV 2025,2026-09-10 09:29:22.361896+00
16336,2025-11-01,146,AKASH SATHIVEL,2025-11-10,G/F,General Fitness,1000.00,,1000.00,due_or_unpaid,R,,,NOV 2025,2026-09-10 09:29:22.361896+00
16337,2025-11-01,147,SARAN RAJ S,2025-11-10,G/F,General Fitness,1000.00,,1000.00,due_or_unpaid,R,,,NOV 2025,2026-09-10 09:29:22.361896+00
16338,2025-11-01,148,SUDHAKAR S,2025-11-11,G/F,General Fitness,800.00,1000.00,0.00,paid,PAID,,,NOV 2025,2026-09-10 09:29:22.361896+00
16339,2025-11-01,149,UMAMAHESWARA RAO,2025-11-11,G/F,General Fitness,1000.00,,1000.00,due_or_unpaid,R,,,NOV 2025,2026-09-10 09:29:22.361896+00
16340,2025-11-01,150,BARKATHULLAM,2025-11-13,G/F,General Fitness,1000.00,,1000.00,due_or_unpaid,R,,,NOV 2025,2026-09-10 09:29:22.361896+00
16341,2025-11-01,151,ABDUL KALAM A,2025-11-13,G/F,General Fitness,1000.00,,1000.00,due_or_unpaid,R,,,NOV 2025,2026-09-10 09:29:22.361896+00
16342,2025-11-01,152,JARDIS SK,2025-11-13,S/Z,Strength Zone,800.00,,800.00,due_or_unpaid,R,,,NOV 2025,2026-09-10 09:29:22.361896+00
16343,2025-11-01,153,MANOJ M,2025-11-14,S/Z,Strength Zone,800.00,,800.00,due_or_unpaid,R,,,NOV 2025,2026-09-10 09:29:22.361896+00
16344,2025-11-01,154,NANTHA KUMAR A,2025-11-14,S/Z,Strength Zone,800.00,,1000.00,due_or_unpaid,R,,,NOV 2025,2026-09-10 09:29:22.361896+00
16345,2025-11-01,155,MANOJ E,2025-11-14,S/Z,Strength Zone,800.00,,800.00,due_or_unpaid,R,,,NOV 2025,2026-09-10 09:29:22.361896+00
16346,2025-11-01,156,PRAVEEN KUMAR S,2025-11-28,G/F,General Fitness,800.00,,800.00,due_or_unpaid,R,,,NOV 2025,2026-09-10 09:29:22.361896+00
16347,2025-11-01,157,SURYA S,2025-11-23,S/Z,Strength Zone,800.00,,800.00,due_or_unpaid,R,,,NOV 2025,2026-09-10 09:29:22.361896+00
16348,2025-11-01,158,MURALI S,2025-11-23,S/Z,Strength Zone,800.00,,800.00,due_or_unpaid,R,,,NOV 2025,2026-09-10 09:29:22.361896+00
16349,2025-11-01,159,RITHISH V,2025-11-18,S/Z,Strength Zone,800.00,,800.00,due_or_unpaid,R,,,NOV 2025,2026-09-10 09:29:22.361896+00
16350,2025-11-01,160,EMIMAL M,2025-11-19,G/F,General Fitness,1000.00,,800.00,due_or_unpaid,R,,,NOV 2025,2026-09-10 09:29:22.361896+00
16351,2025-11-01,161,YUVAN SHANKAR T,2025-11-17,G/F,General Fitness,1000.00,1000.00,0.00,paid,PAID,,,NOV 2025,2026-09-10 09:29:22.361896+00
16352,2025-11-01,162,JENIFER S,2025-11-04,G/F,General Fitness,1000.00,,1000.00,due_or_unpaid,R,,,NOV 2025,2026-09-10 09:29:22.361896+00
16353,2025-11-01,163,SANJEEV D.S,2025-11-13,G/F,General Fitness,800.00,1000.00,0.00,paid,PAID,,,NOV 2025,2026-09-10 09:29:22.361896+00
16354,2025-11-01,164,VASANTH KUMAR G,2025-11-05,S/Z,Strength Zone,800.00,,800.00,due_or_unpaid,R,,,NOV 2025,2026-09-10 09:29:22.361896+00
16355,2025-11-01,165,KISHORE KUMAR V,2025-11-07,S/Z,Strength Zone,800.00,,800.00,due_or_unpaid,R,,,NOV 2025,2026-09-10 09:29:22.361896+00
16356,2025-11-01,166,SANTHOSH KUMAR S,2025-11-07,S/Z,Strength Zone,800.00,,800.00,due_or_unpaid,R,,,NOV 2025,2026-09-10 09:29:22.361896+00
16357,2025-11-01,167,SANTHOSH KUMAR A,2025-11-09,S/Z,Strength Zone,800.00,800.00,0.00,paid,PAID,,,NOV 2025,2026-09-10 09:29:22.361896+00
16358,2025-11-01,168,ETHIRAJ T,2025-11-09,S/Z,Strength Zone,800.00,,800.00,due_or_unpaid,R,,,NOV 2025,2026-09-10 09:29:22.361896+00
16359,2025-11-01,169,PRASANTH M,2025-11-10,G/F,General Fitness,1000.00,,1000.00,due_or_unpaid,R,,,NOV 2025,2026-09-10 09:29:22.361896+00
16360,2025-11-01,170,RAGHUL R,2025-11-12,S/Z,Strength Zone,800.00,,800.00,due_or_unpaid,R,,,NOV 2025,2026-09-10 09:29:22.361896+00
16361,2025-11-01,171,GOWTHAM S,2025-11-16,G/F,General Fitness,1000.00,,1000.00,due_or_unpaid,R,,,NOV 2025,2026-09-10 09:29:22.361896+00
16362,2025-11-01,172,RAJESH S,2025-11-16,G/F,General Fitness,1000.00,,1000.00,due_or_unpaid,R,,,NOV 2025,2026-09-10 09:29:22.361896+00
16363,2025-11-01,173,AATHIYAPPAN S,2025-11-30,S/Z,Strength Zone,800.00,,800.00,due_or_unpaid,R,,,NOV 2025,2026-09-10 09:29:22.361896+00
16364,2025-11-01,174,GODSON PRAVEEN J,2025-11-19,G/F,General Fitness,1000.00,,800.00,due_or_unpaid,R,,,NOV 2025,2026-09-10 09:29:22.361896+00
16365,2025-11-01,175,KABILAN R,2025-11-26,S/Z,Strength Zone,800.00,,800.00,due_or_unpaid,R,,,NOV 2025,2026-09-10 09:29:22.361896+00
16366,2025-11-01,176,KAMAL S,2025-11-28,S/Z,Strength Zone,1000.00,,800.00,due_or_unpaid,R,,,NOV 2025,2026-09-10 09:29:22.361896+00
16367,2025-11-01,177,MOHAMED ASHWAQ S,2025-11-02,S/Z,Strength Zone,800.00,,800.00,due_or_unpaid,R,,,NOV 2025,2026-09-10 09:29:22.361896+00
16368,2025-11-01,178,VICKY,2025-11-03,S/Z,Strength Zone,800.00,,800.00,due_or_unpaid,R,,,NOV 2025,2026-09-10 09:29:22.361896+00
16369,2025-11-01,180,DEEPAK G,2025-11-05,G/F,General Fitness,1000.00,,1000.00,due_or_unpaid,R,,,NOV 2025,2026-09-10 09:29:22.361896+00
16370,2025-11-01,181,AGILESHWARAN M,2025-11-09,S/Z,Strength Zone,800.00,,800.00,due_or_unpaid,R,,,NOV 2025,2026-09-10 09:29:22.361896+00
16371,2025-11-01,182,MUKESH R,2025-11-11,S/Z,Strength Zone,800.00,,800.00,due_or_unpaid,R,,,NOV 2025,2026-09-10 09:29:22.361896+00
16372,2025-11-01,183,SACHIN AARON T,2025-11-17,S/Z,Strength Zone,800.00,,800.00,due_or_unpaid,R,,,NOV 2025,2026-09-10 09:29:22.361896+00
16373,2025-11-01,184,SANTHOSH R,2025-11-20,S/Z,Strength Zone,800.00,800.00,0.00,paid,PAID,,,NOV 2025,2026-09-10 09:29:22.361896+00
16374,2025-11-01,185,VISHNU VARTHAN S,2025-11-30,S/Z,Strength Zone,800.00,,1600.00,due_or_unpaid,R,,,NOV 2025,2026-09-10 09:29:22.361896+00
16375,2025-11-01,186,MOGESH V,2025-11-25,S/Z,Strength Zone,800.00,,800.00,due_or_unpaid,R,,,NOV 2025,2026-09-10 09:29:22.361896+00
16376,2025-11-01,187,VISHWA R A,2025-11-27,S/Z,Strength Zone,800.00,,800.00,due_or_unpaid,R,,,NOV 2025,2026-09-10 09:29:22.361896+00
16377,2025-11-01,188,RAMASUBRAMANI K,2025-11-29,S/Z,Strength Zone,800.00,,800.00,due_or_unpaid,R,,,NOV 2025,2026-09-10 09:29:22.361896+00
16378,2025-11-01,189,DHANASINGH P,2025-11-29,S/Z,Strength Zone,800.00,,800.00,due_or_unpaid,R,,,NOV 2025,2026-09-10 09:29:22.361896+00
16379,2025-11-01,190,AMAR NATH R,2025-11-03,G/F,General Fitness,1000.00,,1000.00,due_or_unpaid,R,,,NOV 2025,2026-09-10 09:29:22.361896+00
16380,2025-11-01,191,PUVIYARASAN G,2025-11-10,S/Z,Strength Zone,800.00,,800.00,due_or_unpaid,R,,,NOV 2025,2026-09-10 09:29:22.361896+00
16381,2025-11-01,192,DINESH KUMAR R,2025-11-04,S/Z,Strength Zone,800.00,800.00,0.00,paid,PAID,,,NOV 2025,2026-09-10 09:29:22.361896+00
16382,2025-11-01,193,ARUN KUMAR R,2025-11-04,G/F,General Fitness,1000.00,,1000.00,due_or_unpaid,R,,,NOV 2025,2026-09-10 09:29:22.361896+00
16383,2025-11-01,194,ASWIN P BENNY,2025-11-04,G/F,General Fitness,1000.00,,1000.00,due_or_unpaid,R,,,NOV 2025,2026-09-10 09:29:22.361896+00
16384,2025-11-01,195,ROCK R,2025-11-04,S/Z,Strength Zone,800.00,,800.00,due_or_unpaid,R,,,NOV 2025,2026-09-10 09:29:22.361896+00
16385,2025-11-01,196,SURIYA PRAKSH M,2025-11-12,S/Z,Strength Zone,800.00,,800.00,due_or_unpaid,R,,,NOV 2025,2026-09-10 09:29:22.361896+00
16386,2025-11-01,197,BHARATHI RAJA M,2025-11-12,G/F,General Fitness,1000.00,,1000.00,due_or_unpaid,R,,,NOV 2025,2026-09-10 09:29:22.361896+00
16387,2025-11-01,198,SURYA R,2025-11-12,S/Z,Strength Zone,800.00,,800.00,due_or_unpaid,R,,,NOV 2025,2026-09-10 09:29:22.361896+00
16388,2025-11-01,199,NIVEN K,2025-11-13,S/Z,Strength Zone,800.00,,800.00,due_or_unpaid,R,,,NOV 2025,2026-09-10 09:29:22.361896+00
16389,2025-11-01,200,DHAYALAN R,2025-11-21,G/F,General Fitness,1000.00,,1000.00,due_or_unpaid,R,,,NOV 2025,2026-09-10 09:29:22.361896+00
16390,2025-11-01,201,KARTHI BALAJI R,2025-11-13,S/Z,Strength Zone,800.00,,800.00,due_or_unpaid,R,,,NOV 2025,2026-09-10 09:29:22.361896+00
16391,2025-11-01,202,HARI KRISHNAN G,2025-11-18,G/F,General Fitness,1000.00,1000.00,0.00,paid,PAID,3000.0,,NOV 2025,2026-09-10 09:29:22.361896+00
16392,2025-11-01,203,VIGNESH K,2025-11-18,G/F,General Fitness,1000.00,1000.00,0.00,paid,PAID,3000.0,,NOV 2025,2026-09-10 09:29:22.361896+00
16393,2025-11-01,204,AKASH C,2025-11-20,S/Z,Strength Zone,800.00,,800.00,due_or_unpaid,R,,,NOV 2025,2026-09-10 09:29:22.361896+00
16394,2025-11-01,205,MANI MARAN M,2025-11-20,S/Z,Strength Zone,800.00,,800.00,due_or_unpaid,R,,,NOV 2025,2026-09-10 09:29:22.361896+00
16395,2025-11-01,206,SANTHA KUMAR S,2025-11-24,G/F,General Fitness,1000.00,,1000.00,due_or_unpaid,R,,,NOV 2025,2026-09-10 09:29:22.361896+00
16396,2025-11-01,207,SANJAY S,2025-11-24,S/Z,Strength Zone,800.00,,800.00,due_or_unpaid,R,,,NOV 2025,2026-09-10 09:29:22.361896+00
16397,2025-11-01,208,SEEN N,2025-11-24,S/Z,Strength Zone,800.00,,800.00,due_or_unpaid,R,,,NOV 2025,2026-09-10 09:29:22.361896+00
16398,2025-11-01,209,PASUPATHI M,2025-11-25,G/F,General Fitness,1000.00,,1000.00,due_or_unpaid,R,,,NOV 2025,2026-09-10 09:29:22.361896+00
16399,2025-11-01,210,NAVEEN K.M,2025-11-03,G/F,General Fitness,1000.00,1000.00,0.00,paid,PAID,,,NOV 2025,2026-09-10 09:29:22.361896+00
16400,2025-11-01,211,SUNIL KUMAR H,2025-11-03,S/Z,Strength Zone,800.00,,800.00,due_or_unpaid,R,,,NOV 2025,2026-09-10 09:29:22.361896+00
16401,2025-11-01,212,ALI,2025-11-03,S/Z,Strength Zone,800.00,,800.00,due_or_unpaid,R,,,NOV 2025,2026-09-10 09:29:22.361896+00
16402,2025-11-01,213,SADDAM,2025-11-03,S/Z,Strength Zone,800.00,,800.00,due_or_unpaid,R,,,NOV 2025,2026-09-10 09:29:22.361896+00
16403,2025-11-01,214,SUMAN RAJ P,2025-11-10,G/F,General Fitness,1000.00,,1000.00,due_or_unpaid,R,,,NOV 2025,2026-09-10 09:29:22.361896+00
16404,2025-11-01,215,MICHEAL PRAKASH P,2025-11-11,G/F,General Fitness,1000.00,,1000.00,due_or_unpaid,R,,,NOV 2025,2026-09-10 09:29:22.361896+00
16405,2025-11-01,216,RAJA K,2025-11-11,G/F,General Fitness,1000.00,,1000.00,due_or_unpaid,R,,,NOV 2025,2026-09-10 09:29:22.361896+00
16406,2025-11-01,217,SANJAY P R,2025-11-11,S/Z,Strength Zone,800.00,,800.00,due_or_unpaid,R,,,NOV 2025,2026-09-10 09:29:22.361896+00
16407,2025-11-01,218,NARENDRAN T,2025-11-14,S/Z,Strength Zone,800.00,,800.00,due_or_unpaid,R,,,NOV 2025,2026-09-10 09:29:22.361896+00
16408,2025-11-01,219,SUNIL P,2025-11-13,S/Z,Strength Zone,800.00,,800.00,due_or_unpaid,R,,,NOV 2025,2026-09-10 09:29:22.361896+00
16409,2025-11-01,220,VENKET,2025-11-13,G/F,General Fitness,1000.00,,1000.00,due_or_unpaid,R,,,NOV 2025,2026-09-10 09:29:22.361896+00
16410,2025-11-01,221,KARTHICK R,2025-11-15,S/Z,Strength Zone,800.00,,800.00,due_or_unpaid,R,,,NOV 2025,2026-09-10 09:29:22.361896+00
16411,2025-11-01,222,MUNISH KUMAR B,2025-11-17,S/Z,Strength Zone,800.00,,800.00,due_or_unpaid,R,,,NOV 2025,2026-09-10 09:29:22.361896+00
16412,2025-11-01,223,RAJIBUL ALI T,2025-11-22,S/Z,Strength Zone,800.00,,800.00,due_or_unpaid,R,,,NOV 2025,2026-09-10 09:29:22.361896+00
16413,2025-11-01,224,MOHANRAJ P,2025-11-15,G/F,General Fitness,1000.00,1000.00,0.00,paid,PAID,,,NOV 2025,2026-09-10 09:29:22.361896+00
16414,2025-11-01,225,RAVINDHAREN,2025-11-25,S/Z,Strength Zone,800.00,,800.00,due_or_unpaid,R,,,NOV 2025,2026-09-10 09:29:22.361896+00
16415,2025-11-01,226,SURESH M,2025-11-01,S/Z,Strength Zone,800.00,,800.00,due_or_unpaid,R,,,NOV 2025,2026-09-10 09:29:22.361896+00
16416,2025-11-01,227,KARTHIK DHANASEKAR,2025-11-01,S/Z,Strength Zone,800.00,800.00,0.00,paid,PAID,,,NOV 2025,2026-09-10 09:29:22.361896+00
16417,2025-11-01,228,MANIKANDAN D,2025-11-01,S/Z,Strength Zone,800.00,,800.00,due_or_unpaid,R,,,NOV 2025,2026-09-10 09:29:22.361896+00
16418,2025-11-01,229,VISHVA,2025-11-01,S/Z,Strength Zone,800.00,,800.00,due_or_unpaid,R,,,NOV 2025,2026-09-10 09:29:22.361896+00
16419,2025-11-01,230,SHYAM K,2025-11-04,S/Z,Strength Zone,800.00,,800.00,due_or_unpaid,R,,,NOV 2025,2026-09-10 09:29:22.361896+00
16420,2025-11-01,231,SHASHANTH S,2025-11-13,S/Z,Strength Zone,800.00,800.00,0.00,paid,PAID,,,NOV 2025,2026-09-10 09:29:22.361896+00
16421,2025-11-01,232,ANIL KUMAR,2025-11-05,S/Z,Strength Zone,800.00,,800.00,due_or_unpaid,R,,,NOV 2025,2026-09-10 09:29:22.361896+00
16422,2025-11-01,233,NIKHIL NAYAK L,2025-11-07,S/Z,Strength Zone,800.00,,800.00,due_or_unpaid,R,,,NOV 2025,2026-09-10 09:29:22.361896+00
16423,2025-11-01,234,PINKU NAYAK C,2025-11-07,S/Z,Strength Zone,800.00,,800.00,due_or_unpaid,R,,,NOV 2025,2026-09-10 09:29:22.361896+00
16424,2025-11-01,235,AKASH S,2025-11-01,G/F,General Fitness,1000.00,,1000.00,due_or_unpaid,R,,,NOV 2025,2026-09-10 09:29:22.361896+00
16425,2025-11-01,236,ANAND,2025-11-08,G/F,General Fitness,1000.00,,1000.00,due_or_unpaid,R,,,NOV 2025,2026-09-10 09:29:22.361896+00
16426,2025-11-01,237,LOHIT NAYAK,2025-11-12,S/Z,Strength Zone,800.00,,800.00,due_or_unpaid,R,,,NOV 2025,2026-09-10 09:29:22.361896+00
16427,2025-11-01,238,RIMPLE KUMAR,2025-11-15,S/Z,Strength Zone,800.00,,800.00,due_or_unpaid,R,,,NOV 2025,2026-09-10 09:29:22.361896+00
16428,2025-11-01,239,GOPINATH M,2025-11-17,G/F,General Fitness,1000.00,,1000.00,due_or_unpaid,R,,,NOV 2025,2026-09-10 09:29:22.361896+00
16429,2025-11-01,239,GOPINATH M,2025-11-19,S/Z,Strength Zone,800.00,,800.00,due_or_unpaid,R,,,NOV 2025,2026-09-10 09:29:22.361896+00
16430,2025-11-01,240,YOGESH G,2025-11-21,S/Z,Strength Zone,800.00,800.00,0.00,paid,PAID,,,NOV 2025,2026-09-10 09:29:22.361896+00
16431,2025-11-01,240,YOGESH G,2025-11-24,S/Z,Strength Zone,800.00,,800.00,due_or_unpaid,R,,,NOV 2025,2026-09-10 09:29:22.361896+00
16432,2025-11-01,241,PRADHAP V,2025-11-21,S/Z,Strength Zone,800.00,,800.00,due_or_unpaid,R,,,NOV 2025,2026-09-10 09:29:22.361896+00
16433,2025-11-01,241,PRADHAP V,2025-11-24,S/Z,Strength Zone,800.00,,800.00,due_or_unpaid,R,,,NOV 2025,2026-09-10 09:29:22.361896+00
16434,2025-11-01,242,AJAY A,2025-11-26,S/Z,Strength Zone,800.00,,800.00,due_or_unpaid,R,,,NOV 2025,2026-09-10 09:29:22.361896+00
16435,2025-11-01,244,BABU K,2025-11-26,G/F,General Fitness,1000.00,,1000.00,due_or_unpaid,R,,,NOV 2025,2026-09-10 09:29:22.361896+00
16436,2025-11-01,245,KISHORE S,2025-11-03,G/F,General Fitness,1000.00,,1000.00,due_or_unpaid,R,,,NOV 2025,2026-09-10 09:29:22.361896+00
16437,2025-11-01,246,SURESH,2025-11-05,S/Z,Strength Zone,800.00,,800.00,due_or_unpaid,R,,,NOV 2025,2026-09-10 09:29:22.361896+00
16438,2025-11-01,247,VIVEK,2026-11-05,S/Z,Strength Zone,800.00,,7777.00,paid,PAID,,,NOV 2025,2026-09-10 09:29:22.361896+00
16439,2025-11-01,248,ELAKKIAN,2025-11-05,G/F,General Fitness,1000.00,,1000.00,due_or_unpaid,R,,,NOV 2025,2026-09-10 09:29:22.361896+00
16440,2025-11-01,249,DEEPAK C,2025-11-05,G/F,General Fitness,1000.00,1000.00,0.00,paid,PAID,,,NOV 2025,2026-09-10 09:29:22.361896+00
16441,2025-11-01,250,RESHATH S,2025-11-06,S/Z,Strength Zone,800.00,,800.00,due_or_unpaid,R,,,NOV 2025,2026-09-10 09:29:22.361896+00
16442,2025-11-01,251,ARAVINTHAN S,2025-11-12,G/F,General Fitness,1000.00,,1000.00,due_or_unpaid,R,,,NOV 2025,2026-09-10 09:29:22.361896+00
16443,2025-11-01,252,MOULI RAJ V,2025-11-13,S/Z,Strength Zone,800.00,,800.00,due_or_unpaid,R,,,NOV 2025,2026-09-10 09:29:22.361896+00
16444,2025-11-01,253,DHAYANATHAN,2025-11-01,S/Z,Strength Zone,800.00,800.00,0.00,paid,PAID,,,NOV 2025,2026-09-10 09:29:22.361896+00
16445,2025-11-01,254,SELVAM K,2025-11-14,S/Z,Strength Zone,1000.00,,1000.00,due_or_unpaid,R,,,NOV 2025,2026-09-10 09:29:22.361896+00
16446,2025-11-01,255,VIJAYAN .S,2025-11-08,G/F,General Fitness,1000.00,,800.00,due_or_unpaid,R,,,NOV 2025,2026-09-10 09:29:22.361896+00
16447,2025-11-01,256,KARTHICK M,2025-11-19,S/Z,Strength Zone,800.00,,800.00,due_or_unpaid,R,,,NOV 2025,2026-09-10 09:29:22.361896+00
16448,2025-11-01,257,PAWN KUMAR,2025-11-26,S/Z,Strength Zone,800.00,,800.00,due_or_unpaid,R,,,NOV 2025,2026-09-10 09:29:22.361896+00
16449,2025-11-01,258,BEENAUVV V,2025-11-05,G/F,General Fitness,1000.00,,1000.00,due_or_unpaid,R,,,NOV 2025,2026-09-10 09:29:22.361896+00
16450,2025-11-01,259,PRADEEP KUMAR G,2025-11-04,G/F,General Fitness,1000.00,,1000.00,due_or_unpaid,R,,,NOV 2025,2026-09-10 09:29:22.361896+00
16451,2025-11-01,260,BARATH R,2025-11-10,S/Z,Strength Zone,800.00,800.00,0.00,paid,R,,,NOV 2025,2026-09-10 09:29:22.361896+00
16452,2025-11-01,261,MANIKANDAN L,2025-11-12,G/F,General Fitness,1000.00,,1000.00,due_or_unpaid,R,,,NOV 2025,2026-09-10 09:29:22.361896+00
16453,2025-11-01,262,RANJITH A,2025-11-13,G/F,General Fitness,1000.00,,1000.00,due_or_unpaid,R,,,NOV 2025,2026-09-10 09:29:22.361896+00
16454,2025-11-01,263,SHANMATHI E,2025-11-16,G/F,General Fitness,1000.00,,1000.00,due_or_unpaid,R,,,NOV 2025,2026-09-10 09:29:22.361896+00
16455,2025-11-01,264,VENKATESH K,2025-11-19,S/Z,Strength Zone,800.00,,800.00,due_or_unpaid,R,,,NOV 2025,2026-09-10 09:29:22.361896+00
16456,2025-11-01,265,ANKUR GUWALA J,2025-11-19,S/Z,Strength Zone,800.00,,800.00,due_or_unpaid,R,,,NOV 2025,2026-09-10 09:29:22.361896+00
16457,2025-11-01,266,PRANESH M,2025-11-20,S/Z,Strength Zone,800.00,,800.00,due_or_unpaid,R,,,NOV 2025,2026-09-10 09:29:22.361896+00
16458,2025-11-01,267,HANY PRINCY V,2025-11-06,G/F,General Fitness,1000.00,,1000.00,due_or_unpaid,R,,,NOV 2025,2026-09-10 09:29:22.361896+00
16459,2025-11-01,268,GUGAN S,2025-11-25,S/Z,Strength Zone,800.00,,800.00,due_or_unpaid,R,,,NOV 2025,2026-09-10 09:29:22.361896+00
16460,2025-11-01,269,SENTHIL KUMAR,2025-11-01,G/F,General Fitness,1000.00,,1000.00,due_or_unpaid,R,,,NOV 2025,2026-09-10 09:29:22.361896+00
16461,2025-11-01,270,AMITH KUMAR,2025-11-01,S/Z,Strength Zone,800.00,,800.00,due_or_unpaid,R,,,NOV 2025,2026-09-10 09:29:22.361896+00
16462,2025-11-01,271,ABISHEK KUMAR,2025-11-01,S/Z,Strength Zone,800.00,,800.00,due_or_unpaid,R,,,NOV 2025,2026-09-10 09:29:22.361896+00
16463,2025-11-01,272,BHUPINDER SINGH,2025-11-01,S/Z,Strength Zone,800.00,800.00,0.00,paid,PAID,,,NOV 2025,2026-09-10 09:29:22.361896+00
16464,2025-11-01,273,DEEPAK B,2025-11-04,G/F,General Fitness,1000.00,,1000.00,due_or_unpaid,R,,,NOV 2025,2026-09-10 09:29:22.361896+00
16465,2025-11-01,274,RATHNA KUMAR A,2026-09-07,S/Z,Strength Zone,800.00,,7777.00,paid,PAID,,,NOV 2025,2026-09-10 09:29:22.361896+00
16466,2025-11-01,275,BINIT,2025-11-08,G/F,General Fitness,1000.00,,1000.00,due_or_unpaid,R,,,NOV 2025,2026-09-10 09:29:22.361896+00
16467,2025-11-01,276,SAPHMITA,2025-11-08,G/F,General Fitness,1000.00,,1000.00,due_or_unpaid,R,,,NOV 2025,2026-09-10 09:29:22.361896+00
16468,2025-11-01,277,ARAVIND D,2025-11-08,G/F,General Fitness,1000.00,,1000.00,due_or_unpaid,R,,,NOV 2025,2026-09-10 09:29:22.361896+00
16469,2025-11-01,278,VIGNESH M,2025-11-08,G/F,General Fitness,1000.00,,1000.00,due_or_unpaid,R,,,NOV 2025,2026-09-10 09:29:22.361896+00
16470,2025-11-01,279,MOHAMMED FAAIZ M,2025-11-09,G/F,General Fitness,1000.00,,1000.00,due_or_unpaid,R,,,NOV 2025,2026-09-10 09:29:22.361896+00
16471,2025-11-01,280,PERIYASAMY J,2025-11-05,S/Z,Strength Zone,800.00,800.00,0.00,paid,PAID,,,NOV 2025,2026-09-10 09:29:22.361896+00
16472,2025-11-01,281,AKASH A,2025-11-11,G/F,General Fitness,1000.00,,1000.00,due_or_unpaid,R,,,NOV 2025,2026-09-10 09:29:22.361896+00
16473,2025-11-01,282,SOLOMON K,2025-11-11,G/F,General Fitness,1000.00,,1000.00,due_or_unpaid,R,,,NOV 2025,2026-09-10 09:29:22.361896+00
16474,2025-11-01,283,SARAN S,2025-11-11,S/Z,Strength Zone,1000.00,,1000.00,due_or_unpaid,R,,,NOV 2025,2026-09-10 09:29:22.361896+00
16475,2025-11-01,284,ARJUN B,2025-11-12,S/Z,Strength Zone,800.00,,800.00,due_or_unpaid,R,,,NOV 2025,2026-09-10 09:29:22.361896+00
16476,2025-11-01,285,SARAVANAN,2025-11-12,S/Z,Strength Zone,800.00,,800.00,due_or_unpaid,R,,,NOV 2025,2026-09-10 09:29:22.361896+00
16477,2025-11-01,286,TAPAS KUMAR B,2025-11-16,S/Z,Strength Zone,800.00,,800.00,due_or_unpaid,R,,,NOV 2025,2026-09-10 09:29:22.361896+00
16478,2025-11-01,287,PRASANTH K,2025-11-16,S/Z,Strength Zone,800.00,,800.00,due_or_unpaid,R,,,NOV 2025,2026-09-10 09:29:22.361896+00
16479,2025-11-01,288,SANDHIYA S,2025-11-16,G/F,General Fitness,1000.00,,1000.00,due_or_unpaid,R,,,NOV 2025,2026-09-10 09:29:22.361896+00
16480,2025-11-01,289,AMAN KUMAR,2025-11-18,S/Z,Strength Zone,800.00,,800.00,due_or_unpaid,R,,,NOV 2025,2026-09-10 09:29:22.361896+00
16481,2025-11-01,290,VARUN KUMAR J,2025-11-24,G/F,General Fitness,1000.00,1000.00,0.00,paid,PAID,,,NOV 2025,2026-09-10 09:29:22.361896+00
16482,2025-11-01,291,MOHAN H,2025-11-29,S/Z,Strength Zone,800.00,,1600.00,due_or_unpaid,R,,,NOV 2025,2026-09-10 09:29:22.361896+00
16483,2025-11-01,292,PAUL CHRISTOPHER T,2025-11-29,G/F,General Fitness,1000.00,1000.00,0.00,paid,PAID,,,NOV 2025,2026-09-10 09:29:22.361896+00
16484,2025-11-01,293,ANAND N,2025-11-02,S/Z,Strength Zone,800.00,,800.00,due_or_unpaid,R,,,NOV 2025,2026-09-10 09:29:22.361896+00
16485,2025-11-01,294,GANESH S,2025-11-04,S/Z,Strength Zone,800.00,800.00,0.00,paid,PAID,,,NOV 2025,2026-09-10 09:29:22.361896+00
16486,2025-11-01,295,RAMAN VERMA,2025-11-05,S/Z,Strength Zone,800.00,,800.00,due_or_unpaid,R,,,NOV 2025,2026-09-10 09:29:22.361896+00
16487,2025-11-01,296,HARI PRASATH L,2025-11-05,S/Z,Strength Zone,800.00,,800.00,due_or_unpaid,R,,,NOV 2025,2026-09-10 09:29:22.361896+00
16488,2025-11-01,297,SELVA P,2025-11-05,S/Z,Strength Zone,800.00,,800.00,due_or_unpaid,R,,,NOV 2025,2026-09-10 09:29:22.361896+00
16489,2025-11-01,298,DILLIBABU,2025-11-08,S/Z,Strength Zone,800.00,,800.00,due_or_unpaid,R,,,NOV 2025,2026-09-10 09:29:22.361896+00
16490,2025-11-01,299,NIVEN K,2025-11-13,G/F,General Fitness,1000.00,,1000.00,due_or_unpaid,R,,,NOV 2025,2026-09-10 09:29:22.361896+00
16491,2025-11-01,300,KALIA AKASH S,2025-11-13,S/Z,Strength Zone,800.00,,800.00,due_or_unpaid,R,,,NOV 2025,2026-09-10 09:29:22.361896+00
16492,2025-11-01,301,RAJKUMAR,2025-11-18,S/Z,Strength Zone,800.00,,800.00,due_or_unpaid,R,,,NOV 2025,2026-09-10 09:29:22.361896+00
16493,2025-11-01,302,GANESH K,2025-11-28,G/F,General Fitness,1000.00,,1000.00,due_or_unpaid,R,,,NOV 2025,2026-09-10 09:29:22.361896+00
16494,2025-11-01,303,JAYAPRAKASH V,2025-11-01,G/F,General Fitness,1000.00,1000.00,0.00,paid,PAID,,,NOV 2025,2026-09-10 09:29:22.361896+00
16495,2025-11-01,304,GANESH S,2025-11-01,G/F,General Fitness,1000.00,,1000.00,due_or_unpaid,R,,,NOV 2025,2026-09-10 09:29:22.361896+00
16496,2025-11-01,305,JASLIN A,2025-11-01,G/F,General Fitness,1000.00,,1000.00,due_or_unpaid,R,,,NOV 2025,2026-09-10 09:29:22.361896+00
16497,2025-11-01,306,SATHISH M,2025-11-01,S/Z,Strength Zone,800.00,,800.00,due_or_unpaid,R,,,NOV 2025,2026-09-10 09:29:22.361896+00
16498,2025-11-01,307,ARUN K,2025-11-01,S/Z,Strength Zone,800.00,800.00,0.00,paid,PAID,,,NOV 2025,2026-09-10 09:29:22.361896+00
16499,2025-11-01,308,BALAJI R,2025-11-02,S/Z,Strength Zone,800.00,,800.00,due_or_unpaid,R,,,NOV 2025,2026-09-10 09:29:22.361896+00
16500,2025-11-01,309,JANAKI RAMAN D,2025-11-04,G/F,General Fitness,1000.00,,1000.00,due_or_unpaid,R,,,NOV 2025,2026-09-10 09:29:22.361896+00
16501,2025-11-01,310,KAMALA DHASAN M,2025-11-08,S/Z,Strength Zone,800.00,800.00,0.00,paid,PAID,,,NOV 2025,2026-09-10 09:29:22.361896+00
16502,2025-11-01,311,JOHN BENEDICT,2025-11-09,G/F,General Fitness,1000.00,,1000.00,paid,PAID,,,NOV 2025,2026-09-10 09:29:22.361896+00
16503,2025-11-01,312,PADMANABAN J,2025-11-15,S/Z,Strength Zone,800.00,,800.00,due_or_unpaid,R,,,NOV 2025,2026-09-10 09:29:22.361896+00
16504,2025-11-01,313,SABARI GIRI S,2025-11-15,S/Z,Strength Zone,800.00,,800.00,due_or_unpaid,R,,,NOV 2025,2026-09-10 09:29:22.361896+00
16505,2025-11-01,314,ROHITH K,2025-11-15,S/Z,Strength Zone,800.00,,800.00,due_or_unpaid,R,,,NOV 2025,2026-09-10 09:29:22.361896+00
16506,2025-11-01,315,CHANDHRU,2025-11-15,S/Z,Strength Zone,800.00,,800.00,due_or_unpaid,R,,,NOV 2025,2026-09-10 09:29:22.361896+00
16507,2025-11-01,316,RAMESH S,2025-11-16,S/Z,Strength Zone,800.00,800.00,0.00,paid,PAID,,,NOV 2025,2026-09-10 09:29:22.361896+00
16508,2025-11-01,317,KEERTHI VARMAN S,2025-11-19,S/Z,Strength Zone,800.00,,800.00,due_or_unpaid,R,,,NOV 2025,2026-09-10 09:29:22.361896+00
16509,2025-11-01,318,DILLIBABU K,2025-11-02,S/Z,Strength Zone,800.00,,800.00,due_or_unpaid,R,,,NOV 2025,2026-09-10 09:29:22.361896+00
16510,2025-11-01,319,ABISHEK KUMAR,2025-11-03,S/Z,Strength Zone,800.00,,800.00,due_or_unpaid,R,,,NOV 2025,2026-09-10 09:29:22.361896+00
16511,2025-11-01,320,VIKKI KUMAR,2025-11-03,S/Z,Strength Zone,800.00,,800.00,due_or_unpaid,R,,,NOV 2025,2026-09-10 09:29:22.361896+00
16512,2025-11-01,321,DHAMODHARAN M,2025-11-06,G/F,General Fitness,1000.00,,1000.00,due_or_unpaid,R,,,NOV 2025,2026-09-10 09:29:22.361896+00
16513,2025-11-01,322,SASI KUMARAN,2025-11-06,G/F,General Fitness,1000.00,,1000.00,due_or_unpaid,R,,,NOV 2025,2026-09-10 09:29:22.361896+00
16514,2025-11-01,323,SANTHOSH T.S,2025-11-06,S/Z,Strength Zone,800.00,1000.00,0.00,paid,PAID,,,NOV 2025,2026-09-10 09:29:22.361896+00
16515,2025-11-01,324,SHIVAM KUMAR,2025-11-04,S/Z,Strength Zone,800.00,,800.00,due_or_unpaid,R,,,NOV 2025,2026-09-10 09:29:22.361896+00
16516,2025-11-01,325,RAUSHAN,2025-11-04,S/Z,Strength Zone,800.00,,800.00,due_or_unpaid,R,,,NOV 2025,2026-09-10 09:29:22.361896+00
16517,2025-11-01,326,EMBHAH,2025-11-11,G/F,General Fitness,1000.00,,1000.00,due_or_unpaid,R,,,NOV 2025,2026-09-10 09:29:22.361896+00
16518,2025-11-01,327,HASIYA TRIPURA,2025-11-11,G/F,General Fitness,1000.00,,1000.00,due_or_unpaid,R,,,NOV 2025,2026-09-10 09:29:22.361896+00
16519,2025-11-01,328,THANGA RAJ P,2025-11-13,S/Z,Strength Zone,800.00,800.00,0.00,paid,PAID,,,NOV 2025,2026-09-10 09:29:22.361896+00
16520,2025-11-01,329,SANJU MANDAL,2025-11-23,S/Z,Strength Zone,800.00,,800.00,due_or_unpaid,R,,,NOV 2025,2026-09-10 09:29:22.361896+00
16521,2025-11-01,330,EARM RAZA,2025-11-24,G/F,General Fitness,1000.00,,1000.00,due_or_unpaid,R,,,NOV 2025,2026-09-10 09:29:22.361896+00
16522,2025-11-01,331,VENKAT P,2025-11-27,S/Z,Strength Zone,800.00,,800.00,due_or_unpaid,R,,,NOV 2025,2026-09-10 09:29:22.361896+00
16523,2025-11-01,332,DINESH KARTHIK K,2025-11-27,S/Z,Strength Zone,800.00,,800.00,due_or_unpaid,R,,,NOV 2025,2026-09-10 09:29:22.361896+00
16524,2025-11-01,333,PRAKASH R,2025-11-29,G/F,General Fitness,1000.00,,1000.00,due_or_unpaid,R,,,NOV 2025,2026-09-10 09:29:22.361896+00
16525,2025-12-01,1,SUNDHAR M,2025-12-09,S/Z,Strength Zone,800.00,,800.00,due_or_unpaid,R,,,DEC 2025,2026-09-10 09:29:22.361896+00
16526,2025-12-01,2,NITHYASEELAN P,2025-12-09,S/Z,Strength Zone,800.00,,800.00,due_or_unpaid,R,,,DEC 2025,2026-09-10 09:29:22.361896+00
16527,2025-12-01,3,SANJEEVA REDDY C,2026-01-09,S/Z,Strength Zone,800.00,,6000.00,paid,PAID,,,DEC 2025,2026-09-10 09:29:22.361896+00
16528,2025-12-01,4,ABDUL RAHMAN A,2025-12-09,S/Z,Strength Zone,800.00,,1000.00,due_or_unpaid,R,,,DEC 2025,2026-09-10 09:29:22.361896+00
16529,2025-12-01,5,SANTHOSH KUMAR G,2025-12-09,G/F,General Fitness,1000.00,,1000.00,due_or_unpaid,R,,,DEC 2025,2026-09-10 09:29:22.361896+00
16530,2025-12-01,6,SATHISH KUMAR J,2025-12-09,G/F,General Fitness,1000.00,,1000.00,due_or_unpaid,R,,,DEC 2025,2026-09-10 09:29:22.361896+00
16531,2025-12-01,7,VIJAYABABU C,2026-01-09,G/F,General Fitness,1000.00,,6000.00,paid,PAID,,,DEC 2025,2026-09-10 09:29:22.361896+00
16532,2025-12-01,8,ISTJHAR AHAMAD,2025-12-09,G/F,General Fitness,1000.00,,1000.00,due_or_unpaid,R,,,DEC 2025,2026-09-10 09:29:22.361896+00
16533,2025-12-01,9,MUBARAK ALI,2025-12-09,S/Z,Strength Zone,800.00,,800.00,due_or_unpaid,R,,,DEC 2025,2026-09-10 09:29:22.361896+00
16534,2025-12-01,10,GULJOR HUSSAIN,2025-12-09,S/Z,Strength Zone,800.00,,800.00,due_or_unpaid,R,,,DEC 2025,2026-09-10 09:29:22.361896+00
16535,2025-12-01,11,SURHAB ALI,2025-12-09,S/Z,Strength Zone,800.00,,800.00,due_or_unpaid,R,,,DEC 2025,2026-09-10 09:29:22.361896+00
16536,2025-12-01,12,SATHYA M,2025-12-09,G/F,General Fitness,800.00,,800.00,due_or_unpaid,R,,,DEC 2025,2026-09-10 09:29:22.361896+00
16537,2025-12-01,13,PORTAP CHETRY,2025-12-09,S/Z,Strength Zone,800.00,,800.00,due_or_unpaid,R,,,DEC 2025,2026-09-10 09:29:22.361896+00
16538,2025-12-01,14,TAMIL,2025-12-09,G/F,General Fitness,1000.00,,1000.00,due_or_unpaid,R,,,DEC 2025,2026-09-10 09:29:22.361896+00
16539,2025-12-01,15,DEEPAK M,2025-12-09,S/Z,Strength Zone,800.00,,800.00,due_or_unpaid,R,,,DEC 2025,2026-09-10 09:29:22.361896+00
16540,2025-12-01,16,SARATH KUMAR A,2025-12-10,S/Z,Strength Zone,800.00,,800.00,due_or_unpaid,R,,,DEC 2025,2026-09-10 09:29:22.361896+00
16541,2025-12-01,17,UDHAYA PANDIAN,2025-12-10,G/F,General Fitness,1000.00,,1000.00,due_or_unpaid,R,,,DEC 2025,2026-09-10 09:29:22.361896+00
16542,2025-12-01,18,MANJIT KUMAR,2025-12-14,S/Z,Strength Zone,1000.00,1000.00,0.00,paid,PAID,,,DEC 2025,2026-09-10 09:29:22.361896+00
16543,2025-12-01,19,YUVARAJ C,2025-12-10,G/F,General Fitness,1000.00,,1000.00,due_or_unpaid,R,,,DEC 2025,2026-09-10 09:29:22.361896+00
16544,2025-12-01,20,CHARLES,2025-12-09,S/Z,Strength Zone,800.00,,1000.00,due_or_unpaid,R,,,DEC 2025,2026-09-10 09:29:22.361896+00
16545,2025-12-01,21,DHANUSH V,2025-12-10,S/Z,Strength Zone,800.00,,800.00,due_or_unpaid,R,,,DEC 2025,2026-09-10 09:29:22.361896+00
16546,2025-12-01,22,BOLORAM PONIKA A.J,2025-12-10,S/Z,Strength Zone,800.00,,800.00,due_or_unpaid,R,,,DEC 2025,2026-09-10 09:29:22.361896+00
16547,2025-12-01,23,PRASANTH M,2025-12-10,S/Z,Strength Zone,800.00,,800.00,due_or_unpaid,R,,,DEC 2025,2026-09-10 09:29:22.361896+00
16548,2025-12-01,24,RAGUL R,2025-12-14,S/Z,Strength Zone,800.00,800.00,0.00,paid,PAID,,,DEC 2025,2026-09-10 09:29:22.361896+00
16549,2025-12-01,25,SANTHOSH M,2025-12-11,S/Z,Strength Zone,800.00,,800.00,due_or_unpaid,R,,,DEC 2025,2026-09-10 09:29:22.361896+00
16550,2025-12-01,26,MAZID ALI,2025-12-11,S/Z,Strength Zone,800.00,,800.00,due_or_unpaid,R,,,DEC 2025,2026-09-10 09:29:22.361896+00
16551,2025-12-01,27,SADIKUL ISLAM,2025-12-11,S/Z,Strength Zone,800.00,,800.00,due_or_unpaid,R,,,DEC 2025,2026-09-10 09:29:22.361896+00
16552,2025-12-01,28,LAKSHWANTH,2026-02-11,G/F,General Fitness,1000.00,,7499.00,paid,PAID,,,DEC 2025,2026-09-10 09:29:22.361896+00
16553,2025-12-01,29,GOWTHAM A,2025-12-01,S/Z,Strength Zone,800.00,,800.00,due_or_unpaid,R,,,DEC 2025,2026-09-10 09:29:22.361896+00
16554,2025-12-01,30,PRADEEP Y,2025-12-20,S/Z,Strength Zone,800.00,800.00,0.00,paid,PAID,,,DEC 2025,2026-09-10 09:29:22.361896+00
16555,2025-12-01,31,ROHIT R,2025-12-12,S/Z,Strength Zone,800.00,,800.00,due_or_unpaid,R,,,DEC 2025,2026-09-10 09:29:22.361896+00
16556,2025-12-01,32,RISHI M,2025-12-12,S/Z,Strength Zone,800.00,,800.00,due_or_unpaid,R,,,DEC 2025,2026-09-10 09:29:22.361896+00
16557,2025-12-01,33,GOPAL B,2025-12-12,S/Z,Strength Zone,800.00,,800.00,due_or_unpaid,R,,,DEC 2025,2026-09-10 09:29:22.361896+00
16558,2025-12-01,34,KODOM ALI D,2025-12-13,S/Z,Strength Zone,800.00,,800.00,due_or_unpaid,R,,,DEC 2025,2026-09-10 09:29:22.361896+00
16559,2025-12-01,35,SUJAB ALI A,2025-12-13,S/Z,Strength Zone,800.00,,800.00,due_or_unpaid,R,,,DEC 2025,2026-09-10 09:29:22.361896+00
16560,2025-12-01,36,ASHABUL HOQUE S,2025-12-13,S/Z,Strength Zone,800.00,,800.00,due_or_unpaid,R,,,DEC 2025,2026-09-10 09:29:22.361896+00
16561,2025-12-01,37,SURESH K,2025-12-13,G/F,General Fitness,1000.00,,1000.00,due_or_unpaid,R,,,DEC 2025,2026-09-10 09:29:22.361896+00
16562,2025-12-01,38,YUVARAJ B,2025-12-13,S/F,,800.00,,1600.00,due_or_unpaid,R,,,DEC 2025,2026-09-10 09:29:22.361896+00
16563,2025-12-01,39,BALAKUMAR H,2025-12-13,G/F,General Fitness,1000.00,1000.00,0.00,paid,PAID,,,DEC 2025,2026-09-10 09:29:22.361896+00
16564,2025-12-01,40,SIDDHARATH V,2025-12-13,S/Z,Strength Zone,1000.00,1000.00,0.00,paid,PAID,,,DEC 2025,2026-09-10 09:29:22.361896+00
16565,2025-12-01,41,VAJRAVEL A,2025-12-13,G/F,General Fitness,1000.00,1000.00,0.00,paid,PAID,,,DEC 2025,2026-09-10 09:29:22.361896+00
16566,2025-12-01,42,SARAVANAN K,2025-12-13,S/Z,Strength Zone,800.00,800.00,0.00,paid,PAID,,,DEC 2025,2026-09-10 09:29:22.361896+00
16567,2025-12-01,43,ARJUN S,2025-12-13,S/Z,Strength Zone,800.00,,800.00,due_or_unpaid,R,,,DEC 2025,2026-09-10 09:29:22.361896+00
16568,2025-12-01,44,RAM PRASAD,2025-12-14,G/F,General Fitness,1000.00,,1000.00,due_or_unpaid,R,,,DEC 2025,2026-09-10 09:29:22.361896+00
16569,2025-12-01,45,SANTHOSH,2025-12-01,S/Z,Strength Zone,800.00,,800.00,due_or_unpaid,R,,,DEC 2025,2026-09-10 09:29:22.361896+00
16570,2025-12-01,46,SRI RAM R,2025-12-14,S/Z,Strength Zone,1000.00,,1900.00,due_or_unpaid,R,,,DEC 2025,2026-09-10 09:29:22.361896+00
16571,2025-12-01,47,ANBU N,2025-12-14,G/F,General Fitness,1000.00,,1000.00,due_or_unpaid,R,,,DEC 2025,2026-09-10 09:29:22.361896+00
16572,2025-12-01,48,ARAVINDKUMAR P,2025-12-14,S/Z,Strength Zone,800.00,,800.00,due_or_unpaid,R,,,DEC 2025,2026-09-10 09:29:22.361896+00
16573,2025-12-01,49,ARUN S,2025-12-16,G/F,General Fitness,1000.00,,1000.00,due_or_unpaid,R,,,DEC 2025,2026-09-10 09:29:22.361896+00
16574,2025-12-01,50,AATHI,,S/Z,Strength Zone,800.00,800.00,0.00,paid,PAID,,,DEC 2025,2026-09-10 09:29:22.361896+00
16575,2025-12-01,51,JOTHILINGAM R,2025-12-15,G/F,General Fitness,1000.00,,1000.00,due_or_unpaid,R,,,DEC 2025,2026-09-10 09:29:22.361896+00
16576,2025-12-01,52,VASANTH J,2026-01-15,S/Z,Strength Zone,1000.00,,6000.00,paid,PAID,,,DEC 2025,2026-09-10 09:29:22.361896+00
16577,2025-12-01,53,BESTY PAULINE,2025-12-16,G/F,General Fitness,1000.00,,1000.00,due_or_unpaid,R,,,DEC 2025,2026-09-10 09:29:22.361896+00
16578,2025-12-01,54,PREM KUMAR Y,2025-12-16,S/Z,Strength Zone,800.00,,800.00,due_or_unpaid,R,,,DEC 2025,2026-09-10 09:29:22.361896+00
16579,2025-12-01,55,JAWAID F,2025-12-16,S/Z,Strength Zone,800.00,,800.00,due_or_unpaid,R,,,DEC 2025,2026-09-10 09:29:22.361896+00
16580,2025-12-01,56,BOBIDUL ISLAM A,2025-12-16,G/F,General Fitness,1000.00,,1000.00,due_or_unpaid,R,,,DEC 2025,2026-09-10 09:29:22.361896+00
16581,2025-12-01,57,ABDUL KHALAK J,2025-12-16,G/F,General Fitness,1000.00,,1000.00,due_or_unpaid,R,,,DEC 2025,2026-09-10 09:29:22.361896+00
16582,2025-12-01,58,MEHERUL HAQUE S,2025-12-16,G/F,General Fitness,1000.00,,1000.00,due_or_unpaid,R,,,DEC 2025,2026-09-10 09:29:22.361896+00
16583,2025-12-01,59,JAGADEESH M,2025-12-22,G/F,General Fitness,800.00,2300.00,0.00,paid,PAID,,,DEC 2025,2026-09-10 09:29:22.361896+00
16584,2025-12-01,60,FAIYAZ AHMED A,2025-12-16,S/Z,Strength Zone,800.00,,800.00,due_or_unpaid,R,,,DEC 2025,2026-09-10 09:29:22.361896+00
16585,2025-12-01,61,MAMIDUL ALI,2025-12-17,S/Z,Strength Zone,800.00,,800.00,due_or_unpaid,R,,,DEC 2025,2026-09-10 09:29:22.361896+00
16586,2025-12-01,62,VINOTH KUMAR,2025-12-17,G/F,General Fitness,800.00,,800.00,due_or_unpaid,R,,,DEC 2025,2026-09-10 09:29:22.361896+00
16587,2025-12-01,63,ABDUL BATIN,2025-12-17,S/Z,Strength Zone,800.00,,800.00,due_or_unpaid,R,,,DEC 2025,2026-09-10 09:29:22.361896+00
16588,2025-12-01,64,NILCHAN ALI,2025-12-17,S/Z,Strength Zone,800.00,,800.00,due_or_unpaid,R,,,DEC 2025,2026-09-10 09:29:22.361896+00
16589,2025-12-01,65,MONIRUAL HOQUE,2025-12-17,S/Z,Strength Zone,800.00,,800.00,due_or_unpaid,R,,,DEC 2025,2026-09-10 09:29:22.361896+00
16590,2025-12-01,66,AMIR HAMJA,2025-12-17,S/Z,Strength Zone,800.00,,800.00,due_or_unpaid,R,,,DEC 2025,2026-09-10 09:29:22.361896+00
16591,2025-12-01,67,SUNIL R,2025-12-17,G/F,General Fitness,1000.00,,1000.00,due_or_unpaid,R,,,DEC 2025,2026-09-10 09:29:22.361896+00
16592,2025-12-01,68,SUDHAKAR S,2025-12-17,S/Z,Strength Zone,800.00,,800.00,due_or_unpaid,R,,,DEC 2025,2026-09-10 09:29:22.361896+00
16593,2025-12-01,69,AMINUL ISLAM MD,2025-12-18,S/Z,Strength Zone,800.00,,800.00,due_or_unpaid,R,,,DEC 2025,2026-09-10 09:29:22.361896+00
16594,2025-12-01,70,TAFIKUL ISLAM,2025-12-18,G/F,General Fitness,1000.00,,800.00,due_or_unpaid,R,,,DEC 2025,2026-09-10 09:29:22.361896+00
16595,2025-12-01,72,HAFIZUR RAHMAM,2025-12-19,S/Z,Strength Zone,800.00,,800.00,due_or_unpaid,R,,,DEC 2025,2026-09-10 09:29:22.361896+00
16596,2025-12-01,73,MOJNUR,2025-12-19,S/Z,Strength Zone,800.00,,800.00,due_or_unpaid,R,,,DEC 2025,2026-09-10 09:29:22.361896+00
16597,2025-12-01,74,YOGESH R,2025-12-19,S/Z,Strength Zone,800.00,,800.00,due_or_unpaid,R,,,DEC 2025,2026-09-10 09:29:22.361896+00
16598,2025-12-01,75,NAVAS,2025-12-19,G/F,General Fitness,1000.00,,800.00,due_or_unpaid,R,,,DEC 2025,2026-09-10 09:29:22.361896+00
16599,2025-12-01,76,TAYABUR RAHMAN A,2025-12-20,S/Z,Strength Zone,800.00,,800.00,due_or_unpaid,R,,,DEC 2025,2026-09-10 09:29:22.361896+00
16600,2025-12-01,78,RATHISH KUMAR,2025-12-23,G/F,General Fitness,1000.00,,1000.00,due_or_unpaid,R,,,DEC 2025,2026-09-10 09:29:22.361896+00
16601,2025-12-01,78,SANTHOSH,2025-12-29,G/F,General Fitness,1000.00,,1000.00,due_or_unpaid,R,,,DEC 2025,2026-09-10 09:29:22.361896+00
16602,2025-12-01,79,DARVIN RAJ J,2025-06-10,G/F,General Fitness,1000.00,,1000.00,due_or_unpaid,R,,,DEC 2025,2026-09-10 09:29:22.361896+00
16603,2025-12-01,80,PRASANTH S,2025-12-23,S/Z,Strength Zone,800.00,,800.00,due_or_unpaid,R,,,DEC 2025,2026-09-10 09:29:22.361896+00
16604,2025-12-01,81,GURU SHANKAR,2025-12-23,S/Z,Strength Zone,800.00,,800.00,due_or_unpaid,R,,,DEC 2025,2026-09-10 09:29:22.361896+00
16605,2025-12-01,82,NARJUL ISLAM A,2025-12-23,S/Z,Strength Zone,800.00,,800.00,due_or_unpaid,R,,,DEC 2025,2026-09-10 09:29:22.361896+00
16606,2025-12-01,83,SANGIT KUMAR SAMANTHA,2025-12-23,G/F,General Fitness,1000.00,,800.00,due_or_unpaid,R,,,DEC 2025,2026-09-10 09:29:22.361896+00
16607,2025-12-01,84,RAGUL A,2025-12-23,S/Z,Strength Zone,800.00,,800.00,due_or_unpaid,R,,,DEC 2025,2026-09-10 09:29:22.361896+00
16608,2025-12-01,85,ASWINI SAGAR SWAIN,2025-12-24,S/Z,Strength Zone,800.00,,800.00,due_or_unpaid,R,,,DEC 2025,2026-09-10 09:29:22.361896+00
16609,2025-12-01,86,DEEPAK M,2025-12-08,G/F,General Fitness,1000.00,,1000.00,due_or_unpaid,R,,,DEC 2025,2026-09-10 09:29:22.361896+00
16610,2025-12-01,88,NATHAN K,2025-12-25,S/Z,Strength Zone,800.00,,800.00,due_or_unpaid,R,,,DEC 2025,2026-09-10 09:29:22.361896+00
16611,2025-12-01,89,MOIN UDDIN A,2025-12-25,S/Z,Strength Zone,800.00,,800.00,due_or_unpaid,R,,,DEC 2025,2026-09-10 09:29:22.361896+00
16612,2025-12-01,90,ALI AHMED R,2025-12-25,S/Z,Strength Zone,800.00,,800.00,due_or_unpaid,R,,,DEC 2025,2026-09-10 09:29:22.361896+00
16613,2025-12-01,91,ABINASH S,2025-12-27,S/Z,Strength Zone,800.00,,800.00,due_or_unpaid,R,,,DEC 2025,2026-09-10 09:29:22.361896+00
16614,2025-12-01,92,ARAVIND S,2025-12-28,S/Z,Strength Zone,800.00,,800.00,due_or_unpaid,R,,,DEC 2025,2026-09-10 09:29:22.361896+00
16615,2025-12-01,93,ASHADUL,2025-12-30,G/F,General Fitness,1000.00,34100.00,0.00,paid,R,,,DEC 2025,2026-09-10 09:29:22.361896+00
16616,2025-12-01,94,GUHAN A,2025-12-30,S/Z,Strength Zone,800.00,,800.00,due_or_unpaid,R,,,DEC 2025,2026-09-10 09:29:22.361896+00
16617,2025-12-01,95,ROKIBUL HUSSAIN A,2025-12-30,S/Z,Strength Zone,800.00,,800.00,due_or_unpaid,R,,,DEC 2025,2026-09-10 09:29:22.361896+00
16618,2025-12-01,96,MERVYN,2025-12-01,G/F,General Fitness,7000.00,,7000.00,paid,PAID,,,DEC 2025,2026-09-10 09:29:22.361896+00
16619,2025-12-01,97,MICHAEL A,2025-12-01,S/Z,Strength Zone,800.00,,800.00,due_or_unpaid,R,,,DEC 2025,2026-09-10 09:29:22.361896+00
16620,2025-12-01,98,SUGAN RAJ M,2025-12-01,S/Z,Strength Zone,800.00,,800.00,due_or_unpaid,R,,,DEC 2025,2026-09-10 09:29:22.361896+00
16621,2025-12-01,99,SHUTRUGHAN KUMAR R,2025-12-01,G/F,General Fitness,800.00,,800.00,due_or_unpaid,R,,,DEC 2025,2026-09-10 09:29:22.361896+00
16622,2025-12-01,100,DAVID A,2025-12-02,G/F,General Fitness,1000.00,,1000.00,due_or_unpaid,R,,,DEC 2025,2026-09-10 09:29:22.361896+00
16623,2025-12-01,101,PETER A,2025-12-02,G/F,General Fitness,1000.00,,1000.00,due_or_unpaid,R,,,DEC 2025,2026-09-10 09:29:25.37108+00
16624,2025-12-01,102,KUMARAN M,2025-12-02,S/Z,Strength Zone,800.00,,800.00,due_or_unpaid,R,,,DEC 2025,2026-09-10 09:29:25.37108+00
16625,2025-12-01,103,CHARAN KUMAR V,2025-12-10,G/F,General Fitness,1000.00,,1000.00,due_or_unpaid,R,,,DEC 2025,2026-09-10 09:29:25.37108+00
16626,2025-12-01,104,SETTU E,2025-12-03,S/Z,Strength Zone,800.00,,800.00,due_or_unpaid,R,,,DEC 2025,2026-09-10 09:29:25.37108+00
16627,2025-12-01,105,NITHISH KUMAR S,2025-12-15,S/Z,Strength Zone,800.00,,800.00,due_or_unpaid,R,,,DEC 2025,2026-09-10 09:29:25.37108+00
16628,2025-12-01,106,RAMESH S,2025-12-04,G/F,General Fitness,1000.00,,1000.00,due_or_unpaid,R,,,DEC 2025,2026-09-10 09:29:25.37108+00
16629,2025-12-01,107,SANJAN V,2025-12-05,S/Z,Strength Zone,800.00,,800.00,due_or_unpaid,R,,,DEC 2025,2026-09-10 09:29:25.37108+00
16630,2025-12-01,108,DIVAKAR M,2025-12-05,G/F,General Fitness,1000.00,,1000.00,due_or_unpaid,R,,,DEC 2025,2026-09-10 09:29:25.37108+00
16631,2025-12-01,109,DANIEL R,2025-12-05,S/Z,Strength Zone,800.00,800.00,0.00,paid,PAID,,,DEC 2025,2026-09-10 09:29:25.37108+00
16632,2025-12-01,110,MANIKANADAN,2025-12-07,G/F,General Fitness,1000.00,,1000.00,due_or_unpaid,R,,,DEC 2025,2026-09-10 09:29:25.37108+00
16633,2025-12-01,111,PRITHIVIKASH,2025-12-26,S/Z,Strength Zone,800.00,,800.00,due_or_unpaid,R,,,DEC 2025,2026-09-10 09:29:25.37108+00
16634,2025-12-01,112,CHANDRU,2025-12-08,S/Z,Strength Zone,800.00,,800.00,due_or_unpaid,R,,,DEC 2025,2026-09-10 09:29:25.37108+00
16635,2025-12-01,113,SANJAY J,2025-12-04,S/Z,Strength Zone,800.00,,800.00,due_or_unpaid,R,,,DEC 2025,2026-09-10 09:29:25.37108+00
16636,2025-12-01,114,AJITH D,2025-12-09,S/Z,Strength Zone,800.00,,800.00,due_or_unpaid,R,,,DEC 2025,2026-09-10 09:29:25.37108+00
16637,2025-12-01,115,SANJAY B,2025-12-09,S/Z,Strength Zone,800.00,,800.00,due_or_unpaid,R,,,DEC 2025,2026-09-10 09:29:25.37108+00
16638,2025-12-01,116,TAMIL SELVAN M,2025-12-12,S/Z,Strength Zone,800.00,,800.00,due_or_unpaid,R,,,DEC 2025,2026-09-10 09:29:25.37108+00
16639,2025-12-01,117,ARUN YADAV,2025-12-12,S/Z,Strength Zone,800.00,,800.00,due_or_unpaid,R,,,DEC 2025,2026-09-10 09:29:25.37108+00
16640,2025-12-01,118,GIRI S,2025-12-13,S/Z,Strength Zone,800.00,,800.00,due_or_unpaid,R,,,DEC 2025,2026-09-10 09:29:25.37108+00
16641,2025-12-01,119,JOHNSON S,2025-12-14,S/Z,Strength Zone,800.00,,800.00,due_or_unpaid,R,,,DEC 2025,2026-09-10 09:29:25.37108+00
16642,2025-12-01,120,DEEPAK BILUNG,2025-12-15,S/Z,Strength Zone,800.00,,800.00,due_or_unpaid,R,,,DEC 2025,2026-09-10 09:29:25.37108+00
16643,2025-12-01,121,BINU,2025-12-15,S/Z,Strength Zone,800.00,,800.00,due_or_unpaid,R,,,DEC 2025,2026-09-10 09:29:25.37108+00
16644,2025-12-01,122,SOHEL RANA,2025-12-16,G/F,General Fitness,1000.00,,1000.00,due_or_unpaid,R,,,DEC 2025,2026-09-10 09:29:25.37108+00
16645,2025-12-01,123,CHAITANYA K,2025-12-17,G/F,General Fitness,1000.00,,1000.00,due_or_unpaid,R,,,DEC 2025,2026-09-10 09:29:25.37108+00
16646,2025-12-01,124,KATHIRAVAN.E,2025-12-18,S/Z,Strength Zone,800.00,,800.00,due_or_unpaid,R,,,DEC 2025,2026-09-10 09:29:25.37108+00
16647,2025-12-01,125,MOORTHY R,2025-12-18,S/Z,Strength Zone,800.00,,800.00,due_or_unpaid,R,,,DEC 2025,2026-09-10 09:29:25.37108+00
16648,2025-12-01,126,SANJAY S,2025-12-18,S/Z,Strength Zone,800.00,,800.00,due_or_unpaid,R,,,DEC 2025,2026-09-10 09:29:25.37108+00
16649,2025-12-01,127,PERUMAL V,2025-12-19,S/Z,Strength Zone,800.00,,800.00,due_or_unpaid,R,,,DEC 2025,2026-09-10 09:29:25.37108+00
16650,2025-12-01,128,EMAMUL HUSSAIN A,2025-12-20,S/Z,Strength Zone,800.00,,800.00,due_or_unpaid,R,,,DEC 2025,2026-09-10 09:29:25.37108+00
16651,2025-12-01,129,JEEVA M,2025-12-21,S/Z,Strength Zone,800.00,,1000.00,due_or_unpaid,R,,,DEC 2025,2026-09-10 09:29:25.37108+00
16652,2025-12-01,130,ARAVIND S,2025-12-19,S/Z,Strength Zone,800.00,,800.00,due_or_unpaid,R,,,DEC 2025,2026-09-10 09:29:25.37108+00
16653,2025-12-01,131,SURESH P,2025-12-28,S/Z,Strength Zone,800.00,,800.00,due_or_unpaid,R,,,DEC 2025,2026-09-10 09:29:25.37108+00
16654,2025-12-01,132,KAMAL M,2025-12-28,S/Z,Strength Zone,800.00,,800.00,due_or_unpaid,R,,,DEC 2025,2026-09-10 09:29:25.37108+00
16655,2025-12-01,133,FARHAN,2025-12-29,S/Z,Strength Zone,800.00,,800.00,due_or_unpaid,R,,,DEC 2025,2026-09-10 09:29:25.37108+00
16656,2025-12-01,134,HARISHIT D,2025-12-30,S/Z,Strength Zone,800.00,,800.00,due_or_unpaid,R,,,DEC 2025,2026-09-10 09:29:25.37108+00
16657,2025-12-01,135,BALAJI Y,2025-12-01,G/F,General Fitness,800.00,,800.00,due_or_unpaid,R,,,DEC 2025,2026-09-10 09:29:25.37108+00
16658,2025-12-01,136,PETER A,2026-04-01,G/F,General Fitness,1000.00,,7500.00,paid,PAID,,,DEC 2025,2026-09-10 09:29:25.37108+00
16659,2025-12-01,137,KAMESH R,2025-12-08,S/Z,Strength Zone,800.00,,800.00,due_or_unpaid,R,,,DEC 2025,2026-09-10 09:29:25.37108+00
16660,2025-12-01,138,PREM S,2025-12-04,S/Z,Strength Zone,800.00,,800.00,due_or_unpaid,R,,,DEC 2025,2026-09-10 09:29:25.37108+00
16661,2025-12-01,139,VIMAL RAJ R,2025-12-04,S/Z,Strength Zone,800.00,,800.00,due_or_unpaid,R,,,DEC 2025,2026-09-10 09:29:25.37108+00
16662,2025-12-01,140,JOSEPH,2025-12-04,S/Z,Strength Zone,800.00,,800.00,due_or_unpaid,R,,,DEC 2025,2026-09-10 09:29:25.37108+00
16663,2025-12-01,141,ALA IMRAN A,2025-12-04,G/F,General Fitness,1000.00,1000.00,0.00,paid,PAID,,,DEC 2025,2026-09-10 09:29:25.37108+00
16664,2025-12-01,142,HAZRAT ALI,2025-12-05,S/Z,Strength Zone,800.00,,800.00,due_or_unpaid,R,,,DEC 2025,2026-09-10 09:29:25.37108+00
16665,2025-12-01,143,MAHESHWAR GOPE,2025-12-05,S/Z,Strength Zone,800.00,,800.00,due_or_unpaid,R,,,DEC 2025,2026-09-10 09:29:25.37108+00
16666,2025-12-01,144,SAKTHI DS,2025-12-09,S/Z,Strength Zone,800.00,,800.00,due_or_unpaid,R,,,DEC 2025,2026-09-10 09:29:25.37108+00
16667,2025-12-01,145,MUKESH S,2025-12-22,S/Z,Strength Zone,800.00,,800.00,due_or_unpaid,R,,,DEC 2025,2026-09-10 09:29:25.37108+00
16668,2025-12-01,146,AKASH SATHIVEL,2025-12-10,G/F,General Fitness,1000.00,,1000.00,due_or_unpaid,R,,,DEC 2025,2026-09-10 09:29:25.37108+00
16669,2025-12-01,147,SARAN RAJ S,2025-12-10,G/F,General Fitness,1000.00,,1000.00,due_or_unpaid,R,,,DEC 2025,2026-09-10 09:29:25.37108+00
16670,2025-12-01,148,SUDHAKAR S,2025-12-11,G/F,General Fitness,1000.00,1000.00,0.00,paid,PAID,,,DEC 2025,2026-09-10 09:29:25.37108+00
16671,2025-12-01,149,UMAMAHESWARA RAO,2025-12-11,G/F,General Fitness,1000.00,,1000.00,due_or_unpaid,R,,,DEC 2025,2026-09-10 09:29:25.37108+00
16672,2025-12-01,150,BARKATHULLAM,2025-12-13,G/F,General Fitness,1000.00,,1000.00,due_or_unpaid,R,,,DEC 2025,2026-09-10 09:29:25.37108+00
16673,2025-12-01,151,ABDUL KALAM A,2025-12-13,G/F,General Fitness,1000.00,,1000.00,due_or_unpaid,R,,,DEC 2025,2026-09-10 09:29:25.37108+00
16674,2025-12-01,152,JARDIS SK,2025-12-13,S/Z,Strength Zone,800.00,,800.00,due_or_unpaid,R,,,DEC 2025,2026-09-10 09:29:25.37108+00
16675,2025-12-01,153,MANOJ M,2025-12-14,S/Z,Strength Zone,800.00,,800.00,due_or_unpaid,R,,,DEC 2025,2026-09-10 09:29:25.37108+00
16676,2025-12-01,154,NANTHA KUMAR A,2025-12-14,S/Z,Strength Zone,800.00,,1000.00,due_or_unpaid,R,,,DEC 2025,2026-09-10 09:29:25.37108+00
16677,2025-12-01,155,MANOJ E,2025-12-14,S/Z,Strength Zone,800.00,,800.00,due_or_unpaid,R,,,DEC 2025,2026-09-10 09:29:25.37108+00
16678,2025-12-01,156,PRAVEEN KUMAR S,2025-12-28,G/F,General Fitness,800.00,,800.00,due_or_unpaid,R,,,DEC 2025,2026-09-10 09:29:25.37108+00
16679,2025-12-01,157,SURYA S,2025-12-23,S/Z,Strength Zone,800.00,,800.00,due_or_unpaid,R,,,DEC 2025,2026-09-10 09:29:25.37108+00
16680,2025-12-01,158,MURALI S,2025-12-23,S/Z,Strength Zone,800.00,,800.00,due_or_unpaid,R,,,DEC 2025,2026-09-10 09:29:25.37108+00
16681,2025-12-01,159,RITHISH V,2025-12-18,S/Z,Strength Zone,800.00,,800.00,due_or_unpaid,R,,,DEC 2025,2026-09-10 09:29:25.37108+00
16682,2025-12-01,160,EMIMAL M,2025-12-19,G/F,General Fitness,1000.00,,800.00,due_or_unpaid,R,,,DEC 2025,2026-09-10 09:29:25.37108+00
16683,2025-12-01,161,YUVAN SHANKAR T,2025-12-17,G/F,General Fitness,1000.00,,1000.00,due_or_unpaid,R,,,DEC 2025,2026-09-10 09:29:25.37108+00
16684,2025-12-01,162,JENIFER S,2025-12-04,G/F,General Fitness,1000.00,,1000.00,due_or_unpaid,R,,,DEC 2025,2026-09-10 09:29:25.37108+00
16685,2025-12-01,163,SANJEEV D.S,2025-12-13,G/F,General Fitness,800.00,1000.00,0.00,paid,PAID,,,DEC 2025,2026-09-10 09:29:25.37108+00
16686,2025-12-01,164,VASANTH KUMAR G,2025-12-05,S/Z,Strength Zone,800.00,,800.00,due_or_unpaid,R,,,DEC 2025,2026-09-10 09:29:25.37108+00
16687,2025-12-01,165,KISHORE KUMAR V,2025-12-07,S/Z,Strength Zone,800.00,,800.00,due_or_unpaid,R,,,DEC 2025,2026-09-10 09:29:25.37108+00
16688,2025-12-01,166,SANTHOSH KUMAR S,2025-12-07,S/Z,Strength Zone,800.00,,800.00,due_or_unpaid,R,,,DEC 2025,2026-09-10 09:29:25.37108+00
16689,2025-12-01,167,SANTHOSH KUMAR A,2025-12-09,S/Z,Strength Zone,800.00,,800.00,due_or_unpaid,R,,,DEC 2025,2026-09-10 09:29:25.37108+00
16690,2025-12-01,168,ETHIRAJ T,2025-12-09,S/Z,Strength Zone,800.00,,800.00,due_or_unpaid,R,,,DEC 2025,2026-09-10 09:29:25.37108+00
16691,2025-12-01,169,PRASANTH M,2025-12-10,G/F,General Fitness,1000.00,,1000.00,due_or_unpaid,R,,,DEC 2025,2026-09-10 09:29:25.37108+00
16692,2025-12-01,170,RAGHUL R,2025-12-12,S/Z,Strength Zone,800.00,,800.00,due_or_unpaid,R,,,DEC 2025,2026-09-10 09:29:25.37108+00
16693,2025-12-01,171,GOWTHAM S,2025-12-16,G/F,General Fitness,1000.00,,1000.00,due_or_unpaid,R,,,DEC 2025,2026-09-10 09:29:25.37108+00
16694,2025-12-01,172,RAJESH S,2025-12-16,G/F,General Fitness,1000.00,,1000.00,due_or_unpaid,R,,,DEC 2025,2026-09-10 09:29:25.37108+00
16695,2025-12-01,173,AATHIYAPPAN S,2025-12-30,S/Z,Strength Zone,800.00,,800.00,due_or_unpaid,R,,,DEC 2025,2026-09-10 09:29:25.37108+00
16696,2025-12-01,174,GODSON PRAVEEN J,2025-12-19,G/F,General Fitness,1000.00,,800.00,due_or_unpaid,R,,,DEC 2025,2026-09-10 09:29:25.37108+00
16697,2025-12-01,175,KABILAN R,2025-12-26,S/Z,Strength Zone,800.00,,800.00,due_or_unpaid,R,,,DEC 2025,2026-09-10 09:29:25.37108+00
16698,2025-12-01,176,KAMAL S,2025-12-28,S/Z,Strength Zone,1000.00,,800.00,due_or_unpaid,R,,,DEC 2025,2026-09-10 09:29:25.37108+00
16699,2025-12-01,177,MOHAMED ASHWAQ S,2025-12-02,S/Z,Strength Zone,800.00,,800.00,due_or_unpaid,R,,,DEC 2025,2026-09-10 09:29:25.37108+00
16700,2025-12-01,178,VICKY,2025-12-03,S/Z,Strength Zone,800.00,,800.00,due_or_unpaid,R,,,DEC 2025,2026-09-10 09:29:25.37108+00
16701,2025-12-01,180,DEEPAK G,2025-12-05,G/F,General Fitness,1000.00,,1000.00,due_or_unpaid,R,,,DEC 2025,2026-09-10 09:29:25.37108+00
16702,2025-12-01,181,AGILESHWARAN M,2025-12-09,S/Z,Strength Zone,800.00,,800.00,due_or_unpaid,R,,,DEC 2025,2026-09-10 09:29:25.37108+00
16703,2025-12-01,182,MUKESH R,2025-12-11,S/Z,Strength Zone,800.00,,800.00,due_or_unpaid,R,,,DEC 2025,2026-09-10 09:29:25.37108+00
16704,2025-12-01,183,SACHIN AARON T,2025-12-17,S/Z,Strength Zone,800.00,,800.00,due_or_unpaid,R,,,DEC 2025,2026-09-10 09:29:25.37108+00
16705,2025-12-01,184,SANTHOSH R,2025-12-20,S/Z,Strength Zone,800.00,,800.00,due_or_unpaid,R,,,DEC 2025,2026-09-10 09:29:25.37108+00
16706,2025-12-01,185,VISHNU VARTHAN S,2025-12-30,S/Z,Strength Zone,800.00,,1600.00,due_or_unpaid,R,,,DEC 2025,2026-09-10 09:29:25.37108+00
16707,2025-12-01,186,MOGESH V,2025-12-25,S/Z,Strength Zone,800.00,,800.00,due_or_unpaid,R,,,DEC 2025,2026-09-10 09:29:25.37108+00
16708,2025-12-01,187,VISHWA R A,2025-12-27,S/Z,Strength Zone,800.00,,800.00,due_or_unpaid,R,,,DEC 2025,2026-09-10 09:29:25.37108+00
16709,2025-12-01,188,RAMASUBRAMANI K,2025-12-29,S/Z,Strength Zone,800.00,,800.00,due_or_unpaid,R,,,DEC 2025,2026-09-10 09:29:25.37108+00
16710,2025-12-01,189,DHANASINGH P,2025-12-29,S/Z,Strength Zone,800.00,,800.00,due_or_unpaid,R,,,DEC 2025,2026-09-10 09:29:25.37108+00
16711,2025-12-01,190,AMAR NATH R,2025-12-03,G/F,General Fitness,1000.00,,1000.00,due_or_unpaid,R,,,DEC 2025,2026-09-10 09:29:25.37108+00
16712,2025-12-01,191,PUVIYARASAN G,2025-12-10,S/Z,Strength Zone,800.00,,800.00,due_or_unpaid,R,,,DEC 2025,2026-09-10 09:29:25.37108+00
16713,2025-12-01,192,DINESH KUMAR R,2025-12-04,S/Z,Strength Zone,800.00,,800.00,due_or_unpaid,R,,,DEC 2025,2026-09-10 09:29:25.37108+00
16714,2025-12-01,193,ARUN KUMAR R,2025-12-04,G/F,General Fitness,1000.00,,1000.00,due_or_unpaid,R,,,DEC 2025,2026-09-10 09:29:25.37108+00
16715,2025-12-01,194,ASWIN P BENNY,2025-12-04,G/F,General Fitness,1000.00,,1000.00,due_or_unpaid,R,,,DEC 2025,2026-09-10 09:29:25.37108+00
16716,2025-12-01,195,ROCK R,2025-12-04,S/Z,Strength Zone,800.00,,800.00,due_or_unpaid,R,,,DEC 2025,2026-09-10 09:29:25.37108+00
16717,2025-12-01,196,SURIYA PRAKSH M,2025-12-12,S/Z,Strength Zone,800.00,,800.00,due_or_unpaid,R,,,DEC 2025,2026-09-10 09:29:25.37108+00
16718,2025-12-01,197,BHARATHI RAJA M,2025-12-12,G/F,General Fitness,1000.00,,1000.00,due_or_unpaid,R,,,DEC 2025,2026-09-10 09:29:25.37108+00
16719,2025-12-01,198,SURYA R,2025-12-12,S/Z,Strength Zone,800.00,,800.00,due_or_unpaid,R,,,DEC 2025,2026-09-10 09:29:25.37108+00
16720,2025-12-01,199,NIVEN K,2025-12-13,S/Z,Strength Zone,800.00,,800.00,due_or_unpaid,R,,,DEC 2025,2026-09-10 09:29:25.37108+00
16721,2025-12-01,200,DHAYALAN R,2025-12-21,G/F,General Fitness,1000.00,,1000.00,due_or_unpaid,R,,,DEC 2025,2026-09-10 09:29:25.37108+00
16722,2025-12-01,201,KARTHI BALAJI R,2025-12-13,S/Z,Strength Zone,800.00,,800.00,due_or_unpaid,R,,,DEC 2025,2026-09-10 09:29:25.37108+00
16723,2025-12-01,202,HARI KRISHNAN G,2025-12-18,G/F,General Fitness,1000.00,1000.00,0.00,paid,PAID,,,DEC 2025,2026-09-10 09:29:25.37108+00
16724,2025-12-01,203,VIGNESH K,2025-12-18,G/F,General Fitness,1000.00,1000.00,0.00,paid,PAID,,,DEC 2025,2026-09-10 09:29:25.37108+00
16725,2025-12-01,204,AKASH C,2025-12-20,S/Z,Strength Zone,800.00,,800.00,due_or_unpaid,R,,,DEC 2025,2026-09-10 09:29:25.37108+00
16726,2025-12-01,205,MANI MARAN M,2025-12-20,S/Z,Strength Zone,800.00,,800.00,due_or_unpaid,R,,,DEC 2025,2026-09-10 09:29:25.37108+00
16727,2025-12-01,206,SANTHA KUMAR S,2025-12-24,G/F,General Fitness,1000.00,,1000.00,due_or_unpaid,R,,,DEC 2025,2026-09-10 09:29:25.37108+00
16728,2025-12-01,207,SANJAY S,2025-12-24,S/Z,Strength Zone,800.00,,800.00,due_or_unpaid,R,,,DEC 2025,2026-09-10 09:29:25.37108+00
16729,2025-12-01,208,SEEN N,2025-12-24,S/Z,Strength Zone,800.00,,800.00,due_or_unpaid,R,,,DEC 2025,2026-09-10 09:29:25.37108+00
16730,2025-12-01,209,PASUPATHI M,2025-12-25,G/F,General Fitness,1000.00,,1000.00,due_or_unpaid,R,,,DEC 2025,2026-09-10 09:29:25.37108+00
16731,2025-12-01,210,NAVEEN K.M,2025-12-03,G/F,General Fitness,1000.00,1000.00,0.00,paid,PAID,,,DEC 2025,2026-09-10 09:29:25.37108+00
16732,2025-12-01,211,SUNIL KUMAR H,2025-12-03,S/Z,Strength Zone,800.00,,800.00,due_or_unpaid,R,,,DEC 2025,2026-09-10 09:29:25.37108+00
16733,2025-12-01,212,ALI,2025-12-03,S/Z,Strength Zone,800.00,,800.00,due_or_unpaid,R,,,DEC 2025,2026-09-10 09:29:25.37108+00
16734,2025-12-01,213,SADDAM,2025-12-03,S/Z,Strength Zone,800.00,,800.00,due_or_unpaid,R,,,DEC 2025,2026-09-10 09:29:25.37108+00
16735,2025-12-01,214,SUMAN RAJ P,2025-12-10,G/F,General Fitness,1000.00,,1000.00,due_or_unpaid,R,,,DEC 2025,2026-09-10 09:29:25.37108+00
16736,2025-12-01,215,MICHEAL PRAKASH P,2025-12-11,G/F,General Fitness,1000.00,,1000.00,due_or_unpaid,R,,,DEC 2025,2026-09-10 09:29:25.37108+00
16737,2025-12-01,216,RAJA K,2025-12-11,G/F,General Fitness,1000.00,,1000.00,due_or_unpaid,R,,,DEC 2025,2026-09-10 09:29:25.37108+00
16738,2025-12-01,217,SANJAY P R,2025-12-11,S/Z,Strength Zone,800.00,,800.00,due_or_unpaid,R,,,DEC 2025,2026-09-10 09:29:25.37108+00
16739,2025-12-01,218,NARENDRAN T,2025-12-14,S/Z,Strength Zone,800.00,,800.00,due_or_unpaid,R,,,DEC 2025,2026-09-10 09:29:25.37108+00
16740,2025-12-01,219,SUNIL P,2025-12-13,S/Z,Strength Zone,800.00,,800.00,due_or_unpaid,R,,,DEC 2025,2026-09-10 09:29:25.37108+00
16741,2025-12-01,220,VENKET,2025-12-13,G/F,General Fitness,1000.00,,1000.00,due_or_unpaid,R,,,DEC 2025,2026-09-10 09:29:25.37108+00
16742,2025-12-01,221,KARTHICK R,2025-12-15,S/Z,Strength Zone,800.00,,800.00,due_or_unpaid,R,,,DEC 2025,2026-09-10 09:29:25.37108+00
16743,2025-12-01,222,MUNISH KUMAR B,2025-12-17,S/Z,Strength Zone,800.00,,800.00,due_or_unpaid,R,,,DEC 2025,2026-09-10 09:29:25.37108+00
16744,2025-12-01,223,RAJIBUL ALI T,2025-12-22,S/Z,Strength Zone,800.00,,800.00,due_or_unpaid,R,,,DEC 2025,2026-09-10 09:29:25.37108+00
16745,2025-12-01,224,MOHANRAJ P,2025-12-15,G/F,General Fitness,1000.00,,1000.00,due_or_unpaid,R,,,DEC 2025,2026-09-10 09:29:25.37108+00
16746,2025-12-01,225,RAVINDHAREN,2025-12-25,S/Z,Strength Zone,800.00,,800.00,due_or_unpaid,R,,,DEC 2025,2026-09-10 09:29:25.37108+00
16747,2025-12-01,226,SURESH M,2025-12-01,S/Z,Strength Zone,800.00,,800.00,due_or_unpaid,R,,,DEC 2025,2026-09-10 09:29:25.37108+00
16748,2025-12-01,227,KARTHIK DHANASEKAR,2025-12-01,S/Z,Strength Zone,800.00,800.00,0.00,paid,PAID,,,DEC 2025,2026-09-10 09:29:25.37108+00
16749,2025-12-01,228,MANIKANDAN D,2025-12-01,S/Z,Strength Zone,800.00,,800.00,due_or_unpaid,R,,,DEC 2025,2026-09-10 09:29:25.37108+00
16750,2025-12-01,229,VISHVA,2025-12-01,S/Z,Strength Zone,800.00,,800.00,due_or_unpaid,R,,,DEC 2025,2026-09-10 09:29:25.37108+00
16751,2025-12-01,230,SHYAM K,2025-12-04,S/Z,Strength Zone,800.00,,800.00,due_or_unpaid,R,,,DEC 2025,2026-09-10 09:29:25.37108+00
16752,2025-12-01,231,SHASHANTH S,2025-12-13,S/Z,Strength Zone,800.00,,800.00,due_or_unpaid,R,,,DEC 2025,2026-09-10 09:29:25.37108+00
16753,2025-12-01,232,ANIL KUMAR,2025-12-05,S/Z,Strength Zone,800.00,,800.00,due_or_unpaid,R,,,DEC 2025,2026-09-10 09:29:25.37108+00
16754,2025-12-01,233,NIKHIL NAYAK L,2025-12-07,S/Z,Strength Zone,800.00,,800.00,due_or_unpaid,R,,,DEC 2025,2026-09-10 09:29:25.37108+00
16755,2025-12-01,234,PINKU NAYAK C,2025-12-07,S/Z,Strength Zone,800.00,,800.00,due_or_unpaid,R,,,DEC 2025,2026-09-10 09:29:25.37108+00
16756,2025-12-01,235,AKASH S,2025-12-01,G/F,General Fitness,1000.00,,1000.00,due_or_unpaid,R,,,DEC 2025,2026-09-10 09:29:25.37108+00
16757,2025-12-01,236,ANAND,2025-12-08,G/F,General Fitness,1000.00,,1000.00,due_or_unpaid,R,,,DEC 2025,2026-09-10 09:29:25.37108+00
16758,2025-12-01,237,LOHIT NAYAK,2025-12-12,S/Z,Strength Zone,800.00,,800.00,due_or_unpaid,R,,,DEC 2025,2026-09-10 09:29:25.37108+00
16759,2025-12-01,238,RIMPLE KUMAR,2025-12-15,S/Z,Strength Zone,800.00,,800.00,due_or_unpaid,R,,,DEC 2025,2026-09-10 09:29:25.37108+00
16760,2025-12-01,239,GOPINATH M,2025-12-17,G/F,General Fitness,1000.00,,1000.00,due_or_unpaid,R,,,DEC 2025,2026-09-10 09:29:25.37108+00
16761,2025-12-01,239,GOPINATH M,2025-12-19,S/Z,Strength Zone,800.00,,800.00,due_or_unpaid,R,,,DEC 2025,2026-09-10 09:29:25.37108+00
16762,2025-12-01,240,YOGESH G,2025-12-21,S/Z,Strength Zone,800.00,,800.00,due_or_unpaid,R,,,DEC 2025,2026-09-10 09:29:25.37108+00
16763,2025-12-01,240,YOGESH G,2025-12-24,S/Z,Strength Zone,800.00,,800.00,due_or_unpaid,R,,,DEC 2025,2026-09-10 09:29:25.37108+00
16764,2025-12-01,241,PRADHAP V,2025-12-21,S/Z,Strength Zone,800.00,,800.00,due_or_unpaid,R,,,DEC 2025,2026-09-10 09:29:25.37108+00
16765,2025-12-01,241,PRADHAP V,2025-12-24,S/Z,Strength Zone,800.00,,800.00,due_or_unpaid,R,,,DEC 2025,2026-09-10 09:29:25.37108+00
16766,2025-12-01,242,AJAY A,2025-12-26,S/Z,Strength Zone,800.00,,800.00,due_or_unpaid,R,,,DEC 2025,2026-09-10 09:29:25.37108+00
16767,2025-12-01,244,BABU K,2025-12-26,G/F,General Fitness,1000.00,,1000.00,due_or_unpaid,R,,,DEC 2025,2026-09-10 09:29:25.37108+00
16768,2025-12-01,245,KISHORE S,2025-12-03,G/F,General Fitness,1000.00,,1000.00,due_or_unpaid,R,,,DEC 2025,2026-09-10 09:29:25.37108+00
16769,2025-12-01,246,SURESH,2025-12-05,S/Z,Strength Zone,800.00,,800.00,due_or_unpaid,R,,,DEC 2025,2026-09-10 09:29:25.37108+00
16770,2025-12-01,247,VIVEK,2026-11-05,S/Z,Strength Zone,800.00,,7777.00,paid,PAID,,,DEC 2025,2026-09-10 09:29:25.37108+00
16771,2025-12-01,248,ELAKKIAN,2025-12-05,G/F,General Fitness,1000.00,,1000.00,due_or_unpaid,R,,,DEC 2025,2026-09-10 09:29:25.37108+00
16772,2025-12-01,249,DEEPAK C,2025-12-05,G/F,General Fitness,1000.00,,1000.00,due_or_unpaid,R,,,DEC 2025,2026-09-10 09:29:25.37108+00
16773,2025-12-01,250,RESHATH S,2025-12-06,S/Z,Strength Zone,800.00,,800.00,due_or_unpaid,R,,,DEC 2025,2026-09-10 09:29:25.37108+00
16774,2025-12-01,251,ARAVINTHAN S,2025-12-12,G/F,General Fitness,1000.00,1000.00,0.00,paid,PAID,,,DEC 2025,2026-09-10 09:29:25.37108+00
16775,2025-12-01,252,MOULI RAJ V,2025-12-13,S/Z,Strength Zone,800.00,,800.00,due_or_unpaid,R,,,DEC 2025,2026-09-10 09:29:25.37108+00
16776,2025-12-01,253,DHAYANATHAN,2025-12-01,S/Z,Strength Zone,800.00,800.00,0.00,paid,PAID,,,DEC 2025,2026-09-10 09:29:25.37108+00
16777,2025-12-01,254,SELVAM K,2025-12-14,S/Z,Strength Zone,1000.00,,1000.00,due_or_unpaid,R,,,DEC 2025,2026-09-10 09:29:25.37108+00
16778,2025-12-01,255,VIJAYAN .S,2025-12-08,G/F,General Fitness,1000.00,,800.00,due_or_unpaid,R,,,DEC 2025,2026-09-10 09:29:25.37108+00
16779,2025-12-01,256,KARTHICK M,2025-12-19,S/Z,Strength Zone,800.00,,800.00,due_or_unpaid,R,,,DEC 2025,2026-09-10 09:29:25.37108+00
16780,2025-12-01,257,PAWN KUMAR,2025-12-26,S/Z,Strength Zone,800.00,,800.00,due_or_unpaid,R,,,DEC 2025,2026-09-10 09:29:25.37108+00
16781,2025-12-01,258,BEENAUVV V,2025-12-05,G/F,General Fitness,1000.00,,1000.00,due_or_unpaid,R,,,DEC 2025,2026-09-10 09:29:25.37108+00
16782,2025-12-01,259,PRADEEP KUMAR G,2025-12-04,G/F,General Fitness,1000.00,,1000.00,due_or_unpaid,R,,,DEC 2025,2026-09-10 09:29:25.37108+00
16783,2025-12-01,260,BARATH R,2025-12-10,S/Z,Strength Zone,800.00,800.00,0.00,paid,PAID,,,DEC 2025,2026-09-10 09:29:25.37108+00
16784,2025-12-01,261,MANIKANDAN L,2025-12-12,G/F,General Fitness,1000.00,,1000.00,due_or_unpaid,R,,,DEC 2025,2026-09-10 09:29:25.37108+00
16785,2025-12-01,262,RANJITH A,2025-12-13,G/F,General Fitness,1000.00,,1000.00,due_or_unpaid,R,,,DEC 2025,2026-09-10 09:29:25.37108+00
16786,2025-12-01,263,SHANMATHI E,2025-12-16,G/F,General Fitness,1000.00,,1000.00,due_or_unpaid,R,,,DEC 2025,2026-09-10 09:29:25.37108+00
16787,2025-12-01,264,VENKATESH K,2025-12-19,S/Z,Strength Zone,800.00,,800.00,due_or_unpaid,R,,,DEC 2025,2026-09-10 09:29:25.37108+00
16788,2025-12-01,265,ANKUR GUWALA J,2025-12-19,S/Z,Strength Zone,800.00,,800.00,due_or_unpaid,R,,,DEC 2025,2026-09-10 09:29:25.37108+00
16789,2025-12-01,266,PRANESH M,2025-12-20,S/Z,Strength Zone,800.00,,800.00,due_or_unpaid,R,,,DEC 2025,2026-09-10 09:29:25.37108+00
16790,2025-12-01,267,HANY PRINCY V,2025-12-06,G/F,General Fitness,1000.00,,1000.00,due_or_unpaid,R,,,DEC 2025,2026-09-10 09:29:25.37108+00
16791,2025-12-01,268,GUGAN S,2025-12-25,S/Z,Strength Zone,800.00,,800.00,due_or_unpaid,R,,,DEC 2025,2026-09-10 09:29:25.37108+00
16792,2025-12-01,269,SENTHIL KUMAR,2025-12-01,G/F,General Fitness,1000.00,,1000.00,due_or_unpaid,R,,,DEC 2025,2026-09-10 09:29:25.37108+00
16793,2025-12-01,270,AMITH KUMAR,2025-12-01,S/Z,Strength Zone,800.00,,800.00,due_or_unpaid,R,,,DEC 2025,2026-09-10 09:29:25.37108+00
16794,2025-12-01,271,ABISHEK KUMAR,2025-12-01,S/Z,Strength Zone,800.00,,800.00,due_or_unpaid,R,,,DEC 2025,2026-09-10 09:29:25.37108+00
16795,2025-12-01,272,BHUPINDER SINGH,2025-12-01,S/Z,Strength Zone,800.00,,800.00,due_or_unpaid,R,,,DEC 2025,2026-09-10 09:29:25.37108+00
16796,2025-12-01,273,DEEPAK B,2025-12-04,G/F,General Fitness,1000.00,,1000.00,due_or_unpaid,R,,,DEC 2025,2026-09-10 09:29:25.37108+00
16797,2025-12-01,274,RATHNA KUMAR A,2026-09-07,S/Z,Strength Zone,800.00,,7777.00,paid,PAID,,,DEC 2025,2026-09-10 09:29:25.37108+00
16798,2025-12-01,275,BINIT,2025-12-08,G/F,General Fitness,1000.00,,1000.00,due_or_unpaid,R,,,DEC 2025,2026-09-10 09:29:25.37108+00
16799,2025-12-01,276,SAPHMITA,2025-12-08,G/F,General Fitness,1000.00,,1000.00,due_or_unpaid,R,,,DEC 2025,2026-09-10 09:29:25.37108+00
16800,2025-12-01,277,ARAVIND D,2025-12-08,G/F,General Fitness,1000.00,,1000.00,due_or_unpaid,R,,,DEC 2025,2026-09-10 09:29:25.37108+00
16801,2025-12-01,278,VIGNESH M,2025-12-08,G/F,General Fitness,1000.00,,1000.00,due_or_unpaid,R,,,DEC 2025,2026-09-10 09:29:25.37108+00
16802,2025-12-01,279,MOHAMMED FAAIZ M,2025-12-09,G/F,General Fitness,1000.00,,1000.00,due_or_unpaid,R,,,DEC 2025,2026-09-10 09:29:25.37108+00
16803,2025-12-01,280,PERIYASAMY J,2025-12-05,S/Z,Strength Zone,800.00,,800.00,due_or_unpaid,R,,,DEC 2025,2026-09-10 09:29:25.37108+00
16804,2025-12-01,281,AKASH A,2025-12-11,G/F,General Fitness,1000.00,,1000.00,due_or_unpaid,R,,,DEC 2025,2026-09-10 09:29:25.37108+00
16805,2025-12-01,282,SOLOMON K,2025-12-11,G/F,General Fitness,1000.00,,1000.00,due_or_unpaid,R,,,DEC 2025,2026-09-10 09:29:25.37108+00
16806,2025-12-01,283,SARAN S,2025-12-11,S/Z,Strength Zone,1000.00,,1000.00,due_or_unpaid,R,,,DEC 2025,2026-09-10 09:29:25.37108+00
16807,2025-12-01,284,ARJUN B,2025-12-12,S/Z,Strength Zone,800.00,,800.00,due_or_unpaid,R,,,DEC 2025,2026-09-10 09:29:25.37108+00
16808,2025-12-01,285,SARAVANAN,2025-12-12,S/Z,Strength Zone,800.00,,800.00,due_or_unpaid,R,,,DEC 2025,2026-09-10 09:29:25.37108+00
16809,2025-12-01,286,TAPAS KUMAR B,2025-12-16,S/Z,Strength Zone,800.00,,800.00,due_or_unpaid,R,,,DEC 2025,2026-09-10 09:29:25.37108+00
16810,2025-12-01,287,PRASANTH K,2025-12-16,S/Z,Strength Zone,800.00,,800.00,due_or_unpaid,R,,,DEC 2025,2026-09-10 09:29:25.37108+00
16811,2025-12-01,288,SANDHIYA S,2025-12-16,G/F,General Fitness,1000.00,,1000.00,due_or_unpaid,R,,,DEC 2025,2026-09-10 09:29:25.37108+00
16812,2025-12-01,289,AMAN KUMAR,2025-12-18,S/Z,Strength Zone,800.00,,800.00,due_or_unpaid,R,,,DEC 2025,2026-09-10 09:29:25.37108+00
16813,2025-12-01,290,VARUN KUMAR J,2025-12-24,G/F,General Fitness,1000.00,1000.00,0.00,paid,PAID,,,DEC 2025,2026-09-10 09:29:25.37108+00
16814,2025-12-01,291,MOHAN H,2025-12-29,S/Z,Strength Zone,800.00,,1600.00,due_or_unpaid,R,,,DEC 2025,2026-09-10 09:29:25.37108+00
16815,2025-12-01,292,PAUL CHRISTOPHER T,2025-12-29,G/F,General Fitness,1000.00,1000.00,0.00,paid,PAID,,,DEC 2025,2026-09-10 09:29:25.37108+00
16816,2025-12-01,293,ANAND N,2025-12-02,S/Z,Strength Zone,800.00,,800.00,due_or_unpaid,R,,,DEC 2025,2026-09-10 09:29:25.37108+00
16817,2025-12-01,294,GANESH S,2025-12-04,S/Z,Strength Zone,800.00,800.00,0.00,paid,PAID,,,DEC 2025,2026-09-10 09:29:25.37108+00
16818,2025-12-01,295,RAMAN VERMA,2025-12-05,S/Z,Strength Zone,800.00,,800.00,due_or_unpaid,R,,,DEC 2025,2026-09-10 09:29:25.37108+00
16819,2025-12-01,296,HARI PRASATH L,2025-12-05,S/Z,Strength Zone,800.00,,800.00,due_or_unpaid,R,,,DEC 2025,2026-09-10 09:29:25.37108+00
16820,2025-12-01,297,SELVA P,2025-12-05,S/Z,Strength Zone,800.00,,800.00,due_or_unpaid,R,,,DEC 2025,2026-09-10 09:29:25.37108+00
16821,2025-12-01,298,DILLIBABU,2025-12-08,S/Z,Strength Zone,800.00,800.00,0.00,paid,PAID,,,DEC 2025,2026-09-10 09:29:25.37108+00
16822,2025-12-01,299,NIVEN K,2025-12-13,G/F,General Fitness,1000.00,1000.00,0.00,paid,PAID,,,DEC 2025,2026-09-10 09:29:25.37108+00
16823,2025-12-01,300,KALIA AKASH S,2025-12-13,S/Z,Strength Zone,800.00,,800.00,due_or_unpaid,R,,,DEC 2025,2026-09-10 09:29:25.37108+00
16824,2025-12-01,301,RAJKUMAR,2025-12-18,S/Z,Strength Zone,800.00,,800.00,due_or_unpaid,R,,,DEC 2025,2026-09-10 09:29:25.37108+00
16825,2025-12-01,302,GANESH K,2025-12-28,G/F,General Fitness,1000.00,,1000.00,due_or_unpaid,R,,,DEC 2025,2026-09-10 09:29:25.37108+00
16826,2025-12-01,303,JAYAPRAKASH V,2025-12-01,G/F,General Fitness,1000.00,,1000.00,due_or_unpaid,R,,,DEC 2025,2026-09-10 09:29:25.37108+00
16827,2025-12-01,304,GANESH S,2025-12-01,G/F,General Fitness,1000.00,,1000.00,due_or_unpaid,R,,,DEC 2025,2026-09-10 09:29:25.37108+00
16828,2025-12-01,305,JASLIN A,2025-12-01,G/F,General Fitness,1000.00,,1000.00,due_or_unpaid,R,,,DEC 2025,2026-09-10 09:29:25.37108+00
16829,2025-12-01,306,SATHISH M,2025-12-01,S/Z,Strength Zone,800.00,,800.00,due_or_unpaid,R,,,DEC 2025,2026-09-10 09:29:25.37108+00
16830,2025-12-01,307,ARUN K,2025-12-01,S/Z,Strength Zone,800.00,800.00,0.00,paid,PAID,,,DEC 2025,2026-09-10 09:29:25.37108+00
16831,2025-12-01,308,BALAJI R,2025-12-02,S/Z,Strength Zone,800.00,,800.00,due_or_unpaid,R,,,DEC 2025,2026-09-10 09:29:25.37108+00
16832,2025-12-01,309,JANAKI RAMAN D,2025-12-04,G/F,General Fitness,1000.00,,1000.00,due_or_unpaid,R,,,DEC 2025,2026-09-10 09:29:25.37108+00
16833,2025-12-01,310,KAMALA DHASAN M,2025-12-08,S/Z,Strength Zone,800.00,800.00,0.00,paid,PAID,,,DEC 2025,2026-09-10 09:29:25.37108+00
16834,2025-12-01,311,JOHN BENEDICT,2025-12-09,G/F,General Fitness,1000.00,1000.00,0.00,paid,PAID,,,DEC 2025,2026-09-10 09:29:25.37108+00
16835,2025-12-01,312,PADMANABAN J,2025-12-15,S/Z,Strength Zone,800.00,,800.00,due_or_unpaid,R,,,DEC 2025,2026-09-10 09:29:25.37108+00
16836,2025-12-01,313,SABARI GIRI S,2025-12-15,S/Z,Strength Zone,800.00,,800.00,due_or_unpaid,R,,,DEC 2025,2026-09-10 09:29:25.37108+00
16837,2025-12-01,314,ROHITH K,2025-12-15,S/Z,Strength Zone,800.00,,800.00,due_or_unpaid,R,,,DEC 2025,2026-09-10 09:29:25.37108+00
16838,2025-12-01,315,CHANDHRU,2025-12-15,S/Z,Strength Zone,800.00,,800.00,due_or_unpaid,R,,,DEC 2025,2026-09-10 09:29:25.37108+00
16839,2025-12-01,316,RAMESH S,2025-12-16,S/Z,Strength Zone,800.00,800.00,0.00,paid,PAID,,,DEC 2025,2026-09-10 09:29:25.37108+00
16840,2025-12-01,317,KEERTHI VARMAN S,2025-12-19,S/Z,Strength Zone,800.00,,800.00,due_or_unpaid,R,,,DEC 2025,2026-09-10 09:29:25.37108+00
16841,2025-12-01,318,DILLIBABU K,2025-12-02,S/Z,Strength Zone,800.00,,800.00,due_or_unpaid,R,,,DEC 2025,2026-09-10 09:29:25.37108+00
16842,2025-12-01,319,ABISHEK KUMAR,2025-12-03,S/Z,Strength Zone,800.00,,800.00,due_or_unpaid,R,,,DEC 2025,2026-09-10 09:29:25.37108+00
16843,2025-12-01,320,VIKKI KUMAR,2025-12-03,S/Z,Strength Zone,800.00,,800.00,due_or_unpaid,R,,,DEC 2025,2026-09-10 09:29:25.37108+00
16844,2025-12-01,321,DHAMODHARAN M,2025-12-06,G/F,General Fitness,1000.00,,1000.00,due_or_unpaid,R,,,DEC 2025,2026-09-10 09:29:25.37108+00
16845,2025-12-01,322,SASI KUMARAN,2025-12-06,G/F,General Fitness,1000.00,,1000.00,due_or_unpaid,R,,,DEC 2025,2026-09-10 09:29:25.37108+00
16846,2025-12-01,323,SANTHOSH T.S,2025-12-06,S/Z,Strength Zone,800.00,,1000.00,due_or_unpaid,R,,,DEC 2025,2026-09-10 09:29:25.37108+00
16847,2025-12-01,324,SHIVAM KUMAR,2025-12-04,S/Z,Strength Zone,800.00,,800.00,due_or_unpaid,R,,,DEC 2025,2026-09-10 09:29:25.37108+00
16848,2025-12-01,325,RAUSHAN,2025-12-04,S/Z,Strength Zone,800.00,,800.00,due_or_unpaid,R,,,DEC 2025,2026-09-10 09:29:25.37108+00
16849,2025-12-01,326,EMBHAH,2025-12-11,G/F,General Fitness,1000.00,,1000.00,due_or_unpaid,R,,,DEC 2025,2026-09-10 09:29:25.37108+00
16850,2025-12-01,327,HASIYA TRIPURA,2025-12-11,G/F,General Fitness,1000.00,,1000.00,due_or_unpaid,R,,,DEC 2025,2026-09-10 09:29:25.37108+00
16851,2025-12-01,328,THANGA RAJ P,2025-12-13,S/Z,Strength Zone,800.00,,800.00,due_or_unpaid,R,,,DEC 2025,2026-09-10 09:29:25.37108+00
16852,2025-12-01,329,SANJU MANDAL,2025-12-23,S/Z,Strength Zone,800.00,,800.00,due_or_unpaid,R,,,DEC 2025,2026-09-10 09:29:25.37108+00
16853,2025-12-01,330,EARM RAZA,2025-12-24,G/F,General Fitness,1000.00,,1000.00,due_or_unpaid,R,,,DEC 2025,2026-09-10 09:29:25.37108+00
16854,2025-12-01,331,VENKAT P,2025-12-27,S/Z,Strength Zone,800.00,,800.00,due_or_unpaid,R,,,DEC 2025,2026-09-10 09:29:25.37108+00
16855,2025-12-01,332,DINESH KARTHIK K,2025-12-27,S/Z,Strength Zone,800.00,,800.00,due_or_unpaid,R,,,DEC 2025,2026-09-10 09:29:25.37108+00
16856,2025-12-01,333,PRAKASH R,2025-12-01,G/F,General Fitness,1000.00,1000.00,0.00,paid,PAID,3000PTS,,DEC 2025,2026-09-10 09:29:25.37108+00
16857,2025-12-01,334,MAGESH G,2025-12-01,G/F,General Fitness,1000.00,1000.00,0.00,paid,PAID,,,DEC 2025,2026-09-10 09:29:25.37108+00
16858,2025-12-01,335,SHOHRAB KHAN,2025-12-03,S/Z,Strength Zone,800.00,,800.00,due_or_unpaid,R,,,DEC 2025,2026-09-10 09:29:25.37108+00
16859,2025-12-01,336,JOHN Y,2025-12-03,S/Z,Strength Zone,800.00,800.00,0.00,paid,PAID,,,DEC 2025,2026-09-10 09:29:25.37108+00
16860,2025-12-01,337,SARATHY KUMAR D,2025-12-06,G/F,General Fitness,1000.00,,1000.00,due_or_unpaid,R,,,DEC 2025,2026-09-10 09:29:25.37108+00
16861,2025-12-01,338,SURENDHAR P,2025-12-07,S/Z,Strength Zone,800.00,,800.00,due_or_unpaid,R,,,DEC 2025,2026-09-10 09:29:25.37108+00
16862,2025-12-01,339,VARADHARAJ N,2025-12-10,G/F,General Fitness,1000.00,1000.00,0.00,paid,PAID,,,DEC 2025,2026-09-10 09:29:25.37108+00
16863,2025-12-01,340,JAGBIR SINGH,2025-12-10,S/Z,Strength Zone,800.00,,800.00,due_or_unpaid,R,,,DEC 2025,2026-09-10 09:29:25.37108+00
16864,2025-12-01,341,MUKESH M,2025-12-11,S/Z,Strength Zone,800.00,,800.00,due_or_unpaid,R,,,DEC 2025,2026-09-10 09:29:25.37108+00
16865,2025-12-01,342,VAIKO S,2025-12-17,G/F,General Fitness,1000.00,,1000.00,due_or_unpaid,R,,,DEC 2025,2026-09-10 09:29:25.37108+00
16866,2025-12-01,343,PRITHIVIRAJ B,2025-12-17,G/F,General Fitness,1000.00,1000.00,0.00,paid,PAID,,,DEC 2025,2026-09-10 09:29:25.37108+00
16867,2025-12-01,344,ASISH,2025-12-22,S/Z,Strength Zone,800.00,800.00,0.00,paid,PAID,,,DEC 2025,2026-09-10 09:29:25.37108+00
16868,2025-12-01,345,DEEPAK S,2025-12-22,S/Z,Strength Zone,800.00,800.00,0.00,paid,PAID,,,DEC 2025,2026-09-10 09:29:25.37108+00
16869,2025-12-01,346,KRISHNA KUMAR,2025-12-26,S/Z,Strength Zone,800.00,,800.00,due_or_unpaid,R,,,DEC 2025,2026-09-10 09:29:25.37108+00
16870,2025-12-01,347,HAREESH M,2025-12-27,S/Z,Strength Zone,800.00,,800.00,due_or_unpaid,R,,,DEC 2025,2026-09-10 09:29:25.37108+00
16871,2025-12-01,348,RAMACHANTHIRAN S,2025-12-28,G/F,General Fitness,100.00,,1000.00,due_or_unpaid,R,,,DEC 2025,2026-09-10 09:29:25.37108+00
16872,2025-12-01,349,SARATHI N,2025-12-28,S/Z,Strength Zone,800.00,,800.00,due_or_unpaid,R,,,DEC 2025,2026-09-10 09:29:25.37108+00
16873,2026-01-01,1,SUNDHAR M,2026-01-09,S/Z,Strength Zone,800.00,,800.00,due_or_unpaid,R,,,JAN 2026,2026-09-10 09:29:25.37108+00
16874,2026-01-01,2,NITHYASEELAN P,2026-01-09,S/Z,Strength Zone,800.00,,800.00,due_or_unpaid,R,,,JAN 2026,2026-09-10 09:29:25.37108+00
16875,2026-01-01,3,SANJEEVA REDDY C,2026-01-09,S/Z,Strength Zone,800.00,,800.00,due_or_unpaid,R,,M/E,JAN 2026,2026-09-10 09:29:25.37108+00
16876,2026-01-01,4,ABDUL RAHMAN A,2026-01-09,S/Z,Strength Zone,800.00,,1000.00,due_or_unpaid,R,,,JAN 2026,2026-09-10 09:29:25.37108+00
16877,2026-01-01,5,SANTHOSH KUMAR G,2026-01-09,G/F,General Fitness,1000.00,,1000.00,due_or_unpaid,R,,,JAN 2026,2026-09-10 09:29:25.37108+00
16878,2026-01-01,6,SATHISH KUMAR J,2026-01-09,G/F,General Fitness,1000.00,,1000.00,due_or_unpaid,R,,,JAN 2026,2026-09-10 09:29:25.37108+00
16879,2026-01-01,7,VIJAYABABU C,2027-01-09,G/F,General Fitness,7500.00,,7500.00,paid,PAID,,M,JAN 2026,2026-09-10 09:29:25.37108+00
16880,2026-01-01,8,ISTJHAR AHAMAD,2026-01-09,G/F,General Fitness,1000.00,,1000.00,due_or_unpaid,R,,,JAN 2026,2026-09-10 09:29:25.37108+00
16881,2026-01-01,9,MUBARAK ALI,2026-01-09,S/Z,Strength Zone,800.00,,800.00,due_or_unpaid,R,,,JAN 2026,2026-09-10 09:29:25.37108+00
16882,2026-01-01,10,GULJOR HUSSAIN,2026-01-09,S/Z,Strength Zone,800.00,,800.00,due_or_unpaid,R,,,JAN 2026,2026-09-10 09:29:25.37108+00
16883,2026-01-01,11,SURHAB ALI,2026-01-09,S/Z,Strength Zone,800.00,,800.00,due_or_unpaid,R,,,JAN 2026,2026-09-10 09:29:25.37108+00
16884,2026-01-01,12,SATHYA M,2026-01-09,G/F,General Fitness,800.00,,800.00,due_or_unpaid,R,,,JAN 2026,2026-09-10 09:29:25.37108+00
16885,2026-01-01,13,PORTAP CHETRY,2026-01-09,S/Z,Strength Zone,800.00,,800.00,due_or_unpaid,R,,,JAN 2026,2026-09-10 09:29:25.37108+00
16886,2026-01-01,14,TAMIL,2026-01-09,G/F,General Fitness,1000.00,,1000.00,due_or_unpaid,R,,,JAN 2026,2026-09-10 09:29:25.37108+00
16887,2026-01-01,15,DEEPAK M,2026-01-09,S/Z,Strength Zone,800.00,800.00,0.00,paid,PAID,,,JAN 2026,2026-09-10 09:29:25.37108+00
16888,2026-01-01,16,SARATH KUMAR A,2026-01-10,S/Z,Strength Zone,800.00,,800.00,due_or_unpaid,R,,,JAN 2026,2026-09-10 09:29:25.37108+00
16889,2026-01-01,17,UDHAYA PANDIAN,2026-01-10,G/F,General Fitness,1000.00,,1000.00,due_or_unpaid,R,,M,JAN 2026,2026-09-10 09:29:25.37108+00
16890,2026-01-01,18,MANJIT KUMAR,2026-01-14,S/Z,Strength Zone,1000.00,,1000.00,due_or_unpaid,R,,M/E,JAN 2026,2026-09-10 09:29:25.37108+00
16891,2026-01-01,19,YUVARAJ C,2026-01-10,G/F,General Fitness,1000.00,,1000.00,due_or_unpaid,R,,E,JAN 2026,2026-09-10 09:29:25.37108+00
16892,2026-01-01,20,CHARLES,2026-01-09,S/Z,Strength Zone,800.00,,1000.00,due_or_unpaid,R,,,JAN 2026,2026-09-10 09:29:25.37108+00
16893,2026-01-01,21,DHANUSH V,2026-01-10,S/Z,Strength Zone,800.00,,800.00,due_or_unpaid,R,,,JAN 2026,2026-09-10 09:29:25.37108+00
16894,2026-01-01,22,BOLORAM PONIKA A.J,2026-01-10,S/Z,Strength Zone,800.00,,800.00,due_or_unpaid,R,,,JAN 2026,2026-09-10 09:29:25.37108+00
16895,2026-01-01,23,PRASANTH M,2026-01-10,S/Z,Strength Zone,800.00,,800.00,due_or_unpaid,R,,,JAN 2026,2026-09-10 09:29:25.37108+00
16896,2026-01-01,24,RAGUL R,2026-01-14,S/Z,Strength Zone,800.00,600.00,800.00,paid,PAID,200.0,E,JAN 2026,2026-09-10 09:29:25.37108+00
16897,2026-01-01,25,SANTHOSH M,2026-01-11,S/Z,Strength Zone,800.00,,800.00,due_or_unpaid,R,,,JAN 2026,2026-09-10 09:29:25.37108+00
16898,2026-01-01,26,MAZID ALI,2026-01-11,S/Z,Strength Zone,800.00,,800.00,due_or_unpaid,R,,,JAN 2026,2026-09-10 09:29:25.37108+00
16899,2026-01-01,27,SADIKUL ISLAM,2026-01-11,S/Z,Strength Zone,800.00,,800.00,due_or_unpaid,R,,,JAN 2026,2026-09-10 09:29:25.37108+00
16900,2026-01-01,28,LAKSHWANTH,2026-02-11,G/F,General Fitness,1000.00,,7499.00,paid,PAID,,M,JAN 2026,2026-09-10 09:29:25.37108+00
16901,2026-01-01,29,GOWTHAM A,2026-01-01,S/Z,Strength Zone,800.00,,800.00,due_or_unpaid,R,,,JAN 2026,2026-09-10 09:29:25.37108+00
16902,2026-01-01,30,PRADEEP Y,2026-01-20,S/Z,Strength Zone,800.00,800.00,0.00,paid,PAID,,M/E,JAN 2026,2026-09-10 09:29:25.37108+00
16903,2026-01-01,31,ROHIT R,2026-01-12,S/Z,Strength Zone,800.00,,800.00,due_or_unpaid,R,,,JAN 2026,2026-09-10 09:29:25.37108+00
16904,2026-01-01,32,RISHI M,2026-01-12,S/Z,Strength Zone,800.00,,800.00,due_or_unpaid,R,,,JAN 2026,2026-09-10 09:29:25.37108+00
16905,2026-01-01,33,GOPAL B,2026-01-12,S/Z,Strength Zone,800.00,,800.00,due_or_unpaid,R,,E,JAN 2026,2026-09-10 09:29:25.37108+00
16906,2026-01-01,34,KODOM ALI D,2026-01-13,S/Z,Strength Zone,800.00,,800.00,due_or_unpaid,R,,,JAN 2026,2026-09-10 09:29:25.37108+00
16907,2026-01-01,35,SUJAB ALI A,2026-01-13,S/Z,Strength Zone,800.00,,800.00,due_or_unpaid,R,,,JAN 2026,2026-09-10 09:29:25.37108+00
16908,2026-01-01,36,ASHABUL HOQUE S,2026-01-13,S/Z,Strength Zone,800.00,,800.00,due_or_unpaid,R,,,JAN 2026,2026-09-10 09:29:25.37108+00
16909,2026-01-01,37,SURESH K,2026-01-13,G/F,General Fitness,1000.00,,1000.00,due_or_unpaid,R,,,JAN 2026,2026-09-10 09:29:25.37108+00
16910,2026-01-01,38,YUVARAJ B,2026-01-13,S/F,,800.00,800.00,0.00,paid,PAID,,E,JAN 2026,2026-09-10 09:29:25.37108+00
16911,2026-01-01,39,BALAKUMAR H,2026-01-13,G/F,General Fitness,1000.00,1000.00,0.00,paid,PAID,,E,JAN 2026,2026-09-10 09:29:25.37108+00
16912,2026-01-01,40,SIDDHARATH V,2026-01-13,S/Z,Strength Zone,1000.00,,1000.00,due_or_unpaid,R,,M/E,JAN 2026,2026-09-10 09:29:25.37108+00
16913,2026-01-01,41,VAJRAVEL A,2026-01-13,G/F,General Fitness,1000.00,1000.00,0.00,paid,PAID,,M,JAN 2026,2026-09-10 09:29:25.37108+00
16914,2026-01-01,42,SARAVANAN K,2026-01-13,S/Z,Strength Zone,800.00,800.00,0.00,paid,PAID,,E,JAN 2026,2026-09-10 09:29:25.37108+00
16915,2026-01-01,43,ARJUN S,2026-01-13,S/Z,Strength Zone,800.00,,800.00,due_or_unpaid,R,,,JAN 2026,2026-09-10 09:29:25.37108+00
16916,2026-01-01,44,RAM PRASAD,2026-01-14,G/F,General Fitness,1000.00,,1000.00,due_or_unpaid,R,,,JAN 2026,2026-09-10 09:29:25.37108+00
16917,2026-01-01,45,SANTHOSH,2026-01-01,S/Z,Strength Zone,800.00,,800.00,due_or_unpaid,R,,,JAN 2026,2026-09-10 09:29:25.37108+00
16918,2026-01-01,46,SRI RAM R,2026-01-14,S/Z,Strength Zone,1000.00,,1900.00,due_or_unpaid,R,,E,JAN 2026,2026-09-10 09:29:25.37108+00
16919,2026-01-01,47,ANBU N,2026-01-14,G/F,General Fitness,1000.00,,1000.00,due_or_unpaid,R,,,JAN 2026,2026-09-10 09:29:25.37108+00
16920,2026-01-01,48,ARAVINDKUMAR P,2026-01-14,S/Z,Strength Zone,800.00,,800.00,due_or_unpaid,R,,,JAN 2026,2026-09-10 09:29:25.37108+00
16921,2026-01-01,49,ARUN S,2026-01-16,G/F,General Fitness,1000.00,,1000.00,due_or_unpaid,R,,,JAN 2026,2026-09-10 09:29:25.37108+00
16922,2026-01-01,50,AATHI,,S/Z,Strength Zone,800.00,800.00,0.00,paid,PAID,,E,JAN 2026,2026-09-10 09:29:25.37108+00
16923,2026-01-01,51,JOTHILINGAM R,2026-01-15,G/F,General Fitness,1000.00,,1000.00,due_or_unpaid,R,,,JAN 2026,2026-09-10 09:29:25.37108+00
16924,2026-01-01,52,VASANTH J,2027-01-15,S/Z,Strength Zone,7500.00,7500.00,0.00,paid,PAID,,M,JAN 2026,2026-09-10 09:29:25.37108+00
16925,2026-01-01,53,BESTY PAULINE,2026-01-16,G/F,General Fitness,1000.00,,1000.00,due_or_unpaid,R,,,JAN 2026,2026-09-10 09:29:25.37108+00
16926,2026-01-01,54,PREM KUMAR Y,2026-01-16,S/Z,Strength Zone,800.00,,800.00,due_or_unpaid,R,,,JAN 2026,2026-09-10 09:29:25.37108+00
16927,2026-01-01,55,JAWAID F,2026-01-16,S/Z,Strength Zone,800.00,,800.00,due_or_unpaid,R,,,JAN 2026,2026-09-10 09:29:25.37108+00
16928,2026-01-01,56,BOBIDUL ISLAM A,2026-01-16,G/F,General Fitness,1000.00,,1000.00,due_or_unpaid,R,,,JAN 2026,2026-09-10 09:29:25.37108+00
16929,2026-01-01,57,ABDUL KHALAK J,2026-01-16,G/F,General Fitness,1000.00,,1000.00,due_or_unpaid,R,,,JAN 2026,2026-09-10 09:29:25.37108+00
16930,2026-01-01,58,MEHERUL HAQUE S,2026-01-16,G/F,General Fitness,1000.00,,1000.00,due_or_unpaid,R,,,JAN 2026,2026-09-10 09:29:25.37108+00
16931,2026-01-01,59,JAGADEESH M,2026-01-16,G/F,General Fitness,1000.00,,1000.00,due_or_unpaid,R,,,JAN 2026,2026-09-10 09:29:25.37108+00
16932,2026-01-01,60,FAIYAZ AHMED A,2026-01-16,S/Z,Strength Zone,800.00,,800.00,due_or_unpaid,R,,,JAN 2026,2026-09-10 09:29:25.37108+00
16933,2026-01-01,61,MAMIDUL ALI,2026-01-17,S/Z,Strength Zone,800.00,,800.00,due_or_unpaid,R,,,JAN 2026,2026-09-10 09:29:25.37108+00
16934,2026-01-01,62,VINOTH KUMAR,2026-01-17,G/F,General Fitness,800.00,,800.00,due_or_unpaid,R,,,JAN 2026,2026-09-10 09:29:25.37108+00
16935,2026-01-01,63,ABDUL BATIN,2026-01-17,S/Z,Strength Zone,800.00,,800.00,due_or_unpaid,R,,,JAN 2026,2026-09-10 09:29:25.37108+00
16936,2026-01-01,64,NILCHAN ALI,2026-01-17,S/Z,Strength Zone,800.00,,800.00,due_or_unpaid,R,,,JAN 2026,2026-09-10 09:29:25.37108+00
16937,2026-01-01,65,MONIRUAL HOQUE,2026-01-17,S/Z,Strength Zone,800.00,,800.00,due_or_unpaid,R,,,JAN 2026,2026-09-10 09:29:25.37108+00
16938,2026-01-01,66,AMIR HAMJA,2026-01-17,S/Z,Strength Zone,800.00,,800.00,due_or_unpaid,R,,,JAN 2026,2026-09-10 09:29:25.37108+00
16939,2026-01-01,67,SUNIL R,2026-01-17,G/F,General Fitness,1000.00,,1000.00,due_or_unpaid,R,,,JAN 2026,2026-09-10 09:29:25.37108+00
16940,2026-01-01,68,SUDHAKAR S,2026-01-17,S/Z,Strength Zone,800.00,,800.00,due_or_unpaid,R,,,JAN 2026,2026-09-10 09:29:25.37108+00
16941,2026-01-01,69,AMINUL ISLAM MD,2026-01-18,S/Z,Strength Zone,800.00,,800.00,due_or_unpaid,R,,,JAN 2026,2026-09-10 09:29:25.37108+00
16942,2026-01-01,70,TAFIKUL ISLAM,2026-01-18,G/F,General Fitness,1000.00,,800.00,due_or_unpaid,R,,,JAN 2026,2026-09-10 09:29:25.37108+00
16943,2026-01-01,72,HAFIZUR RAHMAM,2026-01-19,S/Z,Strength Zone,800.00,,800.00,due_or_unpaid,R,,,JAN 2026,2026-09-10 09:29:25.37108+00
16944,2026-01-01,73,MOJNUR,2026-01-19,S/Z,Strength Zone,800.00,,800.00,due_or_unpaid,R,,,JAN 2026,2026-09-10 09:29:25.37108+00
16945,2026-01-01,74,YOGESH R,2026-01-19,S/Z,Strength Zone,800.00,,800.00,due_or_unpaid,R,,,JAN 2026,2026-09-10 09:29:25.37108+00
16946,2026-01-01,75,NAVAS,2026-01-19,G/F,General Fitness,1000.00,,800.00,due_or_unpaid,R,,,JAN 2026,2026-09-10 09:29:25.37108+00
16947,2026-01-01,76,TAYABUR RAHMAN A,2026-01-20,S/Z,Strength Zone,800.00,,800.00,due_or_unpaid,R,,,JAN 2026,2026-09-10 09:29:25.37108+00
16948,2026-01-01,78,RATHISH KUMAR,2026-01-23,G/F,General Fitness,1000.00,,1000.00,due_or_unpaid,R,,M/E,JAN 2026,2026-09-10 09:29:25.37108+00
16949,2026-01-01,78,SANTHOSH,2026-01-29,G/F,General Fitness,1000.00,,1000.00,due_or_unpaid,R,,,JAN 2026,2026-09-10 09:29:25.37108+00
16950,2026-01-01,79,DARVIN RAJ J,2025-06-10,G/F,General Fitness,1000.00,,1000.00,due_or_unpaid,R,,,JAN 2026,2026-09-10 09:29:25.37108+00
16951,2026-01-01,80,PRASANTH S,2026-01-23,S/Z,Strength Zone,800.00,,800.00,due_or_unpaid,R,,,JAN 2026,2026-09-10 09:29:25.37108+00
16952,2026-01-01,81,GURU SHANKAR,2026-01-23,S/Z,Strength Zone,800.00,,800.00,due_or_unpaid,R,,,JAN 2026,2026-09-10 09:29:25.37108+00
16953,2026-01-01,82,NARJUL ISLAM A,2026-01-23,S/Z,Strength Zone,800.00,,800.00,due_or_unpaid,R,,,JAN 2026,2026-09-10 09:29:25.37108+00
16954,2026-01-01,83,SANGIT KUMAR SAMANTHA,2026-01-23,G/F,General Fitness,1000.00,,800.00,due_or_unpaid,R,,,JAN 2026,2026-09-10 09:29:25.37108+00
16955,2026-01-01,84,RAGUL A,2026-01-23,S/Z,Strength Zone,800.00,800.00,0.00,paid,PAID,,E,JAN 2026,2026-09-10 09:29:25.37108+00
16956,2026-01-01,85,ASWINI SAGAR SWAIN,2026-01-24,S/Z,Strength Zone,800.00,,800.00,due_or_unpaid,R,,,JAN 2026,2026-09-10 09:29:25.37108+00
16957,2026-01-01,86,DEEPAK M,2026-01-08,G/F,General Fitness,1000.00,,1000.00,due_or_unpaid,R,,M,JAN 2026,2026-09-10 09:29:25.37108+00
16958,2026-01-01,88,NATHAN K,2026-01-25,S/Z,Strength Zone,800.00,,800.00,due_or_unpaid,R,,,JAN 2026,2026-09-10 09:29:25.37108+00
16959,2026-01-01,89,MOIN UDDIN A,2026-01-25,S/Z,Strength Zone,800.00,,800.00,due_or_unpaid,R,,,JAN 2026,2026-09-10 09:29:25.37108+00
16960,2026-01-01,90,ALI AHMED R,2026-01-25,S/Z,Strength Zone,800.00,,800.00,due_or_unpaid,R,,,JAN 2026,2026-09-10 09:29:25.37108+00
16961,2026-01-01,91,ABINASH S,2026-01-27,S/Z,Strength Zone,800.00,,800.00,due_or_unpaid,R,,E,JAN 2026,2026-09-10 09:29:25.37108+00
16962,2026-01-01,92,ARAVIND S,2026-01-28,S/Z,Strength Zone,800.00,,800.00,due_or_unpaid,R,,,JAN 2026,2026-09-10 09:29:25.37108+00
16963,2026-01-01,93,ASHADUL,2026-01-30,G/F,General Fitness,1000.00,,800.00,due_or_unpaid,R,,,JAN 2026,2026-09-10 09:29:25.37108+00
16964,2026-01-01,94,GUHAN A,2026-01-30,S/Z,Strength Zone,800.00,,800.00,due_or_unpaid,R,,,JAN 2026,2026-09-10 09:29:25.37108+00
16965,2026-01-01,95,ROKIBUL HUSSAIN A,2026-01-30,S/Z,Strength Zone,800.00,,800.00,due_or_unpaid,R,,,JAN 2026,2026-09-10 09:29:25.37108+00
16966,2026-01-01,96,MERVYN,2026-01-01,G/F,General Fitness,7000.00,,7000.00,paid,PAID,,,JAN 2026,2026-09-10 09:29:25.37108+00
16967,2026-01-01,97,MICHAEL A,2026-01-01,S/Z,Strength Zone,800.00,,800.00,due_or_unpaid,R,,,JAN 2026,2026-09-10 09:29:25.37108+00
16968,2026-01-01,98,SUGAN RAJ M,2026-01-01,S/Z,Strength Zone,800.00,,800.00,due_or_unpaid,R,,,JAN 2026,2026-09-10 09:29:25.37108+00
16969,2026-01-01,99,SHUTRUGHAN KUMAR R,2026-01-01,G/F,General Fitness,800.00,,800.00,due_or_unpaid,R,,,JAN 2026,2026-09-10 09:29:25.37108+00
16970,2026-01-01,100,DAVID A,2026-01-02,G/F,General Fitness,1000.00,,1000.00,due_or_unpaid,R,,,JAN 2026,2026-09-10 09:29:25.37108+00
16971,2026-01-01,101,PETER A,2026-01-02,G/F,General Fitness,1000.00,,1000.00,due_or_unpaid,R,,,JAN 2026,2026-09-10 09:29:25.37108+00
16972,2026-01-01,102,KUMARAN M,2026-01-02,S/Z,Strength Zone,800.00,,800.00,due_or_unpaid,R,,,JAN 2026,2026-09-10 09:29:25.37108+00
16973,2026-01-01,103,CHARAN KUMAR V,2026-01-10,G/F,General Fitness,1000.00,,1000.00,due_or_unpaid,R,,M/E,JAN 2026,2026-09-10 09:29:25.37108+00
16974,2026-01-01,104,SETTU E,2026-01-03,S/Z,Strength Zone,800.00,,800.00,due_or_unpaid,R,,,JAN 2026,2026-09-10 09:29:25.37108+00
16975,2026-01-01,105,NITHISH KUMAR S,2026-01-15,S/Z,Strength Zone,800.00,,800.00,due_or_unpaid,R,,M,JAN 2026,2026-09-10 09:29:25.37108+00
16976,2026-01-01,106,RAMESH S,2026-01-04,G/F,General Fitness,1000.00,,1000.00,due_or_unpaid,R,,,JAN 2026,2026-09-10 09:29:25.37108+00
16977,2026-01-01,107,SANJAN V,2026-01-05,S/Z,Strength Zone,800.00,,800.00,due_or_unpaid,R,,,JAN 2026,2026-09-10 09:29:25.37108+00
16978,2026-01-01,108,DIVAKAR M,2026-01-05,G/F,General Fitness,1000.00,,1000.00,due_or_unpaid,R,,M,JAN 2026,2026-09-10 09:29:25.37108+00
16979,2026-01-01,109,DANIEL R,2026-01-05,S/Z,Strength Zone,800.00,800.00,0.00,paid,PAID,,M,JAN 2026,2026-09-10 09:29:25.37108+00
16980,2026-01-01,110,MANIKANADAN,2026-01-07,G/F,General Fitness,1000.00,,1000.00,due_or_unpaid,R,,,JAN 2026,2026-09-10 09:29:25.37108+00
16981,2026-01-01,111,PRITHIVIKASH,2026-01-26,S/Z,Strength Zone,800.00,,800.00,due_or_unpaid,R,,,JAN 2026,2026-09-10 09:29:25.37108+00
16982,2026-01-01,112,CHANDRU,2026-01-08,S/Z,Strength Zone,800.00,,800.00,due_or_unpaid,R,,,JAN 2026,2026-09-10 09:29:25.37108+00
16983,2026-01-01,113,SANJAY J,2026-01-04,S/Z,Strength Zone,800.00,,800.00,due_or_unpaid,R,,M,JAN 2026,2026-09-10 09:29:25.37108+00
16984,2026-01-01,114,AJITH D,2026-01-09,S/Z,Strength Zone,800.00,,800.00,due_or_unpaid,R,,,JAN 2026,2026-09-10 09:29:25.37108+00
16985,2026-01-01,115,SANJAY B,2026-01-09,S/Z,Strength Zone,800.00,,800.00,due_or_unpaid,R,,,JAN 2026,2026-09-10 09:29:25.37108+00
16986,2026-01-01,116,TAMIL SELVAN M,2026-01-12,S/Z,Strength Zone,800.00,,800.00,due_or_unpaid,R,,,JAN 2026,2026-09-10 09:29:25.37108+00
16987,2026-01-01,117,ARUN YADAV,2026-01-12,S/Z,Strength Zone,800.00,,800.00,due_or_unpaid,R,,,JAN 2026,2026-09-10 09:29:25.37108+00
16988,2026-01-01,118,GIRI S,2026-01-13,S/Z,Strength Zone,800.00,,800.00,due_or_unpaid,R,,,JAN 2026,2026-09-10 09:29:25.37108+00
16989,2026-01-01,119,JOHNSON S,2026-01-14,S/Z,Strength Zone,800.00,,800.00,due_or_unpaid,R,,,JAN 2026,2026-09-10 09:29:25.37108+00
16990,2026-01-01,120,DEEPAK BILUNG,2026-01-15,S/Z,Strength Zone,800.00,,800.00,due_or_unpaid,R,,,JAN 2026,2026-09-10 09:29:25.37108+00
16991,2026-01-01,121,BINU,2026-01-15,S/Z,Strength Zone,800.00,,800.00,due_or_unpaid,R,,,JAN 2026,2026-09-10 09:29:25.37108+00
16992,2026-01-01,122,SOHEL RANA,2026-01-16,G/F,General Fitness,1000.00,,1000.00,due_or_unpaid,R,,,JAN 2026,2026-09-10 09:29:25.37108+00
16993,2026-01-01,123,CHAITANYA K,2026-01-17,G/F,General Fitness,1000.00,,1000.00,due_or_unpaid,R,,,JAN 2026,2026-09-10 09:29:25.37108+00
16994,2026-01-01,124,KATHIRAVAN.E,2026-01-18,S/Z,Strength Zone,800.00,,800.00,due_or_unpaid,R,,,JAN 2026,2026-09-10 09:29:25.37108+00
16995,2026-01-01,125,MOORTHY R,2026-01-18,S/Z,Strength Zone,800.00,,800.00,due_or_unpaid,R,,,JAN 2026,2026-09-10 09:29:25.37108+00
16996,2026-01-01,126,SANJAY S,2026-01-18,S/Z,Strength Zone,800.00,,800.00,due_or_unpaid,R,,,JAN 2026,2026-09-10 09:29:25.37108+00
16997,2026-01-01,127,PERUMAL V,2026-01-19,S/Z,Strength Zone,800.00,,800.00,due_or_unpaid,R,,,JAN 2026,2026-09-10 09:29:25.37108+00
16998,2026-01-01,128,EMAMUL HUSSAIN A,2026-01-20,S/Z,Strength Zone,800.00,,800.00,due_or_unpaid,R,,,JAN 2026,2026-09-10 09:29:25.37108+00
16999,2026-01-01,129,JEEVA M,2026-01-21,S/Z,Strength Zone,800.00,,1000.00,due_or_unpaid,R,,,JAN 2026,2026-09-10 09:29:25.37108+00
17000,2026-01-01,130,ARAVIND S,2026-01-19,S/Z,Strength Zone,800.00,,800.00,due_or_unpaid,R,,,JAN 2026,2026-09-10 09:29:25.37108+00
17001,2026-01-01,131,SURESH P,2026-01-28,S/Z,Strength Zone,800.00,,800.00,due_or_unpaid,R,,,JAN 2026,2026-09-10 09:29:25.37108+00
17002,2026-01-01,132,KAMAL M,2026-01-28,S/Z,Strength Zone,800.00,,800.00,due_or_unpaid,R,,,JAN 2026,2026-09-10 09:29:25.37108+00
17003,2026-01-01,133,FARHAN,2026-01-29,S/Z,Strength Zone,800.00,,800.00,due_or_unpaid,R,,,JAN 2026,2026-09-10 09:29:25.37108+00
17004,2026-01-01,134,HARISHIT D,2026-01-30,S/Z,Strength Zone,800.00,,800.00,due_or_unpaid,R,,,JAN 2026,2026-09-10 09:29:25.37108+00
17005,2026-01-01,135,BALAJI Y,2026-01-01,G/F,General Fitness,800.00,,800.00,due_or_unpaid,R,,,JAN 2026,2026-09-10 09:29:25.37108+00
17006,2026-01-01,136,PETER A,2026-04-01,G/F,General Fitness,1000.00,,7500.00,paid,PAID,,M,JAN 2026,2026-09-10 09:29:25.37108+00
17007,2026-01-01,137,KAMESH R,2026-01-08,S/Z,Strength Zone,800.00,,800.00,due_or_unpaid,R,,,JAN 2026,2026-09-10 09:29:25.37108+00
17008,2026-01-01,138,PREM S,2026-01-04,S/Z,Strength Zone,800.00,,800.00,due_or_unpaid,R,,,JAN 2026,2026-09-10 09:29:25.37108+00
17009,2026-01-01,139,VIMAL RAJ R,2026-01-04,S/Z,Strength Zone,800.00,,800.00,due_or_unpaid,R,,,JAN 2026,2026-09-10 09:29:25.37108+00
17010,2026-01-01,140,JOSEPH,2026-01-04,S/Z,Strength Zone,800.00,,800.00,due_or_unpaid,R,,E,JAN 2026,2026-09-10 09:29:25.37108+00
17011,2026-01-01,141,ALA IMRAN A,2026-01-04,G/F,General Fitness,1000.00,,1000.00,due_or_unpaid,R,,E,JAN 2026,2026-09-10 09:29:25.37108+00
17012,2026-01-01,142,HAZRAT ALI,2026-01-05,S/Z,Strength Zone,800.00,,800.00,due_or_unpaid,R,,,JAN 2026,2026-09-10 09:29:25.37108+00
17013,2026-01-01,143,MAHESHWAR GOPE,2026-01-05,S/Z,Strength Zone,800.00,,800.00,due_or_unpaid,R,,,JAN 2026,2026-09-10 09:29:25.37108+00
17014,2026-01-01,144,SAKTHI DS,2026-01-09,S/Z,Strength Zone,800.00,,800.00,due_or_unpaid,R,,M/E,JAN 2026,2026-09-10 09:29:25.37108+00
17015,2026-01-01,145,MUKESH S,2026-01-22,S/Z,Strength Zone,800.00,,800.00,due_or_unpaid,R,,,JAN 2026,2026-09-10 09:29:25.37108+00
17016,2026-01-01,146,AKASH SATHIVEL,2026-01-10,G/F,General Fitness,1000.00,,1000.00,due_or_unpaid,R,,,JAN 2026,2026-09-10 09:29:25.37108+00
17017,2026-01-01,147,SARAN RAJ S,2026-01-10,G/F,General Fitness,1000.00,,1000.00,due_or_unpaid,R,,,JAN 2026,2026-09-10 09:29:25.37108+00
17018,2026-01-01,148,SUDHAKAR S,2026-01-11,G/F,General Fitness,1000.00,1000.00,0.00,paid,PAID,,M/E,JAN 2026,2026-09-10 09:29:25.37108+00
17019,2026-01-01,149,UMAMAHESWARA RAO,2026-01-11,G/F,General Fitness,1000.00,,1000.00,due_or_unpaid,R,,,JAN 2026,2026-09-10 09:29:25.37108+00
17020,2026-01-01,150,BARKATHULLAM,2026-01-12,G/F,General Fitness,1000.00,1000.00,0.00,paid,PAID,,,JAN 2026,2026-09-10 09:29:25.37108+00
17021,2026-01-01,151,ABDUL KALAM A,2026-01-13,G/F,General Fitness,1000.00,,1000.00,due_or_unpaid,R,,,JAN 2026,2026-09-10 09:29:25.37108+00
17022,2026-01-01,152,JARDIS SK,2026-01-13,S/Z,Strength Zone,800.00,,800.00,due_or_unpaid,R,,,JAN 2026,2026-09-10 09:29:25.37108+00
17023,2026-01-01,153,MANOJ M,2026-01-14,S/Z,Strength Zone,800.00,,800.00,due_or_unpaid,R,,,JAN 2026,2026-09-10 09:29:25.37108+00
17024,2026-01-01,154,NANTHA KUMAR A,2026-01-14,S/Z,Strength Zone,800.00,,1000.00,due_or_unpaid,R,,,JAN 2026,2026-09-10 09:29:25.37108+00
17025,2026-01-01,155,MANOJ E,2026-01-14,S/Z,Strength Zone,800.00,,800.00,due_or_unpaid,R,,M,JAN 2026,2026-09-10 09:29:25.37108+00
17026,2026-01-01,156,PRAVEEN KUMAR S,2026-01-28,G/F,General Fitness,800.00,,800.00,due_or_unpaid,R,,,JAN 2026,2026-09-10 09:29:25.37108+00
17027,2026-01-01,157,SURYA S,2026-01-23,S/Z,Strength Zone,800.00,,800.00,due_or_unpaid,R,,,JAN 2026,2026-09-10 09:29:25.37108+00
17028,2026-01-01,158,MURALI S,2026-01-23,S/Z,Strength Zone,800.00,,800.00,due_or_unpaid,R,,,JAN 2026,2026-09-10 09:29:25.37108+00
17029,2026-01-01,159,RITHISH V,2026-01-18,S/Z,Strength Zone,800.00,,800.00,due_or_unpaid,R,,,JAN 2026,2026-09-10 09:29:25.37108+00
17030,2026-01-01,160,EMIMAL M,2026-01-19,G/F,General Fitness,1000.00,,800.00,due_or_unpaid,R,,,JAN 2026,2026-09-10 09:29:25.37108+00
17031,2026-01-01,161,YUVAN SHANKAR T,2026-01-17,G/F,General Fitness,1000.00,,1000.00,due_or_unpaid,R,,M,JAN 2026,2026-09-10 09:29:25.37108+00
17032,2026-01-01,162,JENIFER S,2026-01-04,G/F,General Fitness,1000.00,,1000.00,due_or_unpaid,R,,M,JAN 2026,2026-09-10 09:29:25.37108+00
17033,2026-01-01,163,SANJEEV D.S,2026-01-13,G/F,General Fitness,800.00,,1000.00,due_or_unpaid,R,,M,JAN 2026,2026-09-10 09:29:25.37108+00
17034,2026-01-01,164,VASANTH KUMAR G,2026-01-05,S/Z,Strength Zone,800.00,,800.00,due_or_unpaid,R,,,JAN 2026,2026-09-10 09:29:25.37108+00
17035,2026-01-01,165,KISHORE KUMAR V,2026-01-07,S/Z,Strength Zone,800.00,,800.00,due_or_unpaid,R,,,JAN 2026,2026-09-10 09:29:25.37108+00
17036,2026-01-01,166,SANTHOSH KUMAR S,2026-01-07,S/Z,Strength Zone,800.00,,800.00,due_or_unpaid,R,,,JAN 2026,2026-09-10 09:29:25.37108+00
17037,2026-01-01,167,SANTHOSH KUMAR A,2026-01-09,S/Z,Strength Zone,800.00,,800.00,due_or_unpaid,R,,M,JAN 2026,2026-09-10 09:29:25.37108+00
17038,2026-01-01,168,ETHIRAJ T,2026-01-09,S/Z,Strength Zone,800.00,,800.00,due_or_unpaid,R,,,JAN 2026,2026-09-10 09:29:25.37108+00
17039,2026-01-01,169,PRASANTH M,2026-01-10,G/F,General Fitness,1000.00,,1000.00,due_or_unpaid,R,,,JAN 2026,2026-09-10 09:29:25.37108+00
17040,2026-01-01,170,RAGHUL R,2026-01-12,S/Z,Strength Zone,800.00,,800.00,due_or_unpaid,R,,,JAN 2026,2026-09-10 09:29:25.37108+00
17041,2026-01-01,171,GOWTHAM S,2026-01-16,G/F,General Fitness,1000.00,,1000.00,due_or_unpaid,R,,,JAN 2026,2026-09-10 09:29:25.37108+00
17042,2026-01-01,172,RAJESH S,2026-01-16,G/F,General Fitness,1000.00,,1000.00,due_or_unpaid,R,,,JAN 2026,2026-09-10 09:29:25.37108+00
17043,2026-01-01,173,AATHIYAPPAN S,2026-01-30,S/Z,Strength Zone,800.00,,800.00,due_or_unpaid,R,,M,JAN 2026,2026-09-10 09:29:25.37108+00
17044,2026-01-01,174,GODSON PRAVEEN J,2026-01-19,G/F,General Fitness,1000.00,,800.00,due_or_unpaid,R,,,JAN 2026,2026-09-10 09:29:25.37108+00
17045,2026-01-01,175,KABILAN R,2026-01-26,S/Z,Strength Zone,800.00,,800.00,due_or_unpaid,R,,,JAN 2026,2026-09-10 09:29:25.37108+00
17046,2026-01-01,176,KAMAL S,2026-01-28,S/Z,Strength Zone,1000.00,,800.00,due_or_unpaid,R,,,JAN 2026,2026-09-10 09:29:25.37108+00
17047,2026-01-01,177,MOHAMED ASHWAQ S,2026-01-02,S/Z,Strength Zone,800.00,,800.00,due_or_unpaid,R,,M,JAN 2026,2026-09-10 09:29:25.37108+00
17048,2026-01-01,178,VICKY,2026-01-03,S/Z,Strength Zone,800.00,,800.00,due_or_unpaid,R,,,JAN 2026,2026-09-10 09:29:25.37108+00
17049,2026-01-01,180,DEEPAK G,2026-01-05,G/F,General Fitness,1000.00,,1000.00,due_or_unpaid,R,,,JAN 2026,2026-09-10 09:29:25.37108+00
17050,2026-01-01,181,AGILESHWARAN M,2026-01-09,S/Z,Strength Zone,800.00,,800.00,due_or_unpaid,R,,,JAN 2026,2026-09-10 09:29:25.37108+00
17051,2026-01-01,182,MUKESH R,2026-01-11,S/Z,Strength Zone,800.00,,800.00,due_or_unpaid,R,,,JAN 2026,2026-09-10 09:29:25.37108+00
17052,2026-01-01,183,SACHIN AARON T,2026-01-17,S/Z,Strength Zone,800.00,,800.00,due_or_unpaid,R,,,JAN 2026,2026-09-10 09:29:25.37108+00
17053,2026-01-01,184,SANTHOSH R,2026-01-20,S/Z,Strength Zone,800.00,,800.00,due_or_unpaid,R,,M,JAN 2026,2026-09-10 09:29:25.37108+00
17054,2026-01-01,185,VISHNU VARTHAN S,2026-01-30,S/Z,Strength Zone,800.00,,1600.00,due_or_unpaid,R,,M,JAN 2026,2026-09-10 09:29:25.37108+00
17055,2026-01-01,186,MOGESH V,2026-01-25,S/Z,Strength Zone,800.00,64100.00,0.00,paid,R,,,JAN 2026,2026-09-10 09:29:25.37108+00
17056,2026-01-01,187,VISHWA R A,2026-01-27,S/Z,Strength Zone,800.00,,800.00,due_or_unpaid,R,,,JAN 2026,2026-09-10 09:29:25.37108+00
17057,2026-01-01,188,RAMASUBRAMANI K,2026-01-29,S/Z,Strength Zone,800.00,,800.00,due_or_unpaid,R,,,JAN 2026,2026-09-10 09:29:25.37108+00
17058,2026-01-01,189,DHANASINGH P,2026-01-29,S/Z,Strength Zone,800.00,,800.00,due_or_unpaid,R,,,JAN 2026,2026-09-10 09:29:25.37108+00
17059,2026-01-01,190,AMAR NATH R,2026-01-03,G/F,General Fitness,1000.00,,1000.00,due_or_unpaid,R,,M,JAN 2026,2026-09-10 09:29:25.37108+00
17060,2026-01-01,191,PUVIYARASAN G,2026-01-10,S/Z,Strength Zone,800.00,,800.00,due_or_unpaid,R,,,JAN 2026,2026-09-10 09:29:25.37108+00
17061,2026-01-01,192,DINESH KUMAR R,2026-01-04,S/Z,Strength Zone,800.00,,800.00,due_or_unpaid,R,,,JAN 2026,2026-09-10 09:29:25.37108+00
17062,2026-01-01,193,ARUN KUMAR R,2026-01-04,G/F,General Fitness,1000.00,,1000.00,due_or_unpaid,R,,,JAN 2026,2026-09-10 09:29:25.37108+00
17063,2026-01-01,194,ASWIN P BENNY,2026-01-04,G/F,General Fitness,1000.00,,1000.00,due_or_unpaid,R,,,JAN 2026,2026-09-10 09:29:25.37108+00
17064,2026-01-01,195,ROCK R,2026-01-04,S/Z,Strength Zone,800.00,,800.00,due_or_unpaid,R,,,JAN 2026,2026-09-10 09:29:25.37108+00
17065,2026-01-01,196,SURIYA PRAKSH M,2026-01-12,S/Z,Strength Zone,800.00,,800.00,due_or_unpaid,R,,,JAN 2026,2026-09-10 09:29:25.37108+00
17066,2026-01-01,197,BHARATHI RAJA M,2026-01-12,G/F,General Fitness,1000.00,,1000.00,due_or_unpaid,R,,,JAN 2026,2026-09-10 09:29:25.37108+00
17067,2026-01-01,198,SURYA R,2026-01-12,S/Z,Strength Zone,800.00,800.00,0.00,paid,PAID,,,JAN 2026,2026-09-10 09:29:25.37108+00
17068,2026-01-01,199,NIVEN K,2026-01-13,S/Z,Strength Zone,800.00,,800.00,due_or_unpaid,R,,,JAN 2026,2026-09-10 09:29:25.37108+00
17069,2026-01-01,200,DHAYALAN R,2026-01-21,G/F,General Fitness,1000.00,,1000.00,due_or_unpaid,R,,,JAN 2026,2026-09-10 09:29:25.37108+00
17070,2026-01-01,201,KARTHI BALAJI R,2026-01-13,S/Z,Strength Zone,800.00,,800.00,due_or_unpaid,R,,,JAN 2026,2026-09-10 09:29:25.37108+00
17071,2026-01-01,202,HARI KRISHNAN G,2026-01-18,G/F,General Fitness,1000.00,1000.00,0.00,paid,PAID,,M/E,JAN 2026,2026-09-10 09:29:25.37108+00
17072,2026-01-01,203,VIGNESH K,2026-01-18,G/F,General Fitness,1000.00,1000.00,0.00,paid,PAID,,M/E,JAN 2026,2026-09-10 09:29:25.37108+00
17073,2026-01-01,204,AKASH C,2026-01-20,S/Z,Strength Zone,800.00,,800.00,due_or_unpaid,R,,,JAN 2026,2026-09-10 09:29:25.37108+00
17074,2026-01-01,205,MANI MARAN M,2026-01-20,S/Z,Strength Zone,800.00,,800.00,due_or_unpaid,R,,,JAN 2026,2026-09-10 09:29:25.37108+00
17075,2026-01-01,206,SANTHA KUMAR S,2026-01-24,G/F,General Fitness,1000.00,,1000.00,due_or_unpaid,R,,,JAN 2026,2026-09-10 09:29:25.37108+00
17076,2026-01-01,207,SANJAY S,2026-01-24,S/Z,Strength Zone,800.00,,800.00,due_or_unpaid,R,,,JAN 2026,2026-09-10 09:29:25.37108+00
17077,2026-01-01,208,SEEN N,2026-01-24,S/Z,Strength Zone,800.00,,800.00,due_or_unpaid,R,,,JAN 2026,2026-09-10 09:29:25.37108+00
17078,2026-01-01,209,PASUPATHI M,2027-01-13,G/F,General Fitness,7500.00,7500.00,0.00,paid,PAID,,M,JAN 2026,2026-09-10 09:29:25.37108+00
17079,2026-01-01,210,NAVEEN K.M,2026-01-03,G/F,General Fitness,1000.00,1000.00,0.00,paid,PAID,,M,JAN 2026,2026-09-10 09:29:25.37108+00
17080,2026-01-01,211,SUNIL KUMAR H,2026-01-03,S/Z,Strength Zone,800.00,,800.00,due_or_unpaid,R,,,JAN 2026,2026-09-10 09:29:25.37108+00
17081,2026-01-01,212,ALI,2026-01-03,S/Z,Strength Zone,800.00,,800.00,due_or_unpaid,R,,,JAN 2026,2026-09-10 09:29:25.37108+00
17082,2026-01-01,213,SADDAM,2026-01-03,S/Z,Strength Zone,800.00,,800.00,due_or_unpaid,R,,,JAN 2026,2026-09-10 09:29:25.37108+00
17083,2026-01-01,214,SUMAN RAJ P,2026-01-10,G/F,General Fitness,1000.00,,1000.00,due_or_unpaid,R,,,JAN 2026,2026-09-10 09:29:25.37108+00
17084,2026-01-01,215,MICHEAL PRAKASH P,2026-01-11,G/F,General Fitness,1000.00,,1000.00,due_or_unpaid,R,,,JAN 2026,2026-09-10 09:29:25.37108+00
17085,2026-01-01,216,RAJA K,2026-01-11,G/F,General Fitness,1000.00,,1000.00,due_or_unpaid,R,,,JAN 2026,2026-09-10 09:29:25.37108+00
17086,2026-01-01,217,SANJAY P R,2026-01-11,S/Z,Strength Zone,800.00,,800.00,due_or_unpaid,R,,,JAN 2026,2026-09-10 09:29:25.37108+00
17087,2026-01-01,218,NARENDRAN T,2026-01-14,S/Z,Strength Zone,800.00,,800.00,due_or_unpaid,R,,,JAN 2026,2026-09-10 09:29:25.37108+00
17088,2026-01-01,219,SUNIL P,2026-01-13,S/Z,Strength Zone,800.00,,800.00,due_or_unpaid,R,,,JAN 2026,2026-09-10 09:29:25.37108+00
17089,2026-01-01,220,VENKET,2026-01-13,G/F,General Fitness,1000.00,,1000.00,due_or_unpaid,R,,,JAN 2026,2026-09-10 09:29:25.37108+00
17090,2026-01-01,221,KARTHICK R,2026-01-15,S/Z,Strength Zone,800.00,,800.00,due_or_unpaid,R,,,JAN 2026,2026-09-10 09:29:25.37108+00
17091,2026-01-01,222,MUNISH KUMAR B,2026-01-17,S/Z,Strength Zone,800.00,,800.00,due_or_unpaid,R,,,JAN 2026,2026-09-10 09:29:25.37108+00
17092,2026-01-01,223,RAJIBUL ALI T,2026-01-22,S/Z,Strength Zone,800.00,,800.00,due_or_unpaid,R,,,JAN 2026,2026-09-10 09:29:25.37108+00
17093,2026-01-01,224,MOHANRAJ P,2026-01-15,G/F,General Fitness,1000.00,,1000.00,due_or_unpaid,R,,M/E,JAN 2026,2026-09-10 09:29:25.37108+00
17094,2026-01-01,225,RAVINDHAREN,2026-01-25,S/Z,Strength Zone,800.00,,800.00,due_or_unpaid,R,,,JAN 2026,2026-09-10 09:29:25.37108+00
17095,2026-01-01,226,SURESH M,2026-01-01,S/Z,Strength Zone,800.00,,800.00,due_or_unpaid,R,,,JAN 2026,2026-09-10 09:29:25.37108+00
17096,2026-01-01,227,KARTHIK DHANASEKAR,2026-01-01,S/Z,Strength Zone,800.00,800.00,0.00,paid,PAID,,M,JAN 2026,2026-09-10 09:29:25.37108+00
17097,2026-01-01,228,MANIKANDAN D,2026-01-01,S/Z,Strength Zone,800.00,,800.00,due_or_unpaid,R,,,JAN 2026,2026-09-10 09:29:25.37108+00
17098,2026-01-01,229,VISHVA,2026-01-01,S/Z,Strength Zone,800.00,,800.00,due_or_unpaid,R,,,JAN 2026,2026-09-10 09:29:25.37108+00
17099,2026-01-01,230,SHYAM K,2026-01-04,S/Z,Strength Zone,800.00,,800.00,due_or_unpaid,R,,,JAN 2026,2026-09-10 09:29:25.37108+00
17100,2026-01-01,231,SHASHANTH S,2026-01-13,S/Z,Strength Zone,800.00,,800.00,due_or_unpaid,R,,E,JAN 2026,2026-09-10 09:29:25.37108+00
17101,2026-01-01,232,ANIL KUMAR,2026-01-05,S/Z,Strength Zone,800.00,,800.00,due_or_unpaid,R,,,JAN 2026,2026-09-10 09:29:25.37108+00
17102,2026-01-01,233,NIKHIL NAYAK L,2026-01-07,S/Z,Strength Zone,800.00,,800.00,due_or_unpaid,R,,,JAN 2026,2026-09-10 09:29:25.37108+00
17103,2026-01-01,234,PINKU NAYAK C,2026-01-07,S/Z,Strength Zone,800.00,,800.00,due_or_unpaid,R,,,JAN 2026,2026-09-10 09:29:25.37108+00
17104,2026-01-01,235,AKASH S,2026-01-01,G/F,General Fitness,1000.00,,1000.00,due_or_unpaid,R,,,JAN 2026,2026-09-10 09:29:25.37108+00
17105,2026-01-01,236,ANAND,2026-01-08,G/F,General Fitness,1000.00,,1000.00,due_or_unpaid,R,,,JAN 2026,2026-09-10 09:29:25.37108+00
17106,2026-01-01,237,LOHIT NAYAK,2026-01-12,S/Z,Strength Zone,800.00,,800.00,due_or_unpaid,R,,,JAN 2026,2026-09-10 09:29:25.37108+00
17107,2026-01-01,238,RIMPLE KUMAR,2026-01-15,S/Z,Strength Zone,800.00,,800.00,due_or_unpaid,R,,,JAN 2026,2026-09-10 09:29:25.37108+00
17108,2026-01-01,239,GOPINATH M,2026-01-17,G/F,General Fitness,1000.00,,1000.00,due_or_unpaid,R,,,JAN 2026,2026-09-10 09:29:25.37108+00
17109,2026-01-01,239,GOPINATH M,2026-01-19,S/Z,Strength Zone,800.00,,800.00,due_or_unpaid,R,,,JAN 2026,2026-09-10 09:29:25.37108+00
17110,2026-01-01,240,YOGESH G,2026-01-21,S/Z,Strength Zone,800.00,,800.00,due_or_unpaid,R,,,JAN 2026,2026-09-10 09:29:25.37108+00
17111,2026-01-01,240,YOGESH G,2026-01-24,S/Z,Strength Zone,800.00,,800.00,due_or_unpaid,R,,,JAN 2026,2026-09-10 09:29:25.37108+00
17112,2026-01-01,241,PRADHAP V,2026-01-21,S/Z,Strength Zone,800.00,,800.00,due_or_unpaid,R,,,JAN 2026,2026-09-10 09:29:25.37108+00
17113,2026-01-01,241,PRADHAP V,2026-01-24,S/Z,Strength Zone,800.00,,800.00,due_or_unpaid,R,,,JAN 2026,2026-09-10 09:29:25.37108+00
17114,2026-01-01,242,AJAY A,2026-01-26,S/Z,Strength Zone,800.00,,800.00,due_or_unpaid,R,,,JAN 2026,2026-09-10 09:29:25.37108+00
17115,2026-01-01,244,BABU K,2026-01-26,G/F,General Fitness,1000.00,,1000.00,due_or_unpaid,R,,,JAN 2026,2026-09-10 09:29:25.37108+00
17116,2026-01-01,245,KISHORE S,2026-01-03,G/F,General Fitness,1000.00,,1000.00,due_or_unpaid,R,,M/E,JAN 2026,2026-09-10 09:29:25.37108+00
17117,2026-01-01,246,SURESH,2026-01-05,S/Z,Strength Zone,800.00,,800.00,due_or_unpaid,R,,M,JAN 2026,2026-09-10 09:29:25.37108+00
17118,2026-01-01,247,VIVEK,2026-11-05,S/Z,Strength Zone,800.00,,7777.00,paid,PAID,,M,JAN 2026,2026-09-10 09:29:25.37108+00
17119,2026-01-01,248,ELAKKIAN,2026-01-05,G/F,General Fitness,1000.00,,1000.00,due_or_unpaid,R,,E,JAN 2026,2026-09-10 09:29:25.37108+00
17120,2026-01-01,249,DEEPAK C,2026-01-05,G/F,General Fitness,1000.00,,1000.00,due_or_unpaid,R,,E,JAN 2026,2026-09-10 09:29:25.37108+00
17121,2026-01-01,250,RESHATH S,2026-01-06,S/Z,Strength Zone,800.00,,800.00,due_or_unpaid,R,,M,JAN 2026,2026-09-10 09:29:25.37108+00
17122,2026-01-01,251,ARAVINTHAN S,2026-01-12,G/F,General Fitness,1000.00,1000.00,0.00,paid,PAID,,M,JAN 2026,2026-09-10 09:29:25.37108+00
17123,2026-01-01,252,MOULI RAJ V,2026-01-13,S/Z,Strength Zone,800.00,,800.00,due_or_unpaid,R,,,JAN 2026,2026-09-10 09:29:25.37108+00
17124,2026-01-01,253,DHAYANATHAN,2026-01-01,S/Z,Strength Zone,800.00,,800.00,due_or_unpaid,R,,M/E,JAN 2026,2026-09-10 09:29:25.37108+00
17125,2026-01-01,254,SELVAM K,2026-01-14,S/Z,Strength Zone,1000.00,,1000.00,due_or_unpaid,R,,,JAN 2026,2026-09-10 09:29:25.37108+00
17126,2026-01-01,255,VIJAYAN .S,2026-01-08,G/F,General Fitness,1000.00,,800.00,due_or_unpaid,R,,,JAN 2026,2026-09-10 09:29:25.37108+00
17127,2026-01-01,256,KARTHICK M,2026-01-19,S/Z,Strength Zone,800.00,,800.00,due_or_unpaid,R,,,JAN 2026,2026-09-10 09:29:25.37108+00
17128,2026-01-01,257,PAWN KUMAR,2026-01-26,S/Z,Strength Zone,800.00,,800.00,due_or_unpaid,R,,,JAN 2026,2026-09-10 09:29:25.37108+00
17129,2026-01-01,258,BEENAUVV V,2026-01-05,G/F,General Fitness,1000.00,,1000.00,due_or_unpaid,R,,,JAN 2026,2026-09-10 09:29:25.37108+00
17130,2026-01-01,259,PRADEEP KUMAR G,2026-01-04,G/F,General Fitness,1000.00,,1000.00,due_or_unpaid,R,,,JAN 2026,2026-09-10 09:29:25.37108+00
17131,2026-01-01,260,BARATH R,2026-01-10,S/Z,Strength Zone,800.00,,800.00,due_or_unpaid,R,,M,JAN 2026,2026-09-10 09:29:25.37108+00
17132,2026-01-01,261,MANIKANDAN L,2026-01-12,G/F,General Fitness,1000.00,,1000.00,due_or_unpaid,R,,,JAN 2026,2026-09-10 09:29:25.37108+00
17133,2026-01-01,262,RANJITH A,2026-01-13,G/F,General Fitness,1000.00,,1000.00,due_or_unpaid,R,,,JAN 2026,2026-09-10 09:29:25.37108+00
17134,2026-01-01,263,SHANMATHI E,2026-01-16,G/F,General Fitness,1000.00,,1000.00,due_or_unpaid,R,,,JAN 2026,2026-09-10 09:29:25.37108+00
17135,2026-01-01,264,VENKATESH K,2026-01-19,S/Z,Strength Zone,800.00,,800.00,due_or_unpaid,R,,,JAN 2026,2026-09-10 09:29:25.37108+00
17136,2026-01-01,265,ANKUR GUWALA J,2026-01-19,S/Z,Strength Zone,800.00,,800.00,due_or_unpaid,R,,,JAN 2026,2026-09-10 09:29:25.37108+00
17137,2026-01-01,266,PRANESH M,2026-01-20,S/Z,Strength Zone,800.00,,800.00,due_or_unpaid,R,,,JAN 2026,2026-09-10 09:29:25.37108+00
17138,2026-01-01,267,HANY PRINCY V,2026-01-06,G/F,General Fitness,1000.00,,1000.00,due_or_unpaid,R,,E,JAN 2026,2026-09-10 09:29:25.37108+00
17139,2026-01-01,268,GUGAN S,2026-01-25,S/Z,Strength Zone,800.00,,800.00,due_or_unpaid,R,,,JAN 2026,2026-09-10 09:29:25.37108+00
17140,2026-01-01,269,SENTHIL KUMAR,2026-01-01,G/F,General Fitness,1000.00,,1000.00,due_or_unpaid,R,,,JAN 2026,2026-09-10 09:29:25.37108+00
17141,2026-01-01,270,AMITH KUMAR,2026-01-01,S/Z,Strength Zone,800.00,,800.00,due_or_unpaid,R,,,JAN 2026,2026-09-10 09:29:25.37108+00
17142,2026-01-01,271,ABISHEK KUMAR,2026-01-01,S/Z,Strength Zone,800.00,,800.00,due_or_unpaid,R,,,JAN 2026,2026-09-10 09:29:25.37108+00
17143,2026-01-01,272,BHUPINDER SINGH,2026-01-01,S/Z,Strength Zone,800.00,,800.00,due_or_unpaid,R,,E,JAN 2026,2026-09-10 09:29:25.37108+00
17144,2026-01-01,273,DEEPAK B,2026-01-04,G/F,General Fitness,1000.00,,1000.00,due_or_unpaid,R,,,JAN 2026,2026-09-10 09:29:25.37108+00
17145,2026-01-01,274,RATHNA KUMAR A,2026-09-07,S/Z,Strength Zone,800.00,,7777.00,paid,PAID,,M/E,JAN 2026,2026-09-10 09:29:25.37108+00
17146,2026-01-01,275,BINIT,2026-01-08,G/F,General Fitness,1000.00,,1000.00,due_or_unpaid,R,,E,JAN 2026,2026-09-10 09:29:25.37108+00
17147,2026-01-01,276,SAPHMITA,2026-01-08,G/F,General Fitness,1000.00,,1000.00,due_or_unpaid,R,,E,JAN 2026,2026-09-10 09:29:25.37108+00
17148,2026-01-01,277,ARAVIND D,2026-01-08,G/F,General Fitness,1000.00,,1000.00,due_or_unpaid,R,,,JAN 2026,2026-09-10 09:29:25.37108+00
17149,2026-01-01,278,VIGNESH M,2026-01-08,G/F,General Fitness,1000.00,,1000.00,due_or_unpaid,R,,M,JAN 2026,2026-09-10 09:29:25.37108+00
17150,2026-01-01,279,MOHAMMED FAAIZ M,2026-01-09,G/F,General Fitness,1000.00,,1000.00,due_or_unpaid,R,,E,JAN 2026,2026-09-10 09:29:25.37108+00
17151,2026-01-01,280,PERIYASAMY J,2026-01-05,S/Z,Strength Zone,800.00,,800.00,due_or_unpaid,R,,,JAN 2026,2026-09-10 09:29:25.37108+00
17152,2026-01-01,281,AKASH A,2026-01-11,G/F,General Fitness,1000.00,,1000.00,due_or_unpaid,R,,,JAN 2026,2026-09-10 09:29:25.37108+00
17153,2026-01-01,282,SOLOMON K,2026-01-11,G/F,General Fitness,1000.00,,1000.00,due_or_unpaid,R,,,JAN 2026,2026-09-10 09:29:25.37108+00
17154,2026-01-01,283,SARAN S,2026-01-11,S/Z,Strength Zone,1000.00,,1000.00,due_or_unpaid,R,,,JAN 2026,2026-09-10 09:29:25.37108+00
17155,2026-01-01,284,ARJUN B,2026-01-12,S/Z,Strength Zone,1000.00,1000.00,0.00,paid,PAID,,,JAN 2026,2026-09-10 09:29:25.37108+00
17156,2026-01-01,285,SARAVANAN,2026-01-12,S/Z,Strength Zone,800.00,,800.00,due_or_unpaid,R,,,JAN 2026,2026-09-10 09:29:25.37108+00
17157,2026-01-01,286,TAPAS KUMAR B,2026-01-16,S/Z,Strength Zone,800.00,,800.00,due_or_unpaid,R,,,JAN 2026,2026-09-10 09:29:25.37108+00
17158,2026-01-01,287,PRASANTH K,2026-01-16,S/Z,Strength Zone,800.00,,800.00,due_or_unpaid,R,,,JAN 2026,2026-09-10 09:29:25.37108+00
17159,2026-01-01,288,SANDHIYA S,2026-01-16,G/F,General Fitness,1000.00,,1000.00,due_or_unpaid,R,,,JAN 2026,2026-09-10 09:29:25.37108+00
17160,2026-01-01,289,AMAN KUMAR,2026-01-18,S/Z,Strength Zone,800.00,,800.00,due_or_unpaid,R,,,JAN 2026,2026-09-10 09:29:25.37108+00
17161,2026-01-01,290,VARUN KUMAR J,2026-01-24,G/F,General Fitness,1000.00,,1000.00,due_or_unpaid,R,,E,JAN 2026,2026-09-10 09:29:25.37108+00
17162,2026-01-01,291,MOHAN H,2026-01-29,S/Z,Strength Zone,800.00,,1600.00,due_or_unpaid,R,,,JAN 2026,2026-09-10 09:29:25.37108+00
17163,2026-01-01,292,PAUL CHRISTOPHER T,2026-01-29,G/F,General Fitness,1000.00,,1000.00,due_or_unpaid,R,,E,JAN 2026,2026-09-10 09:29:25.37108+00
17164,2026-01-01,293,ANAND N,2026-01-02,S/Z,Strength Zone,800.00,,800.00,due_or_unpaid,R,,,JAN 2026,2026-09-10 09:29:25.37108+00
17165,2026-01-01,294,GANESH S,2026-01-04,S/Z,Strength Zone,800.00,1600.00,0.00,paid,PAID,,M/E,JAN 2026,2026-09-10 09:29:25.37108+00
17166,2026-01-01,295,RAMAN VERMA,2026-01-05,S/Z,Strength Zone,800.00,,800.00,due_or_unpaid,R,,,JAN 2026,2026-09-10 09:29:25.37108+00
17167,2026-01-01,296,HARI PRASATH L,2026-01-05,S/Z,Strength Zone,800.00,,800.00,due_or_unpaid,R,,,JAN 2026,2026-09-10 09:29:25.37108+00
17168,2026-01-01,297,SELVA P,2026-01-05,S/Z,Strength Zone,800.00,,800.00,due_or_unpaid,R,,E,JAN 2026,2026-09-10 09:29:25.37108+00
17169,2026-01-01,298,DILLIBABU,2026-01-08,S/Z,Strength Zone,800.00,,800.00,due_or_unpaid,R,,M,JAN 2026,2026-09-10 09:29:25.37108+00
17170,2026-01-01,299,NIVEN K,2026-01-13,G/F,General Fitness,1000.00,,1000.00,due_or_unpaid,R,,M,JAN 2026,2026-09-10 09:29:25.37108+00
17171,2026-01-01,300,KALIA AKASH S,2026-01-13,S/Z,Strength Zone,800.00,,800.00,due_or_unpaid,R,,,JAN 2026,2026-09-10 09:29:25.37108+00
17172,2026-01-01,301,RAJKUMAR,2026-01-18,S/Z,Strength Zone,800.00,,800.00,due_or_unpaid,R,,,JAN 2026,2026-09-10 09:29:25.37108+00
17173,2026-01-01,302,GANESH K,2026-01-28,G/F,General Fitness,1000.00,,1000.00,due_or_unpaid,R,,,JAN 2026,2026-09-10 09:29:25.37108+00
17174,2026-01-01,303,JAYAPRAKASH V,2026-01-01,G/F,General Fitness,1000.00,,1000.00,due_or_unpaid,R,,M,JAN 2026,2026-09-10 09:29:25.37108+00
17175,2026-01-01,304,GANESH S,2026-01-01,G/F,General Fitness,1000.00,,1000.00,due_or_unpaid,R,,M,JAN 2026,2026-09-10 09:29:25.37108+00
17176,2026-01-01,305,JASLIN A,2026-01-01,G/F,General Fitness,1000.00,,1000.00,due_or_unpaid,R,,,JAN 2026,2026-09-10 09:29:25.37108+00
17177,2026-01-01,306,SATHISH M,2026-01-01,S/Z,Strength Zone,800.00,,800.00,due_or_unpaid,R,,,JAN 2026,2026-09-10 09:29:25.37108+00
17178,2026-01-01,307,ARUN K,2026-01-01,S/Z,Strength Zone,800.00,800.00,0.00,paid,PAID,,M/E,JAN 2026,2026-09-10 09:29:25.37108+00
17179,2026-01-01,308,BALAJI R,2026-01-02,S/Z,Strength Zone,800.00,,800.00,due_or_unpaid,R,,,JAN 2026,2026-09-10 09:29:25.37108+00
17180,2026-01-01,309,JANAKI RAMAN D,2026-01-04,G/F,General Fitness,1000.00,,1000.00,due_or_unpaid,R,,,JAN 2026,2026-09-10 09:29:25.37108+00
17181,2026-01-01,310,KAMALA DHASAN M,2026-01-08,S/Z,Strength Zone,800.00,,800.00,due_or_unpaid,R,,,JAN 2026,2026-09-10 09:29:25.37108+00
17182,2026-01-01,311,JOHN BENEDICT,2026-01-09,G/F,General Fitness,1000.00,1000.00,0.00,paid,PAID,,E,JAN 2026,2026-09-10 09:29:25.37108+00
17183,2026-01-01,312,PADMANABAN J,2026-01-15,S/Z,Strength Zone,800.00,,800.00,due_or_unpaid,R,,,JAN 2026,2026-09-10 09:29:25.37108+00
17184,2026-01-01,313,SABARI GIRI S,2026-01-15,S/Z,Strength Zone,800.00,,800.00,due_or_unpaid,R,,,JAN 2026,2026-09-10 09:29:25.37108+00
17185,2026-01-01,314,ROHITH K,2026-01-15,S/Z,Strength Zone,800.00,,800.00,due_or_unpaid,R,,,JAN 2026,2026-09-10 09:29:25.37108+00
17186,2026-01-01,315,CHANDHRU,2026-01-15,S/Z,Strength Zone,800.00,,800.00,due_or_unpaid,R,,,JAN 2026,2026-09-10 09:29:25.37108+00
17187,2026-01-01,316,RAMESH S,2026-01-16,S/Z,Strength Zone,800.00,,800.00,due_or_unpaid,R,,M,JAN 2026,2026-09-10 09:29:25.37108+00
17188,2026-01-01,317,KEERTHI VARMAN S,2026-01-19,S/Z,Strength Zone,800.00,,800.00,due_or_unpaid,R,,,JAN 2026,2026-09-10 09:29:25.37108+00
17189,2026-01-01,318,DILLIBABU K,2026-01-02,S/Z,Strength Zone,800.00,,800.00,due_or_unpaid,R,,,JAN 2026,2026-09-10 09:29:25.37108+00
17190,2026-01-01,319,ABISHEK KUMAR,2026-01-03,S/Z,Strength Zone,800.00,,800.00,due_or_unpaid,R,,M/E,JAN 2026,2026-09-10 09:29:25.37108+00
17191,2026-01-01,320,VIKKI KUMAR,2026-01-03,S/Z,Strength Zone,800.00,,800.00,due_or_unpaid,R,,,JAN 2026,2026-09-10 09:29:25.37108+00
17192,2026-01-01,321,DHAMODHARAN M,2026-01-06,G/F,General Fitness,1000.00,,1000.00,due_or_unpaid,R,,E,JAN 2026,2026-09-10 09:29:25.37108+00
17193,2026-01-01,322,SASI KUMARAN,2026-01-06,G/F,General Fitness,1000.00,,1000.00,due_or_unpaid,R,,M,JAN 2026,2026-09-10 09:29:25.37108+00
17194,2026-01-01,323,SANTHOSH T.S,2026-01-06,S/Z,Strength Zone,800.00,,1000.00,due_or_unpaid,R,,E,JAN 2026,2026-09-10 09:29:25.37108+00
17195,2026-01-01,324,SHIVAM KUMAR,2026-01-04,S/Z,Strength Zone,800.00,,800.00,due_or_unpaid,R,,M/E,JAN 2026,2026-09-10 09:29:25.37108+00
17196,2026-01-01,325,RAUSHAN,2026-01-04,S/Z,Strength Zone,800.00,,800.00,due_or_unpaid,R,,E,JAN 2026,2026-09-10 09:29:25.37108+00
17197,2026-01-01,326,EMBHAH,2026-01-11,G/F,General Fitness,1000.00,,1000.00,due_or_unpaid,R,,M/E,JAN 2026,2026-09-10 09:29:25.37108+00
17198,2026-01-01,327,HASIYA TRIPURA,2026-01-11,G/F,General Fitness,1000.00,,1000.00,due_or_unpaid,R,,M/E,JAN 2026,2026-09-10 09:29:25.37108+00
17199,2026-01-01,328,THANGA RAJ P,2026-01-13,S/Z,Strength Zone,800.00,,800.00,due_or_unpaid,R,,M,JAN 2026,2026-09-10 09:29:25.37108+00
17200,2026-01-01,329,SANJU MANDAL,2026-01-23,S/Z,Strength Zone,800.00,,800.00,due_or_unpaid,R,,,JAN 2026,2026-09-10 09:29:25.37108+00
17201,2026-01-01,330,EARM RAZA,2026-01-24,G/F,General Fitness,1000.00,,1000.00,due_or_unpaid,R,,M,JAN 2026,2026-09-10 09:29:25.37108+00
17202,2026-01-01,331,VENKAT P,2026-01-27,S/Z,Strength Zone,800.00,,800.00,due_or_unpaid,R,,M,JAN 2026,2026-09-10 09:29:25.37108+00
17203,2026-01-01,332,DINESH KARTHIK K,2026-01-27,S/Z,Strength Zone,800.00,,800.00,due_or_unpaid,R,,M,JAN 2026,2026-09-10 09:29:25.37108+00
17204,2026-01-01,333,PRAKASH R,2026-01-01,G/F,General Fitness,1000.00,1000.00,0.00,paid,PAID,,M,JAN 2026,2026-09-10 09:29:25.37108+00
17205,2026-01-01,334,MAGESH G,2027-01-01,G/F,General Fitness,7500.00,7500.00,0.00,paid,PAID,,M,JAN 2026,2026-09-10 09:29:25.37108+00
17206,2026-01-01,335,SHOHRAB KHAN,2026-01-03,S/Z,Strength Zone,800.00,,800.00,due_or_unpaid,R,,E,JAN 2026,2026-09-10 09:29:25.37108+00
17207,2026-01-01,336,JOHN Y,2026-01-03,S/Z,Strength Zone,800.00,800.00,0.00,paid,PAID,,E,JAN 2026,2026-09-10 09:29:25.37108+00
17208,2026-01-01,337,SARATHY KUMAR D,2026-01-06,G/F,General Fitness,1000.00,,1000.00,due_or_unpaid,R,,,JAN 2026,2026-09-10 09:29:25.37108+00
17209,2026-01-01,338,SURENDHAR P,2026-01-07,S/Z,Strength Zone,800.00,,800.00,due_or_unpaid,R,,,JAN 2026,2026-09-10 09:29:25.37108+00
17210,2026-01-01,339,VARADHARAJ N,2027-01-17,G/F,General Fitness,7500.00,7500.00,0.00,paid,PAID,,M,JAN 2026,2026-09-10 09:29:25.37108+00
17211,2026-01-01,340,JAGBIR SINGH,2026-01-10,S/Z,Strength Zone,800.00,,800.00,due_or_unpaid,R,,,JAN 2026,2026-09-10 09:29:25.37108+00
17212,2026-01-01,341,MUKESH M,2026-01-11,S/Z,Strength Zone,800.00,,800.00,due_or_unpaid,R,,M,JAN 2026,2026-09-10 09:29:25.37108+00
17213,2026-01-01,342,VAIKO S,2026-01-17,G/F,General Fitness,1000.00,,1000.00,due_or_unpaid,R,,M,JAN 2026,2026-09-10 09:29:25.37108+00
17214,2026-01-01,343,PRITHIVIRAJ B,2026-01-17,G/F,General Fitness,1000.00,1000.00,0.00,paid,PAID,,E,JAN 2026,2026-09-10 09:29:25.37108+00
17215,2026-01-01,344,ASISH,2026-01-22,S/Z,Strength Zone,800.00,,800.00,due_or_unpaid,R,,,JAN 2026,2026-09-10 09:29:25.37108+00
17216,2026-01-01,345,DEEPAK S,2026-01-22,S/Z,Strength Zone,800.00,,800.00,due_or_unpaid,R,,,JAN 2026,2026-09-10 09:29:25.37108+00
17217,2026-01-01,346,KRISHNA KUMAR,2026-01-26,S/Z,Strength Zone,800.00,,800.00,due_or_unpaid,R,,,JAN 2026,2026-09-10 09:29:25.37108+00
17218,2026-01-01,347,HAREESH M,2026-01-27,S/Z,Strength Zone,800.00,,800.00,due_or_unpaid,R,,,JAN 2026,2026-09-10 09:29:25.37108+00
17219,2026-01-01,348,RAMACHANTHIRAN S,2026-01-28,G/F,General Fitness,100.00,,1000.00,due_or_unpaid,R,,,JAN 2026,2026-09-10 09:29:25.37108+00
17220,2026-01-01,349,SARATHI N,2026-01-28,S/Z,Strength Zone,800.00,,800.00,due_or_unpaid,R,,,JAN 2026,2026-09-10 09:29:25.37108+00
17221,2026-01-01,350,MAHESH RAM S,2026-01-01,G/F,General Fitness,1000.00,,1000.00,due_or_unpaid,R,,,JAN 2026,2026-09-10 09:29:25.37108+00
17222,2026-01-01,351,MANISH M,2026-01-04,G/F,General Fitness,1000.00,1000.00,0.00,paid,PAID,4000.0,M,JAN 2026,2026-09-10 09:29:25.37108+00
17223,2026-01-01,352,SATHYA R,2026-01-09,S/Z,Strength Zone,800.00,800.00,0.00,paid,PAID,,E,JAN 2026,2026-09-10 09:29:25.37108+00
17224,2026-01-01,353,PRANAV M,2026-01-12,S/Z,Strength Zone,800.00,7500.00,0.00,paid,PAID,,M/E,JAN 2026,2026-09-10 09:29:25.37108+00
17225,2026-01-01,354,RINKU ALI,2026-01-13,S/Z,Strength Zone,800.00,,800.00,due_or_unpaid,R,,M,JAN 2026,2026-09-10 09:29:25.37108+00
17226,2026-01-01,355,SHARIF UDDIN,2026-01-13,S/Z,Strength Zone,800.00,,800.00,due_or_unpaid,R,,M,JAN 2026,2026-09-10 09:29:25.37108+00
17227,2026-01-01,356,THANASURYA T,2026-01-15,G/F,General Fitness,100.00,,1000.00,due_or_unpaid,R,,,JAN 2026,2026-09-10 09:29:25.37108+00
17228,2026-01-01,357,JAY,2026-01-15,S/Z,Strength Zone,800.00,,800.00,due_or_unpaid,R,,M,JAN 2026,2026-09-10 09:29:25.37108+00
17229,2026-01-01,358,REAJUL ISLAM,2026-01-15,S/Z,Strength Zone,800.00,,800.00,due_or_unpaid,R,,M,JAN 2026,2026-09-10 09:29:25.37108+00
17230,2026-01-01,359,RANJAN KUMAR BEHERA,2026-01-15,S/Z,Strength Zone,800.00,,800.00,due_or_unpaid,R,,M,JAN 2026,2026-09-10 09:29:25.37108+00
17231,2026-01-01,360,ROHIBUL HOQUE,2026-01-16,S/Z,Strength Zone,800.00,,800.00,due_or_unpaid,R,,,JAN 2026,2026-09-10 09:29:25.37108+00
17232,2026-01-01,361,AIJUL HOQUE,2026-01-16,S/Z,Strength Zone,800.00,,800.00,due_or_unpaid,R,,,JAN 2026,2026-09-10 09:29:25.37108+00
17233,2026-01-01,362,BALAVAISHNAVI L,2026-01-18,G/F,General Fitness,1000.00,1000.00,0.00,paid,PAID,,E,JAN 2026,2026-09-10 09:29:25.37108+00
17234,2026-01-01,363,VINOTH KUMAR S,2026-01-18,S/Z,Strength Zone,800.00,800.00,0.00,paid,PAID,,E,JAN 2026,2026-09-10 09:29:25.37108+00
17235,2026-01-01,364,DINESH KUMAR M,2026-03-20,S/Z,Strength Zone,800.00,,2500.00,paid,PAID,,,JAN 2026,2026-09-10 09:29:25.37108+00
17236,2026-01-01,365,THIRUNAVUKKARASU V,2026-01-22,S/Z,Strength Zone,800.00,,800.00,due_or_unpaid,R,,,JAN 2026,2026-09-10 09:29:25.37108+00
17237,2026-01-01,366,SHARFUDEEN,2026-01-29,G/F,General Fitness,1000.00,,1000.00,due_or_unpaid,R,,,JAN 2026,2026-09-10 09:29:25.37108+00
17238,2026-02-01,1,SUNDHAR M,2026-02-09,S/Z,Strength Zone,800.00,,800.00,due_or_unpaid,R,,,FEB 2026,2026-09-10 09:29:25.37108+00
17239,2026-02-01,2,NITHYASEELAN P,2026-02-09,S/Z,Strength Zone,800.00,,800.00,due_or_unpaid,R,,,FEB 2026,2026-09-10 09:29:25.37108+00
17240,2026-02-01,3,SANJEEVA REDDY C,2026-02-09,S/Z,Strength Zone,800.00,,800.00,due_or_unpaid,R,,M/E,FEB 2026,2026-09-10 09:29:25.37108+00
17241,2026-02-01,4,ABDUL RAHMAN A,2026-02-09,S/Z,Strength Zone,800.00,,1000.00,due_or_unpaid,R,,,FEB 2026,2026-09-10 09:29:25.37108+00
17242,2026-02-01,5,SANTHOSH KUMAR G,2026-02-09,G/F,General Fitness,1000.00,,1000.00,due_or_unpaid,R,,,FEB 2026,2026-09-10 09:29:25.37108+00
17243,2026-02-01,6,SATHISH KUMAR J,2026-02-09,G/F,General Fitness,1000.00,,1000.00,due_or_unpaid,R,,,FEB 2026,2026-09-10 09:29:25.37108+00
17244,2026-02-01,7,VIJAYABABU C,2027-01-09,G/F,General Fitness,7500.00,,7500.00,paid,PAID,,M,FEB 2026,2026-09-10 09:29:25.37108+00
17245,2026-02-01,8,ISTJHAR AHAMAD,2026-02-09,G/F,General Fitness,1000.00,,1000.00,due_or_unpaid,R,,,FEB 2026,2026-09-10 09:29:25.37108+00
17246,2026-02-01,9,MUBARAK ALI,2026-02-09,S/Z,Strength Zone,800.00,,800.00,due_or_unpaid,R,,,FEB 2026,2026-09-10 09:29:25.37108+00
17247,2026-02-01,10,GULJOR HUSSAIN,2026-02-09,S/Z,Strength Zone,800.00,,800.00,due_or_unpaid,R,,,FEB 2026,2026-09-10 09:29:25.37108+00
17248,2026-02-01,11,SURHAB ALI,2026-02-09,S/Z,Strength Zone,800.00,,800.00,due_or_unpaid,R,,,FEB 2026,2026-09-10 09:29:25.37108+00
17249,2026-02-01,12,SATHYA M,2026-02-09,G/F,General Fitness,800.00,,800.00,due_or_unpaid,R,,,FEB 2026,2026-09-10 09:29:25.37108+00
17250,2026-02-01,13,PORTAP CHETRY,2026-02-09,S/Z,Strength Zone,800.00,,800.00,due_or_unpaid,R,,,FEB 2026,2026-09-10 09:29:25.37108+00
17251,2026-02-01,14,TAMIL,2026-02-09,G/F,General Fitness,1000.00,,1000.00,due_or_unpaid,R,,,FEB 2026,2026-09-10 09:29:25.37108+00
17252,2026-02-01,15,DEEPAK M,2026-02-09,S/Z,Strength Zone,800.00,,800.00,due_or_unpaid,R,,,FEB 2026,2026-09-10 09:29:25.37108+00
17253,2026-02-01,16,SARATH KUMAR A,2026-02-10,S/Z,Strength Zone,800.00,,800.00,due_or_unpaid,R,,,FEB 2026,2026-09-10 09:29:25.37108+00
17254,2026-02-01,17,UDHAYA PANDIAN,2026-02-10,G/F,General Fitness,1000.00,,1000.00,due_or_unpaid,R,,M,FEB 2026,2026-09-10 09:29:25.37108+00
17255,2026-02-01,18,MANJIT KUMAR,2026-02-14,S/Z,Strength Zone,1000.00,,1000.00,due_or_unpaid,R,,M/E,FEB 2026,2026-09-10 09:29:25.37108+00
17256,2026-02-01,19,YUVARAJ C,2026-02-10,G/F,General Fitness,1000.00,,1000.00,due_or_unpaid,R,,E,FEB 2026,2026-09-10 09:29:25.37108+00
17257,2026-02-01,20,CHARLES,2026-02-09,S/Z,Strength Zone,800.00,,1000.00,due_or_unpaid,R,,,FEB 2026,2026-09-10 09:29:25.37108+00
17258,2026-02-01,21,DHANUSH V,2026-02-10,S/Z,Strength Zone,800.00,,800.00,due_or_unpaid,R,,,FEB 2026,2026-09-10 09:29:25.37108+00
17259,2026-02-01,22,BOLORAM PONIKA A.J,2026-02-10,S/Z,Strength Zone,800.00,,800.00,due_or_unpaid,R,,,FEB 2026,2026-09-10 09:29:25.37108+00
17260,2026-02-01,23,PRASANTH M,2026-02-10,S/Z,Strength Zone,800.00,,800.00,due_or_unpaid,R,,,FEB 2026,2026-09-10 09:29:25.37108+00
17261,2026-02-01,24,RAGUL R,2026-02-14,S/Z,Strength Zone,800.00,800.00,0.00,paid,PAID,200BL,E,FEB 2026,2026-09-10 09:29:25.37108+00
17262,2026-02-01,25,SANTHOSH M,2026-02-11,S/Z,Strength Zone,800.00,,800.00,due_or_unpaid,R,,,FEB 2026,2026-09-10 09:29:25.37108+00
17263,2026-02-01,26,MAZID ALI,2026-02-11,S/Z,Strength Zone,800.00,,800.00,due_or_unpaid,R,,,FEB 2026,2026-09-10 09:29:25.37108+00
17264,2026-02-01,27,SADIKUL ISLAM,2026-02-11,S/Z,Strength Zone,800.00,,800.00,due_or_unpaid,R,,,FEB 2026,2026-09-10 09:29:25.37108+00
17265,2026-02-01,28,LAKSHWANTH,2026-02-26,G/F,General Fitness,800.00,800.00,0.00,paid,PAID,,M,FEB 2026,2026-09-10 09:29:25.37108+00
17266,2026-02-01,29,GOWTHAM A,2026-02-01,S/Z,Strength Zone,800.00,,800.00,due_or_unpaid,R,,,FEB 2026,2026-09-10 09:29:25.37108+00
17267,2026-02-01,30,PRADEEP Y,2026-02-20,S/Z,Strength Zone,800.00,800.00,0.00,paid,PAID,,M/E,FEB 2026,2026-09-10 09:29:25.37108+00
17268,2026-02-01,31,ROHIT R,2026-02-12,S/Z,Strength Zone,800.00,,800.00,due_or_unpaid,R,,,FEB 2026,2026-09-10 09:29:25.37108+00
17269,2026-02-01,32,RISHI M,2026-02-03,S/Z,Strength Zone,800.00,800.00,0.00,paid,PAID,,,FEB 2026,2026-09-10 09:29:25.37108+00
17270,2026-02-01,33,GOPAL B,2026-02-12,S/Z,Strength Zone,800.00,,800.00,due_or_unpaid,R,,E,FEB 2026,2026-09-10 09:29:25.37108+00
17271,2026-02-01,34,KODOM ALI D,2026-02-13,S/Z,Strength Zone,800.00,,800.00,due_or_unpaid,R,,,FEB 2026,2026-09-10 09:29:25.37108+00
17272,2026-02-01,35,SUJAB ALI A,2026-02-13,S/Z,Strength Zone,800.00,,800.00,due_or_unpaid,R,,,FEB 2026,2026-09-10 09:29:25.37108+00
17273,2026-02-01,36,ASHABUL HOQUE S,2026-02-13,S/Z,Strength Zone,800.00,,800.00,due_or_unpaid,R,,,FEB 2026,2026-09-10 09:29:25.37108+00
17274,2026-02-01,37,SURESH K,2026-02-13,G/F,General Fitness,1000.00,,1000.00,due_or_unpaid,R,,,FEB 2026,2026-09-10 09:29:25.37108+00
17275,2026-02-01,38,YUVARAJ B,2026-02-13,S/F,,800.00,800.00,0.00,paid,PAID,,E,FEB 2026,2026-09-10 09:29:25.37108+00
17276,2026-02-01,39,BALAKUMAR H,2026-02-13,G/F,General Fitness,1000.00,1000.00,0.00,paid,PAID,,E,FEB 2026,2026-09-10 09:29:25.37108+00
17277,2026-02-01,40,SIDDHARATH V,2026-02-13,S/Z,Strength Zone,1000.00,,1000.00,due_or_unpaid,R,,M/E,FEB 2026,2026-09-10 09:29:25.37108+00
17278,2026-02-01,41,VAJRAVEL A,2026-02-13,G/F,General Fitness,1000.00,1000.00,0.00,paid,PAID,,M,FEB 2026,2026-09-10 09:29:25.37108+00
17279,2026-02-01,42,SARAVANAN K,2026-02-13,S/Z,Strength Zone,800.00,,800.00,due_or_unpaid,R,,E,FEB 2026,2026-09-10 09:29:25.37108+00
17280,2026-02-01,43,ARJUN S,2026-02-13,S/Z,Strength Zone,800.00,,800.00,due_or_unpaid,R,,,FEB 2026,2026-09-10 09:29:25.37108+00
17281,2026-02-01,44,RAM PRASAD,2026-02-14,G/F,General Fitness,1000.00,,1000.00,due_or_unpaid,R,,,FEB 2026,2026-09-10 09:29:25.37108+00
17282,2026-02-01,45,SANTHOSH,2026-02-01,S/Z,Strength Zone,800.00,,800.00,due_or_unpaid,R,,,FEB 2026,2026-09-10 09:29:25.37108+00
17283,2026-02-01,46,SRI RAM R,2026-02-14,S/Z,Strength Zone,1000.00,,1900.00,due_or_unpaid,R,,E,FEB 2026,2026-09-10 09:29:25.37108+00
17284,2026-02-01,47,ANBU N,2026-02-14,G/F,General Fitness,1000.00,,1000.00,due_or_unpaid,R,,,FEB 2026,2026-09-10 09:29:25.37108+00
17285,2026-02-01,48,ARAVINDKUMAR P,2026-02-14,S/Z,Strength Zone,800.00,,800.00,due_or_unpaid,R,,,FEB 2026,2026-09-10 09:29:25.37108+00
17286,2026-02-01,49,ARUN S,2026-02-16,G/F,General Fitness,1000.00,,1000.00,due_or_unpaid,R,,,FEB 2026,2026-09-10 09:29:25.37108+00
17287,2026-02-01,50,AATHI,2025-02-17,S/Z,Strength Zone,800.00,800.00,0.00,paid,PAID,,E,FEB 2026,2026-09-10 09:29:25.37108+00
17288,2026-02-01,51,JOTHILINGAM R,2026-02-15,G/F,General Fitness,1000.00,,1000.00,due_or_unpaid,R,,,FEB 2026,2026-09-10 09:29:25.37108+00
17289,2026-02-01,52,VASANTH J,2027-01-15,S/Z,Strength Zone,7500.00,,7500.00,paid,PAID,,M,FEB 2026,2026-09-10 09:29:25.37108+00
17290,2026-02-01,53,BESTY PAULINE,2026-02-16,G/F,General Fitness,1000.00,,1000.00,due_or_unpaid,R,,,FEB 2026,2026-09-10 09:29:25.37108+00
17291,2026-02-01,54,PREM KUMAR Y,2026-02-16,S/Z,Strength Zone,800.00,,800.00,due_or_unpaid,R,,,FEB 2026,2026-09-10 09:29:25.37108+00
17292,2026-02-01,55,JAWAID F,2026-02-16,S/Z,Strength Zone,800.00,,800.00,due_or_unpaid,R,,,FEB 2026,2026-09-10 09:29:25.37108+00
17293,2026-02-01,56,BOBIDUL ISLAM A,2026-02-16,G/F,General Fitness,1000.00,,1000.00,due_or_unpaid,R,,,FEB 2026,2026-09-10 09:29:25.37108+00
17294,2026-02-01,57,ABDUL KHALAK J,2026-02-16,G/F,General Fitness,1000.00,,1000.00,due_or_unpaid,R,,,FEB 2026,2026-09-10 09:29:25.37108+00
17295,2026-02-01,58,MEHERUL HAQUE S,2026-02-16,G/F,General Fitness,1000.00,,1000.00,due_or_unpaid,R,,,FEB 2026,2026-09-10 09:29:25.37108+00
17296,2026-02-01,59,JAGADEESH M,2026-02-16,G/F,General Fitness,1000.00,,1000.00,due_or_unpaid,R,,,FEB 2026,2026-09-10 09:29:25.37108+00
17297,2026-02-01,60,FAIYAZ AHMED A,2026-02-16,S/Z,Strength Zone,800.00,,800.00,due_or_unpaid,R,,,FEB 2026,2026-09-10 09:29:25.37108+00
17298,2026-02-01,61,MAMIDUL ALI,2026-02-17,S/Z,Strength Zone,800.00,,800.00,due_or_unpaid,R,,,FEB 2026,2026-09-10 09:29:25.37108+00
17299,2026-02-01,62,VINOTH KUMAR,2026-02-17,G/F,General Fitness,800.00,,800.00,due_or_unpaid,R,,,FEB 2026,2026-09-10 09:29:25.37108+00
17300,2026-02-01,63,ABDUL BATIN,2026-02-17,S/Z,Strength Zone,800.00,,800.00,due_or_unpaid,R,,,FEB 2026,2026-09-10 09:29:25.37108+00
17301,2026-02-01,64,NILCHAN ALI,2026-02-17,S/Z,Strength Zone,800.00,,800.00,due_or_unpaid,R,,,FEB 2026,2026-09-10 09:29:25.37108+00
17302,2026-02-01,65,MONIRUAL HOQUE,2026-02-17,S/Z,Strength Zone,800.00,,800.00,due_or_unpaid,R,,,FEB 2026,2026-09-10 09:29:25.37108+00
17303,2026-02-01,66,AMIR HAMJA,2026-02-17,S/Z,Strength Zone,800.00,,800.00,due_or_unpaid,R,,,FEB 2026,2026-09-10 09:29:25.37108+00
17304,2026-02-01,67,SUNIL R,2026-02-17,G/F,General Fitness,1000.00,,1000.00,due_or_unpaid,R,,,FEB 2026,2026-09-10 09:29:25.37108+00
17305,2026-02-01,68,SUDHAKAR S,2026-02-17,S/Z,Strength Zone,800.00,,800.00,due_or_unpaid,R,,,FEB 2026,2026-09-10 09:29:25.37108+00
17306,2026-02-01,69,AMINUL ISLAM MD,2026-02-18,S/Z,Strength Zone,800.00,,800.00,due_or_unpaid,R,,,FEB 2026,2026-09-10 09:29:25.37108+00
17307,2026-02-01,70,TAFIKUL ISLAM,2026-02-18,G/F,General Fitness,1000.00,,800.00,due_or_unpaid,R,,,FEB 2026,2026-09-10 09:29:25.37108+00
17308,2026-02-01,72,HAFIZUR RAHMAM,2026-02-19,S/Z,Strength Zone,800.00,,800.00,due_or_unpaid,R,,,FEB 2026,2026-09-10 09:29:25.37108+00
17309,2026-02-01,73,MOJNUR,2026-02-19,S/Z,Strength Zone,800.00,,800.00,due_or_unpaid,R,,,FEB 2026,2026-09-10 09:29:25.37108+00
17310,2026-02-01,74,YOGESH R,2026-02-19,S/Z,Strength Zone,800.00,,800.00,due_or_unpaid,R,,,FEB 2026,2026-09-10 09:29:25.37108+00
17311,2026-02-01,75,NAVAS,2026-02-19,G/F,General Fitness,1000.00,,800.00,due_or_unpaid,R,,,FEB 2026,2026-09-10 09:29:25.37108+00
17312,2026-02-01,76,TAYABUR RAHMAN A,2026-02-20,S/Z,Strength Zone,800.00,,800.00,due_or_unpaid,R,,,FEB 2026,2026-09-10 09:29:25.37108+00
17313,2026-02-01,78,RATHISH KUMAR,2026-02-23,G/F,General Fitness,1000.00,,1000.00,due_or_unpaid,R,,M/E,FEB 2026,2026-09-10 09:29:25.37108+00
17314,2026-02-01,78,SANTHOSH,,G/F,General Fitness,1000.00,,1000.00,due_or_unpaid,R,,,FEB 2026,2026-09-10 09:29:25.37108+00
17315,2026-02-01,79,DARVIN RAJ J,2025-06-10,G/F,General Fitness,1000.00,,1000.00,due_or_unpaid,R,,,FEB 2026,2026-09-10 09:29:25.37108+00
17316,2026-02-01,80,PRASANTH S,2026-02-23,S/Z,Strength Zone,800.00,,800.00,due_or_unpaid,R,,,FEB 2026,2026-09-10 09:29:25.37108+00
17317,2026-02-01,81,GURU SHANKAR,2026-02-23,S/Z,Strength Zone,800.00,,800.00,due_or_unpaid,R,,,FEB 2026,2026-09-10 09:29:25.37108+00
17318,2026-02-01,82,NARJUL ISLAM A,2026-02-23,S/Z,Strength Zone,800.00,,800.00,due_or_unpaid,R,,,FEB 2026,2026-09-10 09:29:25.37108+00
17319,2026-02-01,83,SANGIT KUMAR SAMANTHA,2026-02-23,G/F,General Fitness,1000.00,,800.00,due_or_unpaid,R,,,FEB 2026,2026-09-10 09:29:25.37108+00
17320,2026-02-01,84,RAGUL A,2026-02-23,S/Z,Strength Zone,800.00,,800.00,due_or_unpaid,R,,E,FEB 2026,2026-09-10 09:29:25.37108+00
17321,2026-02-01,85,ASWINI SAGAR SWAIN,2026-02-24,S/Z,Strength Zone,800.00,,800.00,due_or_unpaid,R,,,FEB 2026,2026-09-10 09:29:25.37108+00
17322,2026-02-01,86,DEEPAK M,2026-02-08,G/F,General Fitness,1000.00,,1000.00,due_or_unpaid,R,,M,FEB 2026,2026-09-10 09:29:25.37108+00
17323,2026-02-01,88,NATHAN K,2026-02-25,S/Z,Strength Zone,800.00,,800.00,due_or_unpaid,R,,,FEB 2026,2026-09-10 09:29:25.37108+00
17324,2026-02-01,89,MOIN UDDIN A,2026-02-25,S/Z,Strength Zone,800.00,,800.00,due_or_unpaid,R,,,FEB 2026,2026-09-10 09:29:25.37108+00
17325,2026-02-01,90,ALI AHMED R,2026-02-25,S/Z,Strength Zone,800.00,,800.00,due_or_unpaid,R,,,FEB 2026,2026-09-10 09:29:25.37108+00
17326,2026-02-01,91,ABINASH S,2026-02-27,S/Z,Strength Zone,800.00,,800.00,due_or_unpaid,R,,E,FEB 2026,2026-09-10 09:29:25.37108+00
17327,2026-02-01,92,ARAVIND S,2026-02-28,S/Z,Strength Zone,800.00,,800.00,due_or_unpaid,R,,,FEB 2026,2026-09-10 09:29:25.37108+00
17328,2026-02-01,93,ASHADUL,,G/F,General Fitness,1000.00,,800.00,due_or_unpaid,R,,,FEB 2026,2026-09-10 09:29:25.37108+00
17329,2026-02-01,94,GUHAN A,,S/Z,Strength Zone,800.00,,800.00,due_or_unpaid,R,,,FEB 2026,2026-09-10 09:29:25.37108+00
17330,2026-02-01,95,ROKIBUL HUSSAIN A,,S/Z,Strength Zone,800.00,,800.00,due_or_unpaid,R,,,FEB 2026,2026-09-10 09:29:25.37108+00
17331,2026-02-01,96,MERVYN,2026-02-01,G/F,General Fitness,7000.00,,7000.00,due_or_unpaid,R,,,FEB 2026,2026-09-10 09:29:25.37108+00
17332,2026-02-01,97,MICHAEL A,2026-02-01,S/Z,Strength Zone,800.00,,800.00,due_or_unpaid,R,,,FEB 2026,2026-09-10 09:29:25.37108+00
17333,2026-02-01,98,SUGAN RAJ M,2026-02-01,S/Z,Strength Zone,800.00,,800.00,due_or_unpaid,R,,,FEB 2026,2026-09-10 09:29:25.37108+00
17334,2026-02-01,99,SHUTRUGHAN KUMAR R,2026-02-04,G/F,General Fitness,800.00,800.00,0.00,paid,PAID,,,FEB 2026,2026-09-10 09:29:25.37108+00
17335,2026-02-01,100,DAVID A,2026-02-02,G/F,General Fitness,1000.00,,1000.00,due_or_unpaid,R,,,FEB 2026,2026-09-10 09:29:25.37108+00
17336,2026-02-01,101,PETER A,2026-02-02,G/F,General Fitness,1000.00,,1000.00,due_or_unpaid,R,,,FEB 2026,2026-09-10 09:29:25.37108+00
17337,2026-02-01,102,KUMARAN M,2026-02-09,S/Z,Strength Zone,800.00,800.00,0.00,paid,PAID,,E,FEB 2026,2026-09-10 09:29:25.37108+00
17338,2026-02-01,103,CHARAN KUMAR V,2026-02-10,G/F,General Fitness,1000.00,,1000.00,due_or_unpaid,R,,M/E,FEB 2026,2026-09-10 09:29:25.37108+00
17339,2026-02-01,104,SETTU E,2026-02-03,S/Z,Strength Zone,800.00,,800.00,due_or_unpaid,R,,,FEB 2026,2026-09-10 09:29:25.37108+00
17340,2026-02-01,105,NITHISH KUMAR S,2026-02-15,S/Z,Strength Zone,800.00,,800.00,due_or_unpaid,R,,M,FEB 2026,2026-09-10 09:29:25.37108+00
17341,2026-02-01,106,RAMESH S,2026-02-04,G/F,General Fitness,1000.00,,1000.00,due_or_unpaid,R,,,FEB 2026,2026-09-10 09:29:25.37108+00
17342,2026-02-01,107,SANJAN V,2026-02-05,S/Z,Strength Zone,800.00,,800.00,due_or_unpaid,R,,,FEB 2026,2026-09-10 09:29:25.37108+00
17343,2026-02-01,108,DIVAKAR M,2026-02-05,G/F,General Fitness,1000.00,,1000.00,due_or_unpaid,R,,M,FEB 2026,2026-09-10 09:29:25.37108+00
17344,2026-02-01,109,DANIEL R,2026-02-05,S/Z,Strength Zone,800.00,800.00,0.00,paid,PAID,,M,FEB 2026,2026-09-10 09:29:25.37108+00
17345,2026-02-01,110,MANIKANADAN,2026-02-07,G/F,General Fitness,1000.00,,1000.00,due_or_unpaid,R,,,FEB 2026,2026-09-10 09:29:25.37108+00
17346,2026-02-01,111,PRITHIVIKASH,2026-02-26,S/Z,Strength Zone,800.00,,800.00,due_or_unpaid,R,,,FEB 2026,2026-09-10 09:29:25.37108+00
17347,2026-02-01,112,CHANDRU,2026-02-08,S/Z,Strength Zone,800.00,,800.00,due_or_unpaid,R,,,FEB 2026,2026-09-10 09:29:25.37108+00
17348,2026-02-01,113,SANJAY J,2026-02-04,S/Z,Strength Zone,800.00,,800.00,due_or_unpaid,R,,M,FEB 2026,2026-09-10 09:29:25.37108+00
17349,2026-02-01,114,AJITH D,2026-02-09,S/Z,Strength Zone,800.00,,800.00,due_or_unpaid,R,,,FEB 2026,2026-09-10 09:29:25.37108+00
17350,2026-02-01,115,SANJAY B,2026-02-09,S/Z,Strength Zone,800.00,,800.00,due_or_unpaid,R,,,FEB 2026,2026-09-10 09:29:25.37108+00
17351,2026-02-01,116,TAMIL SELVAN M,2026-02-12,S/Z,Strength Zone,800.00,,800.00,due_or_unpaid,R,,,FEB 2026,2026-09-10 09:29:25.37108+00
17352,2026-02-01,117,ARUN YADAV,2026-02-12,S/Z,Strength Zone,800.00,,800.00,due_or_unpaid,R,,,FEB 2026,2026-09-10 09:29:25.37108+00
17353,2026-02-01,118,GIRI S,2026-02-13,S/Z,Strength Zone,800.00,,800.00,due_or_unpaid,R,,,FEB 2026,2026-09-10 09:29:25.37108+00
17354,2026-02-01,119,JOHNSON S,2026-02-14,S/Z,Strength Zone,800.00,,800.00,due_or_unpaid,R,,,FEB 2026,2026-09-10 09:29:25.37108+00
17355,2026-02-01,120,DEEPAK BILUNG,2026-02-15,S/Z,Strength Zone,800.00,,800.00,due_or_unpaid,R,,,FEB 2026,2026-09-10 09:29:25.37108+00
17356,2026-02-01,121,BINU,2026-02-15,S/Z,Strength Zone,800.00,,800.00,due_or_unpaid,R,,,FEB 2026,2026-09-10 09:29:25.37108+00
17357,2026-02-01,122,SOHEL RANA,2026-02-16,G/F,General Fitness,1000.00,,1000.00,due_or_unpaid,R,,,FEB 2026,2026-09-10 09:29:25.37108+00
17358,2026-02-01,123,CHAITANYA K,2026-02-17,G/F,General Fitness,1000.00,,1000.00,due_or_unpaid,R,,,FEB 2026,2026-09-10 09:29:25.37108+00
17359,2026-02-01,124,KATHIRAVAN.E,2026-02-18,S/Z,Strength Zone,800.00,,800.00,due_or_unpaid,R,,,FEB 2026,2026-09-10 09:29:25.37108+00
17360,2026-02-01,125,MOORTHY R,2026-02-18,S/Z,Strength Zone,800.00,,800.00,due_or_unpaid,R,,,FEB 2026,2026-09-10 09:29:25.37108+00
17361,2026-02-01,126,SANJAY S,2026-02-18,S/Z,Strength Zone,800.00,,800.00,due_or_unpaid,R,,,FEB 2026,2026-09-10 09:29:25.37108+00
17362,2026-02-01,127,PERUMAL V,2026-02-19,S/Z,Strength Zone,800.00,,800.00,due_or_unpaid,R,,,FEB 2026,2026-09-10 09:29:25.37108+00
17363,2026-02-01,128,EMAMUL HUSSAIN A,2026-02-20,S/Z,Strength Zone,800.00,,800.00,due_or_unpaid,R,,,FEB 2026,2026-09-10 09:29:25.37108+00
17364,2026-02-01,129,JEEVA M,2026-02-21,S/Z,Strength Zone,800.00,,1000.00,due_or_unpaid,R,,,FEB 2026,2026-09-10 09:29:25.37108+00
17365,2026-02-01,130,ARAVIND S,2026-02-19,S/Z,Strength Zone,800.00,,800.00,due_or_unpaid,R,,,FEB 2026,2026-09-10 09:29:25.37108+00
17366,2026-02-01,131,SURESH P,2026-02-28,S/Z,Strength Zone,800.00,,800.00,due_or_unpaid,R,,,FEB 2026,2026-09-10 09:29:25.37108+00
17367,2026-02-01,132,KAMAL M,2026-02-28,S/Z,Strength Zone,800.00,,800.00,due_or_unpaid,R,,,FEB 2026,2026-09-10 09:29:25.37108+00
17368,2026-02-01,133,FARHAN,,S/Z,Strength Zone,800.00,,800.00,due_or_unpaid,R,,,FEB 2026,2026-09-10 09:29:25.37108+00
17369,2026-02-01,134,HARISHIT D,,S/Z,Strength Zone,800.00,,800.00,due_or_unpaid,R,,,FEB 2026,2026-09-10 09:29:25.37108+00
17370,2026-02-01,135,BALAJI Y,2026-02-01,G/F,General Fitness,800.00,,800.00,due_or_unpaid,R,,,FEB 2026,2026-09-10 09:29:25.37108+00
17371,2026-02-01,136,PETER A,2026-04-01,G/F,General Fitness,1000.00,,7500.00,paid,PAID,,M,FEB 2026,2026-09-10 09:29:25.37108+00
17372,2026-02-01,137,KAMESH R,2026-02-08,S/Z,Strength Zone,800.00,,800.00,due_or_unpaid,R,,,FEB 2026,2026-09-10 09:29:25.37108+00
17373,2026-02-01,138,PREM S,2026-02-04,S/Z,Strength Zone,800.00,,800.00,due_or_unpaid,R,,,FEB 2026,2026-09-10 09:29:25.37108+00
17374,2026-02-01,139,VIMAL RAJ R,2026-02-04,S/Z,Strength Zone,800.00,,800.00,due_or_unpaid,R,,,FEB 2026,2026-09-10 09:29:25.37108+00
17375,2026-02-01,140,JOSEPH,2026-02-04,S/Z,Strength Zone,800.00,,800.00,due_or_unpaid,R,,E,FEB 2026,2026-09-10 09:29:25.37108+00
17376,2026-02-01,141,ALA IMRAN A,2026-02-04,G/F,General Fitness,1000.00,,1000.00,due_or_unpaid,R,,E,FEB 2026,2026-09-10 09:29:25.37108+00
17377,2026-02-01,142,HAZRAT ALI,2026-02-05,S/Z,Strength Zone,800.00,,800.00,due_or_unpaid,R,,,FEB 2026,2026-09-10 09:29:25.37108+00
17378,2026-02-01,143,MAHESHWAR GOPE,2026-02-05,S/Z,Strength Zone,800.00,,800.00,due_or_unpaid,R,,,FEB 2026,2026-09-10 09:29:25.37108+00
17379,2026-02-01,144,SAKTHI DS,2026-02-09,S/Z,Strength Zone,800.00,,800.00,due_or_unpaid,R,,M/E,FEB 2026,2026-09-10 09:29:25.37108+00
17380,2026-02-01,145,MUKESH S,2026-02-22,S/Z,Strength Zone,800.00,,800.00,due_or_unpaid,R,,,FEB 2026,2026-09-10 09:29:25.37108+00
17381,2026-02-01,146,AKASH SATHIVEL,2026-02-10,G/F,General Fitness,1000.00,,1000.00,due_or_unpaid,R,,,FEB 2026,2026-09-10 09:29:25.37108+00
17382,2026-02-01,147,SARAN RAJ S,2026-02-10,G/F,General Fitness,1000.00,,1000.00,due_or_unpaid,R,,,FEB 2026,2026-09-10 09:29:25.37108+00
17383,2026-02-01,148,SUDHAKAR S,2026-02-11,G/F,General Fitness,1000.00,,1000.00,due_or_unpaid,R,,M/E,FEB 2026,2026-09-10 09:29:25.37108+00
17384,2026-02-01,149,UMAMAHESWARA RAO,2026-02-11,G/F,General Fitness,1000.00,,1000.00,due_or_unpaid,R,,,FEB 2026,2026-09-10 09:29:25.37108+00
17385,2026-02-01,150,BARKATHULLAM,2026-02-12,G/F,General Fitness,1000.00,,1000.00,due_or_unpaid,R,,E,FEB 2026,2026-09-10 09:29:25.37108+00
17386,2026-02-01,151,ABDUL KALAM A,2026-02-13,G/F,General Fitness,1000.00,,1000.00,due_or_unpaid,R,,,FEB 2026,2026-09-10 09:29:25.37108+00
17387,2026-02-01,152,JARDIS SK,2026-02-13,S/Z,Strength Zone,800.00,,800.00,due_or_unpaid,R,,,FEB 2026,2026-09-10 09:29:25.37108+00
17388,2026-02-01,153,MANOJ M,2026-02-14,S/Z,Strength Zone,800.00,,800.00,due_or_unpaid,R,,,FEB 2026,2026-09-10 09:29:25.37108+00
17389,2026-02-01,154,NANTHA KUMAR A,2026-02-14,S/Z,Strength Zone,800.00,,1000.00,due_or_unpaid,R,,,FEB 2026,2026-09-10 09:29:25.37108+00
17390,2026-02-01,155,MANOJ E,2026-02-14,S/Z,Strength Zone,800.00,,800.00,due_or_unpaid,R,,M,FEB 2026,2026-09-10 09:29:25.37108+00
17391,2026-02-01,156,PRAVEEN KUMAR S,2026-02-28,G/F,General Fitness,800.00,,800.00,due_or_unpaid,R,,,FEB 2026,2026-09-10 09:29:25.37108+00
17392,2026-02-01,157,SURYA S,2026-02-23,S/Z,Strength Zone,800.00,,800.00,due_or_unpaid,R,,,FEB 2026,2026-09-10 09:29:25.37108+00
17393,2026-02-01,158,MURALI S,2026-02-23,S/Z,Strength Zone,800.00,,800.00,due_or_unpaid,R,,,FEB 2026,2026-09-10 09:29:25.37108+00
17394,2026-02-01,159,RITHISH V,2026-02-18,S/Z,Strength Zone,800.00,,800.00,due_or_unpaid,R,,,FEB 2026,2026-09-10 09:29:25.37108+00
17395,2026-02-01,160,EMIMAL M,2026-02-19,G/F,General Fitness,1000.00,,800.00,due_or_unpaid,R,,,FEB 2026,2026-09-10 09:29:25.37108+00
17396,2026-02-01,161,YUVAN SHANKAR T,2026-02-17,G/F,General Fitness,1000.00,,1000.00,due_or_unpaid,R,,M,FEB 2026,2026-09-10 09:29:25.37108+00
17397,2026-02-01,162,JENIFER S,2026-02-04,G/F,General Fitness,1000.00,,1000.00,due_or_unpaid,R,,M,FEB 2026,2026-09-10 09:29:25.37108+00
17398,2026-02-01,163,SANJEEV D.S,2026-02-13,G/F,General Fitness,800.00,,1000.00,due_or_unpaid,R,,M,FEB 2026,2026-09-10 09:29:25.37108+00
17399,2026-02-01,164,VASANTH KUMAR G,2026-02-05,S/Z,Strength Zone,800.00,,800.00,due_or_unpaid,R,,,FEB 2026,2026-09-10 09:29:25.37108+00
17400,2026-02-01,165,KISHORE KUMAR V,2026-02-07,S/Z,Strength Zone,800.00,,800.00,due_or_unpaid,R,,,FEB 2026,2026-09-10 09:29:25.37108+00
17401,2026-02-01,166,SANTHOSH KUMAR S,2026-02-07,S/Z,Strength Zone,800.00,,800.00,due_or_unpaid,R,,,FEB 2026,2026-09-10 09:29:25.37108+00
17402,2026-02-01,167,SANTHOSH KUMAR A,2026-02-09,S/Z,Strength Zone,800.00,,800.00,due_or_unpaid,R,,M,FEB 2026,2026-09-10 09:29:25.37108+00
17403,2026-02-01,168,ETHIRAJ T,2026-02-09,S/Z,Strength Zone,800.00,,800.00,due_or_unpaid,R,,,FEB 2026,2026-09-10 09:29:25.37108+00
17404,2026-02-01,169,PRASANTH M,2026-02-10,G/F,General Fitness,1000.00,,1000.00,due_or_unpaid,R,,,FEB 2026,2026-09-10 09:29:25.37108+00
17405,2026-02-01,170,RAGHUL R,2026-02-12,S/Z,Strength Zone,800.00,,800.00,due_or_unpaid,R,,,FEB 2026,2026-09-10 09:29:25.37108+00
17406,2026-02-01,171,GOWTHAM S,2026-02-16,G/F,General Fitness,1000.00,,1000.00,due_or_unpaid,R,,,FEB 2026,2026-09-10 09:29:25.37108+00
17407,2026-02-01,172,RAJESH S,2026-02-16,G/F,General Fitness,1000.00,,1000.00,due_or_unpaid,R,,,FEB 2026,2026-09-10 09:29:25.37108+00
17408,2026-02-01,173,AATHIYAPPAN S,,S/Z,Strength Zone,800.00,,800.00,due_or_unpaid,R,,M,FEB 2026,2026-09-10 09:29:25.37108+00
17409,2026-02-01,174,GODSON PRAVEEN J,2026-02-19,G/F,General Fitness,1000.00,,800.00,due_or_unpaid,R,,,FEB 2026,2026-09-10 09:29:25.37108+00
17410,2026-02-01,175,KABILAN R,2026-02-26,S/Z,Strength Zone,800.00,,800.00,due_or_unpaid,R,,,FEB 2026,2026-09-10 09:29:25.37108+00
17411,2026-02-01,176,KAMAL S,2026-02-28,S/Z,Strength Zone,1000.00,,800.00,due_or_unpaid,R,,,FEB 2026,2026-09-10 09:29:25.37108+00
17412,2026-02-01,177,MOHAMED ASHWAQ S,2026-02-02,S/Z,Strength Zone,800.00,,800.00,due_or_unpaid,R,,M,FEB 2026,2026-09-10 09:29:25.37108+00
17413,2026-02-01,178,VICKY,2026-02-03,S/Z,Strength Zone,800.00,,800.00,due_or_unpaid,R,,,FEB 2026,2026-09-10 09:29:25.37108+00
17414,2026-02-01,180,DEEPAK G,2026-02-05,G/F,General Fitness,1000.00,,1000.00,due_or_unpaid,R,,,FEB 2026,2026-09-10 09:29:25.37108+00
17415,2026-02-01,181,AGILESHWARAN M,2026-02-09,S/Z,Strength Zone,800.00,,800.00,due_or_unpaid,R,,,FEB 2026,2026-09-10 09:29:25.37108+00
17416,2026-02-01,182,MUKESH R,2026-02-11,S/Z,Strength Zone,800.00,,800.00,due_or_unpaid,R,,,FEB 2026,2026-09-10 09:29:25.37108+00
17417,2026-02-01,183,SACHIN AARON T,2026-02-17,S/Z,Strength Zone,800.00,,800.00,due_or_unpaid,R,,,FEB 2026,2026-09-10 09:29:25.37108+00
17418,2026-02-01,184,SANTHOSH R,2026-02-03,S/Z,Strength Zone,800.00,800.00,0.00,paid,PAID,,M,FEB 2026,2026-09-10 09:29:25.37108+00
17419,2026-02-01,185,VISHNU VARTHAN S,2026-02-12,S/Z,Strength Zone,800.00,800.00,0.00,paid,PAID,,M,FEB 2026,2026-09-10 09:29:25.37108+00
17420,2026-02-01,186,MOGESH V,2026-02-25,S/Z,Strength Zone,800.00,,800.00,due_or_unpaid,R,,,FEB 2026,2026-09-10 09:29:25.37108+00
17421,2026-02-01,187,VISHWA R A,2026-02-27,S/Z,Strength Zone,800.00,,800.00,due_or_unpaid,R,,,FEB 2026,2026-09-10 09:29:25.37108+00
17422,2026-02-01,188,RAMASUBRAMANI K,,S/Z,Strength Zone,800.00,,800.00,due_or_unpaid,R,,,FEB 2026,2026-09-10 09:29:25.37108+00
17423,2026-02-01,189,DHANASINGH P,,S/Z,Strength Zone,800.00,,800.00,due_or_unpaid,R,,,FEB 2026,2026-09-10 09:29:25.37108+00
17424,2026-02-01,190,AMAR NATH R,2026-02-03,G/F,General Fitness,1000.00,,1000.00,due_or_unpaid,R,,M,FEB 2026,2026-09-10 09:29:25.37108+00
17425,2026-02-01,191,PUVIYARASAN G,2026-02-10,S/Z,Strength Zone,800.00,,800.00,due_or_unpaid,R,,,FEB 2026,2026-09-10 09:29:25.37108+00
17426,2026-02-01,192,DINESH KUMAR R,2026-02-04,S/Z,Strength Zone,800.00,800.00,0.00,paid,PAID,,,FEB 2026,2026-09-10 09:29:25.37108+00
17427,2026-02-01,193,ARUN KUMAR R,2026-02-04,G/F,General Fitness,1000.00,,1000.00,due_or_unpaid,R,,,FEB 2026,2026-09-10 09:29:25.37108+00
17428,2026-02-01,194,ASWIN P BENNY,2026-02-04,G/F,General Fitness,1000.00,,1000.00,due_or_unpaid,R,,,FEB 2026,2026-09-10 09:29:25.37108+00
17429,2026-02-01,195,ROCK R,2026-02-04,S/Z,Strength Zone,800.00,,800.00,due_or_unpaid,R,,,FEB 2026,2026-09-10 09:29:25.37108+00
17430,2026-02-01,196,SURIYA PRAKSH M,2026-02-12,S/Z,Strength Zone,800.00,,800.00,due_or_unpaid,R,,E,FEB 2026,2026-09-10 09:29:25.37108+00
17431,2026-02-01,197,BHARATHI RAJA M,2026-02-12,G/F,General Fitness,1000.00,,1000.00,due_or_unpaid,R,,,FEB 2026,2026-09-10 09:29:25.37108+00
17432,2026-02-01,198,SURYA R,2026-02-12,S/Z,Strength Zone,800.00,,800.00,due_or_unpaid,R,,,FEB 2026,2026-09-10 09:29:25.37108+00
17433,2026-02-01,199,NIVEN K,2026-02-13,S/Z,Strength Zone,800.00,,800.00,due_or_unpaid,R,,,FEB 2026,2026-09-10 09:29:25.37108+00
17434,2026-02-01,200,DHAYALAN R,2026-02-21,G/F,General Fitness,1000.00,,1000.00,due_or_unpaid,R,,,FEB 2026,2026-09-10 09:29:25.37108+00
17435,2026-02-01,201,KARTHI BALAJI R,2026-02-13,S/Z,Strength Zone,800.00,,800.00,due_or_unpaid,R,,,FEB 2026,2026-09-10 09:29:25.37108+00
17436,2026-02-01,202,HARI KRISHNAN G,2026-02-18,G/F,General Fitness,1000.00,1000.00,0.00,paid,PAID,,M/E,FEB 2026,2026-09-10 09:29:25.37108+00
17437,2026-02-01,203,VIGNESH K,2026-02-18,G/F,General Fitness,1000.00,,1000.00,due_or_unpaid,R,,M/E,FEB 2026,2026-09-10 09:29:25.37108+00
17438,2026-02-01,204,AKASH C,2026-02-20,S/Z,Strength Zone,800.00,,800.00,due_or_unpaid,R,,,FEB 2026,2026-09-10 09:29:25.37108+00
17439,2026-02-01,205,MANI MARAN M,2026-02-20,S/Z,Strength Zone,800.00,,800.00,due_or_unpaid,R,,,FEB 2026,2026-09-10 09:29:25.37108+00
17440,2026-02-01,206,SANTHA KUMAR S,2026-02-24,G/F,General Fitness,1000.00,,1000.00,due_or_unpaid,R,,,FEB 2026,2026-09-10 09:29:25.37108+00
17441,2026-02-01,207,SANJAY S,2026-02-24,S/Z,Strength Zone,800.00,,800.00,due_or_unpaid,R,,,FEB 2026,2026-09-10 09:29:25.37108+00
17442,2026-02-01,208,SEEN N,2026-02-24,S/Z,Strength Zone,800.00,,800.00,due_or_unpaid,R,,,FEB 2026,2026-09-10 09:29:25.37108+00
17443,2026-02-01,209,PASUPATHI M,2027-01-13,G/F,General Fitness,7500.00,,7500.00,paid,PAID,,,FEB 2026,2026-09-10 09:29:25.37108+00
17444,2026-02-01,210,NAVEEN K.M,2026-02-03,G/F,General Fitness,1000.00,1000.00,0.00,paid,PAID,,M,FEB 2026,2026-09-10 09:29:25.37108+00
17445,2026-02-01,211,SUNIL KUMAR H,2026-02-03,S/Z,Strength Zone,800.00,,800.00,due_or_unpaid,R,,,FEB 2026,2026-09-10 09:29:25.37108+00
17446,2026-02-01,212,ALI,2026-02-03,S/Z,Strength Zone,800.00,,800.00,due_or_unpaid,R,,,FEB 2026,2026-09-10 09:29:25.37108+00
17447,2026-02-01,213,SADDAM,2026-02-03,S/Z,Strength Zone,800.00,,800.00,due_or_unpaid,R,,,FEB 2026,2026-09-10 09:29:25.37108+00
17448,2026-02-01,214,SUMAN RAJ P,2026-02-10,G/F,General Fitness,1000.00,,1000.00,due_or_unpaid,R,,,FEB 2026,2026-09-10 09:29:25.37108+00
17449,2026-02-01,215,MICHEAL PRAKASH P,2026-02-11,G/F,General Fitness,1000.00,,1000.00,due_or_unpaid,R,,,FEB 2026,2026-09-10 09:29:25.37108+00
17450,2026-02-01,216,RAJA K,2026-02-11,G/F,General Fitness,1000.00,,1000.00,due_or_unpaid,R,,,FEB 2026,2026-09-10 09:29:25.37108+00
17451,2026-02-01,217,SANJAY P R,2026-02-11,S/Z,Strength Zone,800.00,,800.00,due_or_unpaid,R,,,FEB 2026,2026-09-10 09:29:25.37108+00
17452,2026-02-01,218,NARENDRAN T,2026-02-14,S/Z,Strength Zone,800.00,,800.00,due_or_unpaid,R,,,FEB 2026,2026-09-10 09:29:25.37108+00
17453,2026-02-01,219,SUNIL P,2026-02-13,S/Z,Strength Zone,800.00,800.00,0.00,paid,PAID,,,FEB 2026,2026-09-10 09:29:25.37108+00
17454,2026-02-01,220,VENKET,2026-02-13,G/F,General Fitness,1000.00,,1000.00,due_or_unpaid,R,,,FEB 2026,2026-09-10 09:29:25.37108+00
17455,2026-02-01,221,KARTHICK R,2026-02-15,S/Z,Strength Zone,800.00,,800.00,due_or_unpaid,R,,,FEB 2026,2026-09-10 09:29:25.37108+00
17456,2026-02-01,222,MUNISH KUMAR B,2026-02-17,S/Z,Strength Zone,800.00,,800.00,due_or_unpaid,R,,,FEB 2026,2026-09-10 09:29:25.37108+00
17457,2026-02-01,223,RAJIBUL ALI T,2026-02-22,S/Z,Strength Zone,800.00,,800.00,due_or_unpaid,R,,,FEB 2026,2026-09-10 09:29:25.37108+00
17458,2026-02-01,224,MOHANRAJ P,2026-02-07,G/F,General Fitness,1000.00,1000.00,0.00,paid,PAID,,M/E,FEB 2026,2026-09-10 09:29:25.37108+00
17459,2026-02-01,225,RAVINDHAREN,2026-02-25,S/Z,Strength Zone,800.00,,800.00,due_or_unpaid,R,,,FEB 2026,2026-09-10 09:29:25.37108+00
17460,2026-02-01,226,SURESH M,2026-02-01,S/Z,Strength Zone,800.00,,800.00,due_or_unpaid,R,,,FEB 2026,2026-09-10 09:29:25.37108+00
17461,2026-02-01,227,KARTHIK DHANASEKAR,2026-02-01,S/Z,Strength Zone,800.00,800.00,0.00,paid,PAID,,M,FEB 2026,2026-09-10 09:29:25.37108+00
17462,2026-02-01,228,MANIKANDAN D,2026-02-01,S/Z,Strength Zone,800.00,,800.00,due_or_unpaid,R,,,FEB 2026,2026-09-10 09:29:25.37108+00
17463,2026-02-01,229,VISHVA,2026-02-01,S/Z,Strength Zone,800.00,,800.00,due_or_unpaid,R,,,FEB 2026,2026-09-10 09:29:25.37108+00
17464,2026-02-01,230,SHYAM K,2026-02-04,S/Z,Strength Zone,800.00,,800.00,due_or_unpaid,R,,,FEB 2026,2026-09-10 09:29:25.37108+00
17465,2026-02-01,231,SHASHANTH S,2026-02-13,S/Z,Strength Zone,800.00,,800.00,due_or_unpaid,R,,E,FEB 2026,2026-09-10 09:29:25.37108+00
17466,2026-02-01,232,ANIL KUMAR,2026-02-05,S/Z,Strength Zone,800.00,,800.00,due_or_unpaid,R,,,FEB 2026,2026-09-10 09:29:25.37108+00
17467,2026-02-01,233,NIKHIL NAYAK L,2026-02-07,S/Z,Strength Zone,800.00,,800.00,due_or_unpaid,R,,,FEB 2026,2026-09-10 09:29:25.37108+00
17468,2026-02-01,234,PINKU NAYAK C,2026-02-07,S/Z,Strength Zone,800.00,,800.00,due_or_unpaid,R,,,FEB 2026,2026-09-10 09:29:25.37108+00
17469,2026-02-01,235,AKASH S,2026-02-01,G/F,General Fitness,1000.00,,1000.00,due_or_unpaid,R,,,FEB 2026,2026-09-10 09:29:25.37108+00
17470,2026-02-01,236,ANAND,2026-02-08,G/F,General Fitness,1000.00,,1000.00,due_or_unpaid,R,,,FEB 2026,2026-09-10 09:29:25.37108+00
17471,2026-02-01,237,LOHIT NAYAK,2026-02-12,S/Z,Strength Zone,800.00,,800.00,due_or_unpaid,R,,,FEB 2026,2026-09-10 09:29:25.37108+00
17472,2026-02-01,238,RIMPLE KUMAR,2026-02-15,S/Z,Strength Zone,800.00,,800.00,due_or_unpaid,R,,,FEB 2026,2026-09-10 09:29:25.37108+00
17473,2026-02-01,239,GOPINATH M,2026-02-17,G/F,General Fitness,1000.00,,1000.00,due_or_unpaid,R,,,FEB 2026,2026-09-10 09:29:25.37108+00
17474,2026-02-01,239,GOPINATH M,2026-02-19,S/Z,Strength Zone,800.00,,800.00,due_or_unpaid,R,,,FEB 2026,2026-09-10 09:29:25.37108+00
17475,2026-02-01,240,YOGESH G,2026-02-19,S/Z,Strength Zone,800.00,800.00,0.00,paid,PAID,,,FEB 2026,2026-09-10 09:29:25.37108+00
17476,2026-02-01,240,YOGESH G,2026-02-24,S/Z,Strength Zone,800.00,,800.00,due_or_unpaid,R,,,FEB 2026,2026-09-10 09:29:25.37108+00
17477,2026-02-01,241,PRADHAP V,2026-02-21,S/Z,Strength Zone,800.00,,800.00,due_or_unpaid,R,,,FEB 2026,2026-09-10 09:29:25.37108+00
17478,2026-02-01,241,PRADHAP V,2026-02-24,S/Z,Strength Zone,800.00,,800.00,due_or_unpaid,R,,,FEB 2026,2026-09-10 09:29:25.37108+00
17479,2026-02-01,242,AJAY A,2026-02-26,S/Z,Strength Zone,800.00,,800.00,due_or_unpaid,R,,,FEB 2026,2026-09-10 09:29:25.37108+00
17480,2026-02-01,244,BABU K,2026-02-26,G/F,General Fitness,1000.00,,1000.00,due_or_unpaid,R,,,FEB 2026,2026-09-10 09:29:25.37108+00
17481,2026-02-01,245,KISHORE S,2026-02-03,G/F,General Fitness,1000.00,,1000.00,due_or_unpaid,R,,M/E,FEB 2026,2026-09-10 09:29:25.37108+00
17482,2026-02-01,246,SURESH,2026-02-05,S/Z,Strength Zone,800.00,,800.00,due_or_unpaid,R,,M,FEB 2026,2026-09-10 09:29:25.37108+00
17483,2026-02-01,247,VIVEK,2026-11-05,S/Z,Strength Zone,800.00,,7777.00,paid,PAID,,M,FEB 2026,2026-09-10 09:29:25.37108+00
17484,2026-02-01,248,ELAKKIAN,2026-02-05,G/F,General Fitness,1000.00,,1000.00,due_or_unpaid,R,,E,FEB 2026,2026-09-10 09:29:25.37108+00
17485,2026-02-01,249,DEEPAK C,2026-02-05,G/F,General Fitness,1000.00,,1000.00,due_or_unpaid,R,,E,FEB 2026,2026-09-10 09:29:25.37108+00
17486,2026-02-01,250,RESHATH S,2026-02-06,S/Z,Strength Zone,800.00,,800.00,due_or_unpaid,R,,M,FEB 2026,2026-09-10 09:29:25.37108+00
17487,2026-02-01,251,ARAVINTHAN S,2026-02-12,G/F,General Fitness,1000.00,1000.00,0.00,paid,PAID,,M,FEB 2026,2026-09-10 09:29:25.37108+00
17488,2026-02-01,252,MOULI RAJ V,2026-02-19,S/Z,Strength Zone,800.00,800.00,0.00,paid,PAID,,,FEB 2026,2026-09-10 09:29:25.37108+00
17489,2026-02-01,253,DHAYANATHAN,2026-02-01,S/Z,Strength Zone,800.00,,800.00,due_or_unpaid,R,,M/E,FEB 2026,2026-09-10 09:29:25.37108+00
17490,2026-02-01,254,SELVAM K,2026-02-14,S/Z,Strength Zone,1000.00,,1000.00,due_or_unpaid,R,,,FEB 2026,2026-09-10 09:29:25.37108+00
17491,2026-02-01,255,VIJAYAN .S,2026-02-08,G/F,General Fitness,1000.00,,800.00,due_or_unpaid,R,,,FEB 2026,2026-09-10 09:29:25.37108+00
17492,2026-02-01,256,KARTHICK M,2026-02-19,S/Z,Strength Zone,800.00,,800.00,due_or_unpaid,R,,,FEB 2026,2026-09-10 09:29:25.37108+00
17493,2026-02-01,257,PAWN KUMAR,2026-02-26,S/Z,Strength Zone,800.00,,800.00,due_or_unpaid,R,,,FEB 2026,2026-09-10 09:29:25.37108+00
17494,2026-02-01,258,BEENAUVV V,2026-02-05,G/F,General Fitness,1000.00,,1000.00,due_or_unpaid,R,,,FEB 2026,2026-09-10 09:29:25.37108+00
17495,2026-02-01,259,PRADEEP KUMAR G,2026-02-04,G/F,General Fitness,1000.00,,1000.00,due_or_unpaid,R,,,FEB 2026,2026-09-10 09:29:25.37108+00
17496,2026-02-01,260,BARATH R,2026-02-10,S/Z,Strength Zone,800.00,,800.00,due_or_unpaid,R,,M,FEB 2026,2026-09-10 09:29:25.37108+00
17497,2026-02-01,261,MANIKANDAN L,2026-02-12,G/F,General Fitness,1000.00,,1000.00,due_or_unpaid,R,,,FEB 2026,2026-09-10 09:29:25.37108+00
17498,2026-02-01,262,RANJITH A,2026-02-13,G/F,General Fitness,1000.00,,1000.00,due_or_unpaid,R,,,FEB 2026,2026-09-10 09:29:25.37108+00
17499,2026-02-01,263,SHANMATHI E,2026-02-16,G/F,General Fitness,1000.00,,1000.00,due_or_unpaid,R,,,FEB 2026,2026-09-10 09:29:25.37108+00
17500,2026-02-01,264,VENKATESH K,2026-02-19,S/Z,Strength Zone,800.00,,800.00,due_or_unpaid,R,,,FEB 2026,2026-09-10 09:29:25.37108+00
17501,2026-02-01,265,ANKUR GUWALA J,2026-02-19,S/Z,Strength Zone,800.00,,800.00,due_or_unpaid,R,,,FEB 2026,2026-09-10 09:29:25.37108+00
17502,2026-02-01,266,PRANESH M,2026-02-20,S/Z,Strength Zone,800.00,,800.00,due_or_unpaid,R,,,FEB 2026,2026-09-10 09:29:25.37108+00
17503,2026-02-01,267,HANY PRINCY V,2026-02-06,G/F,General Fitness,1000.00,,1000.00,due_or_unpaid,R,,E,FEB 2026,2026-09-10 09:29:25.37108+00
17504,2026-02-01,268,GUGAN S,2026-02-25,S/Z,Strength Zone,800.00,,800.00,due_or_unpaid,R,,,FEB 2026,2026-09-10 09:29:25.37108+00
17505,2026-02-01,269,SENTHIL KUMAR,2026-02-01,G/F,General Fitness,1000.00,,1000.00,due_or_unpaid,R,,,FEB 2026,2026-09-10 09:29:25.37108+00
17506,2026-02-01,270,AMITH KUMAR,2026-02-01,S/Z,Strength Zone,800.00,,800.00,due_or_unpaid,R,,,FEB 2026,2026-09-10 09:29:25.37108+00
17507,2026-02-01,271,ABISHEK KUMAR,2026-02-01,S/Z,Strength Zone,800.00,,800.00,due_or_unpaid,R,,,FEB 2026,2026-09-10 09:29:25.37108+00
17508,2026-02-01,272,BHUPINDER SINGH,2026-02-01,S/Z,Strength Zone,800.00,800.00,0.00,paid,PAID,,E,FEB 2026,2026-09-10 09:29:25.37108+00
17509,2026-02-01,273,DEEPAK B,2026-02-04,G/F,General Fitness,1000.00,,1000.00,due_or_unpaid,R,,,FEB 2026,2026-09-10 09:29:25.37108+00
17510,2026-02-01,274,RATHNA KUMAR A,2026-09-07,S/Z,Strength Zone,800.00,,7777.00,paid,PAID,,M/E,FEB 2026,2026-09-10 09:29:25.37108+00
17511,2026-02-01,275,BINIT,2026-02-08,G/F,General Fitness,1000.00,,1000.00,due_or_unpaid,R,,E,FEB 2026,2026-09-10 09:29:25.37108+00
17512,2026-02-01,276,SAPHMITA,2026-02-08,G/F,General Fitness,1000.00,,1000.00,due_or_unpaid,R,,E,FEB 2026,2026-09-10 09:29:25.37108+00
17513,2026-02-01,277,ARAVIND D,2026-02-08,G/F,General Fitness,1000.00,,1000.00,due_or_unpaid,R,,,FEB 2026,2026-09-10 09:29:25.37108+00
17514,2026-02-01,278,VIGNESH M,2026-02-08,G/F,General Fitness,1000.00,,1000.00,due_or_unpaid,R,,M,FEB 2026,2026-09-10 09:29:25.37108+00
17515,2026-02-01,279,MOHAMMED FAAIZ M,2026-02-09,G/F,General Fitness,1000.00,,1000.00,due_or_unpaid,R,,E,FEB 2026,2026-09-10 09:29:25.37108+00
17516,2026-02-01,280,PERIYASAMY J,2026-02-05,S/Z,Strength Zone,800.00,,800.00,due_or_unpaid,R,,,FEB 2026,2026-09-10 09:29:25.37108+00
17517,2026-02-01,281,AKASH A,2026-02-11,G/F,General Fitness,1000.00,,1000.00,due_or_unpaid,R,,,FEB 2026,2026-09-10 09:29:25.37108+00
17518,2026-02-01,282,SOLOMON K,2026-02-11,G/F,General Fitness,1000.00,,1000.00,due_or_unpaid,R,,,FEB 2026,2026-09-10 09:29:25.37108+00
17519,2026-02-01,283,SARAN S,2026-02-11,S/Z,Strength Zone,1000.00,,1000.00,due_or_unpaid,R,,,FEB 2026,2026-09-10 09:29:25.37108+00
17520,2026-02-01,284,ARJUN B,2026-02-12,S/Z,Strength Zone,800.00,,800.00,due_or_unpaid,R,,,FEB 2026,2026-09-10 09:29:25.37108+00
17521,2026-02-01,285,SARAVANAN,2026-02-12,S/Z,Strength Zone,800.00,,800.00,due_or_unpaid,R,,,FEB 2026,2026-09-10 09:29:25.37108+00
17522,2026-02-01,286,TAPAS KUMAR B,2026-02-16,S/Z,Strength Zone,800.00,,800.00,due_or_unpaid,R,,,FEB 2026,2026-09-10 09:29:25.37108+00
17523,2026-02-01,287,PRASANTH K,2026-02-16,S/Z,Strength Zone,800.00,,800.00,due_or_unpaid,R,,,FEB 2026,2026-09-10 09:29:25.37108+00
17524,2026-02-01,288,SANDHIYA S,2026-02-16,G/F,General Fitness,1000.00,,1000.00,due_or_unpaid,R,,,FEB 2026,2026-09-10 09:29:25.37108+00
17525,2026-02-01,289,AMAN KUMAR,2026-02-18,S/Z,Strength Zone,800.00,,800.00,due_or_unpaid,R,,,FEB 2026,2026-09-10 09:29:25.37108+00
17526,2026-02-01,290,VARUN KUMAR J,2026-02-24,G/F,General Fitness,1000.00,1000.00,0.00,paid,PAID,,E,FEB 2026,2026-09-10 09:29:25.37108+00
17527,2026-02-01,291,MOHAN H,2026-02-02,S/Z,Strength Zone,800.00,800.00,0.00,paid,PAID,,,FEB 2026,2026-09-10 09:29:25.37108+00
17528,2026-02-01,292,PAUL CHRISTOPHER T,,G/F,General Fitness,1000.00,1000.00,0.00,paid,PAID,,E,FEB 2026,2026-09-10 09:29:25.37108+00
17529,2026-02-01,293,ANAND N,2026-02-02,S/Z,Strength Zone,800.00,,800.00,due_or_unpaid,R,,,FEB 2026,2026-09-10 09:29:25.37108+00
17530,2026-02-01,294,GANESH S,2026-04-04,S/Z,Strength Zone,800.00,,2400.00,paid,PAID,,M/E,FEB 2026,2026-09-10 09:29:25.37108+00
17531,2026-02-01,295,RAMAN VERMA,2026-02-05,S/Z,Strength Zone,800.00,,800.00,due_or_unpaid,R,,,FEB 2026,2026-09-10 09:29:25.37108+00
17532,2026-02-01,296,HARI PRASATH L,2026-02-05,S/Z,Strength Zone,800.00,,800.00,due_or_unpaid,R,,,FEB 2026,2026-09-10 09:29:25.37108+00
17533,2026-02-01,297,SELVA P,2026-02-05,S/Z,Strength Zone,800.00,,800.00,due_or_unpaid,R,,E,FEB 2026,2026-09-10 09:29:25.37108+00
17534,2026-02-01,298,DILLIBABU,2026-02-08,S/Z,Strength Zone,800.00,,800.00,due_or_unpaid,R,,M,FEB 2026,2026-09-10 09:29:25.37108+00
17535,2026-02-01,299,NIVEN K,2026-02-13,G/F,General Fitness,1000.00,,1000.00,due_or_unpaid,R,,M,FEB 2026,2026-09-10 09:29:25.37108+00
17536,2026-02-01,300,KALIA AKASH S,2026-02-13,S/Z,Strength Zone,800.00,,800.00,due_or_unpaid,R,,,FEB 2026,2026-09-10 09:29:25.37108+00
17537,2026-02-01,301,RAJKUMAR,2026-02-18,S/Z,Strength Zone,800.00,,800.00,due_or_unpaid,R,,,FEB 2026,2026-09-10 09:29:25.37108+00
17538,2026-02-01,302,GANESH K,2026-02-28,G/F,General Fitness,1000.00,,1000.00,due_or_unpaid,R,,,FEB 2026,2026-09-10 09:29:25.37108+00
17539,2026-02-01,303,JAYAPRAKASH V,2026-02-01,G/F,General Fitness,1000.00,,1000.00,due_or_unpaid,R,,M,FEB 2026,2026-09-10 09:29:25.37108+00
17540,2026-02-01,304,GANESH S,2026-02-01,G/F,General Fitness,1000.00,,1000.00,due_or_unpaid,R,,M,FEB 2026,2026-09-10 09:29:25.37108+00
17541,2026-02-01,305,JASLIN A,2026-02-01,G/F,General Fitness,1000.00,,1000.00,due_or_unpaid,R,,,FEB 2026,2026-09-10 09:29:25.37108+00
17542,2026-02-01,306,SATHISH M,2026-02-01,S/Z,Strength Zone,800.00,,800.00,due_or_unpaid,R,,,FEB 2026,2026-09-10 09:29:25.37108+00
17543,2026-02-01,307,ARUN K,2026-02-01,S/Z,Strength Zone,800.00,,800.00,due_or_unpaid,R,,M/E,FEB 2026,2026-09-10 09:29:25.37108+00
17544,2026-02-01,308,BALAJI R,2026-02-02,S/Z,Strength Zone,800.00,,800.00,due_or_unpaid,R,,,FEB 2026,2026-09-10 09:29:25.37108+00
17545,2026-02-01,309,JANAKI RAMAN D,2026-02-16,G/F,General Fitness,1000.00,1000.00,0.00,paid,PAID,,,FEB 2026,2026-09-10 09:29:25.37108+00
17546,2026-02-01,310,KAMALA DHASAN M,2026-02-08,S/Z,Strength Zone,800.00,800.00,0.00,paid,PAID,,M,FEB 2026,2026-09-10 09:29:25.37108+00
17547,2026-02-01,311,JOHN BENEDICT,2026-02-09,G/F,General Fitness,1000.00,,1000.00,due_or_unpaid,R,,E,FEB 2026,2026-09-10 09:29:25.37108+00
17548,2026-02-01,312,PADMANABAN J,2026-02-15,S/Z,Strength Zone,800.00,,800.00,due_or_unpaid,R,,,FEB 2026,2026-09-10 09:29:25.37108+00
17549,2026-02-01,313,SABARI GIRI S,2026-02-15,S/Z,Strength Zone,800.00,,800.00,due_or_unpaid,R,,,FEB 2026,2026-09-10 09:29:25.37108+00
17550,2026-02-01,314,ROHITH K,2026-02-15,S/Z,Strength Zone,800.00,,800.00,due_or_unpaid,R,,,FEB 2026,2026-09-10 09:29:25.37108+00
17551,2026-02-01,315,CHANDHRU,2026-02-15,S/Z,Strength Zone,800.00,,800.00,due_or_unpaid,R,,,FEB 2026,2026-09-10 09:29:25.37108+00
17552,2026-02-01,316,RAMESH S,2026-02-16,S/Z,Strength Zone,800.00,,800.00,due_or_unpaid,R,,M,FEB 2026,2026-09-10 09:29:25.37108+00
17553,2026-02-01,317,KEERTHI VARMAN S,2026-02-19,S/Z,Strength Zone,800.00,,800.00,due_or_unpaid,R,,,FEB 2026,2026-09-10 09:29:25.37108+00
17554,2026-02-01,318,DILLIBABU K,2026-02-02,S/Z,Strength Zone,800.00,,800.00,due_or_unpaid,R,,,FEB 2026,2026-09-10 09:29:25.37108+00
17555,2026-02-01,319,ABISHEK KUMAR,2026-02-03,S/Z,Strength Zone,800.00,,800.00,due_or_unpaid,R,,M/E,FEB 2026,2026-09-10 09:29:25.37108+00
17556,2026-02-01,320,VIKKI KUMAR,2026-02-03,S/Z,Strength Zone,800.00,,800.00,due_or_unpaid,R,,,FEB 2026,2026-09-10 09:29:25.37108+00
17557,2026-02-01,321,DHAMODHARAN M,2026-02-06,G/F,General Fitness,1000.00,,1000.00,due_or_unpaid,R,,E,FEB 2026,2026-09-10 09:29:25.37108+00
17558,2026-02-01,322,SASI KUMARAN,2026-02-06,G/F,General Fitness,1000.00,,1000.00,due_or_unpaid,R,,M,FEB 2026,2026-09-10 09:29:25.37108+00
17559,2026-02-01,323,SANTHOSH T.S,2026-02-06,S/Z,Strength Zone,800.00,,1000.00,due_or_unpaid,R,,E,FEB 2026,2026-09-10 09:29:25.37108+00
17560,2026-02-01,324,SHIVAM KUMAR,2026-02-04,S/Z,Strength Zone,800.00,,800.00,due_or_unpaid,R,,M/E,FEB 2026,2026-09-10 09:29:25.37108+00
17561,2026-02-01,325,RAUSHAN,2026-02-04,S/Z,Strength Zone,800.00,,800.00,due_or_unpaid,R,,E,FEB 2026,2026-09-10 09:29:25.37108+00
17562,2026-02-01,326,EMBHAH,2026-02-11,G/F,General Fitness,1000.00,,1000.00,due_or_unpaid,R,,M/E,FEB 2026,2026-09-10 09:29:25.37108+00
17563,2026-02-01,327,HASIYA TRIPURA,2026-02-11,G/F,General Fitness,1000.00,,1000.00,due_or_unpaid,R,,M/E,FEB 2026,2026-09-10 09:29:25.37108+00
17564,2026-02-01,328,THANGA RAJ P,2026-02-13,S/Z,Strength Zone,800.00,,800.00,due_or_unpaid,R,,M,FEB 2026,2026-09-10 09:29:25.37108+00
17565,2026-02-01,329,SANJU MANDAL,2026-02-23,S/Z,Strength Zone,800.00,,800.00,due_or_unpaid,R,,,FEB 2026,2026-09-10 09:29:25.37108+00
17566,2026-02-01,330,EARM RAZA,2026-02-24,G/F,General Fitness,1000.00,,1000.00,due_or_unpaid,R,,M,FEB 2026,2026-09-10 09:29:25.37108+00
17567,2026-02-01,331,VENKAT P,2026-02-27,S/Z,Strength Zone,800.00,,800.00,due_or_unpaid,R,,M,FEB 2026,2026-09-10 09:29:25.37108+00
17568,2026-02-01,332,DINESH KARTHIK K,2026-02-27,S/Z,Strength Zone,800.00,,800.00,due_or_unpaid,R,,M,FEB 2026,2026-09-10 09:29:25.37108+00
17569,2026-02-01,333,PRAKASH R,2026-02-01,G/F,General Fitness,1000.00,,1000.00,due_or_unpaid,R,,M,FEB 2026,2026-09-10 09:29:25.37108+00
17570,2026-02-01,334,MAGESH G,2027-01-01,G/F,General Fitness,1000.00,,7500.00,paid,PAID,,M,FEB 2026,2026-09-10 09:29:25.37108+00
17571,2026-02-01,335,SHOHRAB KHAN,2026-02-03,S/Z,Strength Zone,800.00,,800.00,due_or_unpaid,R,,E,FEB 2026,2026-09-10 09:29:25.37108+00
17572,2026-02-01,336,JOHN Y,2026-02-03,S/Z,Strength Zone,800.00,,800.00,due_or_unpaid,R,,E,FEB 2026,2026-09-10 09:29:25.37108+00
17573,2026-02-01,337,SARATHY KUMAR D,2026-02-06,G/F,General Fitness,1000.00,,1000.00,due_or_unpaid,R,,,FEB 2026,2026-09-10 09:29:25.37108+00
17574,2026-02-01,338,SURENDHAR P,2026-02-07,S/Z,Strength Zone,800.00,,800.00,due_or_unpaid,R,,,FEB 2026,2026-09-10 09:29:25.37108+00
17575,2026-02-01,339,VARADHARAJ N,2027-01-17,G/F,General Fitness,7500.00,,7500.00,paid,PAID,,M,FEB 2026,2026-09-10 09:29:25.37108+00
17576,2026-02-01,340,JAGBIR SINGH,2026-02-10,S/Z,Strength Zone,800.00,,800.00,due_or_unpaid,R,,,FEB 2026,2026-09-10 09:29:25.37108+00
17577,2026-02-01,341,MUKESH M,2026-02-11,S/Z,Strength Zone,800.00,,800.00,due_or_unpaid,R,,M,FEB 2026,2026-09-10 09:29:25.37108+00
17578,2026-02-01,342,VAIKO S,2026-02-17,G/F,General Fitness,1000.00,,1000.00,due_or_unpaid,R,,M,FEB 2026,2026-09-10 09:29:25.37108+00
17579,2026-02-01,343,PRITHIVIRAJ B,2026-02-17,G/F,General Fitness,1000.00,1000.00,0.00,paid,PAID,,E,FEB 2026,2026-09-10 09:29:25.37108+00
17580,2026-02-01,344,ASISH,2026-02-22,S/Z,Strength Zone,800.00,,800.00,due_or_unpaid,R,,,FEB 2026,2026-09-10 09:29:25.37108+00
17581,2026-02-01,345,DEEPAK S,2026-02-22,S/Z,Strength Zone,800.00,800.00,0.00,paid,PAID,,,FEB 2026,2026-09-10 09:29:25.37108+00
17582,2026-02-01,346,KRISHNA KUMAR,2026-02-26,S/Z,Strength Zone,800.00,,800.00,due_or_unpaid,R,,,FEB 2026,2026-09-10 09:29:25.37108+00
17583,2026-02-01,347,HAREESH M,2026-02-27,S/Z,Strength Zone,800.00,,800.00,due_or_unpaid,R,,,FEB 2026,2026-09-10 09:29:25.37108+00
17584,2026-02-01,348,RAMACHANTHIRAN S,2026-02-28,G/F,General Fitness,100.00,,1000.00,due_or_unpaid,R,,,FEB 2026,2026-09-10 09:29:25.37108+00
17585,2026-02-01,349,SARATHI N,2026-02-28,S/Z,Strength Zone,800.00,,800.00,due_or_unpaid,R,,,FEB 2026,2026-09-10 09:29:25.37108+00
17586,2026-02-01,350,MAHESH RAM S,2026-02-01,G/F,General Fitness,1000.00,,1000.00,due_or_unpaid,R,,,FEB 2026,2026-09-10 09:29:25.37108+00
17587,2026-02-01,351,MANISH M,2026-02-04,G/F,General Fitness,1000.00,1000.00,0.00,paid,PAID,,M,FEB 2026,2026-09-10 09:29:25.37108+00
17588,2026-02-01,352,SATHYA R,2026-02-09,S/Z,Strength Zone,800.00,800.00,0.00,paid,PAID,,E,FEB 2026,2026-09-10 09:29:25.37108+00
17589,2026-02-01,353,PRANAV M,2026-02-12,S/Z,Strength Zone,800.00,,800.00,due_or_unpaid,R,,M/E,FEB 2026,2026-09-10 09:29:25.37108+00
17590,2026-02-01,354,RINKU ALI,2026-02-13,S/Z,Strength Zone,800.00,,800.00,due_or_unpaid,R,,M,FEB 2026,2026-09-10 09:29:25.37108+00
17591,2026-02-01,355,SHARIF UDDIN,2026-02-13,S/Z,Strength Zone,800.00,,800.00,due_or_unpaid,R,,M,FEB 2026,2026-09-10 09:29:25.37108+00
17592,2026-02-01,356,THANASURYA T,2026-02-15,G/F,General Fitness,100.00,,1000.00,due_or_unpaid,R,,,FEB 2026,2026-09-10 09:29:25.37108+00
17593,2026-02-01,357,JAY,2026-02-15,S/Z,Strength Zone,800.00,,800.00,due_or_unpaid,R,,M,FEB 2026,2026-09-10 09:29:25.37108+00
17594,2026-02-01,358,REAJUL ISLAM,2026-02-15,S/Z,Strength Zone,800.00,,800.00,due_or_unpaid,R,,M,FEB 2026,2026-09-10 09:29:25.37108+00
17595,2026-02-01,359,RANJAN KUMAR BEHERA,2026-02-15,S/Z,Strength Zone,800.00,,800.00,due_or_unpaid,R,,M,FEB 2026,2026-09-10 09:29:25.37108+00
17596,2026-02-01,360,ROHIBUL HOQUE,2026-02-16,S/Z,Strength Zone,800.00,,800.00,due_or_unpaid,R,,,FEB 2026,2026-09-10 09:29:25.37108+00
17597,2026-02-01,361,AIJUL HOQUE,2026-02-16,S/Z,Strength Zone,800.00,,800.00,due_or_unpaid,R,,,FEB 2026,2026-09-10 09:29:25.37108+00
17598,2026-02-01,362,BALAVAISHNAVI L,2026-02-18,G/F,General Fitness,1000.00,,1000.00,due_or_unpaid,R,,E,FEB 2026,2026-09-10 09:29:25.37108+00
17599,2026-02-01,363,VINOTH KUMAR S,2026-02-18,S/Z,Strength Zone,800.00,800.00,0.00,paid,PAID,,E,FEB 2026,2026-09-10 09:29:25.37108+00
17600,2026-02-01,364,DINESH KUMAR M,2026-03-20,S/Z,Strength Zone,800.00,,2500.00,paid,PAID,,,FEB 2026,2026-09-10 09:29:25.37108+00
17601,2026-02-01,365,THIRUNAVUKKARASU V,2026-02-22,S/Z,Strength Zone,800.00,,800.00,due_or_unpaid,R,,,FEB 2026,2026-09-10 09:29:25.37108+00
17602,2026-02-01,366,SHARFUDEEN,,G/F,General Fitness,1000.00,,1000.00,due_or_unpaid,R,,,FEB 2026,2026-09-10 09:29:25.37108+00
17603,2026-02-01,367,ARUN KUMAR VEL,2026-02-02,G/F,General Fitness,1000.00,1000.00,0.00,paid,PAID,,M,FEB 2026,2026-09-10 09:29:25.37108+00
17604,2026-02-01,368,LAVANYA D,2026-02-03,G/F,General Fitness,1000.00,1000.00,0.00,paid,PAID,,M,FEB 2026,2026-09-10 09:29:25.37108+00
17605,2026-02-01,369,MAMTA RAO,2026-02-05,G/F,General Fitness,1000.00,1000.00,0.00,paid,PAID,,E,FEB 2026,2026-09-10 09:29:25.37108+00
17606,2026-02-01,370,RAVICHANDRAN A,2026-02-06,S/Z,Strength Zone,800.00,800.00,0.00,paid,PAID,,,FEB 2026,2026-09-10 09:29:25.37108+00
17607,2026-02-01,371,KEERTHANA N,2026-02-06,G/F,General Fitness,1000.00,1000.00,0.00,paid,PAID,,,FEB 2026,2026-09-10 09:29:25.37108+00
17608,2026-02-01,372,VADAMALAI S,2026-02-08,G/F,General Fitness,1000.00,1000.00,0.00,paid,PAID,,E,FEB 2026,2026-09-10 09:29:25.37108+00
17609,2026-02-01,373,KHIRUD MUDI P,2026-04-08,S/Z,Strength Zone,800.00,,2500.00,paid,PAID,,E,FEB 2026,2026-09-10 09:29:25.37108+00
17610,2026-02-01,374,BISHAL,2026-04-08,S/Z,Strength Zone,800.00,,2500.00,paid,PAID,,E,FEB 2026,2026-09-10 09:29:25.37108+00
17611,2026-02-01,375,AMINUL ISLAM,2026-02-10,S,,800.00,,800.00,due_or_unpaid,R,,,FEB 2026,2026-09-10 09:29:25.37108+00
17612,2026-02-01,376,BALA YS,2027-02-01,G/F,General Fitness,1000.00,,7500.00,paid,PAID,,,FEB 2026,2026-09-10 09:29:25.37108+00
17613,2026-02-01,377,VISHAL S,2026-02-20,S/Z,Strength Zone,800.00,,800.00,due_or_unpaid,R,,E,FEB 2026,2026-09-10 09:29:25.37108+00
17614,2026-02-01,378,DINESH K,2026-02-22,S/Z,Strength Zone,800.00,800.00,0.00,paid,PAID,,,FEB 2026,2026-09-10 09:29:25.37108+00
17615,2026-02-01,379,GOKULALAKSHIMI M,2026-02-23,S/Z,Strength Zone,800.00,,800.00,due_or_unpaid,R,,,FEB 2026,2026-09-10 09:29:25.37108+00
17616,2026-03-01,1,SUNDHAR M,2026-03-09,S/Z,Strength Zone,800.00,,800.00,due_or_unpaid,R,,,MAR 2026,2026-09-10 09:29:25.37108+00
17617,2026-03-01,2,NITHYASEELAN P,2026-03-09,S/Z,Strength Zone,800.00,,800.00,due_or_unpaid,R,,,MAR 2026,2026-09-10 09:29:25.37108+00
17618,2026-03-01,3,SANJEEVA REDDY C,2026-03-09,S/Z,Strength Zone,800.00,,800.00,due_or_unpaid,R,,M/E,MAR 2026,2026-09-10 09:29:25.37108+00
17619,2026-03-01,4,ABDUL RAHMAN A,2026-03-09,S/Z,Strength Zone,800.00,,1000.00,due_or_unpaid,R,,,MAR 2026,2026-09-10 09:29:25.37108+00
17620,2026-03-01,5,SANTHOSH KUMAR G,2026-03-09,G/F,General Fitness,1000.00,,1000.00,due_or_unpaid,R,,,MAR 2026,2026-09-10 09:29:25.37108+00
17621,2026-03-01,6,SATHISH KUMAR J,2026-03-09,G/F,General Fitness,1000.00,,1000.00,due_or_unpaid,R,,,MAR 2026,2026-09-10 09:29:25.37108+00
17622,2026-03-01,7,VIJAYABABU C,2027-01-09,G/F,General Fitness,7500.00,,7500.00,paid,PAID,,M,MAR 2026,2026-09-10 09:29:25.37108+00
17623,2026-03-01,8,ISTJHAR AHAMAD,2026-03-09,G/F,General Fitness,1000.00,,1000.00,due_or_unpaid,R,,,MAR 2026,2026-09-10 09:29:25.37108+00
17624,2026-03-01,9,MUBARAK ALI,2026-03-09,S/Z,Strength Zone,800.00,,800.00,due_or_unpaid,R,,,MAR 2026,2026-09-10 09:29:25.37108+00
17625,2026-03-01,10,GULJOR HUSSAIN,2026-03-09,S/Z,Strength Zone,800.00,,800.00,due_or_unpaid,R,,,MAR 2026,2026-09-10 09:29:25.37108+00
17626,2026-03-01,11,SURHAB ALI,2026-03-09,S/Z,Strength Zone,800.00,,800.00,due_or_unpaid,R,,,MAR 2026,2026-09-10 09:29:25.37108+00
17627,2026-03-01,12,SATHYA M,2026-03-09,G/F,General Fitness,800.00,,800.00,due_or_unpaid,R,,,MAR 2026,2026-09-10 09:29:25.37108+00
17628,2026-03-01,13,PORTAP CHETRY,2026-03-09,S/Z,Strength Zone,800.00,,800.00,due_or_unpaid,R,,,MAR 2026,2026-09-10 09:29:25.37108+00
17629,2026-03-01,14,TAMIL,2026-03-09,G/F,General Fitness,1000.00,,1000.00,due_or_unpaid,R,,,MAR 2026,2026-09-10 09:29:25.37108+00
17630,2026-03-01,15,DEEPAK M,2026-03-09,S/Z,Strength Zone,800.00,,800.00,due_or_unpaid,R,,,MAR 2026,2026-09-10 09:29:25.37108+00
17631,2026-03-01,16,SARATH KUMAR A,2026-03-10,S/Z,Strength Zone,800.00,,800.00,due_or_unpaid,R,,,MAR 2026,2026-09-10 09:29:25.37108+00
17632,2026-03-01,17,UDHAYA PANDIAN,2026-03-10,G/F,General Fitness,1000.00,,1000.00,due_or_unpaid,R,,M,MAR 2026,2026-09-10 09:29:25.37108+00
17633,2026-03-01,18,MANJIT KUMAR,2026-03-14,S/Z,Strength Zone,1000.00,,1000.00,due_or_unpaid,R,,M/E,MAR 2026,2026-09-10 09:29:25.37108+00
17634,2026-03-01,19,YUVARAJ C,2026-03-10,G/F,General Fitness,1000.00,,1000.00,due_or_unpaid,R,,E,MAR 2026,2026-09-10 09:29:25.37108+00
17635,2026-03-01,20,CHARLES,2026-03-09,S/Z,Strength Zone,800.00,800.00,0.00,paid,PAID,M,,MAR 2026,2026-09-10 09:29:25.37108+00
17636,2026-03-01,21,DHANUSH V,2026-03-10,S/Z,Strength Zone,800.00,,800.00,due_or_unpaid,R,,,MAR 2026,2026-09-10 09:29:25.37108+00
17637,2026-03-01,22,BOLORAM PONIKA A.J,2026-03-10,S/Z,Strength Zone,800.00,,800.00,due_or_unpaid,R,,,MAR 2026,2026-09-10 09:29:25.37108+00
17638,2026-03-01,23,PRASANTH M,2026-03-10,S/Z,Strength Zone,800.00,,800.00,due_or_unpaid,R,,,MAR 2026,2026-09-10 09:29:25.37108+00
17639,2026-03-01,24,RAGUL R,2026-03-14,S/Z,Strength Zone,800.00,,800.00,due_or_unpaid,R,200BL,E,MAR 2026,2026-09-10 09:29:25.37108+00
17640,2026-03-01,25,SANTHOSH M,2026-03-11,S/Z,Strength Zone,800.00,,800.00,due_or_unpaid,R,,,MAR 2026,2026-09-10 09:29:25.37108+00
17641,2026-03-01,26,MAZID ALI,2026-03-11,S/Z,Strength Zone,800.00,,800.00,due_or_unpaid,R,,,MAR 2026,2026-09-10 09:29:25.37108+00
17642,2026-03-01,27,SADIKUL ISLAM,2026-03-11,S/Z,Strength Zone,800.00,,800.00,due_or_unpaid,R,,,MAR 2026,2026-09-10 09:29:25.37108+00
17643,2026-03-01,28,LAKSHWANTH,2026-03-26,G/F,General Fitness,800.00,,800.00,due_or_unpaid,R,,E,MAR 2026,2026-09-10 09:29:25.37108+00
17644,2026-03-01,29,GOWTHAM A,2026-03-01,S/Z,Strength Zone,800.00,,800.00,due_or_unpaid,R,,,MAR 2026,2026-09-10 09:29:25.37108+00
17645,2026-03-01,30,PRADEEP Y,2026-03-20,S/Z,Strength Zone,800.00,800.00,0.00,paid,PAID,,M/E,MAR 2026,2026-09-10 09:29:25.37108+00
17646,2026-03-01,31,ROHIT R,2026-03-12,S/Z,Strength Zone,800.00,,800.00,due_or_unpaid,R,,E,MAR 2026,2026-09-10 09:29:25.37108+00
17647,2026-03-01,32,RISHI M,2026-03-03,S/Z,Strength Zone,800.00,,800.00,due_or_unpaid,R,,E,MAR 2026,2026-09-10 09:29:25.37108+00
17648,2026-03-01,33,GOPAL B,2026-03-12,S/Z,Strength Zone,800.00,,800.00,due_or_unpaid,R,,E,MAR 2026,2026-09-10 09:29:25.37108+00
17649,2026-03-01,34,KODOM ALI D,2026-03-13,S/Z,Strength Zone,800.00,,800.00,due_or_unpaid,R,,,MAR 2026,2026-09-10 09:29:25.37108+00
17650,2026-03-01,35,SUJAB ALI A,2026-03-13,S/Z,Strength Zone,800.00,,800.00,due_or_unpaid,R,,,MAR 2026,2026-09-10 09:29:25.37108+00
17651,2026-03-01,36,ASHABUL HOQUE S,2026-03-13,S/Z,Strength Zone,800.00,,800.00,due_or_unpaid,R,,,MAR 2026,2026-09-10 09:29:25.37108+00
17652,2026-03-01,37,SURESH K,2026-03-13,G/F,General Fitness,1000.00,,1000.00,due_or_unpaid,R,,,MAR 2026,2026-09-10 09:29:25.37108+00
17653,2026-03-01,38,YUVARAJ B,2026-03-13,S/F,,800.00,,800.00,due_or_unpaid,R,,E,MAR 2026,2026-09-10 09:29:25.37108+00
17654,2026-03-01,39,BALAKUMAR H,2026-03-13,G/F,General Fitness,1000.00,1000.00,0.00,paid,PAID,,E,MAR 2026,2026-09-10 09:29:25.37108+00
17655,2026-03-01,40,SIDDHARATH V,2026-03-13,S/Z,Strength Zone,1000.00,,1000.00,due_or_unpaid,R,,M/E,MAR 2026,2026-09-10 09:29:25.37108+00
17656,2026-03-01,41,VAJRAVEL A,2026-03-13,G/F,General Fitness,1000.00,1000.00,0.00,paid,PAID,,M,MAR 2026,2026-09-10 09:29:25.37108+00
17657,2026-03-01,42,SARAVANAN K,2026-03-13,S/Z,Strength Zone,800.00,800.00,0.00,paid,PAID,,E,MAR 2026,2026-09-10 09:29:25.37108+00
17658,2026-03-01,43,ARJUN S,2026-03-13,S/Z,Strength Zone,800.00,,800.00,due_or_unpaid,R,,,MAR 2026,2026-09-10 09:29:25.37108+00
17659,2026-03-01,44,RAM PRASAD,2026-03-14,G/F,General Fitness,1000.00,,1000.00,due_or_unpaid,R,,,MAR 2026,2026-09-10 09:29:25.37108+00
17660,2026-03-01,45,SANTHOSH,2026-03-01,S/Z,Strength Zone,800.00,,800.00,due_or_unpaid,R,,,MAR 2026,2026-09-10 09:29:25.37108+00
17661,2026-03-01,46,SRI RAM R,2026-03-14,S/Z,Strength Zone,1000.00,,1900.00,due_or_unpaid,R,,E,MAR 2026,2026-09-10 09:29:25.37108+00
17662,2026-03-01,47,ANBU N,2026-03-14,G/F,General Fitness,1000.00,,1000.00,due_or_unpaid,R,,,MAR 2026,2026-09-10 09:29:25.37108+00
17663,2026-03-01,48,ARAVINDKUMAR P,2026-03-14,S/Z,Strength Zone,800.00,,800.00,due_or_unpaid,R,,,MAR 2026,2026-09-10 09:29:25.37108+00
17664,2026-03-01,49,ARUN S,2026-03-16,G/F,General Fitness,1000.00,,1000.00,due_or_unpaid,R,,,MAR 2026,2026-09-10 09:29:25.37108+00
17665,2026-03-01,50,AATHI,2025-02-17,S/Z,Strength Zone,800.00,,800.00,due_or_unpaid,R,,E,MAR 2026,2026-09-10 09:29:25.37108+00
17666,2026-03-01,51,JOTHILINGAM R,2026-03-15,G/F,General Fitness,1000.00,,1000.00,due_or_unpaid,R,,,MAR 2026,2026-09-10 09:29:25.37108+00
17667,2026-03-01,52,VASANTH J,2027-01-15,S/Z,Strength Zone,7500.00,,7500.00,paid,PAID,,M,MAR 2026,2026-09-10 09:29:25.37108+00
17668,2026-03-01,53,BESTY PAULINE,2026-03-16,G/F,General Fitness,1000.00,,1000.00,due_or_unpaid,R,,,MAR 2026,2026-09-10 09:29:25.37108+00
17669,2026-03-01,54,PREM KUMAR Y,2026-03-16,S/Z,Strength Zone,800.00,,800.00,due_or_unpaid,R,,,MAR 2026,2026-09-10 09:29:25.37108+00
17670,2026-03-01,55,JAWAID F,2026-03-16,S/Z,Strength Zone,800.00,,800.00,due_or_unpaid,R,,,MAR 2026,2026-09-10 09:29:25.37108+00
17671,2026-03-01,56,BOBIDUL ISLAM A,2026-03-16,G/F,General Fitness,1000.00,,1000.00,due_or_unpaid,R,,,MAR 2026,2026-09-10 09:29:25.37108+00
17672,2026-03-01,57,ABDUL KHALAK J,2026-03-16,G/F,General Fitness,1000.00,,1000.00,due_or_unpaid,R,,,MAR 2026,2026-09-10 09:29:25.37108+00
17673,2026-03-01,58,MEHERUL HAQUE S,2026-03-16,G/F,General Fitness,1000.00,,1000.00,due_or_unpaid,R,,,MAR 2026,2026-09-10 09:29:25.37108+00
17674,2026-03-01,59,JAGADEESH M,2026-03-16,G/F,General Fitness,1000.00,,1000.00,due_or_unpaid,R,,,MAR 2026,2026-09-10 09:29:25.37108+00
17675,2026-03-01,60,FAIYAZ AHMED A,2026-03-16,S/Z,Strength Zone,800.00,,800.00,due_or_unpaid,R,,,MAR 2026,2026-09-10 09:29:25.37108+00
17676,2026-03-01,61,MAMIDUL ALI,2026-03-17,S/Z,Strength Zone,800.00,,800.00,due_or_unpaid,R,,,MAR 2026,2026-09-10 09:29:25.37108+00
17677,2026-03-01,62,VINOTH KUMAR,2026-03-17,G/F,General Fitness,800.00,,800.00,due_or_unpaid,R,,,MAR 2026,2026-09-10 09:29:25.37108+00
17678,2026-03-01,63,ABDUL BATIN,2026-03-17,S/Z,Strength Zone,800.00,,800.00,due_or_unpaid,R,,,MAR 2026,2026-09-10 09:29:25.37108+00
17679,2026-03-01,64,NILCHAN ALI,2026-03-17,S/Z,Strength Zone,800.00,,800.00,due_or_unpaid,R,,,MAR 2026,2026-09-10 09:29:25.37108+00
17680,2026-03-01,65,MONIRUAL HOQUE,2026-03-17,S/Z,Strength Zone,800.00,,800.00,due_or_unpaid,R,,,MAR 2026,2026-09-10 09:29:25.37108+00
17681,2026-03-01,66,AMIR HAMJA,2026-03-17,S/Z,Strength Zone,800.00,,800.00,due_or_unpaid,R,,,MAR 2026,2026-09-10 09:29:25.37108+00
17682,2026-03-01,67,SUNIL R,2026-03-17,G/F,General Fitness,1000.00,,1000.00,due_or_unpaid,R,,,MAR 2026,2026-09-10 09:29:25.37108+00
17683,2026-03-01,68,SUDHAKAR S,2026-03-17,S/Z,Strength Zone,800.00,,800.00,due_or_unpaid,R,,,MAR 2026,2026-09-10 09:29:25.37108+00
17684,2026-03-01,69,AMINUL ISLAM MD,2026-03-18,S/Z,Strength Zone,800.00,,800.00,due_or_unpaid,R,,,MAR 2026,2026-09-10 09:29:25.37108+00
17685,2026-03-01,70,TAFIKUL ISLAM,2026-03-18,G/F,General Fitness,1000.00,,800.00,due_or_unpaid,R,,,MAR 2026,2026-09-10 09:29:25.37108+00
17686,2026-03-01,72,HAFIZUR RAHMAM,2026-03-19,S/Z,Strength Zone,800.00,,800.00,due_or_unpaid,R,,,MAR 2026,2026-09-10 09:29:25.37108+00
17687,2026-03-01,73,MOJNUR,2026-03-19,S/Z,Strength Zone,800.00,,800.00,due_or_unpaid,R,,,MAR 2026,2026-09-10 09:29:25.37108+00
17688,2026-03-01,74,YOGESH R,2026-03-19,S/Z,Strength Zone,800.00,,800.00,due_or_unpaid,R,,,MAR 2026,2026-09-10 09:29:25.37108+00
17689,2026-03-01,75,NAVAS,2026-03-19,G/F,General Fitness,1000.00,,800.00,due_or_unpaid,R,,,MAR 2026,2026-09-10 09:29:25.37108+00
17690,2026-03-01,76,TAYABUR RAHMAN A,2026-03-20,S/Z,Strength Zone,800.00,,800.00,due_or_unpaid,R,,,MAR 2026,2026-09-10 09:29:25.37108+00
17691,2026-03-01,78,RATHISH KUMAR,2026-03-23,G/F,General Fitness,1000.00,,1000.00,due_or_unpaid,R,,M/E,MAR 2026,2026-09-10 09:29:25.37108+00
17692,2026-03-01,78,SANTHOSH,2026-03-29,G/F,General Fitness,1000.00,,1000.00,due_or_unpaid,R,,,MAR 2026,2026-09-10 09:29:25.37108+00
17693,2026-03-01,79,DARVIN RAJ J,2025-06-10,G/F,General Fitness,1000.00,,1000.00,due_or_unpaid,R,,,MAR 2026,2026-09-10 09:29:25.37108+00
17694,2026-03-01,80,PRASANTH S,2026-03-23,S/Z,Strength Zone,800.00,,800.00,due_or_unpaid,R,,,MAR 2026,2026-09-10 09:29:25.37108+00
17695,2026-03-01,81,GURU SHANKAR,2026-03-23,S/Z,Strength Zone,800.00,,800.00,due_or_unpaid,R,,,MAR 2026,2026-09-10 09:29:25.37108+00
17696,2026-03-01,82,NARJUL ISLAM A,2026-03-23,S/Z,Strength Zone,800.00,,800.00,due_or_unpaid,R,,,MAR 2026,2026-09-10 09:29:25.37108+00
17697,2026-03-01,83,SANGIT KUMAR SAMANTHA,2026-03-23,G/F,General Fitness,1000.00,,800.00,due_or_unpaid,R,,,MAR 2026,2026-09-10 09:29:25.37108+00
17698,2026-03-01,84,RAGUL A,2026-03-23,S/Z,Strength Zone,800.00,,800.00,due_or_unpaid,R,,E,MAR 2026,2026-09-10 09:29:25.37108+00
17699,2026-03-01,85,ASWINI SAGAR SWAIN,2026-03-24,S/Z,Strength Zone,800.00,,800.00,due_or_unpaid,R,,,MAR 2026,2026-09-10 09:29:25.37108+00
17700,2026-03-01,86,DEEPAK M,2026-03-08,G/F,General Fitness,1000.00,,1000.00,due_or_unpaid,R,,M,MAR 2026,2026-09-10 09:29:25.37108+00
17701,2026-03-01,88,NATHAN K,2026-03-25,S/Z,Strength Zone,800.00,,800.00,due_or_unpaid,R,,,MAR 2026,2026-09-10 09:29:25.37108+00
17702,2026-03-01,89,MOIN UDDIN A,2026-03-25,S/Z,Strength Zone,800.00,,800.00,due_or_unpaid,R,,,MAR 2026,2026-09-10 09:29:25.37108+00
17703,2026-03-01,90,ALI AHMED R,2026-03-25,S/Z,Strength Zone,800.00,,800.00,due_or_unpaid,R,,,MAR 2026,2026-09-10 09:29:25.37108+00
17704,2026-03-01,91,ABINASH S,2026-03-27,S/Z,Strength Zone,800.00,,800.00,due_or_unpaid,R,,E,MAR 2026,2026-09-10 09:29:25.37108+00
17705,2026-03-01,92,ARAVIND S,2026-03-28,S/Z,Strength Zone,800.00,,800.00,due_or_unpaid,R,,,MAR 2026,2026-09-10 09:29:25.37108+00
17706,2026-03-01,93,ASHADUL,2026-03-30,G/F,General Fitness,1000.00,,800.00,due_or_unpaid,R,,,MAR 2026,2026-09-10 09:29:25.37108+00
17707,2026-03-01,94,GUHAN A,2026-03-30,S/Z,Strength Zone,800.00,,800.00,due_or_unpaid,R,,,MAR 2026,2026-09-10 09:29:25.37108+00
17708,2026-03-01,95,ROKIBUL HUSSAIN A,2026-03-30,S/Z,Strength Zone,800.00,,800.00,due_or_unpaid,R,,,MAR 2026,2026-09-10 09:29:25.37108+00
17709,2026-03-01,96,MERVYN,2026-03-01,G/F,General Fitness,7000.00,,7000.00,due_or_unpaid,R,,,MAR 2026,2026-09-10 09:29:25.37108+00
17710,2026-03-01,97,MICHAEL A,2026-03-01,S/Z,Strength Zone,800.00,,800.00,due_or_unpaid,R,,,MAR 2026,2026-09-10 09:29:25.37108+00
17711,2026-03-01,98,SUGAN RAJ M,2026-03-01,S/Z,Strength Zone,800.00,,800.00,due_or_unpaid,R,,,MAR 2026,2026-09-10 09:29:25.37108+00
17712,2026-03-01,99,SHUTRUGHAN KUMAR R,2026-03-04,G/F,General Fitness,800.00,800.00,0.00,paid,PAID,,M,MAR 2026,2026-09-10 09:29:25.37108+00
17713,2026-03-01,100,DAVID A,2026-03-02,G/F,General Fitness,1000.00,,1000.00,due_or_unpaid,R,,,MAR 2026,2026-09-10 09:29:25.37108+00
17714,2026-03-01,101,PETER A,2026-03-02,G/F,General Fitness,1000.00,,1000.00,due_or_unpaid,R,,,MAR 2026,2026-09-10 09:29:25.37108+00
17715,2026-03-01,102,KUMARAN M,2026-03-09,S/Z,Strength Zone,800.00,800.00,0.00,paid,PAID,,E,MAR 2026,2026-09-10 09:29:25.37108+00
17716,2026-03-01,103,CHARAN KUMAR V,2026-03-10,G/F,General Fitness,1000.00,,1000.00,due_or_unpaid,R,,M/E,MAR 2026,2026-09-10 09:29:25.37108+00
17717,2026-03-01,104,SETTU E,2026-03-03,S/Z,Strength Zone,800.00,,800.00,due_or_unpaid,R,,,MAR 2026,2026-09-10 09:29:25.37108+00
17718,2026-03-01,105,NITHISH KUMAR S,2026-03-15,S/Z,Strength Zone,800.00,,800.00,due_or_unpaid,R,,M,MAR 2026,2026-09-10 09:29:25.37108+00
17719,2026-03-01,106,RAMESH S,2026-03-04,G/F,General Fitness,1000.00,,1000.00,due_or_unpaid,R,,,MAR 2026,2026-09-10 09:29:25.37108+00
17720,2026-03-01,107,SANJAN V,2026-03-05,S/Z,Strength Zone,800.00,,800.00,due_or_unpaid,R,,,MAR 2026,2026-09-10 09:29:25.37108+00
17721,2026-03-01,108,DIVAKAR M,2026-03-05,G/F,General Fitness,1000.00,,1000.00,due_or_unpaid,R,,M,MAR 2026,2026-09-10 09:29:25.37108+00
17722,2026-03-01,109,DANIEL R,2026-03-05,S/Z,Strength Zone,800.00,1000.00,0.00,paid,PAID,,M,MAR 2026,2026-09-10 09:29:25.37108+00
17723,2026-03-01,110,MANIKANADAN,2026-03-07,G/F,General Fitness,1000.00,,1000.00,due_or_unpaid,R,,,MAR 2026,2026-09-10 09:29:27.999665+00
17724,2026-03-01,111,PRITHIVIKASH,2026-03-26,S/Z,Strength Zone,800.00,,800.00,due_or_unpaid,R,,,MAR 2026,2026-09-10 09:29:27.999665+00
17725,2026-03-01,112,CHANDRU,2026-03-08,S/Z,Strength Zone,800.00,,800.00,due_or_unpaid,R,,,MAR 2026,2026-09-10 09:29:27.999665+00
17726,2026-03-01,113,SANJAY J,2026-03-04,S/Z,Strength Zone,800.00,,800.00,due_or_unpaid,R,,M,MAR 2026,2026-09-10 09:29:27.999665+00
17727,2026-03-01,114,AJITH D,2026-03-09,S/Z,Strength Zone,800.00,,800.00,due_or_unpaid,R,,,MAR 2026,2026-09-10 09:29:27.999665+00
17728,2026-03-01,115,SANJAY B,2026-03-09,S/Z,Strength Zone,800.00,,800.00,due_or_unpaid,R,,,MAR 2026,2026-09-10 09:29:27.999665+00
17729,2026-03-01,116,TAMIL SELVAN M,2026-03-12,S/Z,Strength Zone,800.00,,800.00,due_or_unpaid,R,,,MAR 2026,2026-09-10 09:29:27.999665+00
17730,2026-03-01,117,ARUN YADAV,2026-03-12,S/Z,Strength Zone,800.00,,800.00,due_or_unpaid,R,,,MAR 2026,2026-09-10 09:29:27.999665+00
17731,2026-03-01,118,GIRI S,2026-03-13,S/Z,Strength Zone,800.00,,800.00,due_or_unpaid,R,,,MAR 2026,2026-09-10 09:29:27.999665+00
17732,2026-03-01,119,JOHNSON S,2026-03-14,S/Z,Strength Zone,800.00,,800.00,due_or_unpaid,R,,,MAR 2026,2026-09-10 09:29:27.999665+00
17733,2026-03-01,120,DEEPAK BILUNG,2026-03-15,S/Z,Strength Zone,800.00,,800.00,due_or_unpaid,R,,,MAR 2026,2026-09-10 09:29:27.999665+00
17734,2026-03-01,121,BINU,2026-03-15,S/Z,Strength Zone,800.00,,800.00,due_or_unpaid,R,,,MAR 2026,2026-09-10 09:29:27.999665+00
17735,2026-03-01,122,SOHEL RANA,2026-03-16,G/F,General Fitness,1000.00,,1000.00,due_or_unpaid,R,,,MAR 2026,2026-09-10 09:29:27.999665+00
17736,2026-03-01,123,CHAITANYA K,2026-03-17,G/F,General Fitness,1000.00,,1000.00,due_or_unpaid,R,,,MAR 2026,2026-09-10 09:29:27.999665+00
17737,2026-03-01,124,KATHIRAVAN.E,2026-03-18,S/Z,Strength Zone,800.00,,800.00,due_or_unpaid,R,,,MAR 2026,2026-09-10 09:29:27.999665+00
17738,2026-03-01,125,MOORTHY R,2026-03-18,S/Z,Strength Zone,800.00,,800.00,due_or_unpaid,R,,,MAR 2026,2026-09-10 09:29:27.999665+00
17739,2026-03-01,126,SANJAY S,2026-03-18,S/Z,Strength Zone,800.00,,800.00,due_or_unpaid,R,,,MAR 2026,2026-09-10 09:29:27.999665+00
17740,2026-03-01,127,PERUMAL V,2026-03-19,S/Z,Strength Zone,800.00,,800.00,due_or_unpaid,R,,,MAR 2026,2026-09-10 09:29:27.999665+00
17741,2026-03-01,128,EMAMUL HUSSAIN A,2026-03-20,S/Z,Strength Zone,800.00,,800.00,due_or_unpaid,R,,,MAR 2026,2026-09-10 09:29:27.999665+00
17742,2026-03-01,129,JEEVA M,2026-03-21,S/Z,Strength Zone,800.00,,1000.00,due_or_unpaid,R,,,MAR 2026,2026-09-10 09:29:27.999665+00
17743,2026-03-01,130,ARAVIND S,2026-03-19,S/Z,Strength Zone,800.00,,800.00,due_or_unpaid,R,,,MAR 2026,2026-09-10 09:29:27.999665+00
17744,2026-03-01,131,SURESH P,2026-03-28,S/Z,Strength Zone,800.00,,800.00,due_or_unpaid,R,,,MAR 2026,2026-09-10 09:29:27.999665+00
17745,2026-03-01,132,KAMAL M,2026-03-28,S/Z,Strength Zone,800.00,,800.00,due_or_unpaid,R,,,MAR 2026,2026-09-10 09:29:27.999665+00
17746,2026-03-01,133,FARHAN,2026-03-29,S/Z,Strength Zone,800.00,,800.00,due_or_unpaid,R,,,MAR 2026,2026-09-10 09:29:27.999665+00
17747,2026-03-01,134,HARISHIT D,2026-03-30,S/Z,Strength Zone,800.00,,800.00,due_or_unpaid,R,,,MAR 2026,2026-09-10 09:29:27.999665+00
17748,2026-03-01,135,BALAJI Y,2026-03-01,G/F,General Fitness,800.00,,800.00,due_or_unpaid,R,,,MAR 2026,2026-09-10 09:29:27.999665+00
17749,2026-03-01,136,PETER A,2026-04-01,G/F,General Fitness,1000.00,,7500.00,paid,PAID,,M,MAR 2026,2026-09-10 09:29:27.999665+00
17750,2026-03-01,137,KAMESH R,2026-03-08,S/Z,Strength Zone,800.00,,800.00,due_or_unpaid,R,,,MAR 2026,2026-09-10 09:29:27.999665+00
17751,2026-03-01,138,PREM S,2026-03-04,S/Z,Strength Zone,800.00,,800.00,due_or_unpaid,R,,,MAR 2026,2026-09-10 09:29:27.999665+00
17752,2026-03-01,139,VIMAL RAJ R,2026-03-04,S/Z,Strength Zone,800.00,,800.00,due_or_unpaid,R,,,MAR 2026,2026-09-10 09:29:27.999665+00
17753,2026-03-01,140,JOSEPH,2026-03-04,S/Z,Strength Zone,800.00,,800.00,due_or_unpaid,R,,E,MAR 2026,2026-09-10 09:29:27.999665+00
17754,2026-03-01,141,ALA IMRAN A,2026-03-04,G/F,General Fitness,1000.00,,1000.00,due_or_unpaid,R,,E,MAR 2026,2026-09-10 09:29:27.999665+00
17755,2026-03-01,142,HAZRAT ALI,2026-03-05,S/Z,Strength Zone,800.00,,800.00,due_or_unpaid,R,,,MAR 2026,2026-09-10 09:29:27.999665+00
17756,2026-03-01,143,MAHESHWAR GOPE,2026-03-05,S/Z,Strength Zone,800.00,,800.00,due_or_unpaid,R,,,MAR 2026,2026-09-10 09:29:27.999665+00
17757,2026-03-01,144,SAKTHI DS,2026-03-09,S/Z,Strength Zone,800.00,,800.00,due_or_unpaid,R,,M/E,MAR 2026,2026-09-10 09:29:27.999665+00
17758,2026-03-01,145,MUKESH S,2026-03-22,S/Z,Strength Zone,800.00,,800.00,due_or_unpaid,R,,,MAR 2026,2026-09-10 09:29:27.999665+00
17759,2026-03-01,146,AKASH SATHIVEL,2026-03-10,G/F,General Fitness,1000.00,,1000.00,due_or_unpaid,R,,,MAR 2026,2026-09-10 09:29:27.999665+00
17760,2026-03-01,147,SARAN RAJ S,2026-03-10,G/F,General Fitness,1000.00,,1000.00,due_or_unpaid,R,,,MAR 2026,2026-09-10 09:29:27.999665+00
17761,2026-03-01,148,SUDHAKAR S,2026-03-11,G/F,General Fitness,1000.00,,1000.00,due_or_unpaid,R,,M/E,MAR 2026,2026-09-10 09:29:27.999665+00
17762,2026-03-01,149,UMAMAHESWARA RAO,2026-03-11,G/F,General Fitness,1000.00,,1000.00,due_or_unpaid,R,,,MAR 2026,2026-09-10 09:29:27.999665+00
17763,2026-03-01,150,BARKATHULLAM,2026-03-12,G/F,General Fitness,1000.00,,1000.00,due_or_unpaid,R,,E,MAR 2026,2026-09-10 09:29:27.999665+00
17764,2026-03-01,151,ABDUL KALAM A,2026-03-13,G/F,General Fitness,1000.00,,1000.00,due_or_unpaid,R,,,MAR 2026,2026-09-10 09:29:27.999665+00
17765,2026-03-01,152,JARDIS SK,2026-03-13,S/Z,Strength Zone,800.00,,800.00,due_or_unpaid,R,,,MAR 2026,2026-09-10 09:29:27.999665+00
17766,2026-03-01,153,MANOJ M,2026-03-14,S/Z,Strength Zone,800.00,,800.00,due_or_unpaid,R,,,MAR 2026,2026-09-10 09:29:27.999665+00
17767,2026-03-01,154,NANTHA KUMAR A,2026-03-14,S/Z,Strength Zone,800.00,,1000.00,due_or_unpaid,R,,,MAR 2026,2026-09-10 09:29:27.999665+00
17768,2026-03-01,155,MANOJ E,2026-03-14,S/Z,Strength Zone,800.00,,800.00,due_or_unpaid,R,,M,MAR 2026,2026-09-10 09:29:27.999665+00
17769,2026-03-01,156,PRAVEEN KUMAR S,2026-03-28,G/F,General Fitness,800.00,,800.00,due_or_unpaid,R,,,MAR 2026,2026-09-10 09:29:27.999665+00
17770,2026-03-01,157,SURYA S,2026-03-23,S/Z,Strength Zone,800.00,,800.00,due_or_unpaid,R,,,MAR 2026,2026-09-10 09:29:27.999665+00
17771,2026-03-01,158,MURALI S,2026-03-23,S/Z,Strength Zone,800.00,,800.00,due_or_unpaid,R,,,MAR 2026,2026-09-10 09:29:27.999665+00
17772,2026-03-01,159,RITHISH V,2026-03-18,S/Z,Strength Zone,800.00,,800.00,due_or_unpaid,R,,,MAR 2026,2026-09-10 09:29:27.999665+00
17773,2026-03-01,160,EMIMAL M,2026-03-19,G/F,General Fitness,1000.00,,800.00,due_or_unpaid,R,,,MAR 2026,2026-09-10 09:29:27.999665+00
17774,2026-03-01,161,YUVAN SHANKAR T,2026-03-17,G/F,General Fitness,1000.00,,1000.00,due_or_unpaid,R,,M,MAR 2026,2026-09-10 09:29:27.999665+00
17775,2026-03-01,162,JENIFER S,2026-03-04,G/F,General Fitness,1000.00,,1000.00,due_or_unpaid,R,,M,MAR 2026,2026-09-10 09:29:27.999665+00
17776,2026-03-01,163,SANJEEV D.S,2026-03-13,G/F,General Fitness,800.00,1000.00,0.00,paid,PAID,,M,MAR 2026,2026-09-10 09:29:27.999665+00
17777,2026-03-01,164,VASANTH KUMAR G,2026-03-05,S/Z,Strength Zone,800.00,,800.00,due_or_unpaid,R,,,MAR 2026,2026-09-10 09:29:27.999665+00
17778,2026-03-01,165,KISHORE KUMAR V,2026-03-07,S/Z,Strength Zone,800.00,,800.00,due_or_unpaid,R,,,MAR 2026,2026-09-10 09:29:27.999665+00
17779,2026-03-01,166,SANTHOSH KUMAR S,2026-03-07,S/Z,Strength Zone,800.00,,800.00,due_or_unpaid,R,,,MAR 2026,2026-09-10 09:29:27.999665+00
17780,2026-03-01,167,SANTHOSH KUMAR A,2026-03-09,S/Z,Strength Zone,800.00,,800.00,due_or_unpaid,R,,M,MAR 2026,2026-09-10 09:29:27.999665+00
17781,2026-03-01,168,ETHIRAJ T,2026-03-09,S/Z,Strength Zone,800.00,,800.00,due_or_unpaid,R,,,MAR 2026,2026-09-10 09:29:27.999665+00
17782,2026-03-01,169,PRASANTH M,2026-03-10,G/F,General Fitness,1000.00,,1000.00,due_or_unpaid,R,,,MAR 2026,2026-09-10 09:29:27.999665+00
17783,2026-03-01,170,RAGHUL R,2026-03-12,S/Z,Strength Zone,800.00,,800.00,due_or_unpaid,R,,,MAR 2026,2026-09-10 09:29:27.999665+00
17784,2026-03-01,171,GOWTHAM S,2026-03-16,G/F,General Fitness,1000.00,,1000.00,due_or_unpaid,R,,,MAR 2026,2026-09-10 09:29:27.999665+00
17785,2026-03-01,172,RAJESH S,2026-03-16,G/F,General Fitness,1000.00,,1000.00,due_or_unpaid,R,,,MAR 2026,2026-09-10 09:29:27.999665+00
17786,2026-03-01,173,AATHIYAPPAN S,2026-03-30,S/Z,Strength Zone,800.00,,800.00,due_or_unpaid,R,,M,MAR 2026,2026-09-10 09:29:27.999665+00
17787,2026-03-01,174,GODSON PRAVEEN J,2026-03-19,G/F,General Fitness,1000.00,,800.00,due_or_unpaid,R,,,MAR 2026,2026-09-10 09:29:27.999665+00
17788,2026-03-01,175,KABILAN R,2026-03-26,S/Z,Strength Zone,800.00,,800.00,due_or_unpaid,R,,,MAR 2026,2026-09-10 09:29:27.999665+00
17789,2026-03-01,176,KAMAL S,2026-03-28,S/Z,Strength Zone,1000.00,,800.00,due_or_unpaid,R,,,MAR 2026,2026-09-10 09:29:27.999665+00
17790,2026-03-01,177,MOHAMED ASHWAQ S,2026-03-02,S/Z,Strength Zone,800.00,,800.00,due_or_unpaid,R,,M,MAR 2026,2026-09-10 09:29:27.999665+00
17791,2026-03-01,178,VICKY,2026-03-03,S/Z,Strength Zone,800.00,,800.00,due_or_unpaid,R,,,MAR 2026,2026-09-10 09:29:27.999665+00
17792,2026-03-01,180,DEEPAK G,2026-03-05,G/F,General Fitness,1000.00,,1000.00,due_or_unpaid,R,,,MAR 2026,2026-09-10 09:29:27.999665+00
17793,2026-03-01,181,AGILESHWARAN M,2026-03-09,S/Z,Strength Zone,800.00,,800.00,due_or_unpaid,R,,,MAR 2026,2026-09-10 09:29:27.999665+00
17794,2026-03-01,182,MUKESH R,2026-03-11,S/Z,Strength Zone,800.00,,800.00,due_or_unpaid,R,,,MAR 2026,2026-09-10 09:29:27.999665+00
17795,2026-03-01,183,SACHIN AARON T,2026-03-17,S/Z,Strength Zone,800.00,,800.00,due_or_unpaid,R,,,MAR 2026,2026-09-10 09:29:27.999665+00
17796,2026-03-01,184,SANTHOSH R,2026-03-03,S/Z,Strength Zone,800.00,,800.00,due_or_unpaid,R,,M,MAR 2026,2026-09-10 09:29:27.999665+00
17797,2026-03-01,185,VISHNU VARTHAN S,2026-03-12,S/Z,Strength Zone,800.00,,800.00,due_or_unpaid,R,,M,MAR 2026,2026-09-10 09:29:27.999665+00
17798,2026-03-01,186,MOGESH V,2026-03-25,S/Z,Strength Zone,800.00,,800.00,due_or_unpaid,R,,,MAR 2026,2026-09-10 09:29:27.999665+00
17799,2026-03-01,187,VISHWA R A,2026-03-27,S/Z,Strength Zone,800.00,,800.00,due_or_unpaid,R,,,MAR 2026,2026-09-10 09:29:27.999665+00
17800,2026-03-01,188,RAMASUBRAMANI K,2026-03-29,S/Z,Strength Zone,800.00,,800.00,due_or_unpaid,R,,,MAR 2026,2026-09-10 09:29:27.999665+00
17801,2026-03-01,189,DHANASINGH P,2026-03-29,S/Z,Strength Zone,800.00,,800.00,due_or_unpaid,R,,,MAR 2026,2026-09-10 09:29:27.999665+00
17802,2026-03-01,190,AMAR NATH R,2026-03-03,G/F,General Fitness,1000.00,,1000.00,due_or_unpaid,R,,M,MAR 2026,2026-09-10 09:29:27.999665+00
17803,2026-03-01,191,PUVIYARASAN G,2026-03-10,S/Z,Strength Zone,800.00,,800.00,due_or_unpaid,R,,,MAR 2026,2026-09-10 09:29:27.999665+00
17804,2026-03-01,192,DINESH KUMAR R,2026-03-04,S/Z,Strength Zone,800.00,800.00,0.00,paid,PAID,,M,MAR 2026,2026-09-10 09:29:27.999665+00
17805,2026-03-01,193,ARUN KUMAR R,2026-03-04,G/F,General Fitness,1000.00,,1000.00,due_or_unpaid,R,,,MAR 2026,2026-09-10 09:29:27.999665+00
17806,2026-03-01,194,ASWIN P BENNY,2026-03-04,G/F,General Fitness,1000.00,,1000.00,due_or_unpaid,R,,,MAR 2026,2026-09-10 09:29:27.999665+00
17807,2026-03-01,195,ROCK R,2026-03-04,S/Z,Strength Zone,800.00,,800.00,due_or_unpaid,R,,,MAR 2026,2026-09-10 09:29:27.999665+00
17808,2026-03-01,196,SURIYA PRAKSH M,2026-03-12,S/Z,Strength Zone,800.00,,800.00,due_or_unpaid,R,,E,MAR 2026,2026-09-10 09:29:27.999665+00
17809,2026-03-01,197,BHARATHI RAJA M,2026-03-12,G/F,General Fitness,1000.00,,1000.00,due_or_unpaid,R,,,MAR 2026,2026-09-10 09:29:27.999665+00
17810,2026-03-01,198,SURYA R,2026-03-12,S/Z,Strength Zone,800.00,,800.00,due_or_unpaid,R,,,MAR 2026,2026-09-10 09:29:27.999665+00
17811,2026-03-01,199,NIVEN K,2026-03-13,S/Z,Strength Zone,800.00,,800.00,due_or_unpaid,R,,,MAR 2026,2026-09-10 09:29:27.999665+00
17812,2026-03-01,200,DHAYALAN R,2026-03-21,G/F,General Fitness,1000.00,,1000.00,due_or_unpaid,R,,,MAR 2026,2026-09-10 09:29:27.999665+00
17813,2026-03-01,201,KARTHI BALAJI R,2026-03-13,S/Z,Strength Zone,800.00,,800.00,due_or_unpaid,R,,,MAR 2026,2026-09-10 09:29:27.999665+00
17814,2026-03-01,202,HARI KRISHNAN G,2026-03-18,G/F,General Fitness,1000.00,1000.00,0.00,paid,PAID,,M/E,MAR 2026,2026-09-10 09:29:27.999665+00
17815,2026-03-01,203,VIGNESH K,2026-03-18,G/F,General Fitness,1000.00,1000.00,0.00,paid,PAID,3000,M/E,MAR 2026,2026-09-10 09:29:27.999665+00
17816,2026-03-01,204,AKASH C,2026-03-20,S/Z,Strength Zone,800.00,,800.00,due_or_unpaid,R,,,MAR 2026,2026-09-10 09:29:27.999665+00
17817,2026-03-01,205,MANI MARAN M,2026-03-20,S/Z,Strength Zone,800.00,,800.00,due_or_unpaid,R,,,MAR 2026,2026-09-10 09:29:27.999665+00
17818,2026-03-01,206,SANTHA KUMAR S,2026-03-24,G/F,General Fitness,1000.00,,1000.00,due_or_unpaid,R,,,MAR 2026,2026-09-10 09:29:27.999665+00
17819,2026-03-01,207,SANJAY S,2026-03-24,S/Z,Strength Zone,800.00,,800.00,due_or_unpaid,R,,,MAR 2026,2026-09-10 09:29:27.999665+00
17820,2026-03-01,208,SEEN N,2026-03-24,S/Z,Strength Zone,800.00,,800.00,due_or_unpaid,R,,,MAR 2026,2026-09-10 09:29:27.999665+00
17821,2026-03-01,209,PASUPATHI M,2027-01-13,G/F,General Fitness,7500.00,,7500.00,paid,PAID,,,MAR 2026,2026-09-10 09:29:27.999665+00
17822,2026-03-01,210,NAVEEN K.M,2026-03-03,G/F,General Fitness,1000.00,1000.00,0.00,paid,PAID,,M,MAR 2026,2026-09-10 09:29:27.999665+00
17823,2026-03-01,211,SUNIL KUMAR H,2026-03-03,S/Z,Strength Zone,800.00,,800.00,due_or_unpaid,R,,,MAR 2026,2026-09-10 09:29:27.999665+00
17824,2026-03-01,212,ALI,2026-03-03,S/Z,Strength Zone,800.00,,800.00,due_or_unpaid,R,,,MAR 2026,2026-09-10 09:29:27.999665+00
17825,2026-03-01,213,SADDAM,2026-03-03,S/Z,Strength Zone,800.00,,800.00,due_or_unpaid,R,,,MAR 2026,2026-09-10 09:29:27.999665+00
17826,2026-03-01,214,SUMAN RAJ P,2026-03-10,G/F,General Fitness,1000.00,,1000.00,due_or_unpaid,R,,,MAR 2026,2026-09-10 09:29:27.999665+00
17827,2026-03-01,215,MICHEAL PRAKASH P,2026-03-11,G/F,General Fitness,1000.00,,1000.00,due_or_unpaid,R,,,MAR 2026,2026-09-10 09:29:27.999665+00
17828,2026-03-01,216,RAJA K,2026-03-11,G/F,General Fitness,1000.00,,1000.00,due_or_unpaid,R,,,MAR 2026,2026-09-10 09:29:27.999665+00
17829,2026-03-01,217,SANJAY P R,2026-03-11,S/Z,Strength Zone,800.00,,800.00,due_or_unpaid,R,,,MAR 2026,2026-09-10 09:29:27.999665+00
17830,2026-03-01,218,NARENDRAN T,2026-03-14,S/Z,Strength Zone,800.00,,800.00,due_or_unpaid,R,,,MAR 2026,2026-09-10 09:29:27.999665+00
17831,2026-03-01,219,SUNIL P,2026-03-13,S/Z,Strength Zone,800.00,800.00,0.00,paid,PAID,,M,MAR 2026,2026-09-10 09:29:27.999665+00
17832,2026-03-01,220,VENKET,2026-03-13,G/F,General Fitness,1000.00,,1000.00,due_or_unpaid,R,,,MAR 2026,2026-09-10 09:29:27.999665+00
17833,2026-03-01,221,KARTHICK R,2026-03-15,S/Z,Strength Zone,800.00,,800.00,due_or_unpaid,R,,,MAR 2026,2026-09-10 09:29:27.999665+00
17834,2026-03-01,222,MUNISH KUMAR B,2026-03-17,S/Z,Strength Zone,800.00,,800.00,due_or_unpaid,R,,,MAR 2026,2026-09-10 09:29:27.999665+00
17835,2026-03-01,223,RAJIBUL ALI T,2026-03-22,S/Z,Strength Zone,800.00,,800.00,due_or_unpaid,R,,,MAR 2026,2026-09-10 09:29:27.999665+00
17836,2026-03-01,224,MOHANRAJ P,2026-03-07,G/F,General Fitness,1000.00,1000.00,0.00,paid,PAID,,M/E,MAR 2026,2026-09-10 09:29:27.999665+00
17837,2026-03-01,225,RAVINDHAREN,2026-03-25,S/Z,Strength Zone,800.00,,800.00,due_or_unpaid,R,,,MAR 2026,2026-09-10 09:29:27.999665+00
17838,2026-03-01,226,SURESH M,2026-03-01,S/Z,Strength Zone,800.00,,800.00,due_or_unpaid,R,,,MAR 2026,2026-09-10 09:29:27.999665+00
17839,2026-03-01,227,KARTHIK DHANASEKAR,2026-03-01,S/Z,Strength Zone,800.00,800.00,0.00,paid,PAID,,M,MAR 2026,2026-09-10 09:29:27.999665+00
17840,2026-03-01,228,MANIKANDAN D,2026-03-01,S/Z,Strength Zone,800.00,,800.00,due_or_unpaid,R,,,MAR 2026,2026-09-10 09:29:27.999665+00
17841,2026-03-01,229,VISHVA,2026-03-01,S/Z,Strength Zone,800.00,,800.00,due_or_unpaid,R,,,MAR 2026,2026-09-10 09:29:27.999665+00
17842,2026-03-01,230,SHYAM K,2026-03-04,S/Z,Strength Zone,800.00,,800.00,due_or_unpaid,R,,,MAR 2026,2026-09-10 09:29:27.999665+00
17843,2026-03-01,231,SHASHANTH S,2026-03-13,S/Z,Strength Zone,800.00,,800.00,due_or_unpaid,R,,E,MAR 2026,2026-09-10 09:29:27.999665+00
17844,2026-03-01,232,ANIL KUMAR,2026-03-05,S/Z,Strength Zone,800.00,,800.00,due_or_unpaid,R,,,MAR 2026,2026-09-10 09:29:27.999665+00
17845,2026-03-01,233,NIKHIL NAYAK L,2026-03-07,S/Z,Strength Zone,800.00,,800.00,due_or_unpaid,R,,,MAR 2026,2026-09-10 09:29:27.999665+00
17846,2026-03-01,234,PINKU NAYAK C,2026-03-07,S/Z,Strength Zone,800.00,,800.00,due_or_unpaid,R,,,MAR 2026,2026-09-10 09:29:27.999665+00
17847,2026-03-01,235,AKASH S,2026-03-01,G/F,General Fitness,1000.00,,1000.00,due_or_unpaid,R,,,MAR 2026,2026-09-10 09:29:27.999665+00
17848,2026-03-01,236,ANAND,2026-03-08,G/F,General Fitness,1000.00,,1000.00,due_or_unpaid,R,,,MAR 2026,2026-09-10 09:29:27.999665+00
17849,2026-03-01,237,LOHIT NAYAK,2026-03-12,S/Z,Strength Zone,800.00,,800.00,due_or_unpaid,R,,,MAR 2026,2026-09-10 09:29:27.999665+00
17850,2026-03-01,238,RIMPLE KUMAR,2026-03-15,S/Z,Strength Zone,800.00,,800.00,due_or_unpaid,R,,,MAR 2026,2026-09-10 09:29:27.999665+00
17851,2026-03-01,239,GOPINATH M,2026-03-17,G/F,General Fitness,1000.00,,1000.00,due_or_unpaid,R,,,MAR 2026,2026-09-10 09:29:27.999665+00
17852,2026-03-01,239,GOPINATH M,2026-03-19,S/Z,Strength Zone,800.00,,800.00,due_or_unpaid,R,,,MAR 2026,2026-09-10 09:29:27.999665+00
17853,2026-03-01,240,YOGESH G,2026-03-19,S/Z,Strength Zone,800.00,800.00,0.00,paid,PAID,,,MAR 2026,2026-09-10 09:29:27.999665+00
17854,2026-03-01,240,YOGESH G,2026-03-24,S/Z,Strength Zone,800.00,,800.00,due_or_unpaid,R,,,MAR 2026,2026-09-10 09:29:27.999665+00
17855,2026-03-01,241,PRADHAP V,2026-03-21,S/Z,Strength Zone,800.00,,800.00,due_or_unpaid,R,,,MAR 2026,2026-09-10 09:29:27.999665+00
17856,2026-03-01,241,PRADHAP V,2026-03-24,S/Z,Strength Zone,800.00,,800.00,due_or_unpaid,R,,,MAR 2026,2026-09-10 09:29:27.999665+00
17857,2026-03-01,242,AJAY A,2026-03-26,S/Z,Strength Zone,800.00,,800.00,due_or_unpaid,R,,,MAR 2026,2026-09-10 09:29:27.999665+00
17858,2026-03-01,244,BABU K,2026-03-26,G/F,General Fitness,1000.00,,1000.00,due_or_unpaid,R,,,MAR 2026,2026-09-10 09:29:27.999665+00
17859,2026-03-01,245,KISHORE S,2026-03-03,G/F,General Fitness,1000.00,,1000.00,due_or_unpaid,R,,M/E,MAR 2026,2026-09-10 09:29:27.999665+00
17860,2026-03-01,246,SURESH,2026-03-05,S/Z,Strength Zone,800.00,,800.00,due_or_unpaid,R,,M,MAR 2026,2026-09-10 09:29:27.999665+00
17861,2026-03-01,247,VIVEK,2026-11-05,S/Z,Strength Zone,800.00,,7777.00,paid,PAID,,M,MAR 2026,2026-09-10 09:29:27.999665+00
17862,2026-03-01,248,ELAKKIAN,2026-03-05,G/F,General Fitness,1000.00,,1000.00,due_or_unpaid,R,,E,MAR 2026,2026-09-10 09:29:27.999665+00
17863,2026-03-01,249,DEEPAK C,2026-03-05,G/F,General Fitness,1000.00,,1000.00,due_or_unpaid,R,,E,MAR 2026,2026-09-10 09:29:27.999665+00
17864,2026-03-01,250,RESHATH S,2026-03-06,S/Z,Strength Zone,800.00,,800.00,due_or_unpaid,R,,M,MAR 2026,2026-09-10 09:29:27.999665+00
17865,2026-03-01,251,ARAVINTHAN S,2026-03-12,G/F,General Fitness,1000.00,1000.00,0.00,paid,PAID,,M,MAR 2026,2026-09-10 09:29:27.999665+00
17866,2026-03-01,252,MOULI RAJ V,2026-03-19,S/Z,Strength Zone,800.00,800.00,0.00,paid,PAID,,,MAR 2026,2026-09-10 09:29:27.999665+00
17867,2026-03-01,253,DHAYANATHAN,2026-03-01,S/Z,Strength Zone,800.00,,800.00,due_or_unpaid,R,,M/E,MAR 2026,2026-09-10 09:29:27.999665+00
17868,2026-03-01,254,SELVAM K,2026-03-14,S/Z,Strength Zone,1000.00,1000.00,0.00,paid,PAID,,M,MAR 2026,2026-09-10 09:29:27.999665+00
17869,2026-03-01,255,VIJAYAN .S,2026-03-08,G/F,General Fitness,1000.00,,800.00,due_or_unpaid,R,,,MAR 2026,2026-09-10 09:29:27.999665+00
17870,2026-03-01,256,KARTHICK M,2026-03-19,S/Z,Strength Zone,800.00,,800.00,due_or_unpaid,R,,,MAR 2026,2026-09-10 09:29:27.999665+00
17871,2026-03-01,257,PAWN KUMAR,2026-03-26,S/Z,Strength Zone,800.00,,800.00,due_or_unpaid,R,,,MAR 2026,2026-09-10 09:29:27.999665+00
17872,2026-03-01,258,BEENAUVV V,2026-03-05,G/F,General Fitness,1000.00,,1000.00,due_or_unpaid,R,,,MAR 2026,2026-09-10 09:29:27.999665+00
17873,2026-03-01,259,PRADEEP KUMAR G,2026-03-04,G/F,General Fitness,1000.00,,1000.00,due_or_unpaid,R,,,MAR 2026,2026-09-10 09:29:27.999665+00
17874,2026-03-01,260,BARATH R,2026-03-10,S/Z,Strength Zone,800.00,800.00,0.00,paid,PAID,,M,MAR 2026,2026-09-10 09:29:27.999665+00
17875,2026-03-01,261,MANIKANDAN L,2026-03-12,G/F,General Fitness,1000.00,,1000.00,due_or_unpaid,R,,,MAR 2026,2026-09-10 09:29:27.999665+00
17876,2026-03-01,262,RANJITH A,2026-03-13,G/F,General Fitness,1000.00,,1000.00,due_or_unpaid,R,,,MAR 2026,2026-09-10 09:29:27.999665+00
17877,2026-03-01,263,SHANMATHI E,2026-03-16,G/F,General Fitness,1000.00,,1000.00,due_or_unpaid,R,,,MAR 2026,2026-09-10 09:29:27.999665+00
17878,2026-03-01,264,VENKATESH K,2026-03-19,S/Z,Strength Zone,800.00,,800.00,due_or_unpaid,R,,,MAR 2026,2026-09-10 09:29:27.999665+00
17879,2026-03-01,265,ANKUR GUWALA J,2026-03-19,S/Z,Strength Zone,800.00,,800.00,due_or_unpaid,R,,,MAR 2026,2026-09-10 09:29:27.999665+00
17880,2026-03-01,266,PRANESH M,2026-03-20,S/Z,Strength Zone,800.00,,800.00,due_or_unpaid,R,,,MAR 2026,2026-09-10 09:29:27.999665+00
17881,2026-03-01,267,HANY PRINCY V,2026-03-06,G/F,General Fitness,1000.00,,1000.00,due_or_unpaid,R,,E,MAR 2026,2026-09-10 09:29:27.999665+00
17882,2026-03-01,268,GUGAN S,2026-03-25,S/Z,Strength Zone,800.00,,800.00,due_or_unpaid,R,,,MAR 2026,2026-09-10 09:29:27.999665+00
17883,2026-03-01,269,SENTHIL KUMAR,2026-03-01,G/F,General Fitness,1000.00,,1000.00,due_or_unpaid,R,,,MAR 2026,2026-09-10 09:29:27.999665+00
17884,2026-03-01,270,AMITH KUMAR,2026-03-01,S/Z,Strength Zone,800.00,,800.00,due_or_unpaid,R,,,MAR 2026,2026-09-10 09:29:27.999665+00
17885,2026-03-01,271,ABISHEK KUMAR,2026-03-01,S/Z,Strength Zone,800.00,,800.00,due_or_unpaid,R,,,MAR 2026,2026-09-10 09:29:27.999665+00
17886,2026-03-01,272,BHUPINDER SINGH,2026-03-01,S/Z,Strength Zone,800.00,800.00,0.00,paid,PAID,,E,MAR 2026,2026-09-10 09:29:27.999665+00
17887,2026-03-01,273,DEEPAK B,2026-03-04,G/F,General Fitness,1000.00,,1000.00,due_or_unpaid,R,,,MAR 2026,2026-09-10 09:29:27.999665+00
17888,2026-03-01,274,RATHNA KUMAR A,2026-09-07,S/Z,Strength Zone,800.00,,7777.00,due_or_unpaid,R,,M/E,MAR 2026,2026-09-10 09:29:27.999665+00
17889,2026-03-01,275,BINIT,2026-03-08,G/F,General Fitness,1000.00,,1000.00,due_or_unpaid,R,,E,MAR 2026,2026-09-10 09:29:27.999665+00
17890,2026-03-01,276,SAPHMITA,2026-03-08,G/F,General Fitness,1000.00,,1000.00,due_or_unpaid,R,,E,MAR 2026,2026-09-10 09:29:27.999665+00
17891,2026-03-01,277,ARAVIND D,2026-03-08,G/F,General Fitness,1000.00,,1000.00,due_or_unpaid,R,,,MAR 2026,2026-09-10 09:29:27.999665+00
17892,2026-03-01,278,VIGNESH M,2026-03-08,G/F,General Fitness,1000.00,,1000.00,due_or_unpaid,R,,M,MAR 2026,2026-09-10 09:29:27.999665+00
17893,2026-03-01,279,MOHAMMED FAAIZ M,2026-03-09,G/F,General Fitness,1000.00,,1000.00,due_or_unpaid,R,,E,MAR 2026,2026-09-10 09:29:27.999665+00
17894,2026-03-01,280,PERIYASAMY J,2026-03-05,S/Z,Strength Zone,800.00,,800.00,due_or_unpaid,R,,,MAR 2026,2026-09-10 09:29:27.999665+00
17895,2026-03-01,281,AKASH A,2026-03-11,G/F,General Fitness,1000.00,,1000.00,due_or_unpaid,R,,,MAR 2026,2026-09-10 09:29:27.999665+00
17896,2026-03-01,282,SOLOMON K,2026-03-11,G/F,General Fitness,1000.00,,1000.00,due_or_unpaid,R,,,MAR 2026,2026-09-10 09:29:27.999665+00
17897,2026-03-01,283,SARAN S,2026-03-11,S/Z,Strength Zone,1000.00,,1000.00,due_or_unpaid,R,,,MAR 2026,2026-09-10 09:29:27.999665+00
17898,2026-03-01,284,ARJUN B,2026-03-12,S/Z,Strength Zone,800.00,,800.00,due_or_unpaid,R,,,MAR 2026,2026-09-10 09:29:27.999665+00
17899,2026-03-01,285,SARAVANAN,2026-03-12,S/Z,Strength Zone,800.00,,800.00,due_or_unpaid,R,,,MAR 2026,2026-09-10 09:29:27.999665+00
17900,2026-03-01,286,TAPAS KUMAR B,2026-03-16,S/Z,Strength Zone,800.00,,800.00,due_or_unpaid,R,,,MAR 2026,2026-09-10 09:29:27.999665+00
17901,2026-03-01,287,PRASANTH K,2026-03-16,S/Z,Strength Zone,800.00,,800.00,due_or_unpaid,R,,,MAR 2026,2026-09-10 09:29:27.999665+00
17902,2026-03-01,288,SANDHIYA S,2026-03-16,G/F,General Fitness,1000.00,,1000.00,due_or_unpaid,R,,,MAR 2026,2026-09-10 09:29:27.999665+00
17903,2026-03-01,289,AMAN KUMAR,2026-03-18,S/Z,Strength Zone,800.00,,800.00,due_or_unpaid,R,,,MAR 2026,2026-09-10 09:29:27.999665+00
17904,2026-03-01,290,VARUN KUMAR J,2026-03-24,G/F,General Fitness,1000.00,,1000.00,due_or_unpaid,R,,E,MAR 2026,2026-09-10 09:29:27.999665+00
17905,2026-03-01,291,MOHAN H,2026-03-02,S/Z,Strength Zone,800.00,800.00,0.00,paid,PAID,,E,MAR 2026,2026-09-10 09:29:27.999665+00
17906,2026-03-01,292,PAUL CHRISTOPHER T,2026-03-29,G/F,General Fitness,1000.00,,1000.00,due_or_unpaid,R,,E,MAR 2026,2026-09-10 09:29:27.999665+00
17907,2026-03-01,293,ANAND N,2026-03-02,S/Z,Strength Zone,800.00,,800.00,due_or_unpaid,R,,,MAR 2026,2026-09-10 09:29:27.999665+00
17908,2026-03-01,294,GANESH S,2026-04-04,S/Z,Strength Zone,800.00,,800.00,paid,PAID,,M/E,MAR 2026,2026-09-10 09:29:27.999665+00
17909,2026-03-01,295,RAMAN VERMA,2026-03-05,S/Z,Strength Zone,800.00,,800.00,due_or_unpaid,R,,,MAR 2026,2026-09-10 09:29:27.999665+00
17910,2026-03-01,296,HARI PRASATH L,2026-03-05,S/Z,Strength Zone,800.00,,800.00,due_or_unpaid,R,,,MAR 2026,2026-09-10 09:29:27.999665+00
17911,2026-03-01,297,SELVA P,2026-03-05,S/Z,Strength Zone,800.00,,800.00,due_or_unpaid,R,,E,MAR 2026,2026-09-10 09:29:27.999665+00
17912,2026-03-01,298,DILLIBABU,2026-03-12,S/Z,Strength Zone,800.00,800.00,0.00,paid,PAID,,M,MAR 2026,2026-09-10 09:29:27.999665+00
17913,2026-03-01,299,NIVEN K,2026-03-13,G/F,General Fitness,1000.00,,1000.00,due_or_unpaid,R,,M,MAR 2026,2026-09-10 09:29:27.999665+00
17914,2026-03-01,300,KALIA AKASH S,2026-03-13,S/Z,Strength Zone,800.00,,800.00,due_or_unpaid,R,,,MAR 2026,2026-09-10 09:29:27.999665+00
17915,2026-03-01,301,RAJKUMAR,2026-03-18,S/Z,Strength Zone,800.00,,800.00,due_or_unpaid,R,,,MAR 2026,2026-09-10 09:29:27.999665+00
17916,2026-03-01,302,GANESH K,2026-03-28,G/F,General Fitness,1000.00,,1000.00,due_or_unpaid,R,,,MAR 2026,2026-09-10 09:29:27.999665+00
17917,2026-03-01,303,JAYAPRAKASH V,2026-03-01,G/F,General Fitness,1000.00,,1000.00,due_or_unpaid,R,,M,MAR 2026,2026-09-10 09:29:27.999665+00
17918,2026-03-01,304,GANESH S,2026-03-01,G/F,General Fitness,1000.00,,1000.00,due_or_unpaid,R,,M,MAR 2026,2026-09-10 09:29:27.999665+00
17919,2026-03-01,305,JASLIN A,2026-03-01,G/F,General Fitness,1000.00,,1000.00,due_or_unpaid,R,,,MAR 2026,2026-09-10 09:29:27.999665+00
17920,2026-03-01,306,SATHISH M,2026-03-01,S/Z,Strength Zone,800.00,,800.00,due_or_unpaid,R,,,MAR 2026,2026-09-10 09:29:27.999665+00
17921,2026-03-01,307,ARUN K,2026-03-01,S/Z,Strength Zone,800.00,800.00,0.00,paid,PAID,,M/E,MAR 2026,2026-09-10 09:29:27.999665+00
17922,2026-03-01,308,BALAJI R,2026-03-02,S/Z,Strength Zone,800.00,,800.00,due_or_unpaid,R,,,MAR 2026,2026-09-10 09:29:27.999665+00
17923,2026-03-01,309,JANAKI RAMAN D,2026-03-16,G/F,General Fitness,1000.00,,1000.00,due_or_unpaid,R,E,,MAR 2026,2026-09-10 09:29:27.999665+00
17924,2026-03-01,310,KAMALA DHASAN M,2026-03-08,S/Z,Strength Zone,800.00,800.00,0.00,paid,PAID,,M,MAR 2026,2026-09-10 09:29:27.999665+00
17925,2026-03-01,311,JOHN BENEDICT,2026-03-09,G/F,General Fitness,1000.00,,1000.00,due_or_unpaid,R,,E,MAR 2026,2026-09-10 09:29:27.999665+00
17926,2026-03-01,312,PADMANABAN J,2026-03-15,S/Z,Strength Zone,800.00,,800.00,due_or_unpaid,R,,,MAR 2026,2026-09-10 09:29:27.999665+00
17927,2026-03-01,313,SABARI GIRI S,2026-03-15,S/Z,Strength Zone,800.00,,800.00,due_or_unpaid,R,,,MAR 2026,2026-09-10 09:29:27.999665+00
17928,2026-03-01,314,ROHITH K,2026-03-15,S/Z,Strength Zone,800.00,,800.00,due_or_unpaid,R,,,MAR 2026,2026-09-10 09:29:27.999665+00
17929,2026-03-01,315,CHANDHRU,2026-03-15,S/Z,Strength Zone,800.00,,800.00,due_or_unpaid,R,,,MAR 2026,2026-09-10 09:29:27.999665+00
17930,2026-03-01,316,RAMESH S,2026-03-16,S/Z,Strength Zone,800.00,,800.00,due_or_unpaid,R,,M,MAR 2026,2026-09-10 09:29:27.999665+00
17931,2026-03-01,317,KEERTHI VARMAN S,2026-03-19,S/Z,Strength Zone,800.00,,800.00,due_or_unpaid,R,,,MAR 2026,2026-09-10 09:29:27.999665+00
17932,2026-03-01,318,DILLIBABU K,2026-03-02,S/Z,Strength Zone,800.00,,800.00,due_or_unpaid,R,,,MAR 2026,2026-09-10 09:29:27.999665+00
17933,2026-03-01,319,ABISHEK KUMAR,2026-03-03,S/Z,Strength Zone,800.00,,800.00,due_or_unpaid,R,,M/E,MAR 2026,2026-09-10 09:29:27.999665+00
17934,2026-03-01,320,VIKKI KUMAR,2026-03-03,S/Z,Strength Zone,800.00,,800.00,due_or_unpaid,R,,,MAR 2026,2026-09-10 09:29:27.999665+00
17935,2026-03-01,321,DHAMODHARAN M,2026-03-06,G/F,General Fitness,1000.00,,1000.00,due_or_unpaid,R,,E,MAR 2026,2026-09-10 09:29:27.999665+00
17936,2026-03-01,322,SASI KUMARAN,2026-03-06,G/F,General Fitness,1000.00,,1000.00,due_or_unpaid,R,,M,MAR 2026,2026-09-10 09:29:27.999665+00
17937,2026-03-01,323,SANTHOSH T.S,2026-03-06,S/Z,Strength Zone,800.00,,1000.00,due_or_unpaid,R,,E,MAR 2026,2026-09-10 09:29:27.999665+00
17938,2026-03-01,324,SHIVAM KUMAR,2026-03-04,S/Z,Strength Zone,800.00,,800.00,due_or_unpaid,R,,M/E,MAR 2026,2026-09-10 09:29:27.999665+00
17939,2026-03-01,325,RAUSHAN,2026-03-04,S/Z,Strength Zone,800.00,,800.00,due_or_unpaid,R,,E,MAR 2026,2026-09-10 09:29:27.999665+00
17940,2026-03-01,326,EMBHAH,2026-03-11,G/F,General Fitness,1000.00,,1000.00,due_or_unpaid,R,,M/E,MAR 2026,2026-09-10 09:29:27.999665+00
17941,2026-03-01,327,HASIYA TRIPURA,2026-03-11,G/F,General Fitness,1000.00,,1000.00,due_or_unpaid,R,,M/E,MAR 2026,2026-09-10 09:29:27.999665+00
17942,2026-03-01,328,THANGA RAJ P,2026-03-13,S/Z,Strength Zone,800.00,,800.00,due_or_unpaid,R,,M,MAR 2026,2026-09-10 09:29:27.999665+00
17943,2026-03-01,329,SANJU MANDAL,2026-03-23,S/Z,Strength Zone,800.00,,800.00,due_or_unpaid,R,,,MAR 2026,2026-09-10 09:29:27.999665+00
17944,2026-03-01,330,EARM RAZA,2026-03-24,G/F,General Fitness,1000.00,,1000.00,due_or_unpaid,R,,M,MAR 2026,2026-09-10 09:29:27.999665+00
17945,2026-03-01,331,VENKAT P,2026-03-27,S/Z,Strength Zone,800.00,,800.00,due_or_unpaid,R,,M,MAR 2026,2026-09-10 09:29:27.999665+00
17946,2026-03-01,332,DINESH KARTHIK K,2026-03-27,S/Z,Strength Zone,800.00,,800.00,due_or_unpaid,R,,M,MAR 2026,2026-09-10 09:29:27.999665+00
17947,2026-03-01,333,PRAKASH R,2026-03-01,G/F,General Fitness,1000.00,1000.00,0.00,paid,PAID,3000,M,MAR 2026,2026-09-10 09:29:27.999665+00
17948,2026-03-01,334,MAGESH G,2027-01-01,G/F,General Fitness,1000.00,,7500.00,paid,PAID,,M,MAR 2026,2026-09-10 09:29:27.999665+00
17949,2026-03-01,335,SHOHRAB KHAN,2026-03-03,S/Z,Strength Zone,800.00,,800.00,due_or_unpaid,R,,E,MAR 2026,2026-09-10 09:29:27.999665+00
17950,2026-03-01,336,JOHN Y,2026-03-03,S/Z,Strength Zone,800.00,,800.00,due_or_unpaid,R,,E,MAR 2026,2026-09-10 09:29:27.999665+00
17951,2026-03-01,337,SARATHY KUMAR D,2026-03-06,G/F,General Fitness,1000.00,,1000.00,due_or_unpaid,R,,,MAR 2026,2026-09-10 09:29:27.999665+00
17952,2026-03-01,338,SURENDHAR P,2026-03-07,S/Z,Strength Zone,800.00,,800.00,due_or_unpaid,R,,,MAR 2026,2026-09-10 09:29:27.999665+00
17953,2026-03-01,339,VARADHARAJ N,2027-01-17,G/F,General Fitness,7500.00,,7500.00,paid,PAID,,M,MAR 2026,2026-09-10 09:29:27.999665+00
17954,2026-03-01,340,JAGBIR SINGH,2026-03-10,S/Z,Strength Zone,800.00,,800.00,due_or_unpaid,R,,,MAR 2026,2026-09-10 09:29:27.999665+00
17955,2026-03-01,341,MUKESH M,2026-03-11,S/Z,Strength Zone,800.00,,800.00,due_or_unpaid,R,,M,MAR 2026,2026-09-10 09:29:27.999665+00
17956,2026-03-01,342,VAIKO S,2026-03-17,G/F,General Fitness,1000.00,,1000.00,due_or_unpaid,R,,M,MAR 2026,2026-09-10 09:29:27.999665+00
17957,2026-03-01,343,PRITHIVIRAJ B,2026-03-17,G/F,General Fitness,1000.00,1000.00,0.00,paid,PAID,,E,MAR 2026,2026-09-10 09:29:27.999665+00
17958,2026-03-01,344,ASISH,2026-03-22,S/Z,Strength Zone,800.00,,800.00,due_or_unpaid,R,,,MAR 2026,2026-09-10 09:29:27.999665+00
17959,2026-03-01,345,DEEPAK S,2026-03-22,S/Z,Strength Zone,800.00,,800.00,due_or_unpaid,R,,,MAR 2026,2026-09-10 09:29:27.999665+00
17960,2026-03-01,346,KRISHNA KUMAR,2026-03-26,S/Z,Strength Zone,800.00,,800.00,due_or_unpaid,R,,,MAR 2026,2026-09-10 09:29:27.999665+00
17961,2026-03-01,347,HAREESH M,2026-03-27,S/Z,Strength Zone,800.00,,800.00,due_or_unpaid,R,,,MAR 2026,2026-09-10 09:29:27.999665+00
17962,2026-03-01,348,RAMACHANTHIRAN S,2026-03-28,G/F,General Fitness,100.00,,1000.00,due_or_unpaid,R,,,MAR 2026,2026-09-10 09:29:27.999665+00
17963,2026-03-01,349,SARATHI N,2026-03-28,S/Z,Strength Zone,800.00,,800.00,due_or_unpaid,R,,,MAR 2026,2026-09-10 09:29:27.999665+00
17964,2026-03-01,350,MAHESH RAM S,2026-03-01,G/F,General Fitness,1000.00,,1000.00,due_or_unpaid,R,,,MAR 2026,2026-09-10 09:29:27.999665+00
17965,2026-03-01,351,MANISH M,2026-03-04,G/F,General Fitness,1000.00,1000.00,0.00,paid,PAID,,M,MAR 2026,2026-09-10 09:29:27.999665+00
17966,2026-03-01,352,SATHYA R,2026-03-09,S/Z,Strength Zone,800.00,800.00,0.00,paid,PAID,,E,MAR 2026,2026-09-10 09:29:27.999665+00
17967,2026-03-01,353,PRANAV M,2026-03-12,S/Z,Strength Zone,800.00,,800.00,due_or_unpaid,R,,M/E,MAR 2026,2026-09-10 09:29:27.999665+00
17968,2026-03-01,354,RINKU ALI,2026-03-13,S/Z,Strength Zone,800.00,,800.00,due_or_unpaid,R,,M,MAR 2026,2026-09-10 09:29:27.999665+00
17969,2026-03-01,355,SHARIF UDDIN,2026-03-13,S/Z,Strength Zone,800.00,,800.00,due_or_unpaid,R,,M,MAR 2026,2026-09-10 09:29:27.999665+00
17970,2026-03-01,356,THANASURYA T,2026-03-15,G/F,General Fitness,100.00,,1000.00,due_or_unpaid,R,,,MAR 2026,2026-09-10 09:29:27.999665+00
17971,2026-03-01,357,JAY,2026-03-15,S/Z,Strength Zone,800.00,,800.00,due_or_unpaid,R,,M,MAR 2026,2026-09-10 09:29:27.999665+00
17972,2026-03-01,358,REAJUL ISLAM,2026-03-15,S/Z,Strength Zone,800.00,,800.00,due_or_unpaid,R,,M,MAR 2026,2026-09-10 09:29:27.999665+00
17973,2026-03-01,359,RANJAN KUMAR BEHERA,2026-03-15,S/Z,Strength Zone,800.00,,800.00,due_or_unpaid,R,,M,MAR 2026,2026-09-10 09:29:27.999665+00
17974,2026-03-01,360,ROHIBUL HOQUE,2026-03-16,S/Z,Strength Zone,800.00,,800.00,due_or_unpaid,R,,,MAR 2026,2026-09-10 09:29:27.999665+00
17975,2026-03-01,361,AIJUL HOQUE,2026-03-16,S/Z,Strength Zone,800.00,,800.00,due_or_unpaid,R,,,MAR 2026,2026-09-10 09:29:27.999665+00
17976,2026-03-01,362,BALAVAISHNAVI L,2026-03-18,G/F,General Fitness,1000.00,,1000.00,due_or_unpaid,R,,E,MAR 2026,2026-09-10 09:29:27.999665+00
17977,2026-03-01,363,VINOTH KUMAR S,2026-03-18,S/Z,Strength Zone,800.00,800.00,0.00,paid,PAID,,E,MAR 2026,2026-09-10 09:29:27.999665+00
17978,2026-03-01,364,DINESH KUMAR M,2026-03-20,S/Z,Strength Zone,800.00,,2500.00,due_or_unpaid,R,,,MAR 2026,2026-09-10 09:29:27.999665+00
17979,2026-03-01,365,THIRUNAVUKKARASU V,2026-03-22,S/Z,Strength Zone,800.00,,800.00,due_or_unpaid,R,,,MAR 2026,2026-09-10 09:29:27.999665+00
17980,2026-03-01,366,SHARFUDEEN,2026-03-29,G/F,General Fitness,1000.00,,1000.00,due_or_unpaid,R,,,MAR 2026,2026-09-10 09:29:27.999665+00
17981,2026-03-01,367,ARUN KUMAR VEL,2026-03-02,G/F,General Fitness,1000.00,1000.00,0.00,paid,PAID,,M,MAR 2026,2026-09-10 09:29:27.999665+00
17982,2026-03-01,368,LAVANYA D,2026-03-03,G/F,General Fitness,1000.00,1000.00,0.00,paid,PAID,,M,MAR 2026,2026-09-10 09:29:27.999665+00
17983,2026-03-01,369,MAMTA RAO,2026-03-05,G/F,General Fitness,1000.00,1000.00,0.00,paid,PAID,,E,MAR 2026,2026-09-10 09:29:27.999665+00
17984,2026-03-01,370,RAVICHANDRAN A,2026-03-06,S/Z,Strength Zone,800.00,800.00,0.00,paid,PAID,,M,MAR 2026,2026-09-10 09:29:27.999665+00
17985,2026-03-01,371,KEERTHANA N,2026-03-06,G/F,General Fitness,1000.00,,1000.00,due_or_unpaid,R,,E,MAR 2026,2026-09-10 09:29:27.999665+00
17986,2026-03-01,372,VADAMALAI S,2026-03-08,G/F,General Fitness,1000.00,1000.00,0.00,paid,PAID,,E,MAR 2026,2026-09-10 09:29:27.999665+00
17987,2026-03-01,373,KHIRUD MUDI P,2026-04-08,S/Z,Strength Zone,800.00,,2500.00,paid,PAID,,E,MAR 2026,2026-09-10 09:29:27.999665+00
17988,2026-03-01,374,BISHAL,2026-04-08,S/Z,Strength Zone,800.00,,2500.00,paid,PAID,,E,MAR 2026,2026-09-10 09:29:27.999665+00
17989,2026-03-01,375,AMINUL ISLAM,2026-03-10,S,,800.00,,800.00,due_or_unpaid,R,,,MAR 2026,2026-09-10 09:29:27.999665+00
17990,2026-03-01,376,BALA YS,2027-02-01,G/F,General Fitness,1000.00,,7500.00,paid,PAID,,,MAR 2026,2026-09-10 09:29:27.999665+00
17991,2026-03-01,377,VISHAL S,2026-03-20,S/Z,Strength Zone,800.00,,800.00,due_or_unpaid,R,,E,MAR 2026,2026-09-10 09:29:27.999665+00
17992,2026-03-01,378,DINESH K,2026-03-22,S/Z,Strength Zone,800.00,800.00,0.00,paid,PAID,,E,MAR 2026,2026-09-10 09:29:27.999665+00
17993,2026-03-01,379,GOKULALAKSHMI M,2026-05-02,S/Z,Strength Zone,1000.00,2000.00,0.00,paid,PAID,3000,M,MAR 2026,2026-09-10 09:29:27.999665+00
17994,2026-03-01,380,UMA SHANKER S,2026-03-02,S/Z,Strength Zone,800.00,800.00,0.00,paid,PAID,,E,MAR 2026,2026-09-10 09:29:27.999665+00
17995,2026-03-01,381,BHUVANESH,2026-03-02,S/Z,Strength Zone,800.00,800.00,0.00,paid,PAID,,E,MAR 2026,2026-09-10 09:29:27.999665+00
17996,2026-03-01,382,JEEVAN GANESH V,2026-03-23,S/Z,Strength Zone,800.00,40200.00,0.00,paid,R,,,MAR 2026,2026-09-10 09:29:27.999665+00
17997,2026-03-01,383,GURUPRASANTH S,2026-03-02,G/F,General Fitness,1000.00,,1000.00,due_or_unpaid,R,,M,MAR 2026,2026-09-10 09:29:27.999665+00
17998,2026-03-01,384,PRABHU VASANTH S,2026-03-02,G/F,General Fitness,1000.00,,1000.00,due_or_unpaid,R,,M,MAR 2026,2026-09-10 09:29:27.999665+00
17999,2026-03-01,385,DILIP KUMAR S,2026-03-04,G/F,General Fitness,1000.00,1000.00,0.00,paid,PAID,,M,MAR 2026,2026-09-10 09:29:27.999665+00
18000,2026-03-01,386,DEEPAK R,2026-03-04,G/F,General Fitness,1000.00,1000.00,0.00,paid,PAID,,M,MAR 2026,2026-09-10 09:29:27.999665+00
18001,2026-03-01,387,INDHARAN A,2026-03-05,G/F,General Fitness,1000.00,,1000.00,due_or_unpaid,R,,,MAR 2026,2026-09-10 09:29:27.999665+00
18002,2026-03-01,388,MAHESH,2026-03-11,G/F,General Fitness,1000.00,,1000.00,due_or_unpaid,R,,M,MAR 2026,2026-09-10 09:29:27.999665+00
18003,2026-03-01,389,MURALI L,2026-03-11,G/F,General Fitness,1000.00,,1000.00,due_or_unpaid,R,,,MAR 2026,2026-09-10 09:29:27.999665+00
18004,2026-03-01,390,KISHAN KUMAR,2026-03-11,G/F,General Fitness,1000.00,,1000.00,due_or_unpaid,R,,,MAR 2026,2026-09-10 09:29:27.999665+00
18005,2026-03-01,391,KAILASH KUMAR,2026-03-11,G/F,General Fitness,1000.00,,1000.00,due_or_unpaid,R,,,MAR 2026,2026-09-10 09:29:27.999665+00
18006,2026-03-01,392,GAJINDER SINGH,2026-03-12,S/Z,Strength Zone,800.00,800.00,0.00,paid,PAID,,M,MAR 2026,2026-09-10 09:29:27.999665+00
18007,2026-03-01,393,SAGAR SHUKLA,2026-03-12,S/Z,Strength Zone,800.00,800.00,0.00,paid,PAID,,M,MAR 2026,2026-09-10 09:29:27.999665+00
18008,2026-03-01,394,MOHANA SUNDARAM J,2026-03-12,G/F,General Fitness,1000.00,,1000.00,due_or_unpaid,R,,M,MAR 2026,2026-09-10 09:29:27.999665+00
18009,2026-03-01,395,ARUN KUMAR J,2026-03-12,S/Z,Strength Zone,800.00,,800.00,due_or_unpaid,R,,E,MAR 2026,2026-09-10 09:29:27.999665+00
18010,2026-03-01,396,POOVARASAN S,2026-03-16,G/F,General Fitness,1000.00,,1000.00,due_or_unpaid,R,E,,MAR 2026,2026-09-10 09:29:27.999665+00
18011,2026-03-01,397,JERRY SHYAM K,2026-05-23,,,1000.00,,3000.00,paid,PAID,,E,MAR 2026,2026-09-10 09:29:27.999665+00
18012,2026-04-01,1,SUNDHAR M,2026-03-09,S/Z,Strength Zone,800.00,,800.00,due_or_unpaid,R,,,APRIL 2026,2026-09-10 09:29:27.999665+00
18013,2026-04-01,2,NITHYASEELAN P,2026-03-09,S/Z,Strength Zone,800.00,,800.00,due_or_unpaid,R,,,APRIL 2026,2026-09-10 09:29:27.999665+00
18014,2026-04-01,3,SANJEEVA REDDY C,2026-03-09,S/Z,Strength Zone,800.00,,800.00,due_or_unpaid,R,,M/E,APRIL 2026,2026-09-10 09:29:27.999665+00
18015,2026-04-01,4,ABDUL RAHMAN A,2026-03-09,S/Z,Strength Zone,800.00,,1000.00,due_or_unpaid,R,,,APRIL 2026,2026-09-10 09:29:27.999665+00
18016,2026-04-01,5,SANTHOSH KUMAR G,2026-03-09,G/F,General Fitness,1000.00,,1000.00,due_or_unpaid,R,,,APRIL 2026,2026-09-10 09:29:27.999665+00
18017,2026-04-01,6,SATHISH KUMAR J,2026-03-09,G/F,General Fitness,1000.00,,1000.00,due_or_unpaid,R,,,APRIL 2026,2026-09-10 09:29:27.999665+00
18018,2026-04-01,7,VIJAYABABU C,2027-01-09,G/F,General Fitness,7500.00,,7500.00,due_or_unpaid,R,,M,APRIL 2026,2026-09-10 09:29:27.999665+00
18019,2026-04-01,8,ISTJHAR AHAMAD,2026-03-09,G/F,General Fitness,1000.00,,1000.00,due_or_unpaid,R,,,APRIL 2026,2026-09-10 09:29:27.999665+00
18020,2026-04-01,9,MUBARAK ALI,2026-03-09,S/Z,Strength Zone,800.00,,800.00,due_or_unpaid,R,,,APRIL 2026,2026-09-10 09:29:27.999665+00
18021,2026-04-01,10,GULJOR HUSSAIN,2026-03-09,S/Z,Strength Zone,800.00,,800.00,due_or_unpaid,R,,,APRIL 2026,2026-09-10 09:29:27.999665+00
18022,2026-04-01,11,SURHAB ALI,2026-03-09,S/Z,Strength Zone,800.00,,800.00,due_or_unpaid,R,,,APRIL 2026,2026-09-10 09:29:27.999665+00
18023,2026-04-01,12,SATHYA M,2026-03-09,G/F,General Fitness,800.00,,800.00,due_or_unpaid,R,,,APRIL 2026,2026-09-10 09:29:27.999665+00
18024,2026-04-01,13,PORTAP CHETRY,2026-03-09,S/Z,Strength Zone,800.00,,800.00,due_or_unpaid,R,,,APRIL 2026,2026-09-10 09:29:27.999665+00
18025,2026-04-01,14,TAMIL,2026-03-09,G/F,General Fitness,1000.00,,1000.00,due_or_unpaid,R,,,APRIL 2026,2026-09-10 09:29:27.999665+00
18026,2026-04-01,15,DEEPAK M,2026-03-17,S/Z,Strength Zone,800.00,800.00,0.00,paid,PAID,,,APRIL 2026,2026-09-10 09:29:27.999665+00
18027,2026-04-01,16,SARATH KUMAR A,2026-03-10,S/Z,Strength Zone,800.00,,800.00,due_or_unpaid,R,,,APRIL 2026,2026-09-10 09:29:27.999665+00
18028,2026-04-01,17,UDHAYA PANDIAN,2026-03-10,G/F,General Fitness,1000.00,,1000.00,due_or_unpaid,R,,M,APRIL 2026,2026-09-10 09:29:27.999665+00
18029,2026-04-01,18,MANJIT KUMAR,2026-05-27,S/Z,Strength Zone,800.00,800.00,0.00,paid,PAID,,M/E,APRIL 2026,2026-09-10 09:29:27.999665+00
18030,2026-04-01,19,YUVARAJ C,2026-03-10,G/F,General Fitness,1000.00,,1000.00,due_or_unpaid,R,,E,APRIL 2026,2026-09-10 09:29:27.999665+00
18031,2026-04-01,20,CHARLES,2026-03-09,S/Z,Strength Zone,800.00,,1000.00,due_or_unpaid,R,,,APRIL 2026,2026-09-10 09:29:27.999665+00
18032,2026-04-01,21,DHANUSH V,2026-03-10,S/Z,Strength Zone,800.00,,800.00,due_or_unpaid,R,,,APRIL 2026,2026-09-10 09:29:27.999665+00
18033,2026-04-01,22,BOLORAM PONIKA A.J,2026-03-10,S/Z,Strength Zone,800.00,,800.00,due_or_unpaid,R,,,APRIL 2026,2026-09-10 09:29:27.999665+00
18034,2026-04-01,23,PRASANTH M,2026-03-10,S/Z,Strength Zone,800.00,,800.00,due_or_unpaid,R,,,APRIL 2026,2026-09-10 09:29:27.999665+00
18035,2026-04-01,24,RAGUL R,2026-04-08,S/Z,Strength Zone,800.00,800.00,0.00,paid,PAID,200BL,E,APRIL 2026,2026-09-10 09:29:27.999665+00
18036,2026-04-01,25,SANTHOSH M,2026-03-11,S/Z,Strength Zone,800.00,,800.00,due_or_unpaid,R,,,APRIL 2026,2026-09-10 09:29:27.999665+00
18037,2026-04-01,26,MAZID ALI,2026-03-11,S/Z,Strength Zone,800.00,,800.00,due_or_unpaid,R,,,APRIL 2026,2026-09-10 09:29:27.999665+00
18038,2026-04-01,27,SADIKUL ISLAM,2026-03-11,S/Z,Strength Zone,800.00,,800.00,due_or_unpaid,R,,,APRIL 2026,2026-09-10 09:29:27.999665+00
18039,2026-04-01,28,LAKSHWANTH,2026-04-14,G/F,General Fitness,1000.00,1000.00,0.00,paid,PAID,,E,APRIL 2026,2026-09-10 09:29:27.999665+00
18040,2026-04-01,29,GOWTHAM A,2026-04-01,S/Z,Strength Zone,800.00,,800.00,due_or_unpaid,R,,,APRIL 2026,2026-09-10 09:29:27.999665+00
18041,2026-04-01,30,PRADEEP Y,2026-04-20,S/Z,Strength Zone,800.00,800.00,0.00,paid,PAID,,M/E,APRIL 2026,2026-09-10 09:29:27.999665+00
18042,2026-04-01,31,ROHIT R,2026-04-12,S/Z,Strength Zone,800.00,,800.00,due_or_unpaid,R,,E,APRIL 2026,2026-09-10 09:29:27.999665+00
18043,2026-04-01,32,RISHI M,2026-04-03,S/Z,Strength Zone,800.00,,800.00,due_or_unpaid,R,,E,APRIL 2026,2026-09-10 09:29:27.999665+00
18044,2026-04-01,33,GOPAL B,2026-03-12,S/Z,Strength Zone,800.00,,800.00,due_or_unpaid,R,,E,APRIL 2026,2026-09-10 09:29:27.999665+00
18045,2026-04-01,34,KODOM ALI D,2026-03-13,S/Z,Strength Zone,800.00,,800.00,due_or_unpaid,R,,,APRIL 2026,2026-09-10 09:29:27.999665+00
18046,2026-04-01,35,SUJAB ALI A,2026-03-13,S/Z,Strength Zone,800.00,,800.00,due_or_unpaid,R,,,APRIL 2026,2026-09-10 09:29:27.999665+00
18047,2026-04-01,36,ASHABUL HOQUE S,2026-03-13,S/Z,Strength Zone,800.00,,800.00,due_or_unpaid,R,,,APRIL 2026,2026-09-10 09:29:27.999665+00
18048,2026-04-01,37,SURESH K,2026-03-13,G/F,General Fitness,1000.00,,1000.00,due_or_unpaid,R,,,APRIL 2026,2026-09-10 09:29:27.999665+00
18049,2026-04-01,38,YUVARAJ B,2026-04-13,S/F,,800.00,,800.00,due_or_unpaid,R,,E,APRIL 2026,2026-09-10 09:29:27.999665+00
18050,2026-04-01,39,BALAKUMAR H,2026-04-13,G/F,General Fitness,1000.00,1000.00,0.00,paid,PAID,,E,APRIL 2026,2026-09-10 09:29:27.999665+00
18051,2026-04-01,40,SIDDHARATH V,2026-03-13,S/Z,Strength Zone,1000.00,,1000.00,due_or_unpaid,R,,M/E,APRIL 2026,2026-09-10 09:29:27.999665+00
18052,2026-04-01,41,VAJRAVEL A,2026-04-13,G/F,General Fitness,1000.00,,1000.00,due_or_unpaid,R,,M,APRIL 2026,2026-09-10 09:29:27.999665+00
18053,2026-04-01,42,SARAVANAN K,2026-04-13,S/Z,Strength Zone,800.00,800.00,0.00,paid,PAID,,E,APRIL 2026,2026-09-10 09:29:27.999665+00
18054,2026-04-01,43,ARJUN S,2026-03-13,S/Z,Strength Zone,800.00,,800.00,due_or_unpaid,R,,,APRIL 2026,2026-09-10 09:29:27.999665+00
18055,2026-04-01,44,RAM PRASAD,2026-03-14,G/F,General Fitness,1000.00,,1000.00,due_or_unpaid,R,,,APRIL 2026,2026-09-10 09:29:27.999665+00
18056,2026-04-01,45,SANTHOSH,2026-04-01,S/Z,Strength Zone,800.00,,800.00,due_or_unpaid,R,,,APRIL 2026,2026-09-10 09:29:27.999665+00
18057,2026-04-01,46,SRI RAM R,2026-04-14,S/Z,Strength Zone,1000.00,,1900.00,due_or_unpaid,R,,E,APRIL 2026,2026-09-10 09:29:27.999665+00
18058,2026-04-01,47,ANBU N,2026-03-14,G/F,General Fitness,1000.00,,1000.00,due_or_unpaid,R,,,APRIL 2026,2026-09-10 09:29:27.999665+00
18059,2026-04-01,48,ARAVINDKUMAR P,2026-03-14,S/Z,Strength Zone,800.00,,800.00,due_or_unpaid,R,,,APRIL 2026,2026-09-10 09:29:27.999665+00
18060,2026-04-01,49,ARUN S,2026-03-16,G/F,General Fitness,1000.00,,1000.00,due_or_unpaid,R,,,APRIL 2026,2026-09-10 09:29:27.999665+00
18061,2026-04-01,50,AATHI,2025-02-17,S/Z,Strength Zone,800.00,800.00,0.00,paid,PAID,,E,APRIL 2026,2026-09-10 09:29:27.999665+00
18062,2026-04-01,51,JOTHILINGAM R,2026-03-15,G/F,General Fitness,1000.00,,1000.00,due_or_unpaid,R,,,APRIL 2026,2026-09-10 09:29:27.999665+00
18063,2026-04-01,52,VASANTH J,2027-01-15,S/Z,Strength Zone,7500.00,,7500.00,due_or_unpaid,R,,M,APRIL 2026,2026-09-10 09:29:27.999665+00
18064,2026-04-01,53,BESTY PAULINE,2026-03-16,G/F,General Fitness,1000.00,,1000.00,due_or_unpaid,R,,,APRIL 2026,2026-09-10 09:29:27.999665+00
18065,2026-04-01,54,PREM KUMAR Y,2026-03-16,S/Z,Strength Zone,800.00,,800.00,due_or_unpaid,R,,,APRIL 2026,2026-09-10 09:29:27.999665+00
18066,2026-04-01,55,JAWAID F,2026-03-16,S/Z,Strength Zone,800.00,,800.00,due_or_unpaid,R,,,APRIL 2026,2026-09-10 09:29:27.999665+00
18067,2026-04-01,56,BOBIDUL ISLAM A,2026-03-16,G/F,General Fitness,1000.00,,1000.00,due_or_unpaid,R,,,APRIL 2026,2026-09-10 09:29:27.999665+00
18068,2026-04-01,57,ABDUL KHALAK J,2026-03-16,G/F,General Fitness,1000.00,,1000.00,due_or_unpaid,R,,,APRIL 2026,2026-09-10 09:29:27.999665+00
18069,2026-04-01,58,MEHERUL HAQUE S,2026-03-16,G/F,General Fitness,1000.00,,1000.00,due_or_unpaid,R,,,APRIL 2026,2026-09-10 09:29:27.999665+00
18070,2026-04-01,59,JAGADEESH M,2026-03-16,G/F,General Fitness,1000.00,,1000.00,due_or_unpaid,R,,,APRIL 2026,2026-09-10 09:29:27.999665+00
18071,2026-04-01,60,FAIYAZ AHMED A,2026-03-16,S/Z,Strength Zone,800.00,,800.00,due_or_unpaid,R,,,APRIL 2026,2026-09-10 09:29:27.999665+00
18072,2026-04-01,61,MAMIDUL ALI,2026-03-17,S/Z,Strength Zone,800.00,,800.00,due_or_unpaid,R,,,APRIL 2026,2026-09-10 09:29:27.999665+00
18073,2026-04-01,62,VINOTH KUMAR,2026-03-17,G/F,General Fitness,800.00,,800.00,due_or_unpaid,R,,,APRIL 2026,2026-09-10 09:29:27.999665+00
18074,2026-04-01,63,ABDUL BATIN,2026-03-17,S/Z,Strength Zone,800.00,,800.00,due_or_unpaid,R,,,APRIL 2026,2026-09-10 09:29:27.999665+00
18075,2026-04-01,64,NILCHAN ALI,2026-03-17,S/Z,Strength Zone,800.00,,800.00,due_or_unpaid,R,,,APRIL 2026,2026-09-10 09:29:27.999665+00
18076,2026-04-01,65,MONIRUAL HOQUE,2026-03-17,S/Z,Strength Zone,800.00,,800.00,due_or_unpaid,R,,,APRIL 2026,2026-09-10 09:29:27.999665+00
18077,2026-04-01,66,AMIR HAMJA,2026-03-17,S/Z,Strength Zone,800.00,,800.00,due_or_unpaid,R,,,APRIL 2026,2026-09-10 09:29:27.999665+00
18078,2026-04-01,67,SUNIL R,2026-03-17,G/F,General Fitness,1000.00,,1000.00,due_or_unpaid,R,,,APRIL 2026,2026-09-10 09:29:27.999665+00
18079,2026-04-01,68,SUDHAKAR S,2026-03-17,S/Z,Strength Zone,800.00,,800.00,due_or_unpaid,R,,,APRIL 2026,2026-09-10 09:29:27.999665+00
18080,2026-04-01,69,AMINUL ISLAM MD,2026-03-18,S/Z,Strength Zone,800.00,,800.00,due_or_unpaid,R,,,APRIL 2026,2026-09-10 09:29:27.999665+00
18081,2026-04-01,70,TAFIKUL ISLAM,2026-03-18,G/F,General Fitness,1000.00,,800.00,due_or_unpaid,R,,,APRIL 2026,2026-09-10 09:29:27.999665+00
18082,2026-04-01,72,HAFIZUR RAHMAM,2026-03-19,S/Z,Strength Zone,800.00,,800.00,due_or_unpaid,R,,,APRIL 2026,2026-09-10 09:29:27.999665+00
18083,2026-04-01,73,MOJNUR,2026-03-19,S/Z,Strength Zone,800.00,,800.00,due_or_unpaid,R,,,APRIL 2026,2026-09-10 09:29:27.999665+00
18084,2026-04-01,74,YOGESH R,2026-03-19,S/Z,Strength Zone,800.00,,800.00,due_or_unpaid,R,,,APRIL 2026,2026-09-10 09:29:27.999665+00
18085,2026-04-01,75,NAVAS,2026-03-19,G/F,General Fitness,1000.00,,800.00,due_or_unpaid,R,,,APRIL 2026,2026-09-10 09:29:27.999665+00
18086,2026-04-01,76,TAYABUR RAHMAN A,2026-03-20,S/Z,Strength Zone,800.00,,800.00,due_or_unpaid,R,,,APRIL 2026,2026-09-10 09:29:27.999665+00
18087,2026-04-01,78,RATHISH KUMAR,2026-03-23,G/F,General Fitness,1000.00,,1000.00,due_or_unpaid,R,,M/E,APRIL 2026,2026-09-10 09:29:27.999665+00
18088,2026-04-01,78,SANTHOSH,2026-03-29,G/F,General Fitness,1000.00,,1000.00,due_or_unpaid,R,,,APRIL 2026,2026-09-10 09:29:27.999665+00
18089,2026-04-01,79,DARVIN RAJ J,2025-06-10,G/F,General Fitness,1000.00,,1000.00,due_or_unpaid,R,,,APRIL 2026,2026-09-10 09:29:27.999665+00
18090,2026-04-01,80,PRASANTH S,2026-03-23,S/Z,Strength Zone,800.00,,800.00,due_or_unpaid,R,,,APRIL 2026,2026-09-10 09:29:27.999665+00
18091,2026-04-01,81,GURU SHANKAR,2026-03-23,S/Z,Strength Zone,800.00,,800.00,due_or_unpaid,R,,,APRIL 2026,2026-09-10 09:29:27.999665+00
18092,2026-04-01,82,NARJUL ISLAM A,2026-03-23,S/Z,Strength Zone,800.00,,800.00,due_or_unpaid,R,,,APRIL 2026,2026-09-10 09:29:27.999665+00
18093,2026-04-01,83,SANGIT KUMAR SAMANTHA,2026-03-23,G/F,General Fitness,1000.00,,800.00,due_or_unpaid,R,,,APRIL 2026,2026-09-10 09:29:27.999665+00
18094,2026-04-01,84,RAGUL A,2026-03-23,S/Z,Strength Zone,800.00,,800.00,due_or_unpaid,R,,E,APRIL 2026,2026-09-10 09:29:27.999665+00
18095,2026-04-01,85,ASWINI SAGAR SWAIN,2026-03-24,S/Z,Strength Zone,800.00,,800.00,due_or_unpaid,R,,,APRIL 2026,2026-09-10 09:29:27.999665+00
18096,2026-04-01,86,DEEPAK M,2026-03-08,G/F,General Fitness,1000.00,,1000.00,due_or_unpaid,R,,M,APRIL 2026,2026-09-10 09:29:27.999665+00
18097,2026-04-01,88,NATHAN K,2026-03-25,S/Z,Strength Zone,800.00,,800.00,due_or_unpaid,R,,,APRIL 2026,2026-09-10 09:29:27.999665+00
18098,2026-04-01,89,MOIN UDDIN A,2026-03-25,S/Z,Strength Zone,800.00,,800.00,due_or_unpaid,R,,,APRIL 2026,2026-09-10 09:29:27.999665+00
18099,2026-04-01,90,ALI AHMED R,2026-03-25,S/Z,Strength Zone,800.00,,800.00,due_or_unpaid,R,,,APRIL 2026,2026-09-10 09:29:27.999665+00
18100,2026-04-01,91,ABINASH S,2026-04-27,S/Z,Strength Zone,800.00,40000.00,0.00,paid,R,,E,APRIL 2026,2026-09-10 09:29:27.999665+00
18101,2026-04-01,92,ARAVIND S,2026-03-28,S/Z,Strength Zone,800.00,,800.00,due_or_unpaid,R,,,APRIL 2026,2026-09-10 09:29:27.999665+00
18102,2026-04-01,93,ASHADUL,2026-03-30,G/F,General Fitness,1000.00,,800.00,due_or_unpaid,R,,,APRIL 2026,2026-09-10 09:29:27.999665+00
18103,2026-04-01,94,GUHAN A,2026-04-13,S/Z,Strength Zone,800.00,1000.00,0.00,paid,PAID,,M,APRIL 2026,2026-09-10 09:29:27.999665+00
18104,2026-04-01,95,ROKIBUL HUSSAIN A,2026-03-30,S/Z,Strength Zone,800.00,,800.00,due_or_unpaid,R,,,APRIL 2026,2026-09-10 09:29:27.999665+00
18105,2026-04-01,96,MERVYN,2026-04-01,G/F,General Fitness,7000.00,,7000.00,due_or_unpaid,R,,,APRIL 2026,2026-09-10 09:29:27.999665+00
18106,2026-04-01,97,MICHAEL A,2026-04-01,S/Z,Strength Zone,800.00,,800.00,due_or_unpaid,R,,,APRIL 2026,2026-09-10 09:29:27.999665+00
18107,2026-04-01,98,SUGAN RAJ M,2026-04-01,S/Z,Strength Zone,800.00,,800.00,due_or_unpaid,R,,,APRIL 2026,2026-09-10 09:29:27.999665+00
18108,2026-04-01,99,SHUTRUGHAN KUMAR R,2026-04-21,G/F,General Fitness,800.00,,800.00,due_or_unpaid,R,,M,APRIL 2026,2026-09-10 09:29:27.999665+00
18109,2026-04-01,100,DAVID A,2026-03-02,G/F,General Fitness,1000.00,,1000.00,due_or_unpaid,R,,,APRIL 2026,2026-09-10 09:29:27.999665+00
18110,2026-04-01,101,PETER A,2026-03-02,G/F,General Fitness,1000.00,,1000.00,due_or_unpaid,R,,,APRIL 2026,2026-09-10 09:29:27.999665+00
18111,2026-04-01,102,KUMARAN M,2026-04-09,S/Z,Strength Zone,800.00,,800.00,due_or_unpaid,R,,E,APRIL 2026,2026-09-10 09:29:27.999665+00
18112,2026-04-01,103,CHARAN KUMAR V,2026-03-10,G/F,General Fitness,1000.00,,1000.00,due_or_unpaid,R,,M/E,APRIL 2026,2026-09-10 09:29:27.999665+00
18113,2026-04-01,104,SETTU E,2026-04-03,S/Z,Strength Zone,800.00,,800.00,due_or_unpaid,R,,,APRIL 2026,2026-09-10 09:29:27.999665+00
18114,2026-04-01,105,NITHISH KUMAR S,2026-03-15,S/Z,Strength Zone,800.00,,800.00,due_or_unpaid,R,,M,APRIL 2026,2026-09-10 09:29:27.999665+00
18115,2026-04-01,106,RAMESH S,2026-03-04,G/F,General Fitness,1000.00,,1000.00,due_or_unpaid,R,,,APRIL 2026,2026-09-10 09:29:27.999665+00
18116,2026-04-01,107,SANJAN V,2026-03-05,S/Z,Strength Zone,800.00,,800.00,due_or_unpaid,R,,,APRIL 2026,2026-09-10 09:29:27.999665+00
18117,2026-04-01,108,DIVAKAR M,2026-03-05,G/F,General Fitness,1000.00,,1000.00,due_or_unpaid,R,,M,APRIL 2026,2026-09-10 09:29:27.999665+00
18118,2026-04-01,109,DANIEL R,2026-04-05,S/Z,Strength Zone,800.00,1000.00,0.00,paid,PAID,,M,APRIL 2026,2026-09-10 09:29:27.999665+00
18119,2026-04-01,110,MANIKANADAN,2026-03-07,G/F,General Fitness,1000.00,,1000.00,due_or_unpaid,R,,,APRIL 2026,2026-09-10 09:29:27.999665+00
18120,2026-04-01,111,PRITHIVIKASH,2026-03-26,S/Z,Strength Zone,800.00,,800.00,due_or_unpaid,R,,,APRIL 2026,2026-09-10 09:29:27.999665+00
18121,2026-04-01,112,CHANDRU,2026-03-08,S/Z,Strength Zone,800.00,,800.00,due_or_unpaid,R,,,APRIL 2026,2026-09-10 09:29:27.999665+00
18122,2026-04-01,113,SANJAY J,2026-03-04,S/Z,Strength Zone,800.00,,800.00,due_or_unpaid,R,,M,APRIL 2026,2026-09-10 09:29:27.999665+00
18123,2026-04-01,114,AJITH D,2026-03-09,S/Z,Strength Zone,800.00,,800.00,due_or_unpaid,R,,,APRIL 2026,2026-09-10 09:29:27.999665+00
18124,2026-04-01,115,SANJAY B,2026-03-09,S/Z,Strength Zone,800.00,,800.00,due_or_unpaid,R,,,APRIL 2026,2026-09-10 09:29:27.999665+00
18125,2026-04-01,116,TAMIL SELVAN M,2026-03-12,S/Z,Strength Zone,800.00,,800.00,due_or_unpaid,R,,,APRIL 2026,2026-09-10 09:29:27.999665+00
18126,2026-04-01,117,ARUN YADAV,2026-03-12,S/Z,Strength Zone,800.00,,800.00,due_or_unpaid,R,,,APRIL 2026,2026-09-10 09:29:27.999665+00
18127,2026-04-01,118,GIRI S,2026-03-13,S/Z,Strength Zone,800.00,,800.00,due_or_unpaid,R,,,APRIL 2026,2026-09-10 09:29:27.999665+00
18128,2026-04-01,119,JOHNSON S,2026-03-14,S/Z,Strength Zone,800.00,,800.00,due_or_unpaid,R,,,APRIL 2026,2026-09-10 09:29:27.999665+00
18129,2026-04-01,120,DEEPAK BILUNG,2026-03-15,S/Z,Strength Zone,800.00,,800.00,due_or_unpaid,R,,,APRIL 2026,2026-09-10 09:29:27.999665+00
18130,2026-04-01,121,BINU,2026-03-15,S/Z,Strength Zone,800.00,,800.00,due_or_unpaid,R,,,APRIL 2026,2026-09-10 09:29:27.999665+00
18131,2026-04-01,122,SOHEL RANA,2026-03-16,G/F,General Fitness,1000.00,,1000.00,due_or_unpaid,R,,,APRIL 2026,2026-09-10 09:29:27.999665+00
18132,2026-04-01,123,CHAITANYA K,2026-03-17,G/F,General Fitness,1000.00,,1000.00,due_or_unpaid,R,,,APRIL 2026,2026-09-10 09:29:27.999665+00
18133,2026-04-01,124,KATHIRAVAN.E,2026-03-18,S/Z,Strength Zone,800.00,,800.00,due_or_unpaid,R,,,APRIL 2026,2026-09-10 09:29:27.999665+00
18134,2026-04-01,125,MOORTHY R,2026-03-18,S/Z,Strength Zone,800.00,,800.00,due_or_unpaid,R,,,APRIL 2026,2026-09-10 09:29:27.999665+00
18135,2026-04-01,126,SANJAY S,2026-03-18,S/Z,Strength Zone,800.00,,800.00,due_or_unpaid,R,,,APRIL 2026,2026-09-10 09:29:27.999665+00
18136,2026-04-01,127,PERUMAL V,2026-03-19,S/Z,Strength Zone,800.00,,800.00,due_or_unpaid,R,,,APRIL 2026,2026-09-10 09:29:27.999665+00
18137,2026-04-01,128,EMAMUL HUSSAIN A,2026-03-20,S/Z,Strength Zone,800.00,,800.00,due_or_unpaid,R,,,APRIL 2026,2026-09-10 09:29:27.999665+00
18138,2026-04-01,129,JEEVA M,2026-03-21,S/Z,Strength Zone,800.00,,1000.00,due_or_unpaid,R,,,APRIL 2026,2026-09-10 09:29:27.999665+00
18139,2026-04-01,130,ARAVIND S,2026-03-19,S/Z,Strength Zone,800.00,,800.00,due_or_unpaid,R,,,APRIL 2026,2026-09-10 09:29:27.999665+00
18140,2026-04-01,131,SURESH P,2026-03-28,S/Z,Strength Zone,800.00,,800.00,due_or_unpaid,R,,,APRIL 2026,2026-09-10 09:29:27.999665+00
18141,2026-04-01,132,KAMAL M,2026-03-28,S/Z,Strength Zone,800.00,,800.00,due_or_unpaid,R,,,APRIL 2026,2026-09-10 09:29:27.999665+00
18142,2026-04-01,133,FARHAN,2026-03-29,S/Z,Strength Zone,800.00,,800.00,due_or_unpaid,R,,,APRIL 2026,2026-09-10 09:29:27.999665+00
18143,2026-04-01,134,HARISHIT D,2026-03-30,S/Z,Strength Zone,800.00,,800.00,due_or_unpaid,R,,,APRIL 2026,2026-09-10 09:29:27.999665+00
18144,2026-04-01,135,BALAJI Y,2026-04-01,G/F,General Fitness,800.00,,800.00,due_or_unpaid,R,,,APRIL 2026,2026-09-10 09:29:27.999665+00
18145,2026-04-01,136,PETER A,2026-04-01,G/F,General Fitness,1000.00,,7500.00,due_or_unpaid,R,,M,APRIL 2026,2026-09-10 09:29:27.999665+00
18146,2026-04-01,137,KAMESH R,2026-03-08,S/Z,Strength Zone,800.00,,800.00,due_or_unpaid,R,,,APRIL 2026,2026-09-10 09:29:27.999665+00
18147,2026-04-01,138,PREM S,2026-03-04,S/Z,Strength Zone,800.00,,800.00,due_or_unpaid,R,,,APRIL 2026,2026-09-10 09:29:27.999665+00
18148,2026-04-01,139,VIMAL RAJ R,2026-03-04,S/Z,Strength Zone,800.00,,800.00,due_or_unpaid,R,,,APRIL 2026,2026-09-10 09:29:27.999665+00
18149,2026-04-01,140,JOSEPH,2026-03-04,S/Z,Strength Zone,800.00,,800.00,due_or_unpaid,R,,E,APRIL 2026,2026-09-10 09:29:27.999665+00
18150,2026-04-01,141,ALA IMRAN A,2026-03-04,G/F,General Fitness,1000.00,,1000.00,due_or_unpaid,R,,E,APRIL 2026,2026-09-10 09:29:27.999665+00
18151,2026-04-01,142,HAZRAT ALI,2026-03-05,S/Z,Strength Zone,800.00,,800.00,due_or_unpaid,R,,,APRIL 2026,2026-09-10 09:29:27.999665+00
18152,2026-04-01,143,MAHESHWAR GOPE,2026-03-05,S/Z,Strength Zone,800.00,,800.00,due_or_unpaid,R,,,APRIL 2026,2026-09-10 09:29:27.999665+00
18153,2026-04-01,144,SAKTHI DS,2026-03-09,S/Z,Strength Zone,800.00,,800.00,due_or_unpaid,R,,M/E,APRIL 2026,2026-09-10 09:29:27.999665+00
18154,2026-04-01,145,MUKESH S,2026-03-22,S/Z,Strength Zone,800.00,,800.00,due_or_unpaid,R,,,APRIL 2026,2026-09-10 09:29:27.999665+00
18155,2026-04-01,146,AKASH SATHIVEL,2026-03-10,G/F,General Fitness,1000.00,,1000.00,due_or_unpaid,R,,,APRIL 2026,2026-09-10 09:29:27.999665+00
18156,2026-04-01,147,SARAN RAJ S,2026-03-10,G/F,General Fitness,1000.00,,1000.00,due_or_unpaid,R,,,APRIL 2026,2026-09-10 09:29:27.999665+00
18157,2026-04-01,148,SUDHAKAR S,2026-03-20,G/F,General Fitness,1000.00,1000.00,0.00,paid,PAID,,M/E,APRIL 2026,2026-09-10 09:29:27.999665+00
18158,2026-04-01,149,UMAMAHESWARA RAO,2026-03-11,G/F,General Fitness,1000.00,,1000.00,due_or_unpaid,R,,,APRIL 2026,2026-09-10 09:29:27.999665+00
18159,2026-04-01,150,BARKATHULLAM,2026-03-12,G/F,General Fitness,1000.00,,1000.00,due_or_unpaid,R,,E,APRIL 2026,2026-09-10 09:29:27.999665+00
18160,2026-04-01,151,ABDUL KALAM A,2026-03-13,G/F,General Fitness,1000.00,,1000.00,due_or_unpaid,R,,,APRIL 2026,2026-09-10 09:29:27.999665+00
18161,2026-04-01,152,JARDIS SK,2026-03-13,S/Z,Strength Zone,800.00,,800.00,due_or_unpaid,R,,,APRIL 2026,2026-09-10 09:29:27.999665+00
18162,2026-04-01,153,MANOJ M,2026-03-14,S/Z,Strength Zone,800.00,,800.00,due_or_unpaid,R,,,APRIL 2026,2026-09-10 09:29:27.999665+00
18163,2026-04-01,154,NANTHA KUMAR A,2026-03-14,S/Z,Strength Zone,800.00,,1000.00,due_or_unpaid,R,,,APRIL 2026,2026-09-10 09:29:27.999665+00
18164,2026-04-01,155,MANOJ E,2026-04-14,S/Z,Strength Zone,800.00,,800.00,due_or_unpaid,R,,M,APRIL 2026,2026-09-10 09:29:27.999665+00
18165,2026-04-01,156,PRAVEEN KUMAR S,2026-03-28,G/F,General Fitness,800.00,,800.00,due_or_unpaid,R,,,APRIL 2026,2026-09-10 09:29:27.999665+00
18166,2026-04-01,157,SURYA S,2026-03-23,S/Z,Strength Zone,800.00,,800.00,due_or_unpaid,R,,,APRIL 2026,2026-09-10 09:29:27.999665+00
18167,2026-04-01,158,MURALI S,2026-03-23,S/Z,Strength Zone,800.00,,800.00,due_or_unpaid,R,,,APRIL 2026,2026-09-10 09:29:27.999665+00
18168,2026-04-01,159,RITHISH V,2026-03-18,S/Z,Strength Zone,800.00,,800.00,due_or_unpaid,R,,,APRIL 2026,2026-09-10 09:29:27.999665+00
18169,2026-04-01,160,EMIMAL M,2026-05-29,G/F,General Fitness,1000.00,1000.00,0.00,paid,PAID,,,APRIL 2026,2026-09-10 09:29:27.999665+00
18170,2026-04-01,161,YUVAN SHANKAR T,2026-03-17,G/F,General Fitness,1000.00,,1000.00,due_or_unpaid,R,,M,APRIL 2026,2026-09-10 09:29:27.999665+00
18171,2026-04-01,162,JENIFER S,2026-03-04,G/F,General Fitness,1000.00,,1000.00,due_or_unpaid,R,,M,APRIL 2026,2026-09-10 09:29:27.999665+00
18172,2026-04-01,163,SANJEEV D.S,2026-03-21,G/F,General Fitness,800.00,1000.00,0.00,paid,PAID,,M,APRIL 2026,2026-09-10 09:29:27.999665+00
18173,2026-04-01,164,VASANTH KUMAR G,2026-03-05,S/Z,Strength Zone,800.00,,800.00,due_or_unpaid,R,,,APRIL 2026,2026-09-10 09:29:27.999665+00
18174,2026-04-01,165,KISHORE KUMAR V,2026-03-07,S/Z,Strength Zone,800.00,,800.00,due_or_unpaid,R,,,APRIL 2026,2026-09-10 09:29:27.999665+00
18175,2026-04-01,166,SANTHOSH KUMAR S,2026-03-07,S/Z,Strength Zone,800.00,,800.00,due_or_unpaid,R,,,APRIL 2026,2026-09-10 09:29:27.999665+00
18176,2026-04-01,167,SANTHOSH KUMAR A,2026-03-09,S/Z,Strength Zone,800.00,,800.00,due_or_unpaid,R,,M,APRIL 2026,2026-09-10 09:29:27.999665+00
18177,2026-04-01,168,ETHIRAJ T,2026-03-09,S/Z,Strength Zone,800.00,,800.00,due_or_unpaid,R,,,APRIL 2026,2026-09-10 09:29:27.999665+00
18178,2026-04-01,169,PRASANTH M,2026-03-10,G/F,General Fitness,1000.00,,1000.00,due_or_unpaid,R,,,APRIL 2026,2026-09-10 09:29:27.999665+00
18179,2026-04-01,170,RAGHUL R,2026-03-12,S/Z,Strength Zone,800.00,,800.00,due_or_unpaid,R,,,APRIL 2026,2026-09-10 09:29:27.999665+00
18180,2026-04-01,171,GOWTHAM S,2026-03-16,G/F,General Fitness,1000.00,,1000.00,due_or_unpaid,R,,,APRIL 2026,2026-09-10 09:29:27.999665+00
18181,2026-04-01,172,RAJESH S,2026-03-16,G/F,General Fitness,1000.00,,1000.00,due_or_unpaid,R,,,APRIL 2026,2026-09-10 09:29:27.999665+00
18182,2026-04-01,173,AATHIYAPPAN S,2026-03-30,S/Z,Strength Zone,800.00,,800.00,due_or_unpaid,R,,M,APRIL 2026,2026-09-10 09:29:27.999665+00
18183,2026-04-01,174,GODSON PRAVEEN J,2026-03-19,G/F,General Fitness,1000.00,,800.00,due_or_unpaid,R,,,APRIL 2026,2026-09-10 09:29:27.999665+00
18184,2026-04-01,175,KABILAN R,2026-03-26,S/Z,Strength Zone,800.00,,800.00,due_or_unpaid,R,,,APRIL 2026,2026-09-10 09:29:27.999665+00
18185,2026-04-01,176,KAMAL S,2026-03-28,S/Z,Strength Zone,1000.00,,800.00,due_or_unpaid,R,,,APRIL 2026,2026-09-10 09:29:27.999665+00
18186,2026-04-01,177,MOHAMED ASHWAQ S,2026-03-02,S/Z,Strength Zone,800.00,,800.00,due_or_unpaid,R,,M,APRIL 2026,2026-09-10 09:29:27.999665+00
18187,2026-04-01,178,VICKY,2026-04-03,S/Z,Strength Zone,800.00,,800.00,due_or_unpaid,R,,,APRIL 2026,2026-09-10 09:29:27.999665+00
18188,2026-04-01,180,DEEPAK G,2026-03-05,G/F,General Fitness,1000.00,,1000.00,due_or_unpaid,R,,,APRIL 2026,2026-09-10 09:29:27.999665+00
18189,2026-04-01,181,AGILESHWARAN M,2026-03-09,S/Z,Strength Zone,800.00,,800.00,due_or_unpaid,R,,,APRIL 2026,2026-09-10 09:29:27.999665+00
18190,2026-04-01,182,MUKESH R,2026-03-11,S/Z,Strength Zone,800.00,,800.00,due_or_unpaid,R,,,APRIL 2026,2026-09-10 09:29:27.999665+00
18191,2026-04-01,183,SACHIN AARON T,2026-03-17,S/Z,Strength Zone,800.00,,800.00,due_or_unpaid,R,,,APRIL 2026,2026-09-10 09:29:27.999665+00
18192,2026-04-01,184,SANTHOSH R,2026-04-03,S/Z,Strength Zone,800.00,,800.00,due_or_unpaid,R,,M,APRIL 2026,2026-09-10 09:29:27.999665+00
18193,2026-04-01,185,VISHNU VARTHAN S,2026-04-12,S/Z,Strength Zone,800.00,,800.00,due_or_unpaid,R,,M,APRIL 2026,2026-09-10 09:29:27.999665+00
18194,2026-04-01,186,MOGESH V,2026-03-25,S/Z,Strength Zone,800.00,,800.00,due_or_unpaid,R,,,APRIL 2026,2026-09-10 09:29:27.999665+00
18195,2026-04-01,187,VISHWA R A,2026-03-27,S/Z,Strength Zone,800.00,,800.00,due_or_unpaid,R,,,APRIL 2026,2026-09-10 09:29:27.999665+00
18196,2026-04-01,188,RAMASUBRAMANI K,2026-03-29,S/Z,Strength Zone,800.00,,800.00,due_or_unpaid,R,,,APRIL 2026,2026-09-10 09:29:27.999665+00
18197,2026-04-01,189,DHANASINGH P,2026-03-29,S/Z,Strength Zone,800.00,,800.00,due_or_unpaid,R,,,APRIL 2026,2026-09-10 09:29:27.999665+00
18198,2026-04-01,190,AMAR NATH R,2026-04-03,G/F,General Fitness,1000.00,,1000.00,due_or_unpaid,R,,M,APRIL 2026,2026-09-10 09:29:27.999665+00
18199,2026-04-01,191,PUVIYARASAN G,2026-03-10,S/Z,Strength Zone,800.00,,800.00,due_or_unpaid,R,,,APRIL 2026,2026-09-10 09:29:27.999665+00
18200,2026-04-01,192,DINESH KUMAR R,2026-04-04,S/Z,Strength Zone,800.00,,800.00,due_or_unpaid,R,,M,APRIL 2026,2026-09-10 09:29:27.999665+00
18201,2026-04-01,193,ARUN KUMAR R,2026-03-04,G/F,General Fitness,1000.00,,1000.00,due_or_unpaid,R,,,APRIL 2026,2026-09-10 09:29:27.999665+00
18202,2026-04-01,194,ASWIN P BENNY,2026-03-04,G/F,General Fitness,1000.00,,1000.00,due_or_unpaid,R,,,APRIL 2026,2026-09-10 09:29:27.999665+00
18203,2026-04-01,195,ROCK R,2026-03-04,S/Z,Strength Zone,800.00,,800.00,due_or_unpaid,R,,,APRIL 2026,2026-09-10 09:29:27.999665+00
18204,2026-04-01,196,SURIYA PRAKSH M,2026-03-12,S/Z,Strength Zone,800.00,,800.00,due_or_unpaid,R,,E,APRIL 2026,2026-09-10 09:29:27.999665+00
18205,2026-04-01,197,BHARATHI RAJA M,2026-03-12,G/F,General Fitness,1000.00,,1000.00,due_or_unpaid,R,,,APRIL 2026,2026-09-10 09:29:27.999665+00
18206,2026-04-01,198,SURYA R,2026-03-13,S/Z,Strength Zone,800.00,800.00,0.00,paid,PAID,,,APRIL 2026,2026-09-10 09:29:27.999665+00
18207,2026-04-01,199,NIVEN K,2026-03-13,S/Z,Strength Zone,800.00,,800.00,due_or_unpaid,R,,,APRIL 2026,2026-09-10 09:29:27.999665+00
18208,2026-04-01,200,DHAYALAN R,2026-03-21,G/F,General Fitness,1000.00,,1000.00,due_or_unpaid,R,,,APRIL 2026,2026-09-10 09:29:27.999665+00
18209,2026-04-01,201,KARTHI BALAJI R,2026-03-13,S/Z,Strength Zone,800.00,,800.00,due_or_unpaid,R,,,APRIL 2026,2026-09-10 09:29:27.999665+00
18210,2026-04-01,202,HARI KRISHNAN G,2026-04-18,G/F,General Fitness,1000.00,,1000.00,due_or_unpaid,R,,M/E,APRIL 2026,2026-09-10 09:29:27.999665+00
18211,2026-04-01,203,VIGNESH K,2026-04-18,G/F,General Fitness,1000.00,,1000.00,due_or_unpaid,R,,M/E,APRIL 2026,2026-09-10 09:29:27.999665+00
18212,2026-04-01,204,AKASH C,2026-03-20,S/Z,Strength Zone,800.00,,800.00,due_or_unpaid,R,,,APRIL 2026,2026-09-10 09:29:27.999665+00
18213,2026-04-01,205,MANI MARAN M,2026-03-20,S/Z,Strength Zone,800.00,,800.00,due_or_unpaid,R,,,APRIL 2026,2026-09-10 09:29:27.999665+00
18214,2026-04-01,206,SANTHA KUMAR S,2026-03-24,G/F,General Fitness,1000.00,,1000.00,due_or_unpaid,R,,,APRIL 2026,2026-09-10 09:29:27.999665+00
18215,2026-04-01,207,SANJAY S,2026-03-24,S/Z,Strength Zone,800.00,,800.00,due_or_unpaid,R,,,APRIL 2026,2026-09-10 09:29:27.999665+00
18216,2026-04-01,208,SEEN N,2026-03-24,S/Z,Strength Zone,800.00,,800.00,due_or_unpaid,R,,,APRIL 2026,2026-09-10 09:29:27.999665+00
18217,2026-04-01,209,PASUPATHI M,2027-01-13,G/F,General Fitness,7500.00,,7500.00,due_or_unpaid,R,,,APRIL 2026,2026-09-10 09:29:27.999665+00
18218,2026-04-01,210,NAVEEN K.M,2026-04-03,G/F,General Fitness,1000.00,1000.00,0.00,paid,PAID,,M,APRIL 2026,2026-09-10 09:29:27.999665+00
18219,2026-04-01,211,SUNIL KUMAR H,2026-03-03,S/Z,Strength Zone,800.00,,800.00,due_or_unpaid,R,,,APRIL 2026,2026-09-10 09:29:27.999665+00
18220,2026-04-01,212,ALI,2026-03-03,S/Z,Strength Zone,800.00,,800.00,due_or_unpaid,R,,,APRIL 2026,2026-09-10 09:29:27.999665+00
18221,2026-04-01,213,SADDAM,2026-03-03,S/Z,Strength Zone,800.00,,800.00,due_or_unpaid,R,,,APRIL 2026,2026-09-10 09:29:27.999665+00
18222,2026-04-01,214,SUMAN RAJ P,2026-03-10,G/F,General Fitness,1000.00,,1000.00,due_or_unpaid,R,,,APRIL 2026,2026-09-10 09:29:27.999665+00
18223,2026-04-01,215,MICHEAL PRAKASH P,2026-03-11,G/F,General Fitness,1000.00,,1000.00,due_or_unpaid,R,,,APRIL 2026,2026-09-10 09:29:27.999665+00
18224,2026-04-01,216,RAJA K,2026-03-11,G/F,General Fitness,1000.00,,1000.00,due_or_unpaid,R,,,APRIL 2026,2026-09-10 09:29:27.999665+00
18225,2026-04-01,217,SANJAY P R,2026-03-11,S/Z,Strength Zone,800.00,,800.00,due_or_unpaid,R,,,APRIL 2026,2026-09-10 09:29:27.999665+00
18226,2026-04-01,218,NARENDRAN T,2026-03-14,S/Z,Strength Zone,800.00,,800.00,due_or_unpaid,R,,,APRIL 2026,2026-09-10 09:29:27.999665+00
18227,2026-04-01,219,SUNIL P,2026-04-13,S/Z,Strength Zone,800.00,,800.00,due_or_unpaid,R,,M,APRIL 2026,2026-09-10 09:29:27.999665+00
18228,2026-04-01,220,VENKET,2026-03-13,G/F,General Fitness,1000.00,,1000.00,due_or_unpaid,R,,,APRIL 2026,2026-09-10 09:29:27.999665+00
18229,2026-04-01,221,KARTHICK R,2026-03-15,S/Z,Strength Zone,800.00,,800.00,due_or_unpaid,R,,,APRIL 2026,2026-09-10 09:29:27.999665+00
18230,2026-04-01,222,MUNISH KUMAR B,2026-03-17,S/Z,Strength Zone,800.00,,800.00,due_or_unpaid,R,,,APRIL 2026,2026-09-10 09:29:27.999665+00
18231,2026-04-01,223,RAJIBUL ALI T,2026-03-22,S/Z,Strength Zone,800.00,,800.00,due_or_unpaid,R,,,APRIL 2026,2026-09-10 09:29:27.999665+00
18232,2026-04-01,224,MOHANRAJ P,2026-04-07,G/F,General Fitness,1000.00,1000.00,0.00,paid,PAID,,M/E,APRIL 2026,2026-09-10 09:29:27.999665+00
18233,2026-04-01,225,RAVINDHAREN,2026-03-25,S/Z,Strength Zone,800.00,,800.00,due_or_unpaid,R,,,APRIL 2026,2026-09-10 09:29:27.999665+00
18234,2026-04-01,226,SURESH M,2026-04-01,S/Z,Strength Zone,800.00,800.00,0.00,paid,PAID,,M,APRIL 2026,2026-09-10 09:29:27.999665+00
18235,2026-04-01,227,KARTHIK DHANASEKAR,2026-04-01,S/Z,Strength Zone,800.00,800.00,0.00,paid,PAID,,M,APRIL 2026,2026-09-10 09:29:27.999665+00
18236,2026-04-01,228,MANIKANDAN D,2026-04-01,S/Z,Strength Zone,800.00,800.00,0.00,paid,PAID,,M,APRIL 2026,2026-09-10 09:29:27.999665+00
18237,2026-04-01,229,VISHVA,2026-04-01,S/Z,Strength Zone,800.00,,800.00,due_or_unpaid,R,,,APRIL 2026,2026-09-10 09:29:27.999665+00
18238,2026-04-01,230,SHYAM K,2026-03-04,S/Z,Strength Zone,800.00,,800.00,due_or_unpaid,R,,,APRIL 2026,2026-09-10 09:29:27.999665+00
18239,2026-04-01,231,SHASHANTH S,2026-03-13,S/Z,Strength Zone,800.00,,800.00,due_or_unpaid,R,,E,APRIL 2026,2026-09-10 09:29:27.999665+00
18240,2026-04-01,232,ANIL KUMAR,2026-03-05,S/Z,Strength Zone,800.00,,800.00,due_or_unpaid,R,,,APRIL 2026,2026-09-10 09:29:27.999665+00
18241,2026-04-01,233,NIKHIL NAYAK L,2026-03-07,S/Z,Strength Zone,800.00,,800.00,due_or_unpaid,R,,,APRIL 2026,2026-09-10 09:29:27.999665+00
18242,2026-04-01,234,PINKU NAYAK C,2026-03-07,S/Z,Strength Zone,800.00,,800.00,due_or_unpaid,R,,,APRIL 2026,2026-09-10 09:29:27.999665+00
18243,2026-04-01,235,AKASH S,2026-04-01,G/F,General Fitness,1000.00,,1000.00,due_or_unpaid,R,,,APRIL 2026,2026-09-10 09:29:27.999665+00
18244,2026-04-01,236,ANAND,2026-03-08,G/F,General Fitness,1000.00,,1000.00,due_or_unpaid,R,,,APRIL 2026,2026-09-10 09:29:27.999665+00
18245,2026-04-01,237,LOHIT NAYAK,2026-03-12,S/Z,Strength Zone,800.00,,800.00,due_or_unpaid,R,,,APRIL 2026,2026-09-10 09:29:27.999665+00
18246,2026-04-01,238,RIMPLE KUMAR,2026-03-15,S/Z,Strength Zone,800.00,,800.00,due_or_unpaid,R,,,APRIL 2026,2026-09-10 09:29:27.999665+00
18247,2026-04-01,239,GOPINATH M,2026-03-17,G/F,General Fitness,1000.00,,1000.00,due_or_unpaid,R,,,APRIL 2026,2026-09-10 09:29:27.999665+00
18248,2026-04-01,239,GOPINATH M,2026-03-19,S/Z,Strength Zone,800.00,,800.00,due_or_unpaid,R,,,APRIL 2026,2026-09-10 09:29:27.999665+00
18249,2026-04-01,240,YOGESH G,2026-04-19,S/Z,Strength Zone,800.00,,800.00,due_or_unpaid,R,,,APRIL 2026,2026-09-10 09:29:27.999665+00
18250,2026-04-01,240,YOGESH G,2026-03-24,S/Z,Strength Zone,800.00,,800.00,due_or_unpaid,R,,,APRIL 2026,2026-09-10 09:29:27.999665+00
18251,2026-04-01,241,PRADHAP V,2026-03-21,S/Z,Strength Zone,800.00,,800.00,due_or_unpaid,R,,,APRIL 2026,2026-09-10 09:29:27.999665+00
18252,2026-04-01,241,PRADHAP V,2026-03-24,S/Z,Strength Zone,800.00,,800.00,due_or_unpaid,R,,,APRIL 2026,2026-09-10 09:29:27.999665+00
18253,2026-04-01,242,AJAY A,2026-03-26,S/Z,Strength Zone,800.00,,800.00,due_or_unpaid,R,,,APRIL 2026,2026-09-10 09:29:27.999665+00
18254,2026-04-01,244,BABU K,2026-03-26,G/F,General Fitness,1000.00,,1000.00,due_or_unpaid,R,,,APRIL 2026,2026-09-10 09:29:27.999665+00
18255,2026-04-01,245,KISHORE S,2026-03-03,G/F,General Fitness,1000.00,,1000.00,due_or_unpaid,R,,M/E,APRIL 2026,2026-09-10 09:29:27.999665+00
18256,2026-04-01,246,SURESH,2026-03-05,S/Z,Strength Zone,800.00,,800.00,due_or_unpaid,R,,M,APRIL 2026,2026-09-10 09:29:27.999665+00
18257,2026-04-01,247,VIVEK,2026-11-05,S/Z,Strength Zone,800.00,,7777.00,due_or_unpaid,R,,M,APRIL 2026,2026-09-10 09:29:27.999665+00
18258,2026-04-01,248,ELAKKIAN,2026-03-05,G/F,General Fitness,1000.00,,1000.00,due_or_unpaid,R,,E,APRIL 2026,2026-09-10 09:29:27.999665+00
18259,2026-04-01,249,DEEPAK C,2026-03-05,G/F,General Fitness,1000.00,,1000.00,due_or_unpaid,R,,E,APRIL 2026,2026-09-10 09:29:27.999665+00
18260,2026-04-01,250,RESHATH S,2026-03-06,S/Z,Strength Zone,800.00,,800.00,due_or_unpaid,R,,M,APRIL 2026,2026-09-10 09:29:27.999665+00
18261,2026-04-01,251,ARAVINTHAN S,2026-04-12,G/F,General Fitness,1000.00,1000.00,0.00,paid,PAID,,M,APRIL 2026,2026-09-10 09:29:27.999665+00
18262,2026-04-01,252,MOULI RAJ V,2026-04-19,S/Z,Strength Zone,800.00,800.00,0.00,paid,PAID,,,APRIL 2026,2026-09-10 09:29:27.999665+00
18263,2026-04-01,253,DHAYANATHAN,2026-04-01,S/Z,Strength Zone,800.00,,800.00,due_or_unpaid,R,,M/E,APRIL 2026,2026-09-10 09:29:27.999665+00
18264,2026-04-01,254,SELVAM K,2026-04-14,S/Z,Strength Zone,1000.00,,1000.00,due_or_unpaid,R,,M,APRIL 2026,2026-09-10 09:29:27.999665+00
18265,2026-04-01,255,VIJAYAN .S,2026-03-08,G/F,General Fitness,1000.00,,800.00,due_or_unpaid,R,,,APRIL 2026,2026-09-10 09:29:27.999665+00
18266,2026-04-01,256,KARTHICK M,2026-04-16,S/Z,Strength Zone,800.00,800.00,0.00,paid,PAID,,,APRIL 2026,2026-09-10 09:29:27.999665+00
18267,2026-04-01,257,PAWN KUMAR,2026-03-26,S/Z,Strength Zone,800.00,,800.00,due_or_unpaid,R,,,APRIL 2026,2026-09-10 09:29:27.999665+00
18268,2026-04-01,258,BEENAUVV V,2026-03-05,G/F,General Fitness,1000.00,,1000.00,due_or_unpaid,R,,,APRIL 2026,2026-09-10 09:29:27.999665+00
18269,2026-04-01,259,PRADEEP KUMAR G,2026-03-04,G/F,General Fitness,1000.00,,1000.00,due_or_unpaid,R,,,APRIL 2026,2026-09-10 09:29:27.999665+00
18270,2026-04-01,260,BARATH R,2026-04-10,S/Z,Strength Zone,800.00,800.00,0.00,paid,PAID,,M,APRIL 2026,2026-09-10 09:29:27.999665+00
18271,2026-04-01,261,MANIKANDAN L,2026-03-12,G/F,General Fitness,1000.00,,1000.00,due_or_unpaid,R,,,APRIL 2026,2026-09-10 09:29:27.999665+00
18272,2026-04-01,262,RANJITH A,2026-03-13,G/F,General Fitness,1000.00,,1000.00,due_or_unpaid,R,,,APRIL 2026,2026-09-10 09:29:27.999665+00
18273,2026-04-01,263,SHANMATHI E,2026-03-16,G/F,General Fitness,1000.00,,1000.00,due_or_unpaid,R,,,APRIL 2026,2026-09-10 09:29:27.999665+00
18274,2026-04-01,264,VENKATESH K,2026-03-19,S/Z,Strength Zone,800.00,,800.00,due_or_unpaid,R,,,APRIL 2026,2026-09-10 09:29:27.999665+00
18275,2026-04-01,265,ANKUR GUWALA J,2026-03-19,S/Z,Strength Zone,800.00,,800.00,due_or_unpaid,R,,,APRIL 2026,2026-09-10 09:29:27.999665+00
18276,2026-04-01,266,PRANESH M,2026-03-20,S/Z,Strength Zone,800.00,,800.00,due_or_unpaid,R,,,APRIL 2026,2026-09-10 09:29:27.999665+00
18277,2026-04-01,267,HANY PRINCY V,2026-03-06,G/F,General Fitness,1000.00,,1000.00,due_or_unpaid,R,,E,APRIL 2026,2026-09-10 09:29:27.999665+00
18278,2026-04-01,268,GUGAN S,2026-03-25,S/Z,Strength Zone,800.00,,800.00,due_or_unpaid,R,,,APRIL 2026,2026-09-10 09:29:27.999665+00
18279,2026-04-01,269,SENTHIL KUMAR,2026-04-01,G/F,General Fitness,1000.00,,1000.00,due_or_unpaid,R,,,APRIL 2026,2026-09-10 09:29:27.999665+00
18280,2026-04-01,270,AMITH KUMAR,2026-04-01,S/Z,Strength Zone,800.00,,800.00,due_or_unpaid,R,,,APRIL 2026,2026-09-10 09:29:27.999665+00
18281,2026-04-01,271,ABISHEK KUMAR,2026-04-01,S/Z,Strength Zone,800.00,,800.00,due_or_unpaid,R,,,APRIL 2026,2026-09-10 09:29:27.999665+00
18282,2026-04-01,272,BHUPINDER SINGH,2026-04-01,S/Z,Strength Zone,800.00,800.00,0.00,paid,PAID,,E,APRIL 2026,2026-09-10 09:29:27.999665+00
18283,2026-04-01,273,DEEPAK B,2026-03-10,G/F,General Fitness,800.00,800.00,0.00,paid,PAID,,E,APRIL 2026,2026-09-10 09:29:27.999665+00
18284,2026-04-01,274,RATHNA KUMAR A,2026-09-07,S/Z,Strength Zone,800.00,,7777.00,due_or_unpaid,R,,M/E,APRIL 2026,2026-09-10 09:29:27.999665+00
18285,2026-04-01,275,BINIT,2026-03-08,G/F,General Fitness,1000.00,,1000.00,due_or_unpaid,R,,E,APRIL 2026,2026-09-10 09:29:27.999665+00
18286,2026-04-01,276,SAPHMITA,2026-03-08,G/F,General Fitness,1000.00,,1000.00,due_or_unpaid,R,,E,APRIL 2026,2026-09-10 09:29:27.999665+00
18287,2026-04-01,277,ARAVIND D,2026-03-08,G/F,General Fitness,1000.00,,1000.00,due_or_unpaid,R,,,APRIL 2026,2026-09-10 09:29:27.999665+00
18288,2026-04-01,278,VIGNESH M,2026-03-08,G/F,General Fitness,1000.00,,1000.00,due_or_unpaid,R,,M,APRIL 2026,2026-09-10 09:29:27.999665+00
18289,2026-04-01,279,MOHAMMED FAAIZ M,2026-03-09,G/F,General Fitness,1000.00,,1000.00,due_or_unpaid,R,,E,APRIL 2026,2026-09-10 09:29:27.999665+00
18290,2026-04-01,280,PERIYASAMY J,2026-03-05,S/Z,Strength Zone,800.00,,800.00,due_or_unpaid,R,,,APRIL 2026,2026-09-10 09:29:27.999665+00
18291,2026-04-01,281,AKASH A,2026-03-24,G/F,General Fitness,1000.00,800.00,800.00,paid,PAID,,,APRIL 2026,2026-09-10 09:29:27.999665+00
18292,2026-04-01,282,SOLOMON K,2026-03-11,G/F,General Fitness,1000.00,,1000.00,due_or_unpaid,R,,,APRIL 2026,2026-09-10 09:29:27.999665+00
18293,2026-04-01,283,SARAN S,2026-03-11,S/Z,Strength Zone,1000.00,,1000.00,due_or_unpaid,R,,,APRIL 2026,2026-09-10 09:29:27.999665+00
18294,2026-04-01,284,ARJUN B,2026-03-12,S/Z,Strength Zone,800.00,,800.00,due_or_unpaid,R,,,APRIL 2026,2026-09-10 09:29:27.999665+00
18295,2026-04-01,285,SARAVANAN,2026-03-12,S/Z,Strength Zone,800.00,,800.00,due_or_unpaid,R,,,APRIL 2026,2026-09-10 09:29:27.999665+00
18296,2026-04-01,286,TAPAS KUMAR B,2026-03-16,S/Z,Strength Zone,800.00,,800.00,due_or_unpaid,R,,,APRIL 2026,2026-09-10 09:29:27.999665+00
18297,2026-04-01,287,PRASANTH K,2026-03-16,S/Z,Strength Zone,800.00,,800.00,due_or_unpaid,R,,,APRIL 2026,2026-09-10 09:29:27.999665+00
18298,2026-04-01,288,SANDHIYA S,2026-03-16,G/F,General Fitness,1000.00,,1000.00,due_or_unpaid,R,,,APRIL 2026,2026-09-10 09:29:27.999665+00
18299,2026-04-01,289,AMAN KUMAR,2026-03-18,S/Z,Strength Zone,800.00,,800.00,due_or_unpaid,R,,,APRIL 2026,2026-09-10 09:29:27.999665+00
18300,2026-04-01,290,VARUN KUMAR J,2026-04-24,G/F,General Fitness,1000.00,1000.00,0.00,paid,PAID,,E,APRIL 2026,2026-09-10 09:29:27.999665+00
18301,2026-04-01,291,MOHAN H,2026-04-02,S/Z,Strength Zone,800.00,,800.00,due_or_unpaid,R,,E,APRIL 2026,2026-09-10 09:29:27.999665+00
18302,2026-04-01,292,PAUL CHRISTOPHER T,2026-03-29,G/F,General Fitness,1000.00,,1000.00,due_or_unpaid,R,,E,APRIL 2026,2026-09-10 09:29:27.999665+00
18303,2026-04-01,293,ANAND N,2026-03-02,S/Z,Strength Zone,800.00,,800.00,due_or_unpaid,R,,,APRIL 2026,2026-09-10 09:29:27.999665+00
18304,2026-04-01,294,GANESH S,2026-04-04,S/Z,Strength Zone,800.00,,800.00,due_or_unpaid,R,,M/E,APRIL 2026,2026-09-10 09:29:27.999665+00
18305,2026-04-01,295,RAMAN VERMA,2026-03-05,S/Z,Strength Zone,800.00,,800.00,due_or_unpaid,R,,,APRIL 2026,2026-09-10 09:29:27.999665+00
18306,2026-04-01,296,HARI PRASATH L,2026-03-05,S/Z,Strength Zone,800.00,,800.00,due_or_unpaid,R,,,APRIL 2026,2026-09-10 09:29:27.999665+00
18307,2026-04-01,297,SELVA P,2026-03-05,S/Z,Strength Zone,800.00,,800.00,due_or_unpaid,R,,E,APRIL 2026,2026-09-10 09:29:27.999665+00
18308,2026-04-01,298,DILLIBABU,2026-04-12,S/Z,Strength Zone,800.00,,800.00,due_or_unpaid,R,,M,APRIL 2026,2026-09-10 09:29:27.999665+00
18309,2026-04-01,299,NIVEN K,2026-03-13,G/F,General Fitness,1000.00,,1000.00,due_or_unpaid,R,,M,APRIL 2026,2026-09-10 09:29:27.999665+00
18310,2026-04-01,300,KALIA AKASH S,2026-03-13,S/Z,Strength Zone,800.00,,800.00,due_or_unpaid,R,,,APRIL 2026,2026-09-10 09:29:27.999665+00
18311,2026-04-01,301,RAJKUMAR,2026-03-18,S/Z,Strength Zone,800.00,,800.00,due_or_unpaid,R,,,APRIL 2026,2026-09-10 09:29:27.999665+00
18312,2026-04-01,302,GANESH K,2026-03-28,G/F,General Fitness,1000.00,,1000.00,due_or_unpaid,R,,,APRIL 2026,2026-09-10 09:29:27.999665+00
18313,2026-04-01,303,JAYAPRAKASH V,2026-04-01,G/F,General Fitness,1000.00,,1000.00,due_or_unpaid,R,,M,APRIL 2026,2026-09-10 09:29:27.999665+00
18314,2026-04-01,304,GANESH S,2026-04-01,G/F,General Fitness,1000.00,,1000.00,due_or_unpaid,R,,M,APRIL 2026,2026-09-10 09:29:27.999665+00
18315,2026-04-01,305,JASLIN A,2026-04-01,G/F,General Fitness,1000.00,,1000.00,due_or_unpaid,R,,,APRIL 2026,2026-09-10 09:29:27.999665+00
18316,2026-04-01,306,SATHISH M,2026-04-01,S/Z,Strength Zone,800.00,,800.00,due_or_unpaid,R,,,APRIL 2026,2026-09-10 09:29:27.999665+00
18317,2026-04-01,307,ARUN K,2026-04-01,S/Z,Strength Zone,800.00,,800.00,due_or_unpaid,R,,M/E,APRIL 2026,2026-09-10 09:29:27.999665+00
18318,2026-04-01,308,BALAJI R,2026-03-02,S/Z,Strength Zone,800.00,,800.00,due_or_unpaid,R,,,APRIL 2026,2026-09-10 09:29:27.999665+00
18319,2026-04-01,309,JANAKI RAMAN D,2026-04-16,G/F,General Fitness,1000.00,,1000.00,due_or_unpaid,R,E,,APRIL 2026,2026-09-10 09:29:27.999665+00
18320,2026-04-01,310,KAMALA DHASAN M,2026-04-08,S/Z,Strength Zone,800.00,800.00,0.00,paid,PAID,,M,APRIL 2026,2026-09-10 09:29:27.999665+00
18321,2026-04-01,311,JOHN BENEDICT,2026-03-09,G/F,General Fitness,1000.00,,1000.00,due_or_unpaid,R,,E,APRIL 2026,2026-09-10 09:29:27.999665+00
18322,2026-04-01,312,PADMANABAN J,2026-03-15,S/Z,Strength Zone,800.00,,800.00,due_or_unpaid,R,,,APRIL 2026,2026-09-10 09:29:27.999665+00
18323,2026-04-01,313,SABARI GIRI S,2026-03-15,S/Z,Strength Zone,800.00,,800.00,due_or_unpaid,R,,,APRIL 2026,2026-09-10 09:29:27.999665+00
18324,2026-04-01,314,ROHITH K,2026-03-15,S/Z,Strength Zone,800.00,,800.00,due_or_unpaid,R,,,APRIL 2026,2026-09-10 09:29:27.999665+00
18325,2026-04-01,315,CHANDHRU,2026-03-15,S/Z,Strength Zone,800.00,,800.00,due_or_unpaid,R,,,APRIL 2026,2026-09-10 09:29:27.999665+00
18326,2026-04-01,316,RAMESH S,2026-04-16,S/Z,Strength Zone,800.00,,800.00,due_or_unpaid,R,,M,APRIL 2026,2026-09-10 09:29:27.999665+00
18327,2026-04-01,317,KEERTHI VARMAN S,2026-03-19,S/Z,Strength Zone,800.00,,800.00,due_or_unpaid,R,,,APRIL 2026,2026-09-10 09:29:27.999665+00
18328,2026-04-01,318,DILLIBABU K,2026-03-02,S/Z,Strength Zone,800.00,,800.00,due_or_unpaid,R,,,APRIL 2026,2026-09-10 09:29:27.999665+00
18329,2026-04-01,319,ABISHEK KUMAR,2026-03-03,S/Z,Strength Zone,800.00,,800.00,due_or_unpaid,R,,M/E,APRIL 2026,2026-09-10 09:29:27.999665+00
18330,2026-04-01,320,VIKKI KUMAR,2026-03-03,S/Z,Strength Zone,800.00,,800.00,due_or_unpaid,R,,,APRIL 2026,2026-09-10 09:29:27.999665+00
18331,2026-04-01,321,DHAMODHARAN M,2026-03-06,G/F,General Fitness,1000.00,,1000.00,due_or_unpaid,R,,E,APRIL 2026,2026-09-10 09:29:27.999665+00
18332,2026-04-01,322,SASI KUMARAN,2026-03-06,G/F,General Fitness,1000.00,,1000.00,due_or_unpaid,R,,M,APRIL 2026,2026-09-10 09:29:27.999665+00
18333,2026-04-01,323,SANTHOSH T.S,2026-03-06,S/Z,Strength Zone,800.00,,1000.00,due_or_unpaid,R,,E,APRIL 2026,2026-09-10 09:29:27.999665+00
18334,2026-04-01,324,SHIVAM KUMAR,2026-03-04,S/Z,Strength Zone,800.00,,800.00,due_or_unpaid,R,,M/E,APRIL 2026,2026-09-10 09:29:27.999665+00
18335,2026-04-01,325,RAUSHAN,2026-03-04,S/Z,Strength Zone,800.00,,800.00,due_or_unpaid,R,,E,APRIL 2026,2026-09-10 09:29:27.999665+00
18336,2026-04-01,326,EMBHAH,2026-03-11,G/F,General Fitness,1000.00,,1000.00,due_or_unpaid,R,,M/E,APRIL 2026,2026-09-10 09:29:27.999665+00
18337,2026-04-01,327,HASIYA TRIPURA,2026-03-11,G/F,General Fitness,1000.00,,1000.00,due_or_unpaid,R,,M/E,APRIL 2026,2026-09-10 09:29:27.999665+00
18338,2026-04-01,328,THANGA RAJ P,2026-03-13,S/Z,Strength Zone,800.00,,800.00,due_or_unpaid,R,,M,APRIL 2026,2026-09-10 09:29:27.999665+00
18339,2026-04-01,329,SANJU MANDAL,2026-03-23,S/Z,Strength Zone,800.00,,800.00,due_or_unpaid,R,,,APRIL 2026,2026-09-10 09:29:27.999665+00
18340,2026-04-01,330,EARM RAZA,2026-03-14,S/Z,Strength Zone,800.00,800.00,0.00,paid,PAID,,M,APRIL 2026,2026-09-10 09:29:27.999665+00
18341,2026-04-01,331,VENKAT P,2026-03-27,S/Z,Strength Zone,800.00,,800.00,due_or_unpaid,R,,M,APRIL 2026,2026-09-10 09:29:27.999665+00
18342,2026-04-01,332,DINESH KARTHIK K,2026-03-27,S/Z,Strength Zone,800.00,,800.00,due_or_unpaid,R,,M,APRIL 2026,2026-09-10 09:29:27.999665+00
18343,2026-04-01,333,PRAKASH R,2026-04-01,G/F,General Fitness,1000.00,,1000.00,due_or_unpaid,R,,M,APRIL 2026,2026-09-10 09:29:27.999665+00
18344,2026-04-01,334,MAGESH G,2027-01-01,G/F,General Fitness,1000.00,,7500.00,due_or_unpaid,R,,M,APRIL 2026,2026-09-10 09:29:27.999665+00
18345,2026-04-01,335,SHOHRAB KHAN,2026-03-03,S/Z,Strength Zone,800.00,,800.00,due_or_unpaid,R,,E,APRIL 2026,2026-09-10 09:29:27.999665+00
18346,2026-04-01,336,JOHN Y,2026-03-03,S/Z,Strength Zone,800.00,,800.00,due_or_unpaid,R,,E,APRIL 2026,2026-09-10 09:29:27.999665+00
18347,2026-04-01,337,SARATHY KUMAR D,2026-03-06,G/F,General Fitness,1000.00,,1000.00,due_or_unpaid,R,,,APRIL 2026,2026-09-10 09:29:27.999665+00
18348,2026-04-01,338,SURENDHAR P,2026-03-07,S/Z,Strength Zone,800.00,,800.00,due_or_unpaid,R,,,APRIL 2026,2026-09-10 09:29:27.999665+00
18349,2026-04-01,339,VARADHARAJ N,2027-01-17,G/F,General Fitness,7500.00,,7500.00,due_or_unpaid,R,,M,APRIL 2026,2026-09-10 09:29:27.999665+00
18350,2026-04-01,340,JAGBIR SINGH,2026-03-10,S/Z,Strength Zone,800.00,,800.00,due_or_unpaid,R,,,APRIL 2026,2026-09-10 09:29:27.999665+00
18351,2026-04-01,341,MUKESH M,2026-03-11,S/Z,Strength Zone,800.00,,800.00,due_or_unpaid,R,,M,APRIL 2026,2026-09-10 09:29:27.999665+00
18352,2026-04-01,342,VAIKO S,2026-03-17,G/F,General Fitness,1000.00,,1000.00,due_or_unpaid,R,,M,APRIL 2026,2026-09-10 09:29:27.999665+00
18353,2026-04-01,343,PRITHIVIRAJ B,2026-04-17,G/F,General Fitness,1000.00,1000.00,0.00,paid,PAID,,E,APRIL 2026,2026-09-10 09:29:27.999665+00
18354,2026-04-01,344,ASISH,2026-03-22,S/Z,Strength Zone,800.00,,800.00,due_or_unpaid,R,,,APRIL 2026,2026-09-10 09:29:27.999665+00
18355,2026-04-01,345,DEEPAK S,2026-04-22,S/Z,Strength Zone,800.00,,800.00,due_or_unpaid,R,,,APRIL 2026,2026-09-10 09:29:27.999665+00
18356,2026-04-01,346,KRISHNA KUMAR,2026-03-26,S/Z,Strength Zone,800.00,,800.00,due_or_unpaid,R,,,APRIL 2026,2026-09-10 09:29:27.999665+00
18357,2026-04-01,347,HAREESH M,2026-03-27,S/Z,Strength Zone,800.00,,800.00,due_or_unpaid,R,,,APRIL 2026,2026-09-10 09:29:27.999665+00
18358,2026-04-01,348,RAMACHANTHIRAN S,2026-03-28,G/F,General Fitness,100.00,,1000.00,due_or_unpaid,R,,,APRIL 2026,2026-09-10 09:29:27.999665+00
18359,2026-04-01,349,SARATHI N,2026-04-28,S/Z,Strength Zone,800.00,,800.00,due_or_unpaid,R,,,APRIL 2026,2026-09-10 09:29:27.999665+00
18360,2026-04-01,350,MAHESH RAM S,2026-04-01,G/F,General Fitness,1000.00,,1000.00,due_or_unpaid,R,,,APRIL 2026,2026-09-10 09:29:27.999665+00
18361,2026-04-01,351,MANISH M,2026-04-04,G/F,General Fitness,1000.00,1000.00,0.00,paid,PAID,,M,APRIL 2026,2026-09-10 09:29:27.999665+00
18362,2026-04-01,352,SATHYA R,2026-04-09,S/Z,Strength Zone,800.00,,800.00,due_or_unpaid,R,,E,APRIL 2026,2026-09-10 09:29:27.999665+00
18363,2026-04-01,353,PRANAV M,2026-03-12,S/Z,Strength Zone,800.00,,800.00,due_or_unpaid,R,,M/E,APRIL 2026,2026-09-10 09:29:27.999665+00
18364,2026-04-01,354,RINKU ALI,2026-03-13,S/Z,Strength Zone,800.00,,800.00,due_or_unpaid,R,,M,APRIL 2026,2026-09-10 09:29:27.999665+00
18365,2026-04-01,355,SHARIF UDDIN,2026-03-13,S/Z,Strength Zone,800.00,,800.00,due_or_unpaid,R,,M,APRIL 2026,2026-09-10 09:29:27.999665+00
18366,2026-04-01,356,THANASURYA T,2026-03-15,G/F,General Fitness,100.00,,1000.00,due_or_unpaid,R,,,APRIL 2026,2026-09-10 09:29:27.999665+00
18367,2026-04-01,357,JAY,2026-03-15,S/Z,Strength Zone,800.00,,800.00,due_or_unpaid,R,,M,APRIL 2026,2026-09-10 09:29:27.999665+00
18368,2026-04-01,358,REAJUL ISLAM,2026-03-15,S/Z,Strength Zone,800.00,,800.00,due_or_unpaid,R,,M,APRIL 2026,2026-09-10 09:29:27.999665+00
18369,2026-04-01,359,RANJAN KUMAR BEHERA,2026-03-15,S/Z,Strength Zone,800.00,,800.00,due_or_unpaid,R,,M,APRIL 2026,2026-09-10 09:29:27.999665+00
18370,2026-04-01,360,ROHIBUL HOQUE,2026-03-16,S/Z,Strength Zone,800.00,,800.00,due_or_unpaid,R,,,APRIL 2026,2026-09-10 09:29:27.999665+00
18371,2026-04-01,361,AIJUL HOQUE,2026-03-16,S/Z,Strength Zone,800.00,,800.00,due_or_unpaid,R,,,APRIL 2026,2026-09-10 09:29:27.999665+00
18372,2026-04-01,362,BALAVAISHNAVI L,2026-03-18,G/F,General Fitness,1000.00,,1000.00,due_or_unpaid,R,,E,APRIL 2026,2026-09-10 09:29:27.999665+00
18373,2026-04-01,363,VINOTH KUMAR S,2026-04-18,S/Z,Strength Zone,800.00,800.00,0.00,paid,PAID,,E,APRIL 2026,2026-09-10 09:29:27.999665+00
18374,2026-04-01,364,DINESH KUMAR M,2026-04-21,S/Z,Strength Zone,800.00,,2500.00,due_or_unpaid,R,,,APRIL 2026,2026-09-10 09:29:27.999665+00
18375,2026-04-01,365,THIRUNAVUKKARASU V,2026-04-22,S/Z,Strength Zone,800.00,,800.00,due_or_unpaid,R,,,APRIL 2026,2026-09-10 09:29:27.999665+00
18376,2026-04-01,366,SHARFUDEEN,2026-03-29,G/F,General Fitness,1000.00,,1000.00,due_or_unpaid,R,,,APRIL 2026,2026-09-10 09:29:27.999665+00
18377,2026-04-01,367,ARUN KUMAR VEL,2026-04-02,G/F,General Fitness,1000.00,1000.00,0.00,paid,PAID,,M,APRIL 2026,2026-09-10 09:29:27.999665+00
18378,2026-04-01,368,LAVANYA D,2026-04-03,G/F,General Fitness,1000.00,1000.00,0.00,paid,PAID,,M,APRIL 2026,2026-09-10 09:29:27.999665+00
18379,2026-04-01,369,MAMTA RAO,2026-04-05,G/F,General Fitness,1000.00,1000.00,0.00,paid,PAID,,E,APRIL 2026,2026-09-10 09:29:27.999665+00
18380,2026-04-01,370,RAVICHANDRAN A,2026-04-06,S/Z,Strength Zone,800.00,,800.00,due_or_unpaid,R,,M,APRIL 2026,2026-09-10 09:29:27.999665+00
18381,2026-04-01,371,KEERTHANA N,2026-03-06,G/F,General Fitness,1000.00,,1000.00,due_or_unpaid,R,,E,APRIL 2026,2026-09-10 09:29:27.999665+00
18382,2026-04-01,372,VADAMALAI S,2026-04-08,G/F,General Fitness,1000.00,,1000.00,due_or_unpaid,R,,E,APRIL 2026,2026-09-10 09:29:27.999665+00
18383,2026-04-01,373,KHIRUD MUDI P,2026-04-08,S/Z,Strength Zone,800.00,800.00,0.00,paid,PAID,,E,APRIL 2026,2026-09-10 09:29:27.999665+00
18384,2026-04-01,374,BISHAL,2026-04-08,S/Z,Strength Zone,800.00,800.00,0.00,paid,PAID,,E,APRIL 2026,2026-09-10 09:29:27.999665+00
18385,2026-04-01,375,AMINUL ISLAM,2026-03-10,S,,800.00,,800.00,due_or_unpaid,R,,,APRIL 2026,2026-09-10 09:29:27.999665+00
18386,2026-04-01,376,BALA YS,2027-02-01,G/F,General Fitness,1000.00,,7500.00,due_or_unpaid,R,,,APRIL 2026,2026-09-10 09:29:27.999665+00
18387,2026-04-01,377,VISHAL S,2026-03-20,S/Z,Strength Zone,800.00,800.00,0.00,paid,PAID,,E,APRIL 2026,2026-09-10 09:29:27.999665+00
18388,2026-04-01,378,DINESH K,2026-04-22,S/Z,Strength Zone,800.00,,800.00,due_or_unpaid,R,,E,APRIL 2026,2026-09-10 09:29:27.999665+00
18389,2026-04-01,379,GOKULALAKSHMI M,2026-04-02,G/F,General Fitness,1000.00,,2000.00,paid,PAID,3000,M,APRIL 2026,2026-09-10 09:29:27.999665+00
18390,2026-04-01,379,GOKULALAKSHMI M,2026-04-13,S/Z,Strength Zone,800.00,,800.00,due_or_unpaid,R,,M,APRIL 2026,2026-09-10 09:29:27.999665+00
18391,2026-04-01,380,UMA SHANKER S,2026-04-02,S/Z,Strength Zone,800.00,800.00,0.00,paid,PAID,,E,APRIL 2026,2026-09-10 09:29:27.999665+00
18392,2026-04-01,381,BHUVANESH,2026-04-02,S/Z,Strength Zone,800.00,,800.00,due_or_unpaid,R,,E,APRIL 2026,2026-09-10 09:29:27.999665+00
18393,2026-04-01,382,JEEVAN GANESH V,2026-04-23,S/Z,Strength Zone,800.00,,800.00,due_or_unpaid,R,,,APRIL 2026,2026-09-10 09:29:27.999665+00
18394,2026-04-01,383,GURUPRASANTH S,2026-04-02,G/F,General Fitness,1000.00,,1000.00,due_or_unpaid,R,,M,APRIL 2026,2026-09-10 09:29:27.999665+00
18395,2026-04-01,384,PRABHU VASANTH S,2026-04-02,G/F,General Fitness,1000.00,,1000.00,due_or_unpaid,R,,M,APRIL 2026,2026-09-10 09:29:27.999665+00
18396,2026-04-01,385,DILIP KUMAR S,2026-04-04,G/F,General Fitness,1000.00,1000.00,0.00,paid,PAID,,M,APRIL 2026,2026-09-10 09:29:27.999665+00
18397,2026-04-01,386,DEEPAK R,2026-04-04,G/F,General Fitness,1000.00,1000.00,0.00,paid,PAID,,M,APRIL 2026,2026-09-10 09:29:27.999665+00
18398,2026-04-01,387,INDHARAN A,2026-04-05,G/F,General Fitness,1000.00,,1000.00,due_or_unpaid,R,,,APRIL 2026,2026-09-10 09:29:27.999665+00
18399,2026-04-01,388,MAHESH,2026-04-11,G/F,General Fitness,1000.00,,1000.00,due_or_unpaid,R,,M,APRIL 2026,2026-09-10 09:29:27.999665+00
18400,2026-04-01,389,MURALI L,2026-04-11,G/F,General Fitness,1000.00,,1000.00,due_or_unpaid,R,,,APRIL 2026,2026-09-10 09:29:27.999665+00
18401,2026-04-01,390,KISHAN KUMAR,2026-04-11,G/F,General Fitness,1000.00,,1000.00,due_or_unpaid,R,,,APRIL 2026,2026-09-10 09:29:27.999665+00
18402,2026-04-01,391,KAILASH KUMAR,2026-04-11,G/F,General Fitness,1000.00,,1000.00,due_or_unpaid,R,,,APRIL 2026,2026-09-10 09:29:27.999665+00
18403,2026-04-01,392,GAJINDER SINGH,2026-04-12,S/Z,Strength Zone,800.00,1000.00,0.00,paid,PAID,,M,APRIL 2026,2026-09-10 09:29:27.999665+00
18404,2026-04-01,393,SAGAR SHUKLA,2026-04-12,S/Z,Strength Zone,800.00,,800.00,due_or_unpaid,R,,M,APRIL 2026,2026-09-10 09:29:27.999665+00
18405,2026-04-01,394,MOHANA SUNDARAM J,2026-04-12,G/F,General Fitness,1000.00,,1000.00,due_or_unpaid,R,,M,APRIL 2026,2026-09-10 09:29:27.999665+00
18406,2026-04-01,395,ARUN KUMAR J,2026-04-12,S/Z,Strength Zone,800.00,,800.00,due_or_unpaid,R,,E,APRIL 2026,2026-09-10 09:29:27.999665+00
18407,2026-04-01,396,POOVARASAN S,2026-04-16,G/F,General Fitness,1000.00,,1000.00,due_or_unpaid,R,E,,APRIL 2026,2026-09-10 09:29:27.999665+00
18408,2026-04-01,397,JERRY SHYAM K,2026-05-23,,,1000.00,,3000.00,due_or_unpaid,R,,E,APRIL 2026,2026-09-10 09:29:27.999665+00
18409,2026-04-01,398,BALAJI,2026-05-27,G/F,General Fitness,2500.00,,800.00,due_or_unpaid,R,,M,APRIL 2026,2026-09-10 09:29:27.999665+00
18410,2026-04-01,399,SAMUVEL A,2026-04-02,S/Z,Strength Zone,800.00,,800.00,due_or_unpaid,R,,,APRIL 2026,2026-09-10 09:29:27.999665+00
18411,2026-04-01,400,ARUN KUMAR U,,S/Z,Strength Zone,800.00,,800.00,due_or_unpaid,R,,,APRIL 2026,2026-09-10 09:29:27.999665+00
18412,2026-04-01,401,FRANCIS M,2026-04-03,S/Z,Strength Zone,800.00,800.00,0.00,paid,PAID,,M,APRIL 2026,2026-09-10 09:29:27.999665+00
18413,2026-04-01,402,PRAVEEN S.V,2026-04-03,G/F,General Fitness,1000.00,,1000.00,due_or_unpaid,R,,E,APRIL 2026,2026-09-10 09:29:27.999665+00
18414,2026-04-01,403,EMIMA,2026-04-03,G/F,General Fitness,1000.00,,1000.00,due_or_unpaid,R,,E,APRIL 2026,2026-09-10 09:29:27.999665+00
18415,2026-04-01,404,NIRANJAN M,2026-04-10,S/Z,Strength Zone,800.00,,800.00,due_or_unpaid,R,,M,APRIL 2026,2026-09-10 09:29:27.999665+00
18416,2026-04-01,405,JAYAPRAKASH V,2026-04-10,S/Z,Strength Zone,800.00,,800.00,due_or_unpaid,R,,,APRIL 2026,2026-09-10 09:29:27.999665+00
18417,2026-04-01,406,MANIGANDAN M,2026-04-10,S/Z,Strength Zone,800.00,800.00,0.00,paid,R,,E,APRIL 2026,2026-09-10 09:29:27.999665+00
18418,2026-04-01,407,DATCHINESH K,2026-04-13,S/Z,Strength Zone,800.00,1000.00,0.00,paid,R,,E,APRIL 2026,2026-09-10 09:29:27.999665+00
18419,2026-04-01,408,VICTOR D,2026-04-17,S/Z,Strength Zone,800.00,,800.00,paid,PAID,,,APRIL 2026,2026-09-10 09:29:27.999665+00
18420,2026-04-01,409,VETRIVEL A,2026-04-21,G/F,General Fitness,1000.00,1000.00,0.00,paid,PAID,,E,APRIL 2026,2026-09-10 09:29:27.999665+00
18421,2026-04-01,410,MITU PALLI,2026-04-24,S/Z,Strength Zone,800.00,,800.00,due_or_unpaid,R,,M,APRIL 2026,2026-09-10 09:29:27.999665+00
18422,2026-04-01,411,SHYAM CALLVIN S,2026-04-24,S/Z,Strength Zone,800.00,,800.00,due_or_unpaid,R,,E,APRIL 2026,2026-09-10 09:29:27.999665+00
18423,2026-04-01,412,SESHATHIRI G,2026-04-28,S/Z,Strength Zone,800.00,,800.00,due_or_unpaid,R,,,APRIL 2026,2026-09-10 09:29:27.999665+00
18424,2026-04-01,413,YOGESH,2026-04-30,S/Z,Strength Zone,800.00,,800.00,due_or_unpaid,R,,M,APRIL 2026,2026-09-10 09:29:27.999665+00
18425,2026-04-01,414,NITHISH KUMAR S,2026-04-30,G/F,General Fitness,1000.00,,1000.00,due_or_unpaid,R,,,APRIL 2026,2026-09-10 09:29:27.999665+00
18426,2026-05-01,1,SUNDHAR M,2026-03-09,S/Z,Strength Zone,800.00,,800.00,due_or_unpaid,R,,,MAY 2026,2026-09-10 09:29:27.999665+00
18427,2026-05-01,2,NITHYASEELAN P,2026-03-09,S/Z,Strength Zone,800.00,,800.00,due_or_unpaid,R,,,MAY 2026,2026-09-10 09:29:27.999665+00
18428,2026-05-01,3,SANJEEVA REDDY C,2026-03-09,S/Z,Strength Zone,800.00,,800.00,due_or_unpaid,R,,M/E,MAY 2026,2026-09-10 09:29:27.999665+00
18429,2026-05-01,4,ABDUL RAHMAN A,2026-03-09,S/Z,Strength Zone,800.00,,1000.00,due_or_unpaid,R,,,MAY 2026,2026-09-10 09:29:27.999665+00
18430,2026-05-01,5,SANTHOSH KUMAR G,2026-03-09,G/F,General Fitness,1000.00,,1000.00,due_or_unpaid,R,,,MAY 2026,2026-09-10 09:29:27.999665+00
18431,2026-05-01,6,SATHISH KUMAR J,2026-03-09,G/F,General Fitness,1000.00,,1000.00,due_or_unpaid,R,,,MAY 2026,2026-09-10 09:29:27.999665+00
18432,2026-05-01,7,VIJAYABABU C,2027-01-09,G/F,General Fitness,7500.00,,7500.00,due_or_unpaid,R,,M,MAY 2026,2026-09-10 09:29:27.999665+00
18433,2026-05-01,8,ISTJHAR AHAMAD,2026-03-09,G/F,General Fitness,1000.00,,1000.00,due_or_unpaid,R,,,MAY 2026,2026-09-10 09:29:27.999665+00
18434,2026-05-01,9,MUBARAK ALI,2026-03-09,S/Z,Strength Zone,800.00,,800.00,due_or_unpaid,R,,,MAY 2026,2026-09-10 09:29:27.999665+00
18435,2026-05-01,10,GULJOR HUSSAIN,2026-03-09,S/Z,Strength Zone,800.00,,800.00,due_or_unpaid,R,,,MAY 2026,2026-09-10 09:29:27.999665+00
18436,2026-05-01,11,SURHAB ALI,2026-03-09,S/Z,Strength Zone,800.00,,800.00,due_or_unpaid,R,,,MAY 2026,2026-09-10 09:29:27.999665+00
18437,2026-05-01,12,SATHYA M,2026-03-09,G/F,General Fitness,800.00,,800.00,due_or_unpaid,R,,,MAY 2026,2026-09-10 09:29:27.999665+00
18438,2026-05-01,13,PORTAP CHETRY,2026-03-09,S/Z,Strength Zone,800.00,,800.00,due_or_unpaid,R,,,MAY 2026,2026-09-10 09:29:27.999665+00
18439,2026-05-01,14,TAMIL,2026-03-09,G/F,General Fitness,1000.00,,1000.00,due_or_unpaid,R,,,MAY 2026,2026-09-10 09:29:27.999665+00
18440,2026-05-01,15,DEEPAK M,2026-05-17,S/Z,Strength Zone,800.00,,800.00,due_or_unpaid,R,,,MAY 2026,2026-09-10 09:29:27.999665+00
18441,2026-05-01,16,SARATH KUMAR A,2026-03-10,S/Z,Strength Zone,800.00,,800.00,due_or_unpaid,R,,,MAY 2026,2026-09-10 09:29:27.999665+00
18442,2026-05-01,17,UDHAYA PANDIAN,2026-03-10,G/F,General Fitness,1000.00,,1000.00,due_or_unpaid,R,,M,MAY 2026,2026-09-10 09:29:27.999665+00
18443,2026-05-01,18,MANJIT KUMAR,2026-05-27,S/Z,Strength Zone,800.00,,800.00,due_or_unpaid,R,,M/E,MAY 2026,2026-09-10 09:29:27.999665+00
18444,2026-05-01,19,YUVARAJ C,2026-03-10,G/F,General Fitness,1000.00,,1000.00,due_or_unpaid,R,,E,MAY 2026,2026-09-10 09:29:27.999665+00
18445,2026-05-01,20,CHARLES,2026-03-09,S/Z,Strength Zone,800.00,,1000.00,due_or_unpaid,R,,,MAY 2026,2026-09-10 09:29:27.999665+00
18446,2026-05-01,21,DHANUSH V,2026-03-10,S/Z,Strength Zone,800.00,,800.00,due_or_unpaid,R,,,MAY 2026,2026-09-10 09:29:27.999665+00
18447,2026-05-01,22,BOLORAM PONIKA A.J,2026-03-10,S/Z,Strength Zone,800.00,,800.00,due_or_unpaid,R,,,MAY 2026,2026-09-10 09:29:27.999665+00
18448,2026-05-01,23,PRASANTH M,2026-03-10,S/Z,Strength Zone,800.00,,800.00,due_or_unpaid,R,,,MAY 2026,2026-09-10 09:29:27.999665+00
18449,2026-05-01,24,RAGUL R,2026-05-08,S/Z,Strength Zone,800.00,,800.00,due_or_unpaid,R,,E,MAY 2026,2026-09-10 09:29:27.999665+00
18450,2026-05-01,25,SANTHOSH M,2026-03-11,S/Z,Strength Zone,800.00,,800.00,due_or_unpaid,R,,,MAY 2026,2026-09-10 09:29:27.999665+00
18451,2026-05-01,26,MAZID ALI,2026-03-11,S/Z,Strength Zone,800.00,,800.00,due_or_unpaid,R,,,MAY 2026,2026-09-10 09:29:27.999665+00
18452,2026-05-01,27,SADIKUL ISLAM,2026-03-11,S/Z,Strength Zone,800.00,,800.00,due_or_unpaid,R,,,MAY 2026,2026-09-10 09:29:27.999665+00
18453,2026-05-01,28,LAKSHWANTH,2026-05-14,G/F,General Fitness,800.00,,1000.00,due_or_unpaid,R,,E,MAY 2026,2026-09-10 09:29:27.999665+00
18454,2026-05-01,29,GOWTHAM A,2026-05-01,S/Z,Strength Zone,800.00,,800.00,due_or_unpaid,R,,,MAY 2026,2026-09-10 09:29:27.999665+00
18455,2026-05-01,30,PRADEEP Y,2026-05-20,S/Z,Strength Zone,800.00,800.00,0.00,paid,PAID,,M/E,MAY 2026,2026-09-10 09:29:27.999665+00
18456,2026-05-01,31,ROHIT R,2026-05-12,S/Z,Strength Zone,800.00,,800.00,due_or_unpaid,R,,E,MAY 2026,2026-09-10 09:29:27.999665+00
18457,2026-05-01,32,RISHI M,2026-04-03,S/Z,Strength Zone,800.00,,800.00,due_or_unpaid,R,,E,MAY 2026,2026-09-10 09:29:27.999665+00
18458,2026-05-01,33,GOPAL B,2026-06-29,S/Z,Strength Zone,800.00,800.00,0.00,paid,PAID,,E,MAY 2026,2026-09-10 09:29:27.999665+00
18459,2026-05-01,34,KODOM ALI D,2026-03-13,S/Z,Strength Zone,800.00,,800.00,due_or_unpaid,R,,,MAY 2026,2026-09-10 09:29:27.999665+00
18460,2026-05-01,35,SUJAB ALI A,2026-03-13,S/Z,Strength Zone,800.00,,800.00,due_or_unpaid,R,,,MAY 2026,2026-09-10 09:29:27.999665+00
18461,2026-05-01,36,ASHABUL HOQUE S,2026-03-13,S/Z,Strength Zone,800.00,,800.00,due_or_unpaid,R,,,MAY 2026,2026-09-10 09:29:27.999665+00
18462,2026-05-01,37,SURESH K,2026-03-13,G/F,General Fitness,1000.00,,1000.00,due_or_unpaid,R,,,MAY 2026,2026-09-10 09:29:27.999665+00
18463,2026-05-01,38,YUVARAJ B,2026-04-13,S/F,,800.00,,800.00,due_or_unpaid,R,,E,MAY 2026,2026-09-10 09:29:27.999665+00
18464,2026-05-01,39,BALAKUMAR H,2026-05-13,G/F,General Fitness,1000.00,1000.00,0.00,paid,PAID,,E,MAY 2026,2026-09-10 09:29:27.999665+00
18465,2026-05-01,40,SIDDHARATH V,2026-03-13,S/Z,Strength Zone,1000.00,,1000.00,due_or_unpaid,R,,M/E,MAY 2026,2026-09-10 09:29:27.999665+00
18466,2026-05-01,41,VAJRAVEL A,2026-05-13,G/F,General Fitness,1000.00,,1000.00,due_or_unpaid,R,,M,MAY 2026,2026-09-10 09:29:27.999665+00
18467,2026-05-01,42,SARAVANAN K,2026-05-13,S/Z,Strength Zone,800.00,,800.00,due_or_unpaid,R,,E,MAY 2026,2026-09-10 09:29:27.999665+00
18468,2026-05-01,43,ARJUN S,2026-03-13,S/Z,Strength Zone,800.00,,800.00,due_or_unpaid,R,,,MAY 2026,2026-09-10 09:29:27.999665+00
18469,2026-05-01,44,RAM PRASAD,2026-03-14,G/F,General Fitness,1000.00,,1000.00,due_or_unpaid,R,,,MAY 2026,2026-09-10 09:29:27.999665+00
18470,2026-05-01,45,SANTHOSH,2026-05-01,S/Z,Strength Zone,800.00,,800.00,due_or_unpaid,R,,,MAY 2026,2026-09-10 09:29:27.999665+00
18471,2026-05-01,46,SRI RAM R,2026-05-14,S/Z,Strength Zone,1000.00,,1000.00,due_or_unpaid,R,,E,MAY 2026,2026-09-10 09:29:27.999665+00
18472,2026-05-01,47,ANBU N,2026-03-14,G/F,General Fitness,1000.00,,1000.00,due_or_unpaid,R,,,MAY 2026,2026-09-10 09:29:27.999665+00
18473,2026-05-01,48,ARAVINDKUMAR P,2026-03-14,S/Z,Strength Zone,800.00,,800.00,due_or_unpaid,R,,,MAY 2026,2026-09-10 09:29:27.999665+00
18474,2026-05-01,49,ARUN S,2026-03-16,G/F,General Fitness,1000.00,,1000.00,due_or_unpaid,R,,,MAY 2026,2026-09-10 09:29:27.999665+00
18475,2026-05-01,50,AATHI,2026-05-17,S/Z,Strength Zone,800.00,,800.00,due_or_unpaid,R,,E,MAY 2026,2026-09-10 09:29:27.999665+00
18476,2026-05-01,51,JOTHILINGAM R,2026-03-15,G/F,General Fitness,1000.00,,1000.00,due_or_unpaid,R,,,MAY 2026,2026-09-10 09:29:27.999665+00
18477,2026-05-01,52,VASANTH J,2027-01-15,S/Z,Strength Zone,7500.00,,7500.00,due_or_unpaid,R,,M,MAY 2026,2026-09-10 09:29:27.999665+00
18478,2026-05-01,53,BESTY PAULINE,2026-03-16,G/F,General Fitness,1000.00,,1000.00,due_or_unpaid,R,,,MAY 2026,2026-09-10 09:29:27.999665+00
18479,2026-05-01,54,PREM KUMAR Y,2026-03-16,S/Z,Strength Zone,800.00,,800.00,due_or_unpaid,R,,,MAY 2026,2026-09-10 09:29:27.999665+00
18480,2026-05-01,55,JAWAID F,2026-03-16,S/Z,Strength Zone,800.00,,800.00,due_or_unpaid,R,,,MAY 2026,2026-09-10 09:29:27.999665+00
18481,2026-05-01,56,BOBIDUL ISLAM A,2026-03-16,G/F,General Fitness,1000.00,,1000.00,due_or_unpaid,R,,,MAY 2026,2026-09-10 09:29:27.999665+00
18482,2026-05-01,57,ABDUL KHALAK J,2026-03-16,G/F,General Fitness,1000.00,,1000.00,due_or_unpaid,R,,,MAY 2026,2026-09-10 09:29:27.999665+00
18483,2026-05-01,58,MEHERUL HAQUE S,2026-03-16,G/F,General Fitness,1000.00,,1000.00,due_or_unpaid,R,,,MAY 2026,2026-09-10 09:29:27.999665+00
18484,2026-05-01,59,JAGADEESH M,2026-03-16,G/F,General Fitness,1000.00,,1000.00,due_or_unpaid,R,,,MAY 2026,2026-09-10 09:29:27.999665+00
18485,2026-05-01,60,FAIYAZ AHMED A,2026-03-16,S/Z,Strength Zone,800.00,,800.00,due_or_unpaid,R,,,MAY 2026,2026-09-10 09:29:27.999665+00
18486,2026-05-01,61,MAMIDUL ALI,2026-03-17,S/Z,Strength Zone,800.00,,800.00,due_or_unpaid,R,,,MAY 2026,2026-09-10 09:29:27.999665+00
18487,2026-05-01,62,VINOTH KUMAR,2026-03-17,G/F,General Fitness,800.00,,800.00,due_or_unpaid,R,,,MAY 2026,2026-09-10 09:29:27.999665+00
18488,2026-05-01,63,ABDUL BATIN,2026-03-17,S/Z,Strength Zone,800.00,,800.00,due_or_unpaid,R,,,MAY 2026,2026-09-10 09:29:27.999665+00
18489,2026-05-01,64,NILCHAN ALI,2026-03-17,S/Z,Strength Zone,800.00,,800.00,due_or_unpaid,R,,,MAY 2026,2026-09-10 09:29:27.999665+00
18490,2026-05-01,65,MONIRUAL HOQUE,2026-03-17,S/Z,Strength Zone,800.00,,800.00,due_or_unpaid,R,,,MAY 2026,2026-09-10 09:29:27.999665+00
18491,2026-05-01,66,AMIR HAMJA,2026-03-17,S/Z,Strength Zone,800.00,,800.00,due_or_unpaid,R,,,MAY 2026,2026-09-10 09:29:27.999665+00
18492,2026-05-01,67,SUNIL R,2026-03-17,G/F,General Fitness,1000.00,,1000.00,due_or_unpaid,R,,,MAY 2026,2026-09-10 09:29:27.999665+00
18493,2026-05-01,68,SUDHAKAR S,2026-03-17,S/Z,Strength Zone,800.00,,800.00,due_or_unpaid,R,,,MAY 2026,2026-09-10 09:29:27.999665+00
18494,2026-05-01,69,AMINUL ISLAM MD,2026-03-18,S/Z,Strength Zone,800.00,,800.00,due_or_unpaid,R,,,MAY 2026,2026-09-10 09:29:27.999665+00
18495,2026-05-01,70,TAFIKUL ISLAM,2026-03-18,G/F,General Fitness,1000.00,,800.00,due_or_unpaid,R,,,MAY 2026,2026-09-10 09:29:27.999665+00
18496,2026-05-01,72,HAFIZUR RAHMAM,2026-03-19,S/Z,Strength Zone,800.00,,800.00,due_or_unpaid,R,,,MAY 2026,2026-09-10 09:29:27.999665+00
18497,2026-05-01,73,MOJNUR,2026-03-19,S/Z,Strength Zone,800.00,,800.00,due_or_unpaid,R,,,MAY 2026,2026-09-10 09:29:27.999665+00
18498,2026-05-01,74,YOGESH R,2026-03-19,S/Z,Strength Zone,800.00,,800.00,due_or_unpaid,R,,,MAY 2026,2026-09-10 09:29:27.999665+00
18499,2026-05-01,75,NAVAS,2026-03-19,G/F,General Fitness,1000.00,,800.00,due_or_unpaid,R,,,MAY 2026,2026-09-10 09:29:27.999665+00
18500,2026-05-01,76,TAYABUR RAHMAN A,2026-03-20,S/Z,Strength Zone,800.00,,800.00,due_or_unpaid,R,,,MAY 2026,2026-09-10 09:29:27.999665+00
18501,2026-05-01,78,RATHISH KUMAR,2026-03-23,G/F,General Fitness,1000.00,,1000.00,due_or_unpaid,R,,M/E,MAY 2026,2026-09-10 09:29:27.999665+00
18502,2026-05-01,78,SANTHOSH,2026-03-29,G/F,General Fitness,800.00,,1000.00,due_or_unpaid,R,,,MAY 2026,2026-09-10 09:29:27.999665+00
18503,2026-05-01,79,DARVIN RAJ J,2025-06-10,G/F,General Fitness,1000.00,,1000.00,due_or_unpaid,R,,,MAY 2026,2026-09-10 09:29:27.999665+00
18504,2026-05-01,80,PRASANTH S,2026-03-23,S/Z,Strength Zone,800.00,,800.00,due_or_unpaid,R,,,MAY 2026,2026-09-10 09:29:27.999665+00
18505,2026-05-01,81,GURU SHANKAR,2026-03-23,S/Z,Strength Zone,800.00,,800.00,due_or_unpaid,R,,,MAY 2026,2026-09-10 09:29:27.999665+00
18506,2026-05-01,82,NARJUL ISLAM A,2026-03-23,S/Z,Strength Zone,800.00,,800.00,due_or_unpaid,R,,,MAY 2026,2026-09-10 09:29:27.999665+00
18507,2026-05-01,83,SANGIT KUMAR SAMANTHA,2026-03-23,G/F,General Fitness,1000.00,,800.00,due_or_unpaid,R,,,MAY 2026,2026-09-10 09:29:27.999665+00
18508,2026-05-01,84,RAGUL A,2026-03-23,S/Z,Strength Zone,800.00,,800.00,due_or_unpaid,R,,E,MAY 2026,2026-09-10 09:29:27.999665+00
18509,2026-05-01,85,ASWINI SAGAR SWAIN,2026-03-24,S/Z,Strength Zone,800.00,,800.00,due_or_unpaid,R,,,MAY 2026,2026-09-10 09:29:27.999665+00
18510,2026-05-01,86,DEEPAK M,2026-03-08,G/F,General Fitness,1000.00,,1000.00,due_or_unpaid,R,,M,MAY 2026,2026-09-10 09:29:27.999665+00
18511,2026-05-01,88,NATHAN K,2026-03-25,S/Z,Strength Zone,800.00,,800.00,due_or_unpaid,R,,,MAY 2026,2026-09-10 09:29:27.999665+00
18512,2026-05-01,89,MOIN UDDIN A,2026-03-25,S/Z,Strength Zone,800.00,,800.00,due_or_unpaid,R,,,MAY 2026,2026-09-10 09:29:27.999665+00
18513,2026-05-01,90,ALI AHMED R,2026-03-25,S/Z,Strength Zone,800.00,,800.00,due_or_unpaid,R,,,MAY 2026,2026-09-10 09:29:27.999665+00
18514,2026-05-01,91,ABINASH S,2026-05-27,S/Z,Strength Zone,2500.00,,800.00,due_or_unpaid,R,,E,MAY 2026,2026-09-10 09:29:27.999665+00
18515,2026-05-01,92,ARAVIND S,2026-03-28,S/Z,Strength Zone,800.00,,800.00,due_or_unpaid,R,,,MAY 2026,2026-09-10 09:29:27.999665+00
18516,2026-05-01,93,ASHADUL,2026-03-30,G/F,General Fitness,800.00,,800.00,due_or_unpaid,R,,,MAY 2026,2026-09-10 09:29:27.999665+00
18517,2026-05-01,94,GUHAN A,2026-05-13,S/Z,Strength Zone,1000.00,,1000.00,due_or_unpaid,R,,M,MAY 2026,2026-09-10 09:29:27.999665+00
18518,2026-05-01,95,ROKIBUL HUSSAIN A,2026-03-30,S/Z,Strength Zone,800.00,,800.00,due_or_unpaid,R,,,MAY 2026,2026-09-10 09:29:27.999665+00
18519,2026-05-01,96,MERVYN,2026-05-01,G/F,General Fitness,7000.00,,7000.00,due_or_unpaid,R,,,MAY 2026,2026-09-10 09:29:27.999665+00
18520,2026-05-01,97,MICHAEL A,2026-05-01,S/Z,Strength Zone,800.00,,800.00,due_or_unpaid,R,,,MAY 2026,2026-09-10 09:29:27.999665+00
18521,2026-05-01,98,SUGAN RAJ M,2026-05-01,S/Z,Strength Zone,800.00,,800.00,due_or_unpaid,R,,,MAY 2026,2026-09-10 09:29:27.999665+00
18522,2026-05-01,99,SHUTRUGHAN KUMAR R,2026-05-21,G/F,General Fitness,800.00,,800.00,due_or_unpaid,R,,M,MAY 2026,2026-09-10 09:29:27.999665+00
18523,2026-05-01,100,DAVID A,2026-03-02,G/F,General Fitness,1000.00,,1000.00,due_or_unpaid,R,,,MAY 2026,2026-09-10 09:29:27.999665+00
18524,2026-05-01,101,PETER A,2026-03-02,G/F,General Fitness,1000.00,,1000.00,due_or_unpaid,R,,,MAY 2026,2026-09-10 09:29:27.999665+00
18525,2026-05-01,102,KUMARAN M,2026-04-09,S/Z,Strength Zone,800.00,,800.00,due_or_unpaid,R,,E,MAY 2026,2026-09-10 09:29:27.999665+00
18526,2026-05-01,103,CHARAN KUMAR V,2026-03-10,G/F,General Fitness,1000.00,,1000.00,due_or_unpaid,R,,M/E,MAY 2026,2026-09-10 09:29:27.999665+00
18527,2026-05-01,104,SETTU E,2026-04-03,S/Z,Strength Zone,800.00,,800.00,due_or_unpaid,R,,,MAY 2026,2026-09-10 09:29:27.999665+00
18528,2026-05-01,105,NITHISH KUMAR S,2026-03-15,S/Z,Strength Zone,800.00,,800.00,due_or_unpaid,R,,M,MAY 2026,2026-09-10 09:29:27.999665+00
18529,2026-05-01,106,RAMESH S,2026-03-04,G/F,General Fitness,1000.00,,1000.00,due_or_unpaid,R,,,MAY 2026,2026-09-10 09:29:27.999665+00
18530,2026-05-01,107,SANJAN V,2026-03-05,S/Z,Strength Zone,800.00,,800.00,due_or_unpaid,R,,,MAY 2026,2026-09-10 09:29:27.999665+00
18531,2026-05-01,108,DIVAKAR M,2026-03-05,G/F,General Fitness,1000.00,,1000.00,due_or_unpaid,R,,M,MAY 2026,2026-09-10 09:29:27.999665+00
18532,2026-05-01,109,DANIEL R,2026-05-05,S/Z,Strength Zone,800.00,1000.00,0.00,paid,PAID,,M,MAY 2026,2026-09-10 09:29:27.999665+00
18533,2026-05-01,110,MANIKANADAN,2026-03-07,G/F,General Fitness,1000.00,,1000.00,due_or_unpaid,R,,,MAY 2026,2026-09-10 09:29:27.999665+00
18534,2026-05-01,111,PRITHIVIKASH,2026-03-26,S/Z,Strength Zone,800.00,,800.00,due_or_unpaid,R,,,MAY 2026,2026-09-10 09:29:27.999665+00
18535,2026-05-01,112,CHANDRU,2026-03-08,S/Z,Strength Zone,800.00,,800.00,due_or_unpaid,R,,,MAY 2026,2026-09-10 09:29:27.999665+00
18536,2026-05-01,113,SANJAY J,2026-03-04,S/Z,Strength Zone,800.00,,800.00,due_or_unpaid,R,,M,MAY 2026,2026-09-10 09:29:27.999665+00
18537,2026-05-01,114,AJITH D,2026-03-09,S/Z,Strength Zone,800.00,,800.00,due_or_unpaid,R,,,MAY 2026,2026-09-10 09:29:27.999665+00
18538,2026-05-01,115,SANJAY B,2026-03-09,S/Z,Strength Zone,800.00,,800.00,due_or_unpaid,R,,,MAY 2026,2026-09-10 09:29:27.999665+00
18539,2026-05-01,116,TAMIL SELVAN M,2026-03-12,S/Z,Strength Zone,800.00,,800.00,due_or_unpaid,R,,,MAY 2026,2026-09-10 09:29:27.999665+00
18540,2026-05-01,117,ARUN YADAV,2026-03-12,S/Z,Strength Zone,800.00,,800.00,due_or_unpaid,R,,,MAY 2026,2026-09-10 09:29:27.999665+00
18541,2026-05-01,118,GIRI S,2026-03-13,S/Z,Strength Zone,800.00,,800.00,due_or_unpaid,R,,,MAY 2026,2026-09-10 09:29:27.999665+00
18542,2026-05-01,119,JOHNSON S,2026-03-14,S/Z,Strength Zone,800.00,,800.00,due_or_unpaid,R,,,MAY 2026,2026-09-10 09:29:27.999665+00
18543,2026-05-01,120,DEEPAK BILUNG,2026-03-15,S/Z,Strength Zone,800.00,,800.00,due_or_unpaid,R,,,MAY 2026,2026-09-10 09:29:27.999665+00
18544,2026-05-01,121,BINU,2026-03-15,S/Z,Strength Zone,800.00,,800.00,due_or_unpaid,R,,,MAY 2026,2026-09-10 09:29:27.999665+00
18545,2026-05-01,122,SOHEL RANA,2026-03-16,G/F,General Fitness,1000.00,,1000.00,due_or_unpaid,R,,,MAY 2026,2026-09-10 09:29:27.999665+00
18546,2026-05-01,123,CHAITANYA K,2026-03-17,G/F,General Fitness,1000.00,,1000.00,due_or_unpaid,R,,,MAY 2026,2026-09-10 09:29:27.999665+00
18547,2026-05-01,124,KATHIRAVAN.E,2026-03-18,S/Z,Strength Zone,800.00,,800.00,due_or_unpaid,R,,,MAY 2026,2026-09-10 09:29:27.999665+00
18548,2026-05-01,125,MOORTHY R,2026-03-18,S/Z,Strength Zone,800.00,,800.00,due_or_unpaid,R,,,MAY 2026,2026-09-10 09:29:27.999665+00
18549,2026-05-01,126,SANJAY S,2026-03-18,S/Z,Strength Zone,800.00,,800.00,due_or_unpaid,R,,,MAY 2026,2026-09-10 09:29:27.999665+00
18550,2026-05-01,127,PERUMAL V,2026-03-19,S/Z,Strength Zone,800.00,,800.00,due_or_unpaid,R,,,MAY 2026,2026-09-10 09:29:27.999665+00
18551,2026-05-01,128,EMAMUL HUSSAIN A,2026-03-20,S/Z,Strength Zone,800.00,,800.00,due_or_unpaid,R,,,MAY 2026,2026-09-10 09:29:27.999665+00
18552,2026-05-01,129,JEEVA M,2026-03-21,S/Z,Strength Zone,800.00,28600.00,0.00,paid,R,,,MAY 2026,2026-09-10 09:29:27.999665+00
18553,2026-05-01,130,ARAVIND S,2026-03-19,S/Z,Strength Zone,800.00,,800.00,due_or_unpaid,R,,,MAY 2026,2026-09-10 09:29:27.999665+00
18554,2026-05-01,131,SURESH P,2026-03-28,S/Z,Strength Zone,800.00,,800.00,due_or_unpaid,R,,,MAY 2026,2026-09-10 09:29:27.999665+00
18555,2026-05-01,132,KAMAL M,2026-03-28,S/Z,Strength Zone,1000.00,,800.00,due_or_unpaid,R,,,MAY 2026,2026-09-10 09:29:27.999665+00
18556,2026-05-01,133,FARHAN,2026-03-29,S/Z,Strength Zone,800.00,,800.00,due_or_unpaid,R,,,MAY 2026,2026-09-10 09:29:27.999665+00
18557,2026-05-01,134,HARISHIT D,2026-03-30,S/Z,Strength Zone,800.00,,800.00,due_or_unpaid,R,,,MAY 2026,2026-09-10 09:29:27.999665+00
18558,2026-05-01,135,BALAJI Y,2026-05-01,G/F,General Fitness,800.00,,800.00,due_or_unpaid,R,,,MAY 2026,2026-09-10 09:29:27.999665+00
18559,2026-05-01,136,PETER A,2026-04-01,G/F,General Fitness,1000.00,,7500.00,due_or_unpaid,R,,M,MAY 2026,2026-09-10 09:29:27.999665+00
18560,2026-05-01,137,KAMESH R,2026-03-08,S/Z,Strength Zone,800.00,,800.00,due_or_unpaid,R,,,MAY 2026,2026-09-10 09:29:27.999665+00
18561,2026-05-01,138,PREM S,2026-03-04,S/Z,Strength Zone,800.00,,800.00,due_or_unpaid,R,,,MAY 2026,2026-09-10 09:29:27.999665+00
18562,2026-05-01,139,VIMAL RAJ R,2026-03-04,S/Z,Strength Zone,800.00,,800.00,due_or_unpaid,R,,,MAY 2026,2026-09-10 09:29:27.999665+00
18563,2026-05-01,140,JOSEPH,2026-03-04,S/Z,Strength Zone,800.00,,800.00,due_or_unpaid,R,,E,MAY 2026,2026-09-10 09:29:27.999665+00
18564,2026-05-01,141,ALA IMRAN A,2026-06-01,G/F,General Fitness,1000.00,1000.00,0.00,paid,PAID,,E,MAY 2026,2026-09-10 09:29:27.999665+00
18565,2026-05-01,142,HAZRAT ALI,2026-03-05,S/Z,Strength Zone,800.00,,800.00,due_or_unpaid,R,,,MAY 2026,2026-09-10 09:29:27.999665+00
18566,2026-05-01,143,MAHESHWAR GOPE,2026-03-05,S/Z,Strength Zone,800.00,,800.00,due_or_unpaid,R,,,MAY 2026,2026-09-10 09:29:27.999665+00
18567,2026-05-01,144,SAKTHI DS,2026-03-09,S/Z,Strength Zone,800.00,,800.00,due_or_unpaid,R,,M/E,MAY 2026,2026-09-10 09:29:27.999665+00
18568,2026-05-01,145,MUKESH S,2026-03-22,S/Z,Strength Zone,800.00,,800.00,due_or_unpaid,R,,,MAY 2026,2026-09-10 09:29:27.999665+00
18569,2026-05-01,146,AKASH SATHIVEL,2026-03-10,G/F,General Fitness,1000.00,,1000.00,due_or_unpaid,R,,,MAY 2026,2026-09-10 09:29:27.999665+00
18570,2026-05-01,147,SARAN RAJ S,2026-03-10,G/F,General Fitness,1000.00,,1000.00,due_or_unpaid,R,,,MAY 2026,2026-09-10 09:29:27.999665+00
18571,2026-05-01,148,SUDHAKAR S,2026-05-20,G/F,General Fitness,1000.00,,1000.00,due_or_unpaid,R,,M/E,MAY 2026,2026-09-10 09:29:27.999665+00
18572,2026-05-01,149,UMAMAHESWARA RAO,2026-03-11,G/F,General Fitness,1000.00,,1000.00,due_or_unpaid,R,,,MAY 2026,2026-09-10 09:29:27.999665+00
18573,2026-05-01,150,BARKATHULLAM,2026-03-12,G/F,General Fitness,1000.00,,1000.00,due_or_unpaid,R,,E,MAY 2026,2026-09-10 09:29:27.999665+00
18574,2026-05-01,151,ABDUL KALAM A,2026-03-13,G/F,General Fitness,1000.00,,1000.00,due_or_unpaid,R,,,MAY 2026,2026-09-10 09:29:27.999665+00
18575,2026-05-01,152,JARDIS SK,2026-03-13,S/Z,Strength Zone,800.00,,800.00,due_or_unpaid,R,,,MAY 2026,2026-09-10 09:29:27.999665+00
18576,2026-05-01,153,MANOJ M,2026-03-14,S/Z,Strength Zone,800.00,,800.00,due_or_unpaid,R,,,MAY 2026,2026-09-10 09:29:27.999665+00
18577,2026-05-01,154,NANTHA KUMAR A,2026-03-14,S/Z,Strength Zone,800.00,,1000.00,due_or_unpaid,R,,,MAY 2026,2026-09-10 09:29:27.999665+00
18578,2026-05-01,155,MANOJ E,2026-05-14,S/Z,Strength Zone,800.00,,800.00,due_or_unpaid,R,,M,MAY 2026,2026-09-10 09:29:27.999665+00
18579,2026-05-01,156,PRAVEEN KUMAR S,2026-03-28,G/F,General Fitness,1000.00,,800.00,due_or_unpaid,R,,,MAY 2026,2026-09-10 09:29:27.999665+00
18580,2026-05-01,157,SURYA S,2026-03-23,S/Z,Strength Zone,800.00,,800.00,due_or_unpaid,R,,,MAY 2026,2026-09-10 09:29:27.999665+00
18581,2026-05-01,158,MURALI S,2026-03-23,S/Z,Strength Zone,800.00,,800.00,due_or_unpaid,R,,,MAY 2026,2026-09-10 09:29:27.999665+00
18582,2026-05-01,159,RITHISH V,2026-03-18,S/Z,Strength Zone,800.00,,800.00,due_or_unpaid,R,,,MAY 2026,2026-09-10 09:29:27.999665+00
18583,2026-05-01,160,EMIMAL M,2026-05-29,G/F,General Fitness,1000.00,,1000.00,due_or_unpaid,R,,M,MAY 2026,2026-09-10 09:29:27.999665+00
18584,2026-05-01,161,YUVAN SHANKAR T,2026-03-17,G/F,General Fitness,1000.00,,1000.00,due_or_unpaid,R,,M,MAY 2026,2026-09-10 09:29:27.999665+00
18585,2026-05-01,162,JENIFER S,2026-03-04,G/F,General Fitness,1000.00,,1000.00,due_or_unpaid,R,,M,MAY 2026,2026-09-10 09:29:27.999665+00
18586,2026-05-01,163,SANJEEV D.S,2026-05-21,G/F,General Fitness,800.00,,1000.00,due_or_unpaid,R,,M,MAY 2026,2026-09-10 09:29:27.999665+00
18587,2026-05-01,164,VASANTH KUMAR G,2026-03-05,S/Z,Strength Zone,800.00,,800.00,due_or_unpaid,R,,,MAY 2026,2026-09-10 09:29:27.999665+00
18588,2026-05-01,165,KISHORE KUMAR V,2026-03-07,S/Z,Strength Zone,800.00,,800.00,due_or_unpaid,R,,,MAY 2026,2026-09-10 09:29:27.999665+00
18589,2026-05-01,166,SANTHOSH KUMAR S,2026-03-07,S/Z,Strength Zone,800.00,,800.00,due_or_unpaid,R,,,MAY 2026,2026-09-10 09:29:27.999665+00
18590,2026-05-01,167,SANTHOSH KUMAR A,2026-03-09,S/Z,Strength Zone,800.00,,800.00,due_or_unpaid,R,,M,MAY 2026,2026-09-10 09:29:27.999665+00
18591,2026-05-01,168,ETHIRAJ T,2026-03-09,S/Z,Strength Zone,800.00,,800.00,due_or_unpaid,R,,,MAY 2026,2026-09-10 09:29:27.999665+00
18592,2026-05-01,169,PRASANTH M,2026-03-10,G/F,General Fitness,1000.00,,1000.00,due_or_unpaid,R,,,MAY 2026,2026-09-10 09:29:27.999665+00
18593,2026-05-01,170,RAGHUL R,2026-03-12,S/Z,Strength Zone,800.00,,800.00,due_or_unpaid,R,,,MAY 2026,2026-09-10 09:29:27.999665+00
18594,2026-05-01,171,GOWTHAM S,2026-03-16,G/F,General Fitness,1000.00,,1000.00,due_or_unpaid,R,,,MAY 2026,2026-09-10 09:29:27.999665+00
18595,2026-05-01,172,RAJESH S,2026-03-16,G/F,General Fitness,1000.00,,1000.00,due_or_unpaid,R,,,MAY 2026,2026-09-10 09:29:27.999665+00
18596,2026-05-01,173,AATHIYAPPAN S,2026-03-30,S/Z,Strength Zone,800.00,,800.00,due_or_unpaid,R,,M,MAY 2026,2026-09-10 09:29:27.999665+00
18597,2026-05-01,174,GODSON PRAVEEN J,2026-03-19,G/F,General Fitness,1000.00,,800.00,due_or_unpaid,R,,,MAY 2026,2026-09-10 09:29:27.999665+00
18598,2026-05-01,175,KABILAN R,2026-03-26,S/Z,Strength Zone,800.00,,800.00,due_or_unpaid,R,,,MAY 2026,2026-09-10 09:29:27.999665+00
18599,2026-05-01,176,KAMAL S,2026-03-28,S/Z,Strength Zone,800.00,,800.00,due_or_unpaid,R,,,MAY 2026,2026-09-10 09:29:27.999665+00
18600,2026-05-01,177,MOHAMED ASHWAQ S,2026-03-02,S/Z,Strength Zone,800.00,,800.00,due_or_unpaid,R,,M,MAY 2026,2026-09-10 09:29:27.999665+00
18601,2026-05-01,178,VICKY,2026-04-03,S/Z,Strength Zone,800.00,,800.00,due_or_unpaid,R,,,MAY 2026,2026-09-10 09:29:27.999665+00
18602,2026-05-01,180,DEEPAK G,2026-03-05,G/F,General Fitness,1000.00,,1000.00,due_or_unpaid,R,,,MAY 2026,2026-09-10 09:29:27.999665+00
18603,2026-05-01,181,AGILESHWARAN M,2026-03-09,S/Z,Strength Zone,800.00,,800.00,due_or_unpaid,R,,,MAY 2026,2026-09-10 09:29:27.999665+00
18604,2026-05-01,182,MUKESH R,2026-03-11,S/Z,Strength Zone,800.00,,800.00,due_or_unpaid,R,,,MAY 2026,2026-09-10 09:29:27.999665+00
18605,2026-05-01,183,SACHIN AARON T,2026-03-17,S/Z,Strength Zone,800.00,,800.00,due_or_unpaid,R,,,MAY 2026,2026-09-10 09:29:27.999665+00
18606,2026-05-01,184,SANTHOSH R,2026-04-03,S/Z,Strength Zone,800.00,,800.00,due_or_unpaid,R,,M,MAY 2026,2026-09-10 09:29:27.999665+00
18607,2026-05-01,185,VISHNU VARTHAN S,2026-04-12,S/Z,Strength Zone,800.00,,800.00,due_or_unpaid,R,,M,MAY 2026,2026-09-10 09:29:27.999665+00
18608,2026-05-01,186,MOGESH V,2026-03-25,S/Z,Strength Zone,800.00,,800.00,due_or_unpaid,R,,,MAY 2026,2026-09-10 09:29:27.999665+00
18609,2026-05-01,187,VISHWA R A,2026-03-27,S/Z,Strength Zone,800.00,,800.00,due_or_unpaid,R,,,MAY 2026,2026-09-10 09:29:27.999665+00
18610,2026-05-01,188,RAMASUBRAMANI K,2026-03-29,S/Z,Strength Zone,800.00,,800.00,due_or_unpaid,R,,,MAY 2026,2026-09-10 09:29:27.999665+00
18611,2026-05-01,189,DHANASINGH P,2026-03-29,S/Z,Strength Zone,1000.00,,800.00,due_or_unpaid,R,,,MAY 2026,2026-09-10 09:29:27.999665+00
18612,2026-05-01,190,AMAR NATH R,2026-04-03,G/F,General Fitness,1000.00,,1000.00,due_or_unpaid,R,,M,MAY 2026,2026-09-10 09:29:27.999665+00
18613,2026-05-01,191,PUVIYARASAN G,2026-03-10,S/Z,Strength Zone,800.00,,800.00,due_or_unpaid,R,,,MAY 2026,2026-09-10 09:29:27.999665+00
18614,2026-05-01,192,DINESH KUMAR R,2026-05-04,S/Z,Strength Zone,800.00,,800.00,due_or_unpaid,R,,M,MAY 2026,2026-09-10 09:29:27.999665+00
18615,2026-05-01,193,ARUN KUMAR R,2026-03-04,G/F,General Fitness,1000.00,,1000.00,due_or_unpaid,R,,,MAY 2026,2026-09-10 09:29:27.999665+00
18616,2026-05-01,194,ASWIN P BENNY,2026-03-04,G/F,General Fitness,1000.00,,1000.00,due_or_unpaid,R,,,MAY 2026,2026-09-10 09:29:27.999665+00
18617,2026-05-01,195,ROCK R,2026-03-04,S/Z,Strength Zone,800.00,,800.00,due_or_unpaid,R,,,MAY 2026,2026-09-10 09:29:27.999665+00
18618,2026-05-01,196,SURIYA PRAKSH M,2026-03-12,S/Z,Strength Zone,800.00,,800.00,due_or_unpaid,R,,E,MAY 2026,2026-09-10 09:29:27.999665+00
18619,2026-05-01,197,BHARATHI RAJA M,2026-03-12,G/F,General Fitness,1000.00,,1000.00,due_or_unpaid,R,,,MAY 2026,2026-09-10 09:29:27.999665+00
18620,2026-05-01,198,SURYA R,2026-05-13,S/Z,Strength Zone,800.00,,800.00,due_or_unpaid,R,,,MAY 2026,2026-09-10 09:29:27.999665+00
18621,2026-05-01,199,NIVEN K,2026-03-13,S/Z,Strength Zone,800.00,,800.00,due_or_unpaid,R,,,MAY 2026,2026-09-10 09:29:27.999665+00
18622,2026-05-01,200,DHAYALAN R,2026-03-21,G/F,General Fitness,1000.00,,1000.00,due_or_unpaid,R,,,MAY 2026,2026-09-10 09:29:27.999665+00
18623,2026-05-01,201,KARTHI BALAJI R,2026-03-13,S/Z,Strength Zone,800.00,,800.00,due_or_unpaid,R,,,MAY 2026,2026-09-10 09:29:27.999665+00
18624,2026-05-01,202,HARI KRISHNAN G,2026-04-18,G/F,General Fitness,1000.00,,1000.00,due_or_unpaid,R,,M/E,MAY 2026,2026-09-10 09:29:27.999665+00
18625,2026-05-01,203,VIGNESH K,2026-04-18,G/F,General Fitness,1000.00,,1000.00,due_or_unpaid,R,,M/E,MAY 2026,2026-09-10 09:29:27.999665+00
18626,2026-05-01,204,AKASH C,2026-03-20,S/Z,Strength Zone,800.00,,800.00,due_or_unpaid,R,,,MAY 2026,2026-09-10 09:29:27.999665+00
18627,2026-05-01,205,MANI MARAN M,2026-03-20,S/Z,Strength Zone,800.00,,800.00,due_or_unpaid,R,,,MAY 2026,2026-09-10 09:29:27.999665+00
18628,2026-05-01,206,SANTHA KUMAR S,2026-03-24,G/F,General Fitness,1000.00,,1000.00,due_or_unpaid,R,,,MAY 2026,2026-09-10 09:29:27.999665+00
18629,2026-05-01,207,SANJAY S,2026-03-24,S/Z,Strength Zone,800.00,,800.00,due_or_unpaid,R,,,MAY 2026,2026-09-10 09:29:27.999665+00
18630,2026-05-01,208,SEEN N,2026-03-24,S/Z,Strength Zone,800.00,,800.00,due_or_unpaid,R,,,MAY 2026,2026-09-10 09:29:27.999665+00
18631,2026-05-01,209,PASUPATHI M,2027-01-13,G/F,General Fitness,7500.00,,7500.00,due_or_unpaid,R,,,MAY 2026,2026-09-10 09:29:27.999665+00
18632,2026-05-01,210,NAVEEN K.M,2026-05-03,G/F,General Fitness,1000.00,1000.00,0.00,paid,PAID,,M,MAY 2026,2026-09-10 09:29:27.999665+00
18633,2026-05-01,211,SUNIL KUMAR H,2026-03-03,S/Z,Strength Zone,800.00,,800.00,due_or_unpaid,R,,,MAY 2026,2026-09-10 09:29:27.999665+00
18634,2026-05-01,212,ALI,2026-03-03,S/Z,Strength Zone,800.00,,800.00,due_or_unpaid,R,,,MAY 2026,2026-09-10 09:29:27.999665+00
18635,2026-05-01,213,SADDAM,2026-03-03,S/Z,Strength Zone,800.00,,800.00,due_or_unpaid,R,,,MAY 2026,2026-09-10 09:29:27.999665+00
18636,2026-05-01,214,SUMAN RAJ P,2026-03-10,G/F,General Fitness,1000.00,,1000.00,due_or_unpaid,R,,,MAY 2026,2026-09-10 09:29:27.999665+00
18637,2026-05-01,215,MICHEAL PRAKASH P,2026-03-11,G/F,General Fitness,1000.00,,1000.00,due_or_unpaid,R,,,MAY 2026,2026-09-10 09:29:27.999665+00
18638,2026-05-01,216,RAJA K,2026-03-11,G/F,General Fitness,1000.00,,1000.00,due_or_unpaid,R,,,MAY 2026,2026-09-10 09:29:27.999665+00
18639,2026-05-01,217,SANJAY P R,2026-03-11,S/Z,Strength Zone,800.00,,800.00,due_or_unpaid,R,,,MAY 2026,2026-09-10 09:29:27.999665+00
18640,2026-05-01,218,NARENDRAN T,2026-03-14,S/Z,Strength Zone,800.00,,800.00,due_or_unpaid,R,,,MAY 2026,2026-09-10 09:29:27.999665+00
18641,2026-05-01,219,SUNIL P,2026-05-13,S/Z,Strength Zone,800.00,,800.00,due_or_unpaid,R,,M,MAY 2026,2026-09-10 09:29:27.999665+00
18642,2026-05-01,220,VENKET,2026-03-13,G/F,General Fitness,1000.00,,1000.00,due_or_unpaid,R,,,MAY 2026,2026-09-10 09:29:27.999665+00
18643,2026-05-01,221,KARTHICK R,2026-03-15,S/Z,Strength Zone,800.00,,800.00,due_or_unpaid,R,,,MAY 2026,2026-09-10 09:29:27.999665+00
18644,2026-05-01,222,MUNISH KUMAR B,2026-03-17,S/Z,Strength Zone,800.00,,800.00,due_or_unpaid,R,,,MAY 2026,2026-09-10 09:29:27.999665+00
18645,2026-05-01,223,RAJIBUL ALI T,2026-03-22,S/Z,Strength Zone,800.00,,800.00,due_or_unpaid,R,,,MAY 2026,2026-09-10 09:29:27.999665+00
18646,2026-05-01,224,MOHANRAJ P,2026-05-07,G/F,General Fitness,1000.00,,1000.00,due_or_unpaid,R,,M/E,MAY 2026,2026-09-10 09:29:27.999665+00
18647,2026-05-01,225,RAVINDHAREN,2026-03-25,S/Z,Strength Zone,800.00,,800.00,due_or_unpaid,R,,,MAY 2026,2026-09-10 09:29:27.999665+00
18648,2026-05-01,226,SURESH M,2026-05-01,S/Z,Strength Zone,800.00,800.00,0.00,paid,PAID,,M,MAY 2026,2026-09-10 09:29:27.999665+00
18649,2026-05-01,227,KARTHIK DHANASEKAR,2026-05-01,S/Z,Strength Zone,800.00,800.00,0.00,paid,PAID,,M,MAY 2026,2026-09-10 09:29:27.999665+00
18650,2026-05-01,228,MANIKANDAN D,2026-05-01,S/Z,Strength Zone,800.00,,800.00,due_or_unpaid,R,,M,MAY 2026,2026-09-10 09:29:27.999665+00
18651,2026-05-01,229,VISHVA,2026-05-01,S/Z,Strength Zone,800.00,,800.00,due_or_unpaid,R,,,MAY 2026,2026-09-10 09:29:27.999665+00
18652,2026-05-01,230,SHYAM K,2026-03-04,S/Z,Strength Zone,800.00,,800.00,due_or_unpaid,R,,,MAY 2026,2026-09-10 09:29:27.999665+00
18653,2026-05-01,231,SHASHANTH S,2026-03-13,S/Z,Strength Zone,800.00,,800.00,due_or_unpaid,R,,E,MAY 2026,2026-09-10 09:29:27.999665+00
18654,2026-05-01,232,ANIL KUMAR,2026-03-05,S/Z,Strength Zone,800.00,,800.00,due_or_unpaid,R,,,MAY 2026,2026-09-10 09:29:27.999665+00
18655,2026-05-01,233,NIKHIL NAYAK L,2026-03-07,S/Z,Strength Zone,800.00,,800.00,due_or_unpaid,R,,,MAY 2026,2026-09-10 09:29:27.999665+00
18656,2026-05-01,234,PINKU NAYAK C,2026-03-07,S/Z,Strength Zone,800.00,,800.00,due_or_unpaid,R,,,MAY 2026,2026-09-10 09:29:27.999665+00
18657,2026-05-01,235,AKASH S,2026-05-01,G/F,General Fitness,1000.00,,1000.00,due_or_unpaid,R,,,MAY 2026,2026-09-10 09:29:27.999665+00
18658,2026-05-01,236,ANAND,2026-03-08,G/F,General Fitness,1000.00,,1000.00,due_or_unpaid,R,,,MAY 2026,2026-09-10 09:29:27.999665+00
18659,2026-05-01,237,LOHIT NAYAK,2026-03-12,S/Z,Strength Zone,800.00,,800.00,due_or_unpaid,R,,,MAY 2026,2026-09-10 09:29:27.999665+00
18660,2026-05-01,238,RIMPLE KUMAR,2026-03-15,S/Z,Strength Zone,800.00,,800.00,due_or_unpaid,R,,,MAY 2026,2026-09-10 09:29:27.999665+00
18661,2026-05-01,239,GOPINATH M,2026-03-17,G/F,General Fitness,1000.00,,1000.00,due_or_unpaid,R,,,MAY 2026,2026-09-10 09:29:27.999665+00
18662,2026-05-01,239,GOPINATH M,2026-03-19,S/Z,Strength Zone,800.00,,800.00,due_or_unpaid,R,,,MAY 2026,2026-09-10 09:29:27.999665+00
18663,2026-05-01,240,YOGESH G,2026-04-19,S/Z,Strength Zone,800.00,,800.00,due_or_unpaid,R,,,MAY 2026,2026-09-10 09:29:27.999665+00
18664,2026-05-01,240,YOGESH G,2026-03-24,S/Z,Strength Zone,800.00,,800.00,due_or_unpaid,R,,,MAY 2026,2026-09-10 09:29:27.999665+00
18665,2026-05-01,241,PRADHAP V,2026-03-21,S/Z,Strength Zone,800.00,,800.00,due_or_unpaid,R,,,MAY 2026,2026-09-10 09:29:27.999665+00
18666,2026-05-01,241,PRADHAP V,2026-03-24,S/Z,Strength Zone,800.00,,800.00,due_or_unpaid,R,,,MAY 2026,2026-09-10 09:29:27.999665+00
18667,2026-05-01,242,AJAY A,2026-03-26,S/Z,Strength Zone,1000.00,,800.00,due_or_unpaid,R,,,MAY 2026,2026-09-10 09:29:27.999665+00
18668,2026-05-01,244,BABU K,2026-03-26,G/F,General Fitness,800.00,,1000.00,due_or_unpaid,R,,,MAY 2026,2026-09-10 09:29:27.999665+00
18669,2026-05-01,245,KISHORE S,2026-03-03,G/F,General Fitness,1000.00,,1000.00,due_or_unpaid,R,,M/E,MAY 2026,2026-09-10 09:29:27.999665+00
18670,2026-05-01,246,SURESH,2026-03-05,S/Z,Strength Zone,800.00,,800.00,due_or_unpaid,R,,M,MAY 2026,2026-09-10 09:29:27.999665+00
18671,2026-05-01,247,VIVEK,2026-11-05,S/Z,Strength Zone,800.00,,7777.00,due_or_unpaid,R,,M,MAY 2026,2026-09-10 09:29:27.999665+00
18672,2026-05-01,248,ELAKKIAN,2026-03-05,G/F,General Fitness,1000.00,,1000.00,due_or_unpaid,R,,E,MAY 2026,2026-09-10 09:29:27.999665+00
18673,2026-05-01,249,DEEPAK C,2026-03-05,G/F,General Fitness,1000.00,,1000.00,due_or_unpaid,R,,E,MAY 2026,2026-09-10 09:29:27.999665+00
18674,2026-05-01,250,RESHATH S,2026-03-06,S/Z,Strength Zone,800.00,,800.00,due_or_unpaid,R,,M,MAY 2026,2026-09-10 09:29:27.999665+00
18675,2026-05-01,251,ARAVINTHAN S,2026-05-12,G/F,General Fitness,1000.00,1000.00,0.00,paid,PAID,,M,MAY 2026,2026-09-10 09:29:27.999665+00
18676,2026-05-01,252,MOULI RAJ V,2026-05-19,S/Z,Strength Zone,800.00,800.00,0.00,paid,PAID,,M,MAY 2026,2026-09-10 09:29:27.999665+00
18677,2026-05-01,253,DHAYANATHAN,2026-05-01,S/Z,Strength Zone,800.00,,800.00,due_or_unpaid,R,,M/E,MAY 2026,2026-09-10 09:29:27.999665+00
18678,2026-05-01,254,SELVAM K,2026-04-14,S/Z,Strength Zone,1000.00,1000.00,0.00,paid,PAID,,M,MAY 2026,2026-09-10 09:29:27.999665+00
18679,2026-05-01,255,VIJAYAN .S,2026-03-08,G/F,General Fitness,1000.00,,800.00,due_or_unpaid,R,,,MAY 2026,2026-09-10 09:29:27.999665+00
18680,2026-05-01,256,KARTHICK M,2026-05-16,S/Z,Strength Zone,800.00,,800.00,due_or_unpaid,R,,,MAY 2026,2026-09-10 09:29:27.999665+00
18681,2026-05-01,257,PAWN KUMAR,2026-03-26,S/Z,Strength Zone,800.00,,800.00,due_or_unpaid,R,,,MAY 2026,2026-09-10 09:29:27.999665+00
18682,2026-05-01,258,BEENAUVV V,2026-03-05,G/F,General Fitness,1000.00,,1000.00,due_or_unpaid,R,,,MAY 2026,2026-09-10 09:29:27.999665+00
18683,2026-05-01,259,PRADEEP KUMAR G,2026-03-04,G/F,General Fitness,1000.00,,1000.00,due_or_unpaid,R,,,MAY 2026,2026-09-10 09:29:27.999665+00
18684,2026-05-01,260,BARATH R,2026-05-10,S/Z,Strength Zone,800.00,800.00,0.00,paid,PAID,,E,MAY 2026,2026-09-10 09:29:27.999665+00
18685,2026-05-01,261,MANIKANDAN L,2026-03-12,G/F,General Fitness,1000.00,,1000.00,due_or_unpaid,R,,,MAY 2026,2026-09-10 09:29:27.999665+00
18686,2026-05-01,262,RANJITH A,2026-03-13,G/F,General Fitness,1000.00,,1000.00,due_or_unpaid,R,,,MAY 2026,2026-09-10 09:29:27.999665+00
18687,2026-05-01,263,SHANMATHI E,2026-03-16,G/F,General Fitness,1000.00,,1000.00,due_or_unpaid,R,,,MAY 2026,2026-09-10 09:29:27.999665+00
18688,2026-05-01,264,VENKATESH K,2026-03-19,S/Z,Strength Zone,800.00,,800.00,due_or_unpaid,R,,,MAY 2026,2026-09-10 09:29:27.999665+00
18689,2026-05-01,265,ANKUR GUWALA J,2026-03-19,S/Z,Strength Zone,800.00,,800.00,due_or_unpaid,R,,,MAY 2026,2026-09-10 09:29:27.999665+00
18690,2026-05-01,266,PRANESH M,2026-03-20,S/Z,Strength Zone,800.00,,800.00,due_or_unpaid,R,,,MAY 2026,2026-09-10 09:29:27.999665+00
18691,2026-05-01,267,HANY PRINCY V,2026-03-06,G/F,General Fitness,1000.00,,1000.00,due_or_unpaid,R,,E,MAY 2026,2026-09-10 09:29:27.999665+00
18692,2026-05-01,268,GUGAN S,2026-03-25,S/Z,Strength Zone,800.00,,800.00,due_or_unpaid,R,,,MAY 2026,2026-09-10 09:29:27.999665+00
18693,2026-05-01,269,SENTHIL KUMAR,2026-05-01,G/F,General Fitness,1000.00,,1000.00,due_or_unpaid,R,,,MAY 2026,2026-09-10 09:29:27.999665+00
18694,2026-05-01,270,AMITH KUMAR,2026-05-01,S/Z,Strength Zone,800.00,,800.00,due_or_unpaid,R,,,MAY 2026,2026-09-10 09:29:27.999665+00
18695,2026-05-01,271,ABISHEK KUMAR,2026-05-01,S/Z,Strength Zone,800.00,,800.00,due_or_unpaid,R,,,MAY 2026,2026-09-10 09:29:27.999665+00
18696,2026-05-01,272,BHUPINDER SINGH,2026-05-01,S/Z,Strength Zone,800.00,,800.00,due_or_unpaid,R,,E,MAY 2026,2026-09-10 09:29:27.999665+00
18697,2026-05-01,273,DEEPAK B,2026-05-10,G/F,General Fitness,800.00,800.00,0.00,paid,PAID,,E,MAY 2026,2026-09-10 09:29:27.999665+00
18698,2026-05-01,274,RATHNA KUMAR A,2026-09-07,S/Z,Strength Zone,800.00,,7777.00,due_or_unpaid,R,,M/E,MAY 2026,2026-09-10 09:29:27.999665+00
18699,2026-05-01,275,BINIT,2026-03-08,G/F,General Fitness,1000.00,,1000.00,due_or_unpaid,R,,E,MAY 2026,2026-09-10 09:29:27.999665+00
18700,2026-05-01,276,SAPHMITA,2026-03-08,G/F,General Fitness,1000.00,,1000.00,due_or_unpaid,R,,E,MAY 2026,2026-09-10 09:29:27.999665+00
18701,2026-05-01,277,ARAVIND D,2026-03-08,G/F,General Fitness,1000.00,,1000.00,due_or_unpaid,R,,,MAY 2026,2026-09-10 09:29:27.999665+00
18702,2026-05-01,278,VIGNESH M,2026-03-08,G/F,General Fitness,1000.00,,1000.00,due_or_unpaid,R,,M,MAY 2026,2026-09-10 09:29:27.999665+00
18703,2026-05-01,279,MOHAMMED FAAIZ M,2026-03-09,G/F,General Fitness,1000.00,,1000.00,due_or_unpaid,R,,E,MAY 2026,2026-09-10 09:29:27.999665+00
18704,2026-05-01,280,PERIYASAMY J,2026-03-05,S/Z,Strength Zone,800.00,,800.00,due_or_unpaid,R,,,MAY 2026,2026-09-10 09:29:27.999665+00
18705,2026-05-01,281,AKASH A,2026-05-24,G/F,General Fitness,800.00,,800.00,due_or_unpaid,R,,,MAY 2026,2026-09-10 09:29:27.999665+00
18706,2026-05-01,282,SOLOMON K,2026-03-11,G/F,General Fitness,1000.00,,1000.00,due_or_unpaid,R,,,MAY 2026,2026-09-10 09:29:27.999665+00
18707,2026-05-01,283,SARAN S,2026-03-11,S/Z,Strength Zone,1000.00,,1000.00,due_or_unpaid,R,,,MAY 2026,2026-09-10 09:29:27.999665+00
18708,2026-05-01,284,ARJUN B,2026-03-12,S/Z,Strength Zone,800.00,,800.00,due_or_unpaid,R,,,MAY 2026,2026-09-10 09:29:27.999665+00
18709,2026-05-01,285,SARAVANAN,2026-03-12,S/Z,Strength Zone,800.00,,800.00,due_or_unpaid,R,,,MAY 2026,2026-09-10 09:29:27.999665+00
18710,2026-05-01,286,TAPAS KUMAR B,2026-03-16,S/Z,Strength Zone,800.00,,800.00,due_or_unpaid,R,,,MAY 2026,2026-09-10 09:29:27.999665+00
18711,2026-05-01,287,PRASANTH K,2026-03-16,S/Z,Strength Zone,800.00,,800.00,due_or_unpaid,R,,,MAY 2026,2026-09-10 09:29:27.999665+00
18712,2026-05-01,288,SANDHIYA S,2026-03-16,G/F,General Fitness,1000.00,,1000.00,due_or_unpaid,R,,,MAY 2026,2026-09-10 09:29:27.999665+00
18713,2026-05-01,289,AMAN KUMAR,2026-03-18,S/Z,Strength Zone,800.00,,800.00,due_or_unpaid,R,,,MAY 2026,2026-09-10 09:29:27.999665+00
18714,2026-05-01,290,VARUN KUMAR J,2026-05-24,G/F,General Fitness,1000.00,,1000.00,due_or_unpaid,R,,E,MAY 2026,2026-09-10 09:29:27.999665+00
18715,2026-05-01,291,MOHAN H,2026-05-02,S/Z,Strength Zone,800.00,,800.00,due_or_unpaid,R,,E,MAY 2026,2026-09-10 09:29:27.999665+00
18716,2026-05-01,292,PAUL CHRISTOPHER T,2026-03-29,G/F,General Fitness,1000.00,,1000.00,due_or_unpaid,R,,E,MAY 2026,2026-09-10 09:29:27.999665+00
18717,2026-05-01,293,ANAND N,2026-03-02,S/Z,Strength Zone,800.00,,800.00,due_or_unpaid,R,,,MAY 2026,2026-09-10 09:29:27.999665+00
18718,2026-05-01,294,GANESH S,2026-04-04,S/Z,Strength Zone,800.00,,800.00,due_or_unpaid,R,,M/E,MAY 2026,2026-09-10 09:29:27.999665+00
18719,2026-05-01,295,RAMAN VERMA,2026-03-05,S/Z,Strength Zone,800.00,,800.00,due_or_unpaid,R,,,MAY 2026,2026-09-10 09:29:27.999665+00
18720,2026-05-01,296,HARI PRASATH L,2026-03-05,S/Z,Strength Zone,800.00,,800.00,due_or_unpaid,R,,,MAY 2026,2026-09-10 09:29:27.999665+00
18721,2026-05-01,297,SELVA P,2026-03-05,S/Z,Strength Zone,800.00,,800.00,due_or_unpaid,R,,E,MAY 2026,2026-09-10 09:29:27.999665+00
18722,2026-05-01,298,DILLIBABU,2026-04-12,S/Z,Strength Zone,800.00,,800.00,due_or_unpaid,R,,M,MAY 2026,2026-09-10 09:29:27.999665+00
18723,2026-05-01,299,NIVEN K,2026-03-13,G/F,General Fitness,1000.00,,1000.00,due_or_unpaid,R,,M,MAY 2026,2026-09-10 09:29:27.999665+00
18724,2026-05-01,300,KALIA AKASH S,2026-03-13,S/Z,Strength Zone,800.00,,800.00,due_or_unpaid,R,,,MAY 2026,2026-09-10 09:29:27.999665+00
18725,2026-05-01,301,RAJKUMAR,2026-03-18,S/Z,Strength Zone,800.00,,800.00,due_or_unpaid,R,,,MAY 2026,2026-09-10 09:29:27.999665+00
18726,2026-05-01,302,GANESH K,2026-03-28,G/F,General Fitness,100.00,,1000.00,due_or_unpaid,R,,,MAY 2026,2026-09-10 09:29:27.999665+00
18727,2026-05-01,303,JAYAPRAKASH V,2026-05-01,G/F,General Fitness,1000.00,,1000.00,due_or_unpaid,R,,M,MAY 2026,2026-09-10 09:29:27.999665+00
18728,2026-05-01,304,GANESH S,2026-05-01,G/F,General Fitness,1000.00,,1000.00,due_or_unpaid,R,,M,MAY 2026,2026-09-10 09:29:27.999665+00
18729,2026-05-01,305,JASLIN A,2026-05-01,G/F,General Fitness,1000.00,,1000.00,due_or_unpaid,R,,,MAY 2026,2026-09-10 09:29:27.999665+00
18730,2026-05-01,306,SATHISH M,2026-05-01,S/Z,Strength Zone,800.00,,800.00,due_or_unpaid,R,,,MAY 2026,2026-09-10 09:29:27.999665+00
18731,2026-05-01,307,ARUN K,2026-05-01,S/Z,Strength Zone,800.00,,800.00,due_or_unpaid,R,,M/E,MAY 2026,2026-09-10 09:29:27.999665+00
18732,2026-05-01,308,BALAJI R,2026-03-02,S/Z,Strength Zone,800.00,,800.00,due_or_unpaid,R,,,MAY 2026,2026-09-10 09:29:27.999665+00
18733,2026-05-01,309,JANAKI RAMAN D,2026-04-16,G/F,General Fitness,1000.00,,1000.00,due_or_unpaid,R,,,MAY 2026,2026-09-10 09:29:27.999665+00
18734,2026-05-01,310,KAMALA DHASAN M,2026-05-08,S/Z,Strength Zone,800.00,800.00,0.00,paid,PAID,,M,MAY 2026,2026-09-10 09:29:27.999665+00
18735,2026-05-01,311,JOHN BENEDICT,2026-03-09,G/F,General Fitness,1000.00,,1000.00,due_or_unpaid,R,,E,MAY 2026,2026-09-10 09:29:27.999665+00
18736,2026-05-01,312,PADMANABAN J,2026-03-15,S/Z,Strength Zone,800.00,,800.00,due_or_unpaid,R,,,MAY 2026,2026-09-10 09:29:27.999665+00
18737,2026-05-01,313,SABARI GIRI S,2026-03-15,S/Z,Strength Zone,800.00,,800.00,due_or_unpaid,R,,,MAY 2026,2026-09-10 09:29:27.999665+00
18738,2026-05-01,314,ROHITH K,2026-03-15,S/Z,Strength Zone,800.00,,800.00,due_or_unpaid,R,,,MAY 2026,2026-09-10 09:29:27.999665+00
18739,2026-05-01,315,CHANDHRU,2026-03-15,S/Z,Strength Zone,800.00,,800.00,due_or_unpaid,R,,,MAY 2026,2026-09-10 09:29:27.999665+00
18740,2026-05-01,316,RAMESH S,2026-04-16,S/Z,Strength Zone,800.00,,800.00,due_or_unpaid,R,,M,MAY 2026,2026-09-10 09:29:27.999665+00
18741,2026-05-01,317,KEERTHI VARMAN S,2026-03-19,S/Z,Strength Zone,800.00,,800.00,due_or_unpaid,R,,,MAY 2026,2026-09-10 09:29:27.999665+00
18742,2026-05-01,318,DILLIBABU K,2026-03-02,S/Z,Strength Zone,800.00,,800.00,due_or_unpaid,R,,,MAY 2026,2026-09-10 09:29:27.999665+00
18743,2026-05-01,319,ABISHEK KUMAR,2026-03-03,S/Z,Strength Zone,800.00,,800.00,due_or_unpaid,R,,M/E,MAY 2026,2026-09-10 09:29:27.999665+00
18744,2026-05-01,320,VIKKI KUMAR,2026-03-03,S/Z,Strength Zone,800.00,,800.00,due_or_unpaid,R,,,MAY 2026,2026-09-10 09:29:27.999665+00
18745,2026-05-01,321,DHAMODHARAN M,2026-03-06,G/F,General Fitness,1000.00,,1000.00,due_or_unpaid,R,,E,MAY 2026,2026-09-10 09:29:27.999665+00
18746,2026-05-01,322,SASI KUMARAN,2026-03-06,G/F,General Fitness,1000.00,,1000.00,due_or_unpaid,R,,M,MAY 2026,2026-09-10 09:29:27.999665+00
18747,2026-05-01,323,SANTHOSH T.S,2026-03-06,S/Z,Strength Zone,800.00,,1000.00,due_or_unpaid,R,,E,MAY 2026,2026-09-10 09:29:27.999665+00
18748,2026-05-01,324,SHIVAM KUMAR,2026-03-04,S/Z,Strength Zone,800.00,,800.00,due_or_unpaid,R,,M/E,MAY 2026,2026-09-10 09:29:27.999665+00
18749,2026-05-01,325,RAUSHAN,2026-03-04,S/Z,Strength Zone,800.00,,800.00,due_or_unpaid,R,,E,MAY 2026,2026-09-10 09:29:27.999665+00
18750,2026-05-01,326,EMBHAH,2026-03-11,G/F,General Fitness,1000.00,,1000.00,due_or_unpaid,R,,M/E,MAY 2026,2026-09-10 09:29:27.999665+00
18751,2026-05-01,327,HASIYA TRIPURA,2026-03-11,G/F,General Fitness,1000.00,,1000.00,due_or_unpaid,R,,M/E,MAY 2026,2026-09-10 09:29:27.999665+00
18752,2026-05-01,328,THANGA RAJ P,2026-03-13,S/Z,Strength Zone,800.00,,800.00,due_or_unpaid,R,,M,MAY 2026,2026-09-10 09:29:27.999665+00
18753,2026-05-01,329,SANJU MANDAL,2026-03-23,S/Z,Strength Zone,800.00,,800.00,due_or_unpaid,R,,,MAY 2026,2026-09-10 09:29:27.999665+00
18754,2026-05-01,330,EARM RAZA,2026-05-14,S/Z,Strength Zone,800.00,,800.00,due_or_unpaid,R,,M,MAY 2026,2026-09-10 09:29:27.999665+00
18755,2026-05-01,331,VENKAT P,2026-03-27,S/Z,Strength Zone,800.00,,800.00,due_or_unpaid,R,,M,MAY 2026,2026-09-10 09:29:27.999665+00
18756,2026-05-01,332,DINESH KARTHIK K,2026-03-27,S/Z,Strength Zone,800.00,,800.00,due_or_unpaid,R,,M,MAY 2026,2026-09-10 09:29:27.999665+00
18757,2026-05-01,333,PRAKASH R,2026-05-01,G/F,General Fitness,1000.00,,1000.00,due_or_unpaid,R,,M,MAY 2026,2026-09-10 09:29:27.999665+00
18758,2026-05-01,334,MAGESH G,2027-01-01,G/F,General Fitness,1000.00,,7500.00,due_or_unpaid,R,,M,MAY 2026,2026-09-10 09:29:27.999665+00
18759,2026-05-01,335,SHOHRAB KHAN,2026-03-03,S/Z,Strength Zone,800.00,,800.00,due_or_unpaid,R,,E,MAY 2026,2026-09-10 09:29:27.999665+00
18760,2026-05-01,336,JOHN Y,2026-03-03,S/Z,Strength Zone,800.00,,800.00,due_or_unpaid,R,,E,MAY 2026,2026-09-10 09:29:27.999665+00
18761,2026-05-01,337,SARATHY KUMAR D,2026-03-06,G/F,General Fitness,1000.00,,1000.00,due_or_unpaid,R,,,MAY 2026,2026-09-10 09:29:27.999665+00
18762,2026-05-01,338,SURENDHAR P,2026-03-07,S/Z,Strength Zone,800.00,,800.00,due_or_unpaid,R,,,MAY 2026,2026-09-10 09:29:27.999665+00
18763,2026-05-01,339,VARADHARAJ N,2027-01-17,G/F,General Fitness,7500.00,,7500.00,due_or_unpaid,R,,M,MAY 2026,2026-09-10 09:29:27.999665+00
18764,2026-05-01,340,JAGBIR SINGH,2026-03-10,S/Z,Strength Zone,800.00,,800.00,due_or_unpaid,R,,,MAY 2026,2026-09-10 09:29:27.999665+00
18765,2026-05-01,341,MUKESH M,2026-03-11,S/Z,Strength Zone,800.00,,800.00,due_or_unpaid,R,,M,MAY 2026,2026-09-10 09:29:27.999665+00
18766,2026-05-01,342,VAIKO S,2026-03-17,G/F,General Fitness,1000.00,,1000.00,due_or_unpaid,R,,M,MAY 2026,2026-09-10 09:29:27.999665+00
18767,2026-05-01,343,PRITHIVIRAJ B,2026-05-17,G/F,General Fitness,1000.00,,1000.00,due_or_unpaid,R,,E,MAY 2026,2026-09-10 09:29:27.999665+00
18768,2026-05-01,344,ASISH,2026-03-22,S/Z,Strength Zone,800.00,,800.00,due_or_unpaid,R,,,MAY 2026,2026-09-10 09:29:27.999665+00
18769,2026-05-01,345,DEEPAK S,2026-04-22,S/Z,Strength Zone,800.00,,800.00,due_or_unpaid,R,,,MAY 2026,2026-09-10 09:29:27.999665+00
18770,2026-05-01,346,KRISHNA KUMAR,2026-03-26,S/Z,Strength Zone,1000.00,,800.00,due_or_unpaid,R,,,MAY 2026,2026-09-10 09:29:27.999665+00
18771,2026-05-01,347,HAREESH M,2026-03-27,S/Z,Strength Zone,800.00,,800.00,due_or_unpaid,R,,,MAY 2026,2026-09-10 09:29:27.999665+00
18772,2026-05-01,348,RAMACHANTHIRAN S,2026-03-28,G/F,General Fitness,800.00,,1000.00,due_or_unpaid,R,,,MAY 2026,2026-09-10 09:29:27.999665+00
18773,2026-05-01,349,SARATHI N,2026-05-28,S/Z,Strength Zone,800.00,,800.00,due_or_unpaid,R,,,MAY 2026,2026-09-10 09:29:27.999665+00
18774,2026-05-01,350,MAHESH RAM S,2026-05-01,G/F,General Fitness,1000.00,,1000.00,due_or_unpaid,R,,,MAY 2026,2026-09-10 09:29:27.999665+00
18775,2026-05-01,351,MANISH M,2026-05-04,G/F,General Fitness,1000.00,1000.00,0.00,paid,PAID,,M,MAY 2026,2026-09-10 09:29:27.999665+00
18776,2026-05-01,352,SATHYA R,2026-04-09,S/Z,Strength Zone,800.00,,800.00,due_or_unpaid,R,,E,MAY 2026,2026-09-10 09:29:27.999665+00
18777,2026-05-01,353,PRANAV M,2026-03-12,S/Z,Strength Zone,800.00,,800.00,due_or_unpaid,R,,M/E,MAY 2026,2026-09-10 09:29:27.999665+00
18778,2026-05-01,354,RINKU ALI,2026-03-13,S/Z,Strength Zone,800.00,,800.00,due_or_unpaid,R,,M,MAY 2026,2026-09-10 09:29:27.999665+00
18779,2026-05-01,355,SHARIF UDDIN,2026-03-13,S/Z,Strength Zone,800.00,,800.00,due_or_unpaid,R,,M,MAY 2026,2026-09-10 09:29:27.999665+00
18780,2026-05-01,356,THANASURYA T,2026-03-15,G/F,General Fitness,100.00,,1000.00,due_or_unpaid,R,,,MAY 2026,2026-09-10 09:29:27.999665+00
18781,2026-05-01,357,JAY,2026-03-15,S/Z,Strength Zone,800.00,,800.00,due_or_unpaid,R,,M,MAY 2026,2026-09-10 09:29:27.999665+00
18782,2026-05-01,358,REAJUL ISLAM,2026-03-15,S/Z,Strength Zone,800.00,,800.00,due_or_unpaid,R,,M,MAY 2026,2026-09-10 09:29:27.999665+00
18783,2026-05-01,359,RANJAN KUMAR BEHERA,2026-03-15,S/Z,Strength Zone,800.00,,800.00,due_or_unpaid,R,,M,MAY 2026,2026-09-10 09:29:27.999665+00
18784,2026-05-01,360,ROHIBUL HOQUE,2026-03-16,S/Z,Strength Zone,800.00,,800.00,due_or_unpaid,R,,,MAY 2026,2026-09-10 09:29:27.999665+00
18785,2026-05-01,361,AIJUL HOQUE,2026-03-16,S/Z,Strength Zone,800.00,,800.00,due_or_unpaid,R,,,MAY 2026,2026-09-10 09:29:27.999665+00
18786,2026-05-01,362,BALAVAISHNAVI L,2026-03-18,G/F,General Fitness,1000.00,,1000.00,due_or_unpaid,R,,E,MAY 2026,2026-09-10 09:29:27.999665+00
18787,2026-05-01,363,VINOTH KUMAR S,2026-05-18,S/Z,Strength Zone,800.00,800.00,0.00,paid,PAID,,E,MAY 2026,2026-09-10 09:29:27.999665+00
18788,2026-05-01,364,DINESH KUMAR M,2026-05-21,S/Z,Strength Zone,800.00,,2500.00,due_or_unpaid,R,,,MAY 2026,2026-09-10 09:29:27.999665+00
18789,2026-05-01,365,THIRUNAVUKKARASU V,2026-04-22,S/Z,Strength Zone,800.00,,800.00,due_or_unpaid,R,,,MAY 2026,2026-09-10 09:29:27.999665+00
18790,2026-05-01,366,SHARFUDEEN,2026-03-29,G/F,General Fitness,1000.00,,1000.00,due_or_unpaid,R,,,MAY 2026,2026-09-10 09:29:27.999665+00
18791,2026-05-01,367,ARUN KUMAR VEL,2026-05-02,G/F,General Fitness,1000.00,1000.00,0.00,paid,PAID,,M,MAY 2026,2026-09-10 09:29:27.999665+00
18792,2026-05-01,368,LAVANYA D,2026-05-03,G/F,General Fitness,1000.00,1000.00,0.00,paid,PAID,,M,MAY 2026,2026-09-10 09:29:27.999665+00
18793,2026-05-01,369,MAMTA RAO,2026-05-05,G/F,General Fitness,1000.00,,1000.00,due_or_unpaid,R,,E,MAY 2026,2026-09-10 09:29:27.999665+00
18794,2026-05-01,370,RAVICHANDRAN A,2026-04-06,S/Z,Strength Zone,800.00,,800.00,due_or_unpaid,R,,M,MAY 2026,2026-09-10 09:29:27.999665+00
18795,2026-05-01,371,KEERTHANA N,2026-03-06,G/F,General Fitness,1000.00,,1000.00,due_or_unpaid,R,,E,MAY 2026,2026-09-10 09:29:27.999665+00
18796,2026-05-01,372,VADAMALAI S,2026-04-08,G/F,General Fitness,1000.00,,1000.00,due_or_unpaid,R,,E,MAY 2026,2026-09-10 09:29:27.999665+00
18797,2026-05-01,373,KHIRUD MUDI P,2026-05-08,S/Z,Strength Zone,800.00,800.00,0.00,paid,PAID,,E,MAY 2026,2026-09-10 09:29:27.999665+00
18798,2026-05-01,374,BISHAL,2026-05-08,S/Z,Strength Zone,800.00,800.00,0.00,paid,PAID,,E,MAY 2026,2026-09-10 09:29:27.999665+00
18799,2026-05-01,375,AMINUL ISLAM,2026-03-10,S,,800.00,,800.00,due_or_unpaid,R,,,MAY 2026,2026-09-10 09:29:27.999665+00
18800,2026-05-01,376,BALA YS,2027-02-01,G/F,General Fitness,1000.00,,7500.00,due_or_unpaid,R,,,MAY 2026,2026-09-10 09:29:27.999665+00
18801,2026-05-01,377,VISHAL S,2026-05-20,S/Z,Strength Zone,800.00,,800.00,due_or_unpaid,R,,E,MAY 2026,2026-09-10 09:29:27.999665+00
18802,2026-05-01,378,DINESH K,2026-05-22,S/Z,Strength Zone,800.00,,800.00,due_or_unpaid,R,,E,MAY 2026,2026-09-10 09:29:27.999665+00
18803,2026-05-01,379,GOKULALAKSHMI M,2026-05-20,S/Z,Strength Zone,1000.00,1000.00,0.00,paid,PAID,3000.0,M,MAY 2026,2026-09-10 09:29:27.999665+00
18804,2026-05-01,380,UMA SHANKER S,2026-05-02,S/Z,Strength Zone,800.00,800.00,0.00,paid,PAID,,E,MAY 2026,2026-09-10 09:29:27.999665+00
18805,2026-05-01,381,BHUVANESH,2026-05-02,S/Z,Strength Zone,800.00,,800.00,due_or_unpaid,R,,E,MAY 2026,2026-09-10 09:29:27.999665+00
18806,2026-05-01,382,JEEVAN GANESH V,2026-04-23,S/Z,Strength Zone,800.00,,800.00,due_or_unpaid,R,,,MAY 2026,2026-09-10 09:29:27.999665+00
18807,2026-05-01,383,GURUPRASANTH S,2026-04-02,G/F,General Fitness,1000.00,,1000.00,due_or_unpaid,R,,M,MAY 2026,2026-09-10 09:29:27.999665+00
18808,2026-05-01,384,PRABHU VASANTH S,2026-04-02,G/F,General Fitness,1000.00,,1000.00,due_or_unpaid,R,,M,MAY 2026,2026-09-10 09:29:27.999665+00
18809,2026-05-01,385,DILIP KUMAR S,2026-05-04,G/F,General Fitness,1000.00,1000.00,0.00,paid,PAID,,M,MAY 2026,2026-09-10 09:29:30.286046+00
18810,2026-05-01,386,DEEPAK R,2026-05-04,G/F,General Fitness,1000.00,1000.00,0.00,paid,PAID,,M,MAY 2026,2026-09-10 09:29:30.286046+00
18811,2026-05-01,387,INDHARAN A,2026-04-05,G/F,General Fitness,1000.00,,1000.00,due_or_unpaid,R,,,MAY 2026,2026-09-10 09:29:30.286046+00
18812,2026-05-01,388,MAHESH,2026-04-11,G/F,General Fitness,1000.00,,1000.00,due_or_unpaid,R,,M,MAY 2026,2026-09-10 09:29:30.286046+00
18813,2026-05-01,389,MURALI L,2026-04-11,G/F,General Fitness,1000.00,,1000.00,due_or_unpaid,R,,,MAY 2026,2026-09-10 09:29:30.286046+00
18814,2026-05-01,390,KISHAN KUMAR,2026-04-11,G/F,General Fitness,1000.00,,1000.00,due_or_unpaid,R,,,MAY 2026,2026-09-10 09:29:30.286046+00
18815,2026-05-01,391,KAILASH KUMAR,2026-04-11,G/F,General Fitness,1000.00,,1000.00,due_or_unpaid,R,,,MAY 2026,2026-09-10 09:29:30.286046+00
18816,2026-05-01,392,GAJINDER SINGH,2026-05-12,S/Z,Strength Zone,800.00,1000.00,0.00,paid,PAID,,M,MAY 2026,2026-09-10 09:29:30.286046+00
18817,2026-05-01,393,SAGAR SHUKLA,2026-04-12,S/Z,Strength Zone,800.00,,800.00,due_or_unpaid,R,,M,MAY 2026,2026-09-10 09:29:30.286046+00
18818,2026-05-01,394,MOHANA SUNDARAM J,2026-04-12,G/F,General Fitness,1000.00,,1000.00,due_or_unpaid,R,,M,MAY 2026,2026-09-10 09:29:30.286046+00
18819,2026-05-01,395,ARUN KUMAR J,2026-04-12,S/Z,Strength Zone,800.00,,800.00,due_or_unpaid,R,,E,MAY 2026,2026-09-10 09:29:30.286046+00
18820,2026-05-01,396,POOVARASAN S,2026-04-16,G/F,General Fitness,1000.00,,1000.00,due_or_unpaid,R,,,MAY 2026,2026-09-10 09:29:30.286046+00
18821,2026-05-01,397,JERRY SHYAM K,2026-05-23,S/Z,Strength Zone,1000.00,,3000.00,due_or_unpaid,R,,E,MAY 2026,2026-09-10 09:29:30.286046+00
18822,2026-05-01,398,BALAJI,2026-05-27,G/F,General Fitness,800.00,,800.00,due_or_unpaid,R,,M,MAY 2026,2026-09-10 09:29:30.286046+00
18823,2026-05-01,399,SAMUVEL A,2026-05-02,S/Z,Strength Zone,800.00,,800.00,due_or_unpaid,R,,,MAY 2026,2026-09-10 09:29:30.286046+00
18824,2026-05-01,400,ARUN KUMAR U,2026-05-03,S/Z,Strength Zone,800.00,,800.00,due_or_unpaid,R,,,MAY 2026,2026-09-10 09:29:30.286046+00
18825,2026-05-01,401,FRANCIS M,2026-05-03,S/Z,Strength Zone,800.00,800.00,0.00,paid,PAID,,M,MAY 2026,2026-09-10 09:29:30.286046+00
18826,2026-05-01,402,PRAVEEN S.V,2026-05-03,G/F,General Fitness,1000.00,,1000.00,due_or_unpaid,R,,E,MAY 2026,2026-09-10 09:29:30.286046+00
18827,2026-05-01,403,EMIMA,2026-05-03,G/F,General Fitness,1000.00,,1000.00,due_or_unpaid,R,,E,MAY 2026,2026-09-10 09:29:30.286046+00
18828,2026-05-01,404,NIRANJAN M,2026-04-10,S/Z,Strength Zone,800.00,,800.00,due_or_unpaid,R,,M,MAY 2026,2026-09-10 09:29:30.286046+00
18829,2026-05-01,405,JAYAPRAKASH V,2026-04-10,S/Z,Strength Zone,800.00,,800.00,due_or_unpaid,R,,,MAY 2026,2026-09-10 09:29:30.286046+00
18830,2026-05-01,406,MANIGANDAN M,2026-05-10,S/Z,Strength Zone,800.00,800.00,0.00,paid,PAID,,E,MAY 2026,2026-09-10 09:29:30.286046+00
18831,2026-05-01,407,DATCHINESH K,2026-05-13,S/Z,Strength Zone,800.00,800.00,0.00,paid,PAID,,E,MAY 2026,2026-09-10 09:29:30.286046+00
18832,2026-05-01,408,VICTOR D,2026-05-17,S/Z,Strength Zone,800.00,,800.00,due_or_unpaid,R,,,MAY 2026,2026-09-10 09:29:30.286046+00
18833,2026-05-01,409,VETRIVEL A,2026-05-21,G/F,General Fitness,1000.00,,1000.00,due_or_unpaid,R,,E,MAY 2026,2026-09-10 09:29:30.286046+00
18834,2026-05-01,410,MITU PALLI,2026-05-24,S/Z,Strength Zone,800.00,,800.00,due_or_unpaid,R,,M,MAY 2026,2026-09-10 09:29:30.286046+00
18835,2026-05-01,411,SHYAM CALLVIN S,2026-05-24,S/Z,Strength Zone,800.00,,800.00,due_or_unpaid,R,,E,MAY 2026,2026-09-10 09:29:30.286046+00
18836,2026-05-01,412,SESHATHIRI G,2026-05-28,S/Z,Strength Zone,1000.00,,800.00,due_or_unpaid,R,,,MAY 2026,2026-09-10 09:29:30.286046+00
18837,2026-05-01,413,YOGESH,2026-05-30,S/Z,Strength Zone,1000.00,,800.00,due_or_unpaid,R,,M,MAY 2026,2026-09-10 09:29:30.286046+00
18838,2026-05-01,414,NITHISH KUMAR S,2026-05-30,G/F,General Fitness,1000.00,,1000.00,due_or_unpaid,R,,,MAY 2026,2026-09-10 09:29:30.286046+00
18839,2026-05-01,415,YOGESHWARAN S,2026-05-01,S/Z,Strength Zone,1000.00,800.00,800.00,paid,PAID,,M,MAY 2026,2026-09-10 09:29:30.286046+00
18840,2026-05-01,416,ASHWIN S,2026-04-02,S/Z,Strength Zone,1000.00,,800.00,due_or_unpaid,R,,M,MAY 2026,2026-09-10 09:29:30.286046+00
18841,2026-05-01,417,SURESH G,2026-04-04,S/Z,Strength Zone,800.00,800.00,0.00,paid,PAID,,M,MAY 2026,2026-09-10 09:29:30.286046+00
18842,2026-05-01,418,TAMANNA G,2026-04-03,G/F,General Fitness,1000.00,,1000.00,due_or_unpaid,R,,E,MAY 2026,2026-09-10 09:29:30.286046+00
18843,2026-05-01,419,PRASANTH E,2026-04-07,G/F,General Fitness,1000.00,,1000.00,due_or_unpaid,R,,M/E,MAY 2026,2026-09-10 09:29:30.286046+00
18844,2026-05-01,420,DHIVAGAR N,2026-04-07,G/F,General Fitness,1200.00,1000.00,1000.00,paid,PAID,,M/E,MAY 2026,2026-09-10 09:29:30.286046+00
18845,2026-05-01,421,THIYAGU R,2026-04-07,G/F,General Fitness,1200.00,,1000.00,due_or_unpaid,R,,M/E,MAY 2026,2026-09-10 09:29:30.286046+00
18846,2026-05-01,422,KIRAN SAI K,2026-04-08,S/Z,Strength Zone,800.00,,800.00,due_or_unpaid,R,,E,MAY 2026,2026-09-10 09:29:30.286046+00
18847,2026-05-01,423,MONESWAR KHARWAR,2026-04-11,S/Z,Strength Zone,800.00,,800.00,due_or_unpaid,R,,E,MAY 2026,2026-09-10 09:29:30.286046+00
18848,2026-05-01,424,SUMBU MURA,2026-04-11,S/Z,Strength Zone,800.00,,800.00,due_or_unpaid,R,,E,MAY 2026,2026-09-10 09:29:30.286046+00
18849,2026-05-01,425,NISHWIK B,2026-04-13,S/Z,Strength Zone,800.00,,800.00,due_or_unpaid,R,,M,MAY 2026,2026-09-10 09:29:30.286046+00
18850,2026-05-01,426,KARAN SINGH,2026-04-17,S/Z,Strength Zone,800.00,,800.00,due_or_unpaid,R,,,MAY 2026,2026-09-10 09:29:30.286046+00
18851,2026-05-01,427,VALLARASU R,2026-04-20,G/F,General Fitness,1000.00,,1000.00,due_or_unpaid,R,,M,MAY 2026,2026-09-10 09:29:30.286046+00
18852,2026-05-01,428,MELKIN MATHEW G,2026-05-21,S/Z,Strength Zone,800.00,,800.00,due_or_unpaid,R,,,MAY 2026,2026-09-10 09:29:30.286046+00
18853,2026-05-01,429,MAHALAKSHMI M,2026-05-21,G/F,General Fitness,1000.00,1000.00,0.00,paid,PAID,,E,MAY 2026,2026-09-10 09:29:30.286046+00
18854,2026-06-01,1,SUNDHAR M,2026-03-09,S/Z,Strength Zone,800.00,,800.00,due_or_unpaid,R,,,JUNE2026,2026-09-10 09:29:30.286046+00
18855,2026-06-01,2,NITHYASEELAN P,2026-03-09,S/Z,Strength Zone,800.00,,800.00,due_or_unpaid,R,,,JUNE2026,2026-09-10 09:29:30.286046+00
18856,2026-06-01,3,SANJEEVA REDDY C,2026-03-09,S/Z,Strength Zone,800.00,,800.00,due_or_unpaid,R,,M/E,JUNE2026,2026-09-10 09:29:30.286046+00
18857,2026-06-01,4,ABDUL RAHMAN A,2026-03-09,S/Z,Strength Zone,800.00,,1000.00,due_or_unpaid,R,,,JUNE2026,2026-09-10 09:29:30.286046+00
18858,2026-06-01,5,SANTHOSH KUMAR G,2026-03-09,G/F,General Fitness,1000.00,,1000.00,due_or_unpaid,R,,,JUNE2026,2026-09-10 09:29:30.286046+00
18859,2026-06-01,6,SATHISH KUMAR J,2026-03-09,G/F,General Fitness,1000.00,,1000.00,due_or_unpaid,R,,,JUNE2026,2026-09-10 09:29:30.286046+00
18860,2026-06-01,7,VIJAYABABU C,2027-01-09,G/F,General Fitness,7500.00,,7500.00,due_or_unpaid,R,,M,JUNE2026,2026-09-10 09:29:30.286046+00
18861,2026-06-01,8,ISTJHAR AHAMAD,2026-03-09,G/F,General Fitness,1000.00,,1000.00,due_or_unpaid,R,,,JUNE2026,2026-09-10 09:29:30.286046+00
18862,2026-06-01,9,MUBARAK ALI,2026-03-09,S/Z,Strength Zone,800.00,,800.00,due_or_unpaid,R,,,JUNE2026,2026-09-10 09:29:30.286046+00
18863,2026-06-01,10,GULJOR HUSSAIN,2026-03-09,S/Z,Strength Zone,800.00,,800.00,due_or_unpaid,R,,,JUNE2026,2026-09-10 09:29:30.286046+00
18864,2026-06-01,11,SURHAB ALI,2026-03-09,S/Z,Strength Zone,800.00,,800.00,due_or_unpaid,R,,,JUNE2026,2026-09-10 09:29:30.286046+00
18865,2026-06-01,12,SATHYA M,2026-03-09,G/F,General Fitness,800.00,,800.00,due_or_unpaid,R,,,JUNE2026,2026-09-10 09:29:30.286046+00
18866,2026-06-01,13,PORTAP CHETRY,2026-03-09,S/Z,Strength Zone,800.00,,800.00,due_or_unpaid,R,,,JUNE2026,2026-09-10 09:29:30.286046+00
18867,2026-06-01,14,TAMIL,2026-03-09,G/F,General Fitness,1000.00,,1000.00,due_or_unpaid,R,,,JUNE2026,2026-09-10 09:29:30.286046+00
18868,2026-06-01,15,DEEPAK M,2026-06-17,S/Z,Strength Zone,800.00,,800.00,due_or_unpaid,R,,,JUNE2026,2026-09-10 09:29:30.286046+00
18869,2026-06-01,16,SARATH KUMAR A,2026-03-10,S/Z,Strength Zone,800.00,,800.00,due_or_unpaid,R,,,JUNE2026,2026-09-10 09:29:30.286046+00
18870,2026-06-01,17,UDHAYA PANDIAN,2026-03-10,G/F,General Fitness,1000.00,,1000.00,due_or_unpaid,R,,M,JUNE2026,2026-09-10 09:29:30.286046+00
18871,2026-06-01,18,MANJIT KUMAR,2026-06-27,S/Z,Strength Zone,800.00,,800.00,due_or_unpaid,R,,M/E,JUNE2026,2026-09-10 09:29:30.286046+00
18872,2026-06-01,19,YUVARAJ C,2026-03-10,G/F,General Fitness,1000.00,,1000.00,due_or_unpaid,R,,E,JUNE2026,2026-09-10 09:29:30.286046+00
18873,2026-06-01,20,CHARLES,2026-03-09,S/Z,Strength Zone,800.00,,1000.00,due_or_unpaid,R,,,JUNE2026,2026-09-10 09:29:30.286046+00
18874,2026-06-01,21,DHANUSH V,2026-03-10,S/Z,Strength Zone,800.00,,800.00,due_or_unpaid,R,,,JUNE2026,2026-09-10 09:29:30.286046+00
18875,2026-06-01,22,BOLORAM PONIKA A.J,2026-03-10,S/Z,Strength Zone,800.00,,800.00,due_or_unpaid,R,,,JUNE2026,2026-09-10 09:29:30.286046+00
18876,2026-06-01,23,PRASANTH M,2026-03-10,S/Z,Strength Zone,800.00,,800.00,due_or_unpaid,R,,,JUNE2026,2026-09-10 09:29:30.286046+00
18877,2026-06-01,24,RAGUL R,2026-06-08,S/Z,Strength Zone,800.00,,800.00,due_or_unpaid,R,,E,JUNE2026,2026-09-10 09:29:30.286046+00
18878,2026-06-01,25,SANTHOSH M,2026-03-11,S/Z,Strength Zone,800.00,,800.00,due_or_unpaid,R,,,JUNE2026,2026-09-10 09:29:30.286046+00
18879,2026-06-01,26,MAZID ALI,2026-03-11,S/Z,Strength Zone,800.00,,800.00,due_or_unpaid,R,,,JUNE2026,2026-09-10 09:29:30.286046+00
18880,2026-06-01,27,SADIKUL ISLAM,2026-03-11,S/Z,Strength Zone,800.00,,800.00,due_or_unpaid,R,,,JUNE2026,2026-09-10 09:29:30.286046+00
18881,2026-06-01,28,LAKSHWANTH,2026-05-14,G/F,General Fitness,800.00,,1000.00,due_or_unpaid,R,,E,JUNE2026,2026-09-10 09:29:30.286046+00
18882,2026-06-01,29,GOWTHAM A,2026-05-01,S/Z,Strength Zone,800.00,,800.00,due_or_unpaid,R,,,JUNE2026,2026-09-10 09:29:30.286046+00
18883,2026-06-01,30,PRADEEP Y,2026-06-20,S/Z,Strength Zone,800.00,800.00,0.00,paid,PAID,,M/E,JUNE2026,2026-09-10 09:29:30.286046+00
18884,2026-06-01,31,ROHIT R,2026-05-12,S/Z,Strength Zone,800.00,,800.00,due_or_unpaid,R,,E,JUNE2026,2026-09-10 09:29:30.286046+00
18885,2026-06-01,32,RISHI M,2026-06-03,S/Z,Strength Zone,800.00,800.00,0.00,paid,PAID,,E,JUNE2026,2026-09-10 09:29:30.286046+00
18886,2026-06-01,33,GOPAL B,2026-06-29,S/Z,Strength Zone,800.00,,800.00,paid,PAID,,E,JUNE2026,2026-09-10 09:29:30.286046+00
18887,2026-06-01,34,KODOM ALI D,2026-03-13,S/Z,Strength Zone,800.00,,800.00,due_or_unpaid,R,,,JUNE2026,2026-09-10 09:29:30.286046+00
18888,2026-06-01,35,SUJAB ALI A,2026-03-13,S/Z,Strength Zone,800.00,,800.00,due_or_unpaid,R,,,JUNE2026,2026-09-10 09:29:30.286046+00
18889,2026-06-01,36,ASHABUL HOQUE S,2026-03-13,S/Z,Strength Zone,800.00,,800.00,due_or_unpaid,R,,,JUNE2026,2026-09-10 09:29:30.286046+00
18890,2026-06-01,37,SURESH K,2026-03-13,G/F,General Fitness,1000.00,,1000.00,due_or_unpaid,R,,,JUNE2026,2026-09-10 09:29:30.286046+00
18891,2026-06-01,38,YUVARAJ B,2026-04-13,S/F,,800.00,,800.00,due_or_unpaid,R,,E,JUNE2026,2026-09-10 09:29:30.286046+00
18892,2026-06-01,39,BALAKUMAR H,2026-06-13,G/F,General Fitness,1000.00,1000.00,0.00,paid,PAID,,E,JUNE2026,2026-09-10 09:29:30.286046+00
18893,2026-06-01,40,SIDDHARATH V,2026-03-13,S/Z,Strength Zone,1000.00,,1000.00,due_or_unpaid,R,,M/E,JUNE2026,2026-09-10 09:29:30.286046+00
18894,2026-06-01,41,VAJRAVEL A,2026-06-13,G/F,General Fitness,1000.00,,1000.00,due_or_unpaid,R,,M,JUNE2026,2026-09-10 09:29:30.286046+00
18895,2026-06-01,42,SARAVANAN K,2026-06-13,S/Z,Strength Zone,800.00,,800.00,due_or_unpaid,R,,E,JUNE2026,2026-09-10 09:29:30.286046+00
18896,2026-06-01,43,ARJUN S,2026-03-13,S/Z,Strength Zone,800.00,,800.00,due_or_unpaid,R,,,JUNE2026,2026-09-10 09:29:30.286046+00
18897,2026-06-01,44,RAM PRASAD,2026-03-14,G/F,General Fitness,1000.00,,1000.00,due_or_unpaid,R,,,JUNE2026,2026-09-10 09:29:30.286046+00
18898,2026-06-01,45,SANTHOSH,2026-05-01,S/Z,Strength Zone,800.00,,800.00,due_or_unpaid,R,,,JUNE2026,2026-09-10 09:29:30.286046+00
18899,2026-06-01,46,SRI RAM R,2026-05-14,S/Z,Strength Zone,1000.00,,1000.00,due_or_unpaid,R,,E,JUNE2026,2026-09-10 09:29:30.286046+00
18900,2026-06-01,47,ANBU N,2026-03-14,G/F,General Fitness,1000.00,,1000.00,due_or_unpaid,R,,,JUNE2026,2026-09-10 09:29:30.286046+00
18901,2026-06-01,48,ARAVINDKUMAR P,2026-03-14,S/Z,Strength Zone,800.00,,800.00,due_or_unpaid,R,,,JUNE2026,2026-09-10 09:29:30.286046+00
18902,2026-06-01,49,ARUN S,2026-03-16,G/F,General Fitness,1000.00,,1000.00,due_or_unpaid,R,,,JUNE2026,2026-09-10 09:29:30.286046+00
18903,2026-06-01,50,AATHI,2026-06-17,S/Z,Strength Zone,800.00,,800.00,due_or_unpaid,R,,E,JUNE2026,2026-09-10 09:29:30.286046+00
18904,2026-06-01,51,JOTHILINGAM R,2026-03-15,G/F,General Fitness,1000.00,,1000.00,due_or_unpaid,R,,,JUNE2026,2026-09-10 09:29:30.286046+00
18905,2026-06-01,52,VASANTH J,2027-01-15,S/Z,Strength Zone,7500.00,,7500.00,due_or_unpaid,R,,M,JUNE2026,2026-09-10 09:29:30.286046+00
18906,2026-06-01,53,BESTY PAULINE,2026-03-16,G/F,General Fitness,1000.00,,1000.00,due_or_unpaid,R,,,JUNE2026,2026-09-10 09:29:30.286046+00
18907,2026-06-01,54,PREM KUMAR Y,2026-03-16,S/Z,Strength Zone,800.00,,800.00,due_or_unpaid,R,,,JUNE2026,2026-09-10 09:29:30.286046+00
18908,2026-06-01,55,JAWAID F,2026-03-16,S/Z,Strength Zone,800.00,,800.00,due_or_unpaid,R,,,JUNE2026,2026-09-10 09:29:30.286046+00
18909,2026-06-01,56,BOBIDUL ISLAM A,2026-03-16,G/F,General Fitness,1000.00,,1000.00,due_or_unpaid,R,,,JUNE2026,2026-09-10 09:29:30.286046+00
18910,2026-06-01,57,ABDUL KHALAK J,2026-03-16,G/F,General Fitness,1000.00,,1000.00,due_or_unpaid,R,,,JUNE2026,2026-09-10 09:29:30.286046+00
18911,2026-06-01,58,MEHERUL HAQUE S,2026-03-16,G/F,General Fitness,1000.00,,1000.00,due_or_unpaid,R,,,JUNE2026,2026-09-10 09:29:30.286046+00
18912,2026-06-01,59,JAGADEESH M,2026-03-16,G/F,General Fitness,1000.00,,1000.00,due_or_unpaid,R,,,JUNE2026,2026-09-10 09:29:30.286046+00
18913,2026-06-01,60,FAIYAZ AHMED A,2026-03-16,S/Z,Strength Zone,800.00,,800.00,due_or_unpaid,R,,,JUNE2026,2026-09-10 09:29:30.286046+00
18914,2026-06-01,61,MAMIDUL ALI,2026-03-17,S/Z,Strength Zone,800.00,,800.00,due_or_unpaid,R,,,JUNE2026,2026-09-10 09:29:30.286046+00
18915,2026-06-01,62,VINOTH KUMAR,2026-03-17,G/F,General Fitness,800.00,,800.00,due_or_unpaid,R,,,JUNE2026,2026-09-10 09:29:30.286046+00
18916,2026-06-01,63,ABDUL BATIN,2026-03-17,S/Z,Strength Zone,800.00,,800.00,due_or_unpaid,R,,,JUNE2026,2026-09-10 09:29:30.286046+00
18917,2026-06-01,64,NILCHAN ALI,2026-03-17,S/Z,Strength Zone,800.00,,800.00,due_or_unpaid,R,,,JUNE2026,2026-09-10 09:29:30.286046+00
18918,2026-06-01,65,MONIRUAL HOQUE,2026-03-17,S/Z,Strength Zone,800.00,,800.00,due_or_unpaid,R,,,JUNE2026,2026-09-10 09:29:30.286046+00
18919,2026-06-01,66,AMIR HAMJA,2026-03-17,S/Z,Strength Zone,800.00,,800.00,due_or_unpaid,R,,,JUNE2026,2026-09-10 09:29:30.286046+00
18920,2026-06-01,67,SUNIL R,2026-03-17,G/F,General Fitness,1000.00,,1000.00,due_or_unpaid,R,,,JUNE2026,2026-09-10 09:29:30.286046+00
18921,2026-06-01,68,SUDHAKAR S,2026-03-17,S/Z,Strength Zone,800.00,,800.00,due_or_unpaid,R,,,JUNE2026,2026-09-10 09:29:30.286046+00
18922,2026-06-01,69,AMINUL ISLAM MD,2026-03-18,S/Z,Strength Zone,800.00,,800.00,due_or_unpaid,R,,,JUNE2026,2026-09-10 09:29:30.286046+00
18923,2026-06-01,70,TAFIKUL ISLAM,2026-03-18,G/F,General Fitness,1000.00,,800.00,due_or_unpaid,R,,,JUNE2026,2026-09-10 09:29:30.286046+00
18924,2026-06-01,72,HAFIZUR RAHMAM,2026-03-19,S/Z,Strength Zone,800.00,,800.00,due_or_unpaid,R,,,JUNE2026,2026-09-10 09:29:30.286046+00
18925,2026-06-01,73,MOJNUR,2026-03-19,S/Z,Strength Zone,800.00,,800.00,due_or_unpaid,R,,,JUNE2026,2026-09-10 09:29:30.286046+00
18926,2026-06-01,74,YOGESH R,2026-03-19,S/Z,Strength Zone,800.00,,800.00,due_or_unpaid,R,,,JUNE2026,2026-09-10 09:29:30.286046+00
18927,2026-06-01,75,NAVAS,2026-03-19,G/F,General Fitness,1000.00,,800.00,due_or_unpaid,R,,,JUNE2026,2026-09-10 09:29:30.286046+00
18928,2026-06-01,76,TAYABUR RAHMAN A,2026-03-20,S/Z,Strength Zone,800.00,,800.00,due_or_unpaid,R,,,JUNE2026,2026-09-10 09:29:30.286046+00
18929,2026-06-01,78,RATHISH KUMAR,2026-03-23,G/F,General Fitness,1000.00,,1000.00,due_or_unpaid,R,,M/E,JUNE2026,2026-09-10 09:29:30.286046+00
18930,2026-06-01,78,SANTHOSH,2026-03-29,G/F,General Fitness,800.00,,1000.00,due_or_unpaid,R,,,JUNE2026,2026-09-10 09:29:30.286046+00
18931,2026-06-01,79,DARVIN RAJ J,2025-06-10,G/F,General Fitness,1000.00,,1000.00,due_or_unpaid,R,,,JUNE2026,2026-09-10 09:29:30.286046+00
18932,2026-06-01,80,PRASANTH S,2026-03-23,S/Z,Strength Zone,800.00,,800.00,due_or_unpaid,R,,,JUNE2026,2026-09-10 09:29:30.286046+00
18933,2026-06-01,81,GURU SHANKAR,2026-03-23,S/Z,Strength Zone,800.00,,800.00,due_or_unpaid,R,,,JUNE2026,2026-09-10 09:29:30.286046+00
18934,2026-06-01,82,NARJUL ISLAM A,2026-03-23,S/Z,Strength Zone,800.00,,800.00,due_or_unpaid,R,,,JUNE2026,2026-09-10 09:29:30.286046+00
18935,2026-06-01,83,SANGIT KUMAR SAMANTHA,2026-03-23,G/F,General Fitness,1000.00,,800.00,due_or_unpaid,R,,,JUNE2026,2026-09-10 09:29:30.286046+00
18936,2026-06-01,84,RAGUL A,2026-03-23,S/Z,Strength Zone,800.00,,800.00,due_or_unpaid,R,,E,JUNE2026,2026-09-10 09:29:30.286046+00
18937,2026-06-01,85,ASWINI SAGAR SWAIN,2026-03-24,S/Z,Strength Zone,800.00,,800.00,due_or_unpaid,R,,,JUNE2026,2026-09-10 09:29:30.286046+00
18938,2026-06-01,86,DEEPAK M,2026-03-08,G/F,General Fitness,1000.00,,1000.00,due_or_unpaid,R,,M,JUNE2026,2026-09-10 09:29:30.286046+00
18939,2026-06-01,88,NATHAN K,2026-03-25,S/Z,Strength Zone,800.00,,800.00,due_or_unpaid,R,,,JUNE2026,2026-09-10 09:29:30.286046+00
18940,2026-06-01,89,MOIN UDDIN A,2026-03-25,S/Z,Strength Zone,800.00,,800.00,due_or_unpaid,R,,,JUNE2026,2026-09-10 09:29:30.286046+00
18941,2026-06-01,90,ALI AHMED R,2026-03-25,S/Z,Strength Zone,800.00,,800.00,due_or_unpaid,R,,,JUNE2026,2026-09-10 09:29:30.286046+00
18942,2026-06-01,91,ABINASH S,2026-06-27,S/Z,Strength Zone,2500.00,,800.00,due_or_unpaid,R,,E,JUNE2026,2026-09-10 09:29:30.286046+00
18943,2026-06-01,92,ARAVIND S,2026-03-28,S/Z,Strength Zone,800.00,,800.00,due_or_unpaid,R,,,JUNE2026,2026-09-10 09:29:30.286046+00
18944,2026-06-01,93,ASHADUL,2026-03-30,G/F,General Fitness,800.00,,800.00,due_or_unpaid,R,,,JUNE2026,2026-09-10 09:29:30.286046+00
18945,2026-06-01,94,GUHAN A,2026-06-13,S/Z,Strength Zone,1000.00,,1000.00,due_or_unpaid,R,,M,JUNE2026,2026-09-10 09:29:30.286046+00
18946,2026-06-01,95,ROKIBUL HUSSAIN A,2026-03-30,S/Z,Strength Zone,800.00,,800.00,due_or_unpaid,R,,,JUNE2026,2026-09-10 09:29:30.286046+00
18947,2026-06-01,96,MERVYN,2026-06-01,G/F,General Fitness,7000.00,,7000.00,due_or_unpaid,R,,,JUNE2026,2026-09-10 09:29:30.286046+00
18948,2026-06-01,97,MICHAEL A,2026-05-01,S/Z,Strength Zone,800.00,,800.00,due_or_unpaid,R,,,JUNE2026,2026-09-10 09:29:30.286046+00
18949,2026-06-01,98,SUGAN RAJ M,2026-05-01,S/Z,Strength Zone,800.00,,800.00,due_or_unpaid,R,,,JUNE2026,2026-09-10 09:29:30.286046+00
18950,2026-06-01,99,SHUTRUGHAN KUMAR R,2026-05-21,G/F,General Fitness,800.00,,800.00,due_or_unpaid,R,,M,JUNE2026,2026-09-10 09:29:30.286046+00
18951,2026-06-01,100,DAVID A,2026-03-02,G/F,General Fitness,1000.00,,1000.00,due_or_unpaid,R,,,JUNE2026,2026-09-10 09:29:30.286046+00
18952,2026-06-01,101,PETER A,2026-03-02,G/F,General Fitness,1000.00,,1000.00,due_or_unpaid,R,,,JUNE2026,2026-09-10 09:29:30.286046+00
18953,2026-06-01,102,KUMARAN M,2026-04-09,S/Z,Strength Zone,800.00,,800.00,due_or_unpaid,R,,E,JUNE2026,2026-09-10 09:29:30.286046+00
18954,2026-06-01,103,CHARAN KUMAR V,2026-03-10,G/F,General Fitness,1000.00,,1000.00,due_or_unpaid,R,,M/E,JUNE2026,2026-09-10 09:29:30.286046+00
18955,2026-06-01,104,SETTU E,2026-04-03,S/Z,Strength Zone,800.00,,800.00,due_or_unpaid,R,,,JUNE2026,2026-09-10 09:29:30.286046+00
18956,2026-06-01,105,NITHISH KUMAR S,2026-03-15,S/Z,Strength Zone,800.00,,800.00,due_or_unpaid,R,,M,JUNE2026,2026-09-10 09:29:30.286046+00
18957,2026-06-01,106,RAMESH S,2026-03-04,G/F,General Fitness,1000.00,,1000.00,due_or_unpaid,R,,,JUNE2026,2026-09-10 09:29:30.286046+00
18958,2026-06-01,107,SANJAN V,2026-03-05,S/Z,Strength Zone,800.00,,800.00,due_or_unpaid,R,,,JUNE2026,2026-09-10 09:29:30.286046+00
18959,2026-06-01,108,DIVAKAR M,2026-03-05,G/F,General Fitness,1000.00,,1000.00,due_or_unpaid,R,,M,JUNE2026,2026-09-10 09:29:30.286046+00
18960,2026-06-01,109,DANIEL R,2026-06-05,S/Z,Strength Zone,800.00,1000.00,0.00,paid,PAID,,M,JUNE2026,2026-09-10 09:29:30.286046+00
18961,2026-06-01,110,MANIKANADAN,2026-03-07,G/F,General Fitness,1000.00,,1000.00,due_or_unpaid,R,,,JUNE2026,2026-09-10 09:29:30.286046+00
18962,2026-06-01,111,PRITHIVIKASH,2026-03-26,S/Z,Strength Zone,800.00,,800.00,due_or_unpaid,R,,,JUNE2026,2026-09-10 09:29:30.286046+00
18963,2026-06-01,112,CHANDRU,2026-03-08,S/Z,Strength Zone,800.00,,800.00,due_or_unpaid,R,,,JUNE2026,2026-09-10 09:29:30.286046+00
18964,2026-06-01,113,SANJAY J,2026-03-03,S/Z,Strength Zone,800.00,800.00,0.00,paid,PAID,,M,JUNE2026,2026-09-10 09:29:30.286046+00
18965,2026-06-01,114,AJITH D,2026-03-09,S/Z,Strength Zone,800.00,,800.00,due_or_unpaid,R,,,JUNE2026,2026-09-10 09:29:30.286046+00
18966,2026-06-01,115,SANJAY B,2026-03-09,S/Z,Strength Zone,800.00,,800.00,due_or_unpaid,R,,,JUNE2026,2026-09-10 09:29:30.286046+00
18967,2026-06-01,116,TAMIL SELVAN M,2026-03-12,S/Z,Strength Zone,800.00,,800.00,due_or_unpaid,R,,,JUNE2026,2026-09-10 09:29:30.286046+00
18968,2026-06-01,117,ARUN YADAV,2026-03-12,S/Z,Strength Zone,800.00,,800.00,due_or_unpaid,R,,,JUNE2026,2026-09-10 09:29:30.286046+00
18969,2026-06-01,118,GIRI S,2026-03-13,S/Z,Strength Zone,800.00,,800.00,due_or_unpaid,R,,,JUNE2026,2026-09-10 09:29:30.286046+00
18970,2026-06-01,119,JOHNSON S,2026-03-14,S/Z,Strength Zone,800.00,,800.00,due_or_unpaid,R,,,JUNE2026,2026-09-10 09:29:30.286046+00
18971,2026-06-01,120,DEEPAK BILUNG,2026-03-15,S/Z,Strength Zone,800.00,,800.00,due_or_unpaid,R,,,JUNE2026,2026-09-10 09:29:30.286046+00
18972,2026-06-01,121,BINU,2026-03-15,S/Z,Strength Zone,800.00,,800.00,due_or_unpaid,R,,,JUNE2026,2026-09-10 09:29:30.286046+00
18973,2026-06-01,122,SOHEL RANA,2026-03-16,G/F,General Fitness,1000.00,,1000.00,due_or_unpaid,R,,,JUNE2026,2026-09-10 09:29:30.286046+00
18974,2026-06-01,123,CHAITANYA K,2026-03-17,G/F,General Fitness,1000.00,,1000.00,due_or_unpaid,R,,,JUNE2026,2026-09-10 09:29:30.286046+00
18975,2026-06-01,124,KATHIRAVAN.E,2026-03-18,S/Z,Strength Zone,800.00,,800.00,due_or_unpaid,R,,,JUNE2026,2026-09-10 09:29:30.286046+00
18976,2026-06-01,125,MOORTHY R,2026-03-18,S/Z,Strength Zone,800.00,,800.00,due_or_unpaid,R,,,JUNE2026,2026-09-10 09:29:30.286046+00
18977,2026-06-01,126,SANJAY S,2026-03-18,S/Z,Strength Zone,800.00,,800.00,due_or_unpaid,R,,,JUNE2026,2026-09-10 09:29:30.286046+00
18978,2026-06-01,127,PERUMAL V,2026-03-19,S/Z,Strength Zone,800.00,,800.00,due_or_unpaid,R,,,JUNE2026,2026-09-10 09:29:30.286046+00
18979,2026-06-01,128,EMAMUL HUSSAIN A,2026-03-20,S/Z,Strength Zone,800.00,,800.00,due_or_unpaid,R,,,JUNE2026,2026-09-10 09:29:30.286046+00
18980,2026-06-01,129,JEEVA M,2026-03-21,S/Z,Strength Zone,800.00,37400.00,0.00,paid,R,,,JUNE2026,2026-09-10 09:29:30.286046+00
18981,2026-06-01,130,ARAVIND S,2026-03-19,S/Z,Strength Zone,800.00,,800.00,due_or_unpaid,R,,,JUNE2026,2026-09-10 09:29:30.286046+00
18982,2026-06-01,131,SURESH P,2026-03-28,S/Z,Strength Zone,800.00,,800.00,due_or_unpaid,R,,,JUNE2026,2026-09-10 09:29:30.286046+00
18983,2026-06-01,132,KAMAL M,2026-03-28,S/Z,Strength Zone,1000.00,,800.00,due_or_unpaid,R,,,JUNE2026,2026-09-10 09:29:30.286046+00
18984,2026-06-01,133,FARHAN,2026-03-29,S/Z,Strength Zone,800.00,,800.00,due_or_unpaid,R,,,JUNE2026,2026-09-10 09:29:30.286046+00
18985,2026-06-01,134,HARISHIT D,2026-03-30,S/Z,Strength Zone,800.00,,800.00,due_or_unpaid,R,,,JUNE2026,2026-09-10 09:29:30.286046+00
18986,2026-06-01,135,BALAJI Y,2026-05-01,G/F,General Fitness,800.00,,800.00,due_or_unpaid,R,,,JUNE2026,2026-09-10 09:29:30.286046+00
18987,2026-06-01,136,PETER A,2026-04-01,G/F,General Fitness,1000.00,,7500.00,due_or_unpaid,R,,M,JUNE2026,2026-09-10 09:29:30.286046+00
18988,2026-06-01,137,KAMESH R,2026-03-08,S/Z,Strength Zone,800.00,,800.00,due_or_unpaid,R,,,JUNE2026,2026-09-10 09:29:30.286046+00
18989,2026-06-01,138,PREM S,2026-03-04,S/Z,Strength Zone,800.00,,800.00,due_or_unpaid,R,,,JUNE2026,2026-09-10 09:29:30.286046+00
18990,2026-06-01,139,VIMAL RAJ R,2026-06-08,S/Z,Strength Zone,800.00,800.00,0.00,paid,PAID,,,JUNE2026,2026-09-10 09:29:30.286046+00
18991,2026-06-01,140,JOSEPH,2026-03-04,S/Z,Strength Zone,800.00,,800.00,due_or_unpaid,R,,E,JUNE2026,2026-09-10 09:29:30.286046+00
18992,2026-06-01,141,ALA IMRAN A,2026-06-01,G/F,General Fitness,1000.00,1000.00,0.00,paid,PAID,,E,JUNE2026,2026-09-10 09:29:30.286046+00
18993,2026-06-01,142,HAZRAT ALI,2026-03-05,S/Z,Strength Zone,800.00,,800.00,due_or_unpaid,R,,,JUNE2026,2026-09-10 09:29:30.286046+00
18994,2026-06-01,143,MAHESHWAR GOPE,2026-03-05,S/Z,Strength Zone,800.00,,800.00,due_or_unpaid,R,,,JUNE2026,2026-09-10 09:29:30.286046+00
18995,2026-06-01,144,SAKTHI DS,2026-03-09,S/Z,Strength Zone,800.00,,800.00,due_or_unpaid,R,,M/E,JUNE2026,2026-09-10 09:29:30.286046+00
18996,2026-06-01,145,MUKESH S,2026-03-22,S/Z,Strength Zone,800.00,,800.00,due_or_unpaid,R,,,JUNE2026,2026-09-10 09:29:30.286046+00
18997,2026-06-01,146,AKASH SATHIVEL,2026-03-10,G/F,General Fitness,1000.00,,1000.00,due_or_unpaid,R,,,JUNE2026,2026-09-10 09:29:30.286046+00
18998,2026-06-01,147,SARAN RAJ S,2026-03-10,G/F,General Fitness,1000.00,,1000.00,due_or_unpaid,R,,,JUNE2026,2026-09-10 09:29:30.286046+00
18999,2026-06-01,148,SUDHAKAR S,2026-06-08,G/F,General Fitness,1000.00,1000.00,0.00,paid,PAID,,M/E,JUNE2026,2026-09-10 09:29:30.286046+00
19000,2026-06-01,149,UMAMAHESWARA RAO,2026-03-11,G/F,General Fitness,1000.00,,1000.00,due_or_unpaid,R,,,JUNE2026,2026-09-10 09:29:30.286046+00
19001,2026-06-01,150,BARKATHULLAM,2026-03-12,G/F,General Fitness,1000.00,,1000.00,due_or_unpaid,R,,E,JUNE2026,2026-09-10 09:29:30.286046+00
19002,2026-06-01,151,ABDUL KALAM A,2026-03-13,G/F,General Fitness,1000.00,,1000.00,due_or_unpaid,R,,,JUNE2026,2026-09-10 09:29:30.286046+00
19003,2026-06-01,152,JARDIS SK,2026-03-13,S/Z,Strength Zone,800.00,,800.00,due_or_unpaid,R,,,JUNE2026,2026-09-10 09:29:30.286046+00
19004,2026-06-01,153,MANOJ M,2026-03-14,S/Z,Strength Zone,800.00,,800.00,due_or_unpaid,R,,,JUNE2026,2026-09-10 09:29:30.286046+00
19005,2026-06-01,154,NANTHA KUMAR A,2026-03-14,S/Z,Strength Zone,800.00,,1000.00,due_or_unpaid,R,,,JUNE2026,2026-09-10 09:29:30.286046+00
19006,2026-06-01,155,MANOJ E,2026-05-14,S/Z,Strength Zone,800.00,,800.00,due_or_unpaid,R,,M,JUNE2026,2026-09-10 09:29:30.286046+00
19007,2026-06-01,156,PRAVEEN KUMAR S,2026-03-28,G/F,General Fitness,1000.00,,800.00,due_or_unpaid,R,,,JUNE2026,2026-09-10 09:29:30.286046+00
19008,2026-06-01,157,SURYA S,2026-03-23,S/Z,Strength Zone,800.00,,800.00,due_or_unpaid,R,,,JUNE2026,2026-09-10 09:29:30.286046+00
19009,2026-06-01,158,MURALI S,2026-03-23,S/Z,Strength Zone,800.00,,800.00,due_or_unpaid,R,,,JUNE2026,2026-09-10 09:29:30.286046+00
19010,2026-06-01,159,RITHISH V,2026-03-18,S/Z,Strength Zone,800.00,,800.00,due_or_unpaid,R,,,JUNE2026,2026-09-10 09:29:30.286046+00
19011,2026-06-01,160,EMIMAL M,2026-06-29,G/F,General Fitness,1000.00,,1000.00,due_or_unpaid,R,,M,JUNE2026,2026-09-10 09:29:30.286046+00
19012,2026-06-01,161,YUVAN SHANKAR T,2026-06-01,G/F,General Fitness,1000.00,1000.00,0.00,paid,R,,M,JUNE2026,2026-09-10 09:29:30.286046+00
19013,2026-06-01,162,JENIFER S,2026-03-04,G/F,General Fitness,1000.00,,1000.00,due_or_unpaid,R,,M,JUNE2026,2026-09-10 09:29:30.286046+00
19014,2026-06-01,163,SANJEEV D.S,2026-05-21,G/F,General Fitness,800.00,,1000.00,due_or_unpaid,R,,M,JUNE2026,2026-09-10 09:29:30.286046+00
19015,2026-06-01,164,VASANTH KUMAR G,2026-06-22,S/Z,Strength Zone,800.00,800.00,0.00,paid,PAID,,M,JUNE2026,2026-09-10 09:29:30.286046+00
19016,2026-06-01,165,KISHORE KUMAR V,2026-03-07,S/Z,Strength Zone,800.00,,800.00,due_or_unpaid,R,,,JUNE2026,2026-09-10 09:29:30.286046+00
19017,2026-06-01,166,SANTHOSH KUMAR S,2026-03-07,S/Z,Strength Zone,800.00,,800.00,due_or_unpaid,R,,,JUNE2026,2026-09-10 09:29:30.286046+00
19018,2026-06-01,167,SANTHOSH KUMAR A,2026-03-09,S/Z,Strength Zone,800.00,,800.00,due_or_unpaid,R,,M,JUNE2026,2026-09-10 09:29:30.286046+00
19019,2026-06-01,168,ETHIRAJ T,2026-03-09,S/Z,Strength Zone,800.00,,800.00,due_or_unpaid,R,,,JUNE2026,2026-09-10 09:29:30.286046+00
19020,2026-06-01,169,PRASANTH M,2026-03-10,G/F,General Fitness,1000.00,,1000.00,due_or_unpaid,R,,,JUNE2026,2026-09-10 09:29:30.286046+00
19021,2026-06-01,170,RAGHUL R,2026-03-12,S/Z,Strength Zone,800.00,,800.00,due_or_unpaid,R,,,JUNE2026,2026-09-10 09:29:30.286046+00
19022,2026-06-01,171,GOWTHAM S,2026-03-16,G/F,General Fitness,1000.00,,1000.00,due_or_unpaid,R,,,JUNE2026,2026-09-10 09:29:30.286046+00
19023,2026-06-01,172,RAJESH S,2026-03-16,G/F,General Fitness,1000.00,,1000.00,due_or_unpaid,R,,,JUNE2026,2026-09-10 09:29:30.286046+00
19024,2026-06-01,173,AATHIYAPPAN S,2026-03-30,S/Z,Strength Zone,800.00,,800.00,due_or_unpaid,R,,M,JUNE2026,2026-09-10 09:29:30.286046+00
19025,2026-06-01,174,GODSON PRAVEEN J,2026-03-19,G/F,General Fitness,1000.00,,800.00,due_or_unpaid,R,,,JUNE2026,2026-09-10 09:29:30.286046+00
19026,2026-06-01,175,KABILAN R,2026-03-26,S/Z,Strength Zone,800.00,,800.00,due_or_unpaid,R,,,JUNE2026,2026-09-10 09:29:30.286046+00
19027,2026-06-01,176,KAMAL S,2026-03-28,S/Z,Strength Zone,800.00,,800.00,due_or_unpaid,R,,,JUNE2026,2026-09-10 09:29:30.286046+00
19028,2026-06-01,177,MOHAMED ASHWAQ S,2026-03-02,S/Z,Strength Zone,800.00,,800.00,due_or_unpaid,R,,M,JUNE2026,2026-09-10 09:29:30.286046+00
19029,2026-06-01,178,VICKY,2026-04-03,S/Z,Strength Zone,800.00,,800.00,due_or_unpaid,R,,,JUNE2026,2026-09-10 09:29:30.286046+00
19030,2026-06-01,180,DEEPAK G,2026-03-05,G/F,General Fitness,1000.00,,1000.00,due_or_unpaid,R,,,JUNE2026,2026-09-10 09:29:30.286046+00
19031,2026-06-01,181,AGILESHWARAN M,2026-03-09,S/Z,Strength Zone,800.00,,800.00,due_or_unpaid,R,,,JUNE2026,2026-09-10 09:29:30.286046+00
19032,2026-06-01,182,MUKESH R,2026-03-11,S/Z,Strength Zone,800.00,,800.00,due_or_unpaid,R,,,JUNE2026,2026-09-10 09:29:30.286046+00
19033,2026-06-01,183,SACHIN AARON T,2026-03-17,S/Z,Strength Zone,800.00,,800.00,due_or_unpaid,R,,,JUNE2026,2026-09-10 09:29:30.286046+00
19034,2026-06-01,184,SANTHOSH R,2026-04-03,S/Z,Strength Zone,800.00,,800.00,due_or_unpaid,R,,M,JUNE2026,2026-09-10 09:29:30.286046+00
19035,2026-06-01,185,VISHNU VARTHAN S,2026-04-12,S/Z,Strength Zone,800.00,,800.00,due_or_unpaid,R,,M,JUNE2026,2026-09-10 09:29:30.286046+00
19036,2026-06-01,186,MOGESH V,2026-03-25,S/Z,Strength Zone,800.00,,800.00,due_or_unpaid,R,,,JUNE2026,2026-09-10 09:29:30.286046+00
19037,2026-06-01,187,VISHWA R A,2026-03-27,S/Z,Strength Zone,800.00,,800.00,due_or_unpaid,R,,,JUNE2026,2026-09-10 09:29:30.286046+00
19038,2026-06-01,188,RAMASUBRAMANI K,2026-03-29,S/Z,Strength Zone,800.00,,800.00,due_or_unpaid,R,,,JUNE2026,2026-09-10 09:29:30.286046+00
19039,2026-06-01,189,DHANASINGH P,2026-03-29,S/Z,Strength Zone,1000.00,,800.00,due_or_unpaid,R,,,JUNE2026,2026-09-10 09:29:30.286046+00
19040,2026-06-01,190,AMAR NATH R,2026-04-03,G/F,General Fitness,1000.00,,1000.00,due_or_unpaid,R,,M,JUNE2026,2026-09-10 09:29:30.286046+00
19041,2026-06-01,191,PUVIYARASAN G,2026-03-10,S/Z,Strength Zone,800.00,,800.00,due_or_unpaid,R,,,JUNE2026,2026-09-10 09:29:30.286046+00
19042,2026-06-01,192,DINESH KUMAR R,2026-06-11,S/Z,Strength Zone,800.00,800.00,0.00,paid,PAID,,M,JUNE2026,2026-09-10 09:29:30.286046+00
19043,2026-06-01,193,ARUN KUMAR R,2026-03-04,G/F,General Fitness,1000.00,,1000.00,due_or_unpaid,R,,,JUNE2026,2026-09-10 09:29:30.286046+00
19044,2026-06-01,194,ASWIN P BENNY,2026-03-04,G/F,General Fitness,1000.00,,1000.00,due_or_unpaid,R,,,JUNE2026,2026-09-10 09:29:30.286046+00
19045,2026-06-01,195,ROCK R,2026-03-04,S/Z,Strength Zone,800.00,,800.00,due_or_unpaid,R,,,JUNE2026,2026-09-10 09:29:30.286046+00
19046,2026-06-01,196,SURIYA PRAKSH M,2026-03-12,S/Z,Strength Zone,800.00,,800.00,due_or_unpaid,R,,E,JUNE2026,2026-09-10 09:29:30.286046+00
19047,2026-06-01,197,BHARATHI RAJA M,2026-03-12,G/F,General Fitness,1000.00,,1000.00,due_or_unpaid,R,,,JUNE2026,2026-09-10 09:29:30.286046+00
19048,2026-06-01,198,SURYA R,2026-06-13,S/Z,Strength Zone,800.00,,800.00,due_or_unpaid,R,,,JUNE2026,2026-09-10 09:29:30.286046+00
19049,2026-06-01,199,NIVEN K,2026-03-13,S/Z,Strength Zone,800.00,,800.00,due_or_unpaid,R,,,JUNE2026,2026-09-10 09:29:30.286046+00
19050,2026-06-01,200,DHAYALAN R,2026-03-21,G/F,General Fitness,1000.00,,1000.00,due_or_unpaid,R,,,JUNE2026,2026-09-10 09:29:30.286046+00
19051,2026-06-01,201,KARTHI BALAJI R,2026-03-13,S/Z,Strength Zone,800.00,,800.00,due_or_unpaid,R,,,JUNE2026,2026-09-10 09:29:30.286046+00
19052,2026-06-01,202,HARI KRISHNAN G,2026-04-18,G/F,General Fitness,1000.00,,1000.00,due_or_unpaid,R,,M/E,JUNE2026,2026-09-10 09:29:30.286046+00
19053,2026-06-01,203,VIGNESH K,2026-04-18,G/F,General Fitness,1000.00,,1000.00,due_or_unpaid,R,,M/E,JUNE2026,2026-09-10 09:29:30.286046+00
19054,2026-06-01,204,AKASH C,2026-03-20,S/Z,Strength Zone,800.00,,800.00,due_or_unpaid,R,,,JUNE2026,2026-09-10 09:29:30.286046+00
19055,2026-06-01,205,MANI MARAN M,2026-03-20,S/Z,Strength Zone,800.00,,800.00,due_or_unpaid,R,,,JUNE2026,2026-09-10 09:29:30.286046+00
19056,2026-06-01,206,SANTHA KUMAR S,2026-03-24,G/F,General Fitness,1000.00,,1000.00,due_or_unpaid,R,,,JUNE2026,2026-09-10 09:29:30.286046+00
19057,2026-06-01,207,SANJAY S,2026-03-24,S/Z,Strength Zone,800.00,,800.00,due_or_unpaid,R,,,JUNE2026,2026-09-10 09:29:30.286046+00
19058,2026-06-01,208,SEEN N,2026-03-24,S/Z,Strength Zone,800.00,,800.00,due_or_unpaid,R,,,JUNE2026,2026-09-10 09:29:30.286046+00
19059,2026-06-01,209,PASUPATHI M,2027-01-13,G/F,General Fitness,7500.00,,7500.00,due_or_unpaid,R,,,JUNE2026,2026-09-10 09:29:30.286046+00
19060,2026-06-01,210,NAVEEN K.M,2026-06-03,G/F,General Fitness,1000.00,1000.00,0.00,paid,PAID,,M,JUNE2026,2026-09-10 09:29:30.286046+00
19061,2026-06-01,211,SUNIL KUMAR H,2026-03-03,S/Z,Strength Zone,800.00,,800.00,due_or_unpaid,R,,,JUNE2026,2026-09-10 09:29:30.286046+00
19062,2026-06-01,212,ALI,2026-03-03,S/Z,Strength Zone,800.00,,800.00,due_or_unpaid,R,,,JUNE2026,2026-09-10 09:29:30.286046+00
19063,2026-06-01,213,SADDAM,2026-03-03,S/Z,Strength Zone,800.00,,800.00,due_or_unpaid,R,,,JUNE2026,2026-09-10 09:29:30.286046+00
19064,2026-06-01,214,SUMAN RAJ P,2026-03-10,G/F,General Fitness,1000.00,,1000.00,due_or_unpaid,R,,,JUNE2026,2026-09-10 09:29:30.286046+00
19065,2026-06-01,215,MICHEAL PRAKASH P,2026-03-11,G/F,General Fitness,1000.00,,1000.00,due_or_unpaid,R,,,JUNE2026,2026-09-10 09:29:30.286046+00
19066,2026-06-01,216,RAJA K,2026-03-11,G/F,General Fitness,1000.00,,1000.00,due_or_unpaid,R,,,JUNE2026,2026-09-10 09:29:30.286046+00
19067,2026-06-01,217,SANJAY P R,2026-03-11,S/Z,Strength Zone,800.00,,800.00,due_or_unpaid,R,,,JUNE2026,2026-09-10 09:29:30.286046+00
19068,2026-06-01,218,NARENDRAN T,2026-03-14,S/Z,Strength Zone,800.00,,800.00,due_or_unpaid,R,,,JUNE2026,2026-09-10 09:29:30.286046+00
19069,2026-06-01,219,SUNIL P,2026-05-13,S/Z,Strength Zone,800.00,,800.00,due_or_unpaid,R,,M,JUNE2026,2026-09-10 09:29:30.286046+00
19070,2026-06-01,220,VENKET,2026-03-13,G/F,General Fitness,1000.00,,1000.00,due_or_unpaid,R,,,JUNE2026,2026-09-10 09:29:30.286046+00
19071,2026-06-01,221,KARTHICK R,2026-03-15,S/Z,Strength Zone,800.00,,800.00,due_or_unpaid,R,,,JUNE2026,2026-09-10 09:29:30.286046+00
19072,2026-06-01,222,MUNISH KUMAR B,2026-03-17,S/Z,Strength Zone,800.00,,800.00,due_or_unpaid,R,,,JUNE2026,2026-09-10 09:29:30.286046+00
19073,2026-06-01,223,RAJIBUL ALI T,2026-03-22,S/Z,Strength Zone,800.00,,800.00,due_or_unpaid,R,,,JUNE2026,2026-09-10 09:29:30.286046+00
19074,2026-06-01,224,MOHANRAJ P,2026-05-07,G/F,General Fitness,1000.00,,1000.00,due_or_unpaid,R,,M/E,JUNE2026,2026-09-10 09:29:30.286046+00
19075,2026-06-01,225,RAVINDHAREN,2026-03-25,S/Z,Strength Zone,800.00,,800.00,due_or_unpaid,R,,,JUNE2026,2026-09-10 09:29:30.286046+00
19076,2026-06-01,226,SURESH M,2026-06-01,S/Z,Strength Zone,800.00,800.00,0.00,paid,PAID,,M,JUNE2026,2026-09-10 09:29:30.286046+00
19077,2026-06-01,227,KARTHIK DHANASEKAR,2026-06-01,S/Z,Strength Zone,800.00,800.00,0.00,paid,PAID,,M,JUNE2026,2026-09-10 09:29:30.286046+00
19078,2026-06-01,228,MANIKANDAN D,2026-06-01,S/Z,Strength Zone,800.00,,800.00,due_or_unpaid,R,,M,JUNE2026,2026-09-10 09:29:30.286046+00
19079,2026-06-01,229,VISHVA,2026-06-01,S/Z,Strength Zone,800.00,800.00,0.00,paid,PAID,,,JUNE2026,2026-09-10 09:29:30.286046+00
19080,2026-06-01,230,SHYAM K,2026-03-04,S/Z,Strength Zone,800.00,,800.00,due_or_unpaid,R,,,JUNE2026,2026-09-10 09:29:30.286046+00
19081,2026-06-01,231,SHASHANTH S,2026-03-13,S/Z,Strength Zone,800.00,,800.00,due_or_unpaid,R,,E,JUNE2026,2026-09-10 09:29:30.286046+00
19082,2026-06-01,232,ANIL KUMAR,2026-03-05,S/Z,Strength Zone,800.00,,800.00,due_or_unpaid,R,,,JUNE2026,2026-09-10 09:29:30.286046+00
19083,2026-06-01,233,NIKHIL NAYAK L,2026-03-07,S/Z,Strength Zone,800.00,,800.00,due_or_unpaid,R,,,JUNE2026,2026-09-10 09:29:30.286046+00
19084,2026-06-01,234,PINKU NAYAK C,2026-03-07,S/Z,Strength Zone,800.00,,800.00,due_or_unpaid,R,,,JUNE2026,2026-09-10 09:29:30.286046+00
19085,2026-06-01,235,AKASH S,2026-05-01,G/F,General Fitness,1000.00,,1000.00,due_or_unpaid,R,,,JUNE2026,2026-09-10 09:29:30.286046+00
19086,2026-06-01,236,ANAND,2026-03-08,G/F,General Fitness,1000.00,,1000.00,due_or_unpaid,R,,,JUNE2026,2026-09-10 09:29:30.286046+00
19087,2026-06-01,237,LOHIT NAYAK,2026-03-12,S/Z,Strength Zone,800.00,,800.00,due_or_unpaid,R,,,JUNE2026,2026-09-10 09:29:30.286046+00
19088,2026-06-01,238,RIMPLE KUMAR,2026-03-15,S/Z,Strength Zone,800.00,,800.00,due_or_unpaid,R,,,JUNE2026,2026-09-10 09:29:30.286046+00
19089,2026-06-01,239,GOPINATH M,2026-03-17,G/F,General Fitness,1000.00,,1000.00,due_or_unpaid,R,,,JUNE2026,2026-09-10 09:29:30.286046+00
19090,2026-06-01,239,GOPINATH M,2026-03-19,S/Z,Strength Zone,800.00,,800.00,due_or_unpaid,R,,,JUNE2026,2026-09-10 09:29:30.286046+00
19091,2026-06-01,240,YOGESH G,2026-04-19,S/Z,Strength Zone,800.00,,800.00,due_or_unpaid,R,,,JUNE2026,2026-09-10 09:29:30.286046+00
19092,2026-06-01,240,YOGESH G,2026-03-24,S/Z,Strength Zone,800.00,,800.00,due_or_unpaid,R,,,JUNE2026,2026-09-10 09:29:30.286046+00
19093,2026-06-01,241,PRADHAP V,2026-03-21,S/Z,Strength Zone,800.00,,800.00,due_or_unpaid,R,,,JUNE2026,2026-09-10 09:29:30.286046+00
19094,2026-06-01,241,PRADHAP V,2026-03-24,S/Z,Strength Zone,800.00,,800.00,due_or_unpaid,R,,,JUNE2026,2026-09-10 09:29:30.286046+00
19095,2026-06-01,242,AJAY A,2026-03-26,S/Z,Strength Zone,1000.00,,800.00,due_or_unpaid,R,,,JUNE2026,2026-09-10 09:29:30.286046+00
19096,2026-06-01,244,BABU K,2026-03-26,G/F,General Fitness,800.00,,1000.00,due_or_unpaid,R,,,JUNE2026,2026-09-10 09:29:30.286046+00
19097,2026-06-01,245,KISHORE S,2026-03-03,G/F,General Fitness,1000.00,,1000.00,due_or_unpaid,R,,M/E,JUNE2026,2026-09-10 09:29:30.286046+00
19098,2026-06-01,246,SURESH,2026-03-05,S/Z,Strength Zone,800.00,,800.00,due_or_unpaid,R,,M,JUNE2026,2026-09-10 09:29:30.286046+00
19099,2026-06-01,247,VIVEK,2026-11-05,S/Z,Strength Zone,800.00,,7777.00,due_or_unpaid,R,,M,JUNE2026,2026-09-10 09:29:30.286046+00
19100,2026-06-01,248,ELAKKIAN,2026-03-05,G/F,General Fitness,1000.00,,1000.00,due_or_unpaid,R,,E,JUNE2026,2026-09-10 09:29:30.286046+00
19101,2026-06-01,249,DEEPAK C,2026-03-05,G/F,General Fitness,1000.00,,1000.00,due_or_unpaid,R,,E,JUNE2026,2026-09-10 09:29:30.286046+00
19102,2026-06-01,250,RESHATH S,2026-03-06,S/Z,Strength Zone,800.00,,800.00,due_or_unpaid,R,,M,JUNE2026,2026-09-10 09:29:30.286046+00
19103,2026-06-01,251,ARAVINTHAN S,2026-06-12,G/F,General Fitness,1000.00,1000.00,0.00,paid,PAID,,M,JUNE2026,2026-09-10 09:29:30.286046+00
19104,2026-06-01,252,MOULI RAJ V,2026-06-19,S/Z,Strength Zone,800.00,800.00,0.00,paid,PAID,,M,JUNE2026,2026-09-10 09:29:30.286046+00
19105,2026-06-01,253,DHAYANATHAN,2026-05-01,S/Z,Strength Zone,800.00,,800.00,due_or_unpaid,R,,M/E,JUNE2026,2026-09-10 09:29:30.286046+00
19106,2026-06-01,254,SELVAM K,2026-06-14,S/Z,Strength Zone,1000.00,,1000.00,due_or_unpaid,R,,M,JUNE2026,2026-09-10 09:29:30.286046+00
19107,2026-06-01,255,VIJAYAN .S,2026-03-08,G/F,General Fitness,1000.00,,800.00,due_or_unpaid,R,,,JUNE2026,2026-09-10 09:29:30.286046+00
19108,2026-06-01,256,KARTHICK M,2026-06-16,S/Z,Strength Zone,800.00,,800.00,due_or_unpaid,R,,,JUNE2026,2026-09-10 09:29:30.286046+00
19109,2026-06-01,257,PAWN KUMAR,2026-03-26,S/Z,Strength Zone,800.00,,800.00,due_or_unpaid,R,,,JUNE2026,2026-09-10 09:29:30.286046+00
19110,2026-06-01,258,BEENAUVV V,2026-03-05,G/F,General Fitness,1000.00,,1000.00,due_or_unpaid,R,,,JUNE2026,2026-09-10 09:29:30.286046+00
19111,2026-06-01,259,PRADEEP KUMAR G,2026-03-04,G/F,General Fitness,1000.00,,1000.00,due_or_unpaid,R,,,JUNE2026,2026-09-10 09:29:30.286046+00
19112,2026-06-01,260,BARATH R,2026-06-10,S/Z,Strength Zone,800.00,800.00,0.00,paid,PAID,,E,JUNE2026,2026-09-10 09:29:30.286046+00
19113,2026-06-01,261,MANIKANDAN L,2026-03-12,G/F,General Fitness,1000.00,,1000.00,due_or_unpaid,R,,,JUNE2026,2026-09-10 09:29:30.286046+00
19114,2026-06-01,262,RANJITH A,2026-03-13,G/F,General Fitness,1000.00,,1000.00,due_or_unpaid,R,,,JUNE2026,2026-09-10 09:29:30.286046+00
19115,2026-06-01,263,SHANMATHI E,2026-03-16,G/F,General Fitness,1000.00,,1000.00,due_or_unpaid,R,,,JUNE2026,2026-09-10 09:29:30.286046+00
19116,2026-06-01,264,VENKATESH K,2026-03-19,S/Z,Strength Zone,800.00,,800.00,due_or_unpaid,R,,,JUNE2026,2026-09-10 09:29:30.286046+00
19117,2026-06-01,265,ANKUR GUWALA J,2026-03-19,S/Z,Strength Zone,800.00,,800.00,due_or_unpaid,R,,,JUNE2026,2026-09-10 09:29:30.286046+00
19118,2026-06-01,266,PRANESH M,2026-03-20,S/Z,Strength Zone,800.00,,800.00,due_or_unpaid,R,,,JUNE2026,2026-09-10 09:29:30.286046+00
19119,2026-06-01,267,HANY PRINCY V,2026-03-06,G/F,General Fitness,1000.00,,1000.00,due_or_unpaid,R,,E,JUNE2026,2026-09-10 09:29:30.286046+00
19120,2026-06-01,268,GUGAN S,2026-03-25,S/Z,Strength Zone,800.00,,800.00,due_or_unpaid,R,,,JUNE2026,2026-09-10 09:29:30.286046+00
19121,2026-06-01,269,SENTHIL KUMAR,2026-06-05,G/F,General Fitness,1000.00,1000.00,0.00,paid,PAID,,M,JUNE2026,2026-09-10 09:29:30.286046+00
19122,2026-06-01,270,AMITH KUMAR,2026-05-01,S/Z,Strength Zone,800.00,,800.00,due_or_unpaid,R,,,JUNE2026,2026-09-10 09:29:30.286046+00
19123,2026-06-01,271,ABISHEK KUMAR,2026-05-01,S/Z,Strength Zone,800.00,,800.00,due_or_unpaid,R,,,JUNE2026,2026-09-10 09:29:30.286046+00
19124,2026-06-01,272,BHUPINDER SINGH,2026-06-01,S/Z,Strength Zone,800.00,,800.00,due_or_unpaid,R,,E,JUNE2026,2026-09-10 09:29:30.286046+00
19125,2026-06-01,273,DEEPAK B,2026-06-10,G/F,General Fitness,800.00,,800.00,due_or_unpaid,R,,E,JUNE2026,2026-09-10 09:29:30.286046+00
19126,2026-06-01,274,RATHNA KUMAR A,2026-09-07,S/Z,Strength Zone,800.00,,7777.00,due_or_unpaid,R,,M/E,JUNE2026,2026-09-10 09:29:30.286046+00
19127,2026-06-01,275,BINIT,2026-03-08,G/F,General Fitness,1000.00,,1000.00,due_or_unpaid,R,,E,JUNE2026,2026-09-10 09:29:30.286046+00
19128,2026-06-01,276,SAPHMITA,2026-03-08,G/F,General Fitness,1000.00,,1000.00,due_or_unpaid,R,,E,JUNE2026,2026-09-10 09:29:30.286046+00
19129,2026-06-01,277,ARAVIND D,2026-03-08,G/F,General Fitness,1000.00,,1000.00,due_or_unpaid,R,,,JUNE2026,2026-09-10 09:29:30.286046+00
19130,2026-06-01,278,VIGNESH M,2026-03-08,G/F,General Fitness,1000.00,,1000.00,due_or_unpaid,R,,M,JUNE2026,2026-09-10 09:29:30.286046+00
19131,2026-06-01,279,MOHAMMED FAAIZ M,2026-03-09,G/F,General Fitness,1000.00,,1000.00,due_or_unpaid,R,,E,JUNE2026,2026-09-10 09:29:30.286046+00
19132,2026-06-01,280,PERIYASAMY J,2026-03-05,S/Z,Strength Zone,800.00,,800.00,due_or_unpaid,R,,,JUNE2026,2026-09-10 09:29:30.286046+00
19133,2026-06-01,281,AKASH A,2026-06-24,G/F,General Fitness,800.00,,800.00,due_or_unpaid,R,,,JUNE2026,2026-09-10 09:29:30.286046+00
19134,2026-06-01,282,SOLOMON K,2026-03-11,G/F,General Fitness,1000.00,,1000.00,due_or_unpaid,R,,,JUNE2026,2026-09-10 09:29:30.286046+00
19135,2026-06-01,283,SARAN S,2026-03-11,S/Z,Strength Zone,1000.00,,1000.00,due_or_unpaid,R,,,JUNE2026,2026-09-10 09:29:30.286046+00
19136,2026-06-01,284,ARJUN B,2026-03-12,S/Z,Strength Zone,800.00,,800.00,due_or_unpaid,R,,,JUNE2026,2026-09-10 09:29:30.286046+00
19137,2026-06-01,285,SARAVANAN,2026-03-12,S/Z,Strength Zone,800.00,,800.00,due_or_unpaid,R,,,JUNE2026,2026-09-10 09:29:30.286046+00
19138,2026-06-01,286,TAPAS KUMAR B,2026-03-16,S/Z,Strength Zone,800.00,,800.00,due_or_unpaid,R,,,JUNE2026,2026-09-10 09:29:30.286046+00
19139,2026-06-01,287,PRASANTH K,2026-03-16,S/Z,Strength Zone,800.00,,800.00,due_or_unpaid,R,,,JUNE2026,2026-09-10 09:29:30.286046+00
19140,2026-06-01,288,SANDHIYA S,2026-03-16,G/F,General Fitness,1000.00,,1000.00,due_or_unpaid,R,,,JUNE2026,2026-09-10 09:29:30.286046+00
19141,2026-06-01,289,AMAN KUMAR,2026-03-18,S/Z,Strength Zone,800.00,,800.00,due_or_unpaid,R,,,JUNE2026,2026-09-10 09:29:30.286046+00
19142,2026-06-01,290,VARUN KUMAR J,2026-06-24,G/F,General Fitness,1000.00,,1000.00,due_or_unpaid,R,,E,JUNE2026,2026-09-10 09:29:30.286046+00
19143,2026-06-01,291,MOHAN H,2026-06-01,S/Z,Strength Zone,800.00,800.00,0.00,paid,PAID,,E,JUNE2026,2026-09-10 09:29:30.286046+00
19144,2026-06-01,292,PAUL CHRISTOPHER T,2026-03-29,G/F,General Fitness,1000.00,,1000.00,due_or_unpaid,R,,E,JUNE2026,2026-09-10 09:29:30.286046+00
19145,2026-06-01,293,ANAND N,2026-03-02,S/Z,Strength Zone,800.00,,800.00,due_or_unpaid,R,,,JUNE2026,2026-09-10 09:29:30.286046+00
19146,2026-06-01,294,GANESH S,2026-04-04,S/Z,Strength Zone,800.00,,800.00,due_or_unpaid,R,,M/E,JUNE2026,2026-09-10 09:29:30.286046+00
19147,2026-06-01,295,RAMAN VERMA,2026-03-05,S/Z,Strength Zone,800.00,,800.00,due_or_unpaid,R,,,JUNE2026,2026-09-10 09:29:30.286046+00
19148,2026-06-01,296,HARI PRASATH L,2026-03-05,S/Z,Strength Zone,800.00,,800.00,due_or_unpaid,R,,,JUNE2026,2026-09-10 09:29:30.286046+00
19149,2026-06-01,297,SELVA P,2026-03-05,S/Z,Strength Zone,800.00,,800.00,due_or_unpaid,R,,E,JUNE2026,2026-09-10 09:29:30.286046+00
19150,2026-06-01,298,DILLIBABU,2026-04-12,S/Z,Strength Zone,800.00,,800.00,due_or_unpaid,R,,M,JUNE2026,2026-09-10 09:29:30.286046+00
19151,2026-06-01,299,NIVEN K,2026-03-13,G/F,General Fitness,1000.00,,1000.00,due_or_unpaid,R,,M,JUNE2026,2026-09-10 09:29:30.286046+00
19152,2026-06-01,300,KALIA AKASH S,2026-03-13,S/Z,Strength Zone,800.00,,800.00,due_or_unpaid,R,,,JUNE2026,2026-09-10 09:29:30.286046+00
19153,2026-06-01,301,RAJKUMAR,2026-03-18,S/Z,Strength Zone,800.00,,800.00,due_or_unpaid,R,,,JUNE2026,2026-09-10 09:29:30.286046+00
19154,2026-06-01,302,GANESH K,2026-03-28,G/F,General Fitness,100.00,,1000.00,due_or_unpaid,R,,,JUNE2026,2026-09-10 09:29:30.286046+00
19155,2026-06-01,303,JAYAPRAKASH V,2026-05-01,G/F,General Fitness,1000.00,,1000.00,due_or_unpaid,R,,M,JUNE2026,2026-09-10 09:29:30.286046+00
19156,2026-06-01,304,GANESH S,2026-05-01,G/F,General Fitness,1000.00,,1000.00,due_or_unpaid,R,,M,JUNE2026,2026-09-10 09:29:30.286046+00
19157,2026-06-01,305,JASLIN A,2026-05-01,G/F,General Fitness,1000.00,,1000.00,due_or_unpaid,R,,,JUNE2026,2026-09-10 09:29:30.286046+00
19158,2026-06-01,306,SATHISH M,2026-05-01,S/Z,Strength Zone,800.00,,800.00,due_or_unpaid,R,,,JUNE2026,2026-09-10 09:29:30.286046+00
19159,2026-06-01,307,ARUN K,2026-06-01,S/Z,Strength Zone,800.00,800.00,0.00,paid,PAID,,M/E,JUNE2026,2026-09-10 09:29:30.286046+00
19160,2026-06-01,308,BALAJI R,2026-03-02,S/Z,Strength Zone,800.00,,800.00,due_or_unpaid,R,,,JUNE2026,2026-09-10 09:29:30.286046+00
19161,2026-06-01,309,JANAKI RAMAN D,2026-04-16,G/F,General Fitness,1000.00,,1000.00,due_or_unpaid,R,,,JUNE2026,2026-09-10 09:29:30.286046+00
19162,2026-06-01,310,KAMALA DHASAN M,2026-06-08,S/Z,Strength Zone,800.00,800.00,0.00,paid,PAID,,M,JUNE2026,2026-09-10 09:29:30.286046+00
19163,2026-06-01,311,JOHN BENEDICT,2026-03-09,G/F,General Fitness,1000.00,,1000.00,due_or_unpaid,R,,E,JUNE2026,2026-09-10 09:29:30.286046+00
19164,2026-06-01,312,PADMANABAN J,2026-03-15,S/Z,Strength Zone,800.00,,800.00,due_or_unpaid,R,,,JUNE2026,2026-09-10 09:29:30.286046+00
19165,2026-06-01,313,SABARI GIRI S,2026-03-15,S/Z,Strength Zone,800.00,,800.00,due_or_unpaid,R,,,JUNE2026,2026-09-10 09:29:30.286046+00
19166,2026-06-01,314,ROHITH K,2026-03-15,S/Z,Strength Zone,800.00,,800.00,due_or_unpaid,R,,,JUNE2026,2026-09-10 09:29:30.286046+00
19167,2026-06-01,315,CHANDHRU,2026-03-15,S/Z,Strength Zone,800.00,,800.00,due_or_unpaid,R,,,JUNE2026,2026-09-10 09:29:30.286046+00
19168,2026-06-01,316,RAMESH S,2026-04-16,S/Z,Strength Zone,800.00,,800.00,due_or_unpaid,R,,M,JUNE2026,2026-09-10 09:29:30.286046+00
19169,2026-06-01,317,KEERTHI VARMAN S,2026-03-19,S/Z,Strength Zone,800.00,,800.00,due_or_unpaid,R,,,JUNE2026,2026-09-10 09:29:30.286046+00
19170,2026-06-01,318,DILLIBABU K,2026-03-02,S/Z,Strength Zone,800.00,,800.00,due_or_unpaid,R,,,JUNE2026,2026-09-10 09:29:30.286046+00
19171,2026-06-01,319,ABISHEK KUMAR,2026-03-03,S/Z,Strength Zone,800.00,,800.00,due_or_unpaid,R,,M/E,JUNE2026,2026-09-10 09:29:30.286046+00
19172,2026-06-01,320,VIKKI KUMAR,2026-03-03,S/Z,Strength Zone,800.00,,800.00,due_or_unpaid,R,,,JUNE2026,2026-09-10 09:29:30.286046+00
19173,2026-06-01,321,DHAMODHARAN M,2026-03-06,G/F,General Fitness,1000.00,,1000.00,due_or_unpaid,R,,E,JUNE2026,2026-09-10 09:29:30.286046+00
19174,2026-06-01,322,SASI KUMARAN,2026-03-06,G/F,General Fitness,1000.00,,1000.00,due_or_unpaid,R,,M,JUNE2026,2026-09-10 09:29:30.286046+00
19175,2026-06-01,323,SANTHOSH T.S,2026-03-06,S/Z,Strength Zone,800.00,,1000.00,due_or_unpaid,R,,E,JUNE2026,2026-09-10 09:29:30.286046+00
19176,2026-06-01,324,SHIVAM KUMAR,2026-03-04,S/Z,Strength Zone,800.00,,800.00,due_or_unpaid,R,,M/E,JUNE2026,2026-09-10 09:29:30.286046+00
19177,2026-06-01,325,RAUSHAN,2026-03-04,S/Z,Strength Zone,800.00,,800.00,due_or_unpaid,R,,E,JUNE2026,2026-09-10 09:29:30.286046+00
19178,2026-06-01,326,EMBHAH,2026-03-11,G/F,General Fitness,1000.00,,1000.00,due_or_unpaid,R,,M/E,JUNE2026,2026-09-10 09:29:30.286046+00
19179,2026-06-01,327,HASIYA TRIPURA,2026-03-11,G/F,General Fitness,1000.00,,1000.00,due_or_unpaid,R,,M/E,JUNE2026,2026-09-10 09:29:30.286046+00
19180,2026-06-01,328,THANGA RAJ P,2026-06-09,S/Z,Strength Zone,800.00,1000.00,0.00,paid,PAID,,M,JUNE2026,2026-09-10 09:29:30.286046+00
19181,2026-06-01,329,SANJU MANDAL,2026-03-23,S/Z,Strength Zone,800.00,,800.00,due_or_unpaid,R,,,JUNE2026,2026-09-10 09:29:30.286046+00
19182,2026-06-01,330,EARM RAZA,2026-05-14,S/Z,Strength Zone,800.00,,800.00,due_or_unpaid,R,,M,JUNE2026,2026-09-10 09:29:30.286046+00
19183,2026-06-01,331,VENKAT P,2026-03-27,S/Z,Strength Zone,800.00,,800.00,due_or_unpaid,R,,M,JUNE2026,2026-09-10 09:29:30.286046+00
19184,2026-06-01,332,DINESH KARTHIK K,2026-03-27,S/Z,Strength Zone,800.00,,800.00,due_or_unpaid,R,,M,JUNE2026,2026-09-10 09:29:30.286046+00
19185,2026-06-01,333,PRAKASH R,2026-05-01,G/F,General Fitness,1000.00,,1000.00,due_or_unpaid,R,,M,JUNE2026,2026-09-10 09:29:30.286046+00
19186,2026-06-01,334,MAGESH G,2027-01-01,G/F,General Fitness,1000.00,,7500.00,due_or_unpaid,R,,M,JUNE2026,2026-09-10 09:29:30.286046+00
19187,2026-06-01,335,SHOHRAB KHAN,2026-03-03,S/Z,Strength Zone,800.00,,800.00,due_or_unpaid,R,,E,JUNE2026,2026-09-10 09:29:30.286046+00
19188,2026-06-01,336,JOHN Y,2026-03-03,S/Z,Strength Zone,800.00,,800.00,due_or_unpaid,R,,E,JUNE2026,2026-09-10 09:29:30.286046+00
19189,2026-06-01,337,SARATHY KUMAR D,2026-03-06,G/F,General Fitness,1000.00,,1000.00,due_or_unpaid,R,,,JUNE2026,2026-09-10 09:29:30.286046+00
19190,2026-06-01,338,SURENDHAR P,2026-03-07,S/Z,Strength Zone,800.00,,800.00,due_or_unpaid,R,,,JUNE2026,2026-09-10 09:29:30.286046+00
19191,2026-06-01,339,VARADHARAJ N,2027-01-17,G/F,General Fitness,7500.00,,7500.00,due_or_unpaid,R,,M,JUNE2026,2026-09-10 09:29:30.286046+00
19192,2026-06-01,340,JAGBIR SINGH,2026-03-10,S/Z,Strength Zone,800.00,,800.00,due_or_unpaid,R,,,JUNE2026,2026-09-10 09:29:30.286046+00
19193,2026-06-01,341,MUKESH M,2026-03-11,S/Z,Strength Zone,800.00,,800.00,due_or_unpaid,R,,M,JUNE2026,2026-09-10 09:29:30.286046+00
19194,2026-06-01,342,VAIKO S,2026-03-17,G/F,General Fitness,1000.00,,1000.00,due_or_unpaid,R,,M,JUNE2026,2026-09-10 09:29:30.286046+00
19195,2026-06-01,343,PRITHIVIRAJ B,2026-06-17,G/F,General Fitness,1000.00,,1000.00,due_or_unpaid,R,,E,JUNE2026,2026-09-10 09:29:30.286046+00
19196,2026-06-01,344,ASISH,2026-03-22,S/Z,Strength Zone,800.00,,800.00,due_or_unpaid,R,,,JUNE2026,2026-09-10 09:29:30.286046+00
19197,2026-06-01,345,DEEPAK S,2026-04-22,S/Z,Strength Zone,800.00,,800.00,due_or_unpaid,R,,,JUNE2026,2026-09-10 09:29:30.286046+00
19198,2026-06-01,346,KRISHNA KUMAR,2026-03-26,S/Z,Strength Zone,1000.00,,800.00,due_or_unpaid,R,,,JUNE2026,2026-09-10 09:29:30.286046+00
19199,2026-06-01,347,HAREESH M,2026-03-27,S/Z,Strength Zone,800.00,,800.00,due_or_unpaid,R,,,JUNE2026,2026-09-10 09:29:30.286046+00
19200,2026-06-01,348,RAMACHANTHIRAN S,2026-03-28,G/F,General Fitness,800.00,,1000.00,due_or_unpaid,R,,,JUNE2026,2026-09-10 09:29:30.286046+00
19201,2026-06-01,349,SARATHI N,2026-06-28,S/Z,Strength Zone,800.00,,800.00,due_or_unpaid,R,,,JUNE2026,2026-09-10 09:29:30.286046+00
19202,2026-06-01,350,MAHESH RAM S,2026-05-01,G/F,General Fitness,1000.00,,1000.00,due_or_unpaid,R,,,JUNE2026,2026-09-10 09:29:30.286046+00
19203,2026-06-01,351,MANISH M,2026-06-03,G/F,General Fitness,1000.00,1000.00,0.00,paid,PAID,,M,JUNE2026,2026-09-10 09:29:30.286046+00
19204,2026-06-01,352,SATHYA R,2026-04-09,S/Z,Strength Zone,800.00,,800.00,due_or_unpaid,R,,E,JUNE2026,2026-09-10 09:29:30.286046+00
19205,2026-06-01,353,PRANAV M,2026-03-12,S/Z,Strength Zone,800.00,,800.00,due_or_unpaid,R,,M/E,JUNE2026,2026-09-10 09:29:30.286046+00
19206,2026-06-01,354,RINKU ALI,2026-03-13,S/Z,Strength Zone,800.00,,800.00,due_or_unpaid,R,,M,JUNE2026,2026-09-10 09:29:30.286046+00
19207,2026-06-01,355,SHARIF UDDIN,2026-03-13,S/Z,Strength Zone,800.00,,800.00,due_or_unpaid,R,,M,JUNE2026,2026-09-10 09:29:30.286046+00
19208,2026-06-01,356,THANASURYA T,2026-03-15,G/F,General Fitness,100.00,,1000.00,due_or_unpaid,R,,,JUNE2026,2026-09-10 09:29:30.286046+00
19209,2026-06-01,357,JAY,2026-03-15,S/Z,Strength Zone,800.00,,800.00,due_or_unpaid,R,,M,JUNE2026,2026-09-10 09:29:30.286046+00
19210,2026-06-01,358,REAJUL ISLAM,2026-03-15,S/Z,Strength Zone,800.00,,800.00,due_or_unpaid,R,,M,JUNE2026,2026-09-10 09:29:30.286046+00
19211,2026-06-01,359,RANJAN KUMAR BEHERA,2026-03-15,S/Z,Strength Zone,800.00,,800.00,due_or_unpaid,R,,M,JUNE2026,2026-09-10 09:29:30.286046+00
19212,2026-06-01,360,ROHIBUL HOQUE,2026-03-16,S/Z,Strength Zone,800.00,,800.00,due_or_unpaid,R,,,JUNE2026,2026-09-10 09:29:30.286046+00
19213,2026-06-01,361,AIJUL HOQUE,2026-03-16,S/Z,Strength Zone,800.00,,800.00,due_or_unpaid,R,,,JUNE2026,2026-09-10 09:29:30.286046+00
19214,2026-06-01,362,BALAVAISHNAVI L,2026-03-18,G/F,General Fitness,1000.00,,1000.00,due_or_unpaid,R,,E,JUNE2026,2026-09-10 09:29:30.286046+00
19215,2026-06-01,363,VINOTH KUMAR S,2026-06-18,S/Z,Strength Zone,800.00,800.00,0.00,paid,PAID,,E,JUNE2026,2026-09-10 09:29:30.286046+00
19216,2026-06-01,364,DINESH KUMAR M,2026-06-21,S/Z,Strength Zone,800.00,,2500.00,due_or_unpaid,R,,,JUNE2026,2026-09-10 09:29:30.286046+00
19217,2026-06-01,365,THIRUNAVUKKARASU V,2026-04-22,S/Z,Strength Zone,800.00,,800.00,due_or_unpaid,R,,,JUNE2026,2026-09-10 09:29:30.286046+00
19218,2026-06-01,366,SHARFUDEEN,2026-03-29,G/F,General Fitness,1000.00,,1000.00,due_or_unpaid,R,,,JUNE2026,2026-09-10 09:29:30.286046+00
19219,2026-06-01,367,ARUN KUMAR VEL,2026-06-02,G/F,General Fitness,1000.00,1000.00,0.00,paid,PAID,,M,JUNE2026,2026-09-10 09:29:30.286046+00
19220,2026-06-01,368,LAVANYA D,2026-06-03,G/F,General Fitness,1000.00,1000.00,0.00,paid,PAID,,M,JUNE2026,2026-09-10 09:29:30.286046+00
19221,2026-06-01,369,MAMTA RAO,2026-06-05,G/F,General Fitness,1000.00,,1000.00,due_or_unpaid,R,,E,JUNE2026,2026-09-10 09:29:30.286046+00
19222,2026-06-01,370,RAVICHANDRAN A,2026-04-06,S/Z,Strength Zone,800.00,,800.00,due_or_unpaid,R,,M,JUNE2026,2026-09-10 09:29:30.286046+00
19223,2026-06-01,371,KEERTHANA N,2026-03-06,G/F,General Fitness,1000.00,,1000.00,due_or_unpaid,R,,E,JUNE2026,2026-09-10 09:29:30.286046+00
19224,2026-06-01,372,VADAMALAI S,2026-04-08,G/F,General Fitness,1000.00,,1000.00,due_or_unpaid,R,,E,JUNE2026,2026-09-10 09:29:30.286046+00
19225,2026-06-01,373,KHIRUD MUDI P,2026-06-08,S/Z,Strength Zone,1000.00,1000.00,0.00,paid,PAID,,E,JUNE2026,2026-09-10 09:29:30.286046+00
19226,2026-06-01,374,BISHAL,2026-06-08,S/Z,Strength Zone,800.00,800.00,0.00,paid,PAID,B200,E,JUNE2026,2026-09-10 09:29:30.286046+00
19227,2026-06-01,375,AMINUL ISLAM,2026-03-10,S,,800.00,,800.00,due_or_unpaid,R,,,JUNE2026,2026-09-10 09:29:30.286046+00
19228,2026-06-01,376,BALA YS,2027-02-01,G/F,General Fitness,1000.00,,7500.00,due_or_unpaid,R,,,JUNE2026,2026-09-10 09:29:30.286046+00
19229,2026-06-01,377,VISHAL S,2026-07-01,S/Z,Strength Zone,800.00,800.00,0.00,paid,PAID,,E,JUNE2026,2026-09-10 09:29:30.286046+00
19230,2026-06-01,378,DINESH K,2026-06-22,S/Z,Strength Zone,800.00,,800.00,due_or_unpaid,R,,E,JUNE2026,2026-09-10 09:29:30.286046+00
19231,2026-06-01,379,GOKULALAKSHMI M,2026-06-20,S/Z,Strength Zone,1000.00,,1000.00,due_or_unpaid,R,3000,M,JUNE2026,2026-09-10 09:29:30.286046+00
19232,2026-06-01,380,UMA SHANKER S,2026-06-02,S/Z,Strength Zone,800.00,800.00,0.00,paid,PAID,,E,JUNE2026,2026-09-10 09:29:30.286046+00
19233,2026-06-01,381,BHUVANESH,2026-05-02,S/Z,Strength Zone,800.00,,800.00,due_or_unpaid,R,,E,JUNE2026,2026-09-10 09:29:30.286046+00
19234,2026-06-01,382,JEEVAN GANESH V,2026-04-23,S/Z,Strength Zone,800.00,,800.00,due_or_unpaid,R,,,JUNE2026,2026-09-10 09:29:30.286046+00
19235,2026-06-01,383,GURUPRASANTH S,2026-04-02,G/F,General Fitness,1000.00,,1000.00,due_or_unpaid,R,,M,JUNE2026,2026-09-10 09:29:30.286046+00
19236,2026-06-01,384,PRABHU VASANTH S,2026-04-02,G/F,General Fitness,1000.00,,1000.00,due_or_unpaid,R,,M,JUNE2026,2026-09-10 09:29:30.286046+00
19237,2026-06-01,385,DILIP KUMAR S,2026-06-03,G/F,General Fitness,1000.00,1000.00,0.00,paid,PAID,,M,JUNE2026,2026-09-10 09:29:30.286046+00
19238,2026-06-01,386,DEEPAK R,2026-06-03,G/F,General Fitness,1000.00,1000.00,0.00,paid,PAID,,M,JUNE2026,2026-09-10 09:29:30.286046+00
19239,2026-06-01,387,INDHARAN A,2026-04-05,G/F,General Fitness,1000.00,,1000.00,due_or_unpaid,R,,,JUNE2026,2026-09-10 09:29:30.286046+00
19240,2026-06-01,388,MAHESH,2026-04-11,G/F,General Fitness,1000.00,,1000.00,due_or_unpaid,R,,M,JUNE2026,2026-09-10 09:29:30.286046+00
19241,2026-06-01,389,MURALI L,2026-04-11,G/F,General Fitness,1000.00,,1000.00,due_or_unpaid,R,,,JUNE2026,2026-09-10 09:29:30.286046+00
19242,2026-06-01,390,KISHAN KUMAR,2026-04-11,G/F,General Fitness,1000.00,,1000.00,due_or_unpaid,R,,,JUNE2026,2026-09-10 09:29:30.286046+00
19243,2026-06-01,391,KAILASH KUMAR,2026-04-11,G/F,General Fitness,1000.00,,1000.00,due_or_unpaid,R,,,JUNE2026,2026-09-10 09:29:30.286046+00
19244,2026-06-01,392,GAJINDER SINGH,2026-06-12,S/Z,Strength Zone,800.00,,1000.00,due_or_unpaid,R,,M,JUNE2026,2026-09-10 09:29:30.286046+00
19245,2026-06-01,393,SAGAR SHUKLA,2026-04-12,S/Z,Strength Zone,800.00,,800.00,due_or_unpaid,R,,M,JUNE2026,2026-09-10 09:29:30.286046+00
19246,2026-06-01,394,MOHANA SUNDARAM J,2026-04-12,G/F,General Fitness,1000.00,,1000.00,due_or_unpaid,R,,M,JUNE2026,2026-09-10 09:29:30.286046+00
19247,2026-06-01,395,ARUN KUMAR J,2026-04-12,S/Z,Strength Zone,800.00,,800.00,due_or_unpaid,R,,E,JUNE2026,2026-09-10 09:29:30.286046+00
19248,2026-06-01,396,POOVARASAN S,2026-04-16,G/F,General Fitness,1000.00,,1000.00,due_or_unpaid,R,,,JUNE2026,2026-09-10 09:29:30.286046+00
19249,2026-06-01,397,JERRY SHYAM K,2026-05-23,S/Z,Strength Zone,1000.00,,3000.00,due_or_unpaid,R,,E,JUNE2026,2026-09-10 09:29:30.286046+00
19250,2026-06-01,398,BALAJI,2026-06-27,G/F,General Fitness,800.00,,800.00,due_or_unpaid,R,,M,JUNE2026,2026-09-10 09:29:30.286046+00
19251,2026-06-01,399,SAMUVEL A,2026-05-02,S/Z,Strength Zone,800.00,,800.00,due_or_unpaid,R,,,JUNE2026,2026-09-10 09:29:30.286046+00
19252,2026-06-01,400,ARUN KUMAR U,2026-06-03,S/Z,Strength Zone,800.00,,800.00,due_or_unpaid,R,,,JUNE2026,2026-09-10 09:29:30.286046+00
19253,2026-06-01,401,FRANCIS M,2026-06-03,S/Z,Strength Zone,800.00,,800.00,due_or_unpaid,R,,M,JUNE2026,2026-09-10 09:29:30.286046+00
19254,2026-06-01,402,PRAVEEN S.V,2026-05-03,G/F,General Fitness,1000.00,,1000.00,due_or_unpaid,R,,E,JUNE2026,2026-09-10 09:29:30.286046+00
19255,2026-06-01,403,EMIMA,2026-05-03,G/F,General Fitness,1000.00,,1000.00,due_or_unpaid,R,,E,JUNE2026,2026-09-10 09:29:30.286046+00
19256,2026-06-01,404,NIRANJAN M,2026-04-10,S/Z,Strength Zone,800.00,,800.00,due_or_unpaid,R,,M,JUNE2026,2026-09-10 09:29:30.286046+00
19257,2026-06-01,405,JAYAPRAKASH V,2026-04-10,S/Z,Strength Zone,800.00,,800.00,due_or_unpaid,R,,,JUNE2026,2026-09-10 09:29:30.286046+00
19258,2026-06-01,406,MANIGANDAN M,2026-06-10,S/Z,Strength Zone,800.00,800.00,0.00,paid,PAID,,E,JUNE2026,2026-09-10 09:29:30.286046+00
19259,2026-06-01,407,DATCHINESH K,2026-06-13,S/Z,Strength Zone,800.00,,800.00,due_or_unpaid,R,,E,JUNE2026,2026-09-10 09:29:30.286046+00
19260,2026-06-01,408,VICTOR D,2026-05-17,S/Z,Strength Zone,800.00,,800.00,due_or_unpaid,R,,,JUNE2026,2026-09-10 09:29:30.286046+00
19261,2026-06-01,409,VETRIVEL A,2026-06-21,G/F,General Fitness,1000.00,,1000.00,due_or_unpaid,R,,E,JUNE2026,2026-09-10 09:29:30.286046+00
19262,2026-06-01,410,MITU PALLI,2026-06-24,S/Z,Strength Zone,800.00,,800.00,due_or_unpaid,R,,M,JUNE2026,2026-09-10 09:29:30.286046+00
19263,2026-06-01,411,SHYAM CALLVIN S,2026-06-24,S/Z,Strength Zone,800.00,,800.00,due_or_unpaid,R,,E,JUNE2026,2026-09-10 09:29:30.286046+00
19264,2026-06-01,412,SESHATHIRI G,2026-06-28,S/Z,Strength Zone,1000.00,,800.00,due_or_unpaid,R,,,JUNE2026,2026-09-10 09:29:30.286046+00
19265,2026-06-01,413,YOGESH,2026-05-30,S/Z,Strength Zone,1000.00,,800.00,due_or_unpaid,R,,M,JUNE2026,2026-09-10 09:29:30.286046+00
19266,2026-06-01,414,NITHISH KUMAR S,2026-05-30,G/F,General Fitness,1000.00,,1000.00,due_or_unpaid,R,,,JUNE2026,2026-09-10 09:29:30.286046+00
19267,2026-06-01,415,YOGESHWARAN S,2026-06-01,S/Z,Strength Zone,1000.00,800.00,800.00,paid,PAID,,M,JUNE2026,2026-09-10 09:29:30.286046+00
19268,2026-06-01,416,ASHWIN S,2026-06-02,S/Z,Strength Zone,1000.00,,800.00,due_or_unpaid,R,,M,JUNE2026,2026-09-10 09:29:30.286046+00
19269,2026-06-01,417,SURESH G,2026-06-03,S/Z,Strength Zone,800.00,800.00,0.00,paid,PAID,,M,JUNE2026,2026-09-10 09:29:30.286046+00
19270,2026-06-01,418,TAMANNA G,2026-04-03,G/F,General Fitness,1000.00,,1000.00,due_or_unpaid,R,,E,JUNE2026,2026-09-10 09:29:30.286046+00
19271,2026-06-01,419,PRASANTH E,2026-06-07,G/F,General Fitness,1000.00,,1000.00,due_or_unpaid,R,,M/E,JUNE2026,2026-09-10 09:29:30.286046+00
19272,2026-06-01,420,DHIVAGAR N,2026-06-22,G/F,General Fitness,1200.00,1000.00,1000.00,paid,PAID,,M/E,JUNE2026,2026-09-10 09:29:30.286046+00
19273,2026-06-01,421,THIYAGU R,2026-06-12,G/F,General Fitness,1200.00,1000.00,1000.00,paid,PAID,,M/E,JUNE2026,2026-09-10 09:29:30.286046+00
19274,2026-06-01,422,KIRAN SAI K,2026-06-08,S/Z,Strength Zone,800.00,,800.00,due_or_unpaid,R,,E,JUNE2026,2026-09-10 09:29:30.286046+00
19275,2026-06-01,423,MONESWAR KHARWAR,2026-06-11,S/Z,Strength Zone,800.00,,800.00,due_or_unpaid,R,,E,JUNE2026,2026-09-10 09:29:30.286046+00
19276,2026-06-01,424,SUMBU MURA,2026-06-11,S/Z,Strength Zone,800.00,,800.00,due_or_unpaid,R,,E,JUNE2026,2026-09-10 09:29:30.286046+00
19277,2026-06-01,425,NISHWIK B,2026-06-13,S/Z,Strength Zone,800.00,,800.00,due_or_unpaid,R,,M,JUNE2026,2026-09-10 09:29:30.286046+00
19278,2026-06-01,426,KARAN SINGH,2026-06-17,S/Z,Strength Zone,800.00,,800.00,due_or_unpaid,R,,,JUNE2026,2026-09-10 09:29:30.286046+00
19279,2026-06-01,427,VALLARASU R,2026-06-20,G/F,General Fitness,1000.00,,1000.00,due_or_unpaid,R,,M,JUNE2026,2026-09-10 09:29:30.286046+00
19280,2026-06-01,428,MELKIN MATHEW G,2026-06-21,S/Z,Strength Zone,800.00,,800.00,due_or_unpaid,R,,,JUNE2026,2026-09-10 09:29:30.286046+00
19281,2026-06-01,429,MAHALAKSHMI M,2026-06-21,G/F,General Fitness,1000.00,1000.00,0.00,paid,PAID,,E,JUNE2026,2026-09-10 09:29:30.286046+00
19282,2026-06-01,430,ABAVANAN G,2026-06-01,S/Z,Strength Zone,800.00,800.00,0.00,paid,PAID,,M,JUNE2026,2026-09-10 09:29:30.286046+00
19283,2026-06-01,431,KABILAN K,2026-06-05,S/Z,Strength Zone,800.00,,800.00,due_or_unpaid,R,,M,JUNE2026,2026-09-10 09:29:30.286046+00
19284,2026-06-01,432,LAWSOU JERRY K,2026-06-05,S/Z,Strength Zone,1000.00,,1000.00,due_or_unpaid,R,,M,JUNE2026,2026-09-10 09:29:30.286046+00
19285,2026-06-01,433,ALOK KUMAR SINGH,2026-06-08,S/Z,Strength Zone,800.00,800.00,0.00,paid,PAID,,E,JUNE2026,2026-09-10 09:29:30.286046+00
19286,2026-06-01,434,AJAY K,2026-06-08,G/F,General Fitness,1000.00,,1000.00,due_or_unpaid,R,,E,JUNE2026,2026-09-10 09:29:30.286046+00
19287,2026-06-01,435,DIVAKAR M,2026-06-14,G/F,General Fitness,1000.00,,1000.00,due_or_unpaid,R,,E,JUNE2026,2026-09-10 09:29:30.286046+00
19288,2026-06-01,436,KEERTHANA R,2026-06-20,G/F,General Fitness,1000.00,1000.00,0.00,paid,PAID,,M,JUNE2026,2026-09-10 09:29:30.286046+00
19289,2026-06-01,437,CHARAN SAAI B,2026-06-27,G/F,General Fitness,1000.00,,1000.00,due_or_unpaid,R,,E,JUNE2026,2026-09-10 09:29:30.286046+00
19290,2026-07-01,1,SUNDHAR M,2026-03-09,S/Z,Strength Zone,800.00,,800.00,due_or_unpaid,R,,,JULY2026,2026-09-10 09:29:30.286046+00
19291,2026-07-01,2,NITHYASEELAN P,2026-03-09,S/Z,Strength Zone,800.00,,800.00,due_or_unpaid,R,,,JULY2026,2026-09-10 09:29:30.286046+00
19292,2026-07-01,3,SANJEEVA REDDY C,2026-03-09,S/Z,Strength Zone,800.00,,800.00,due_or_unpaid,R,,M/E,JULY2026,2026-09-10 09:29:30.286046+00
19293,2026-07-01,4,ABDUL RAHMAN A,2026-03-09,S/Z,Strength Zone,800.00,,1000.00,due_or_unpaid,R,,,JULY2026,2026-09-10 09:29:30.286046+00
19294,2026-07-01,5,SANTHOSH KUMAR G,2026-03-09,G/F,General Fitness,1000.00,,1000.00,due_or_unpaid,R,,,JULY2026,2026-09-10 09:29:30.286046+00
19295,2026-07-01,6,SATHISH KUMAR J,2026-03-09,G/F,General Fitness,1000.00,,1000.00,due_or_unpaid,R,,,JULY2026,2026-09-10 09:29:30.286046+00
19296,2026-07-01,7,VIJAYABABU C,2027-01-09,G/F,General Fitness,7500.00,,7500.00,due_or_unpaid,R,,M,JULY2026,2026-09-10 09:29:30.286046+00
19297,2026-07-01,8,ISTJHAR AHAMAD,2026-03-09,G/F,General Fitness,1000.00,,1000.00,due_or_unpaid,R,,,JULY2026,2026-09-10 09:29:30.286046+00
19298,2026-07-01,9,MUBARAK ALI,2026-03-09,S/Z,Strength Zone,800.00,,800.00,due_or_unpaid,R,,,JULY2026,2026-09-10 09:29:30.286046+00
19299,2026-07-01,10,GULJOR HUSSAIN,2026-03-09,S/Z,Strength Zone,800.00,,800.00,due_or_unpaid,R,,,JULY2026,2026-09-10 09:29:30.286046+00
19300,2026-07-01,11,SURHAB ALI,2026-03-09,S/Z,Strength Zone,800.00,,800.00,due_or_unpaid,R,,,JULY2026,2026-09-10 09:29:30.286046+00
19301,2026-07-01,12,SATHYA M,2026-03-09,G/F,General Fitness,800.00,,800.00,due_or_unpaid,R,,,JULY2026,2026-09-10 09:29:30.286046+00
19302,2026-07-01,13,PORTAP CHETRY,2026-03-09,S/Z,Strength Zone,800.00,,800.00,due_or_unpaid,R,,,JULY2026,2026-09-10 09:29:30.286046+00
19303,2026-07-01,14,TAMIL,2026-03-09,G/F,General Fitness,1000.00,,1000.00,due_or_unpaid,R,,,JULY2026,2026-09-10 09:29:30.286046+00
19304,2026-07-01,15,DEEPAK M,2026-07-17,S/Z,Strength Zone,800.00,800.00,0.00,paid,PAID,,,JULY2026,2026-09-10 09:29:30.286046+00
19305,2026-07-01,16,SARATH KUMAR A,2026-03-10,S/Z,Strength Zone,800.00,,800.00,due_or_unpaid,R,,,JULY2026,2026-09-10 09:29:30.286046+00
19306,2026-07-01,17,UDHAYA PANDIAN,2026-03-10,G/F,General Fitness,1000.00,,1000.00,due_or_unpaid,R,,M,JULY2026,2026-09-10 09:29:30.286046+00
19307,2026-07-01,18,MANJIT KUMAR,2026-06-27,S/Z,Strength Zone,800.00,,800.00,due_or_unpaid,R,,M/E,JULY2026,2026-09-10 09:29:30.286046+00
19308,2026-07-01,19,YUVARAJ C,2026-03-10,G/F,General Fitness,1000.00,,1000.00,due_or_unpaid,R,,E,JULY2026,2026-09-10 09:29:30.286046+00
19309,2026-07-01,20,CHARLES,2026-03-09,S/Z,Strength Zone,800.00,,1000.00,due_or_unpaid,R,,,JULY2026,2026-09-10 09:29:30.286046+00
19310,2026-07-01,21,DHANUSH V,2026-03-10,S/Z,Strength Zone,800.00,,800.00,due_or_unpaid,R,,,JULY2026,2026-09-10 09:29:30.286046+00
19311,2026-07-01,22,BOLORAM PONIKA A.J,2026-03-10,S/Z,Strength Zone,800.00,,800.00,due_or_unpaid,R,,,JULY2026,2026-09-10 09:29:30.286046+00
19312,2026-07-01,23,PRASANTH M,2026-03-10,S/Z,Strength Zone,800.00,,800.00,due_or_unpaid,R,,,JULY2026,2026-09-10 09:29:30.286046+00
19313,2026-07-01,24,RAGUL R,2026-07-20,S/Z,Strength Zone,800.00,800.00,0.00,paid,PAID,,E,JULY2026,2026-09-10 09:29:30.286046+00
19314,2026-07-01,25,SANTHOSH M,2026-03-11,S/Z,Strength Zone,800.00,,800.00,due_or_unpaid,R,,,JULY2026,2026-09-10 09:29:30.286046+00
19315,2026-07-01,26,MAZID ALI,2026-03-11,S/Z,Strength Zone,800.00,,800.00,due_or_unpaid,R,,,JULY2026,2026-09-10 09:29:30.286046+00
19316,2026-07-01,27,SADIKUL ISLAM,2026-03-11,S/Z,Strength Zone,800.00,,800.00,due_or_unpaid,R,,,JULY2026,2026-09-10 09:29:30.286046+00
19317,2026-07-01,28,LAKSHWANTH,2026-05-14,G/F,General Fitness,800.00,,1000.00,due_or_unpaid,R,,E,JULY2026,2026-09-10 09:29:30.286046+00
19318,2026-07-01,29,GOWTHAM A,2026-05-01,S/Z,Strength Zone,800.00,,800.00,due_or_unpaid,R,,,JULY2026,2026-09-10 09:29:30.286046+00
19319,2026-07-01,30,PRADEEP Y,2026-07-20,S/Z,Strength Zone,800.00,800.00,0.00,paid,PAID,,M/E,JULY2026,2026-09-10 09:29:30.286046+00
19320,2026-07-01,31,ROHIT R,2026-05-12,S/Z,Strength Zone,800.00,,800.00,due_or_unpaid,R,,E,JULY2026,2026-09-10 09:29:30.286046+00
19321,2026-07-01,32,RISHI,2026-07-03,S/Z,Strength Zone,800.00,,800.00,due_or_unpaid,R,,E,JULY2026,2026-09-10 09:29:30.286046+00
19322,2026-07-01,33,GOPAL B,2026-07-29,S/Z,Strength Zone,800.00,,800.00,due_or_unpaid,R,,E,JULY2026,2026-09-10 09:29:30.286046+00
19323,2026-07-01,34,KODOM ALI D,2026-03-13,S/Z,Strength Zone,800.00,,800.00,due_or_unpaid,R,,,JULY2026,2026-09-10 09:29:30.286046+00
19324,2026-07-01,35,SUJAB ALI A,2026-03-13,S/Z,Strength Zone,800.00,,800.00,due_or_unpaid,R,,,JULY2026,2026-09-10 09:29:30.286046+00
19325,2026-07-01,36,ASHABUL HOQUE S,2026-03-13,S/Z,Strength Zone,800.00,,800.00,due_or_unpaid,R,,,JULY2026,2026-09-10 09:29:30.286046+00
19326,2026-07-01,37,SURESH K,2026-03-13,G/F,General Fitness,1000.00,,1000.00,due_or_unpaid,R,,,JULY2026,2026-09-10 09:29:30.286046+00
19327,2026-07-01,38,YUVARAJ B,2026-04-13,S/F,,800.00,,800.00,due_or_unpaid,R,,E,JULY2026,2026-09-10 09:29:30.286046+00
19328,2026-07-01,39,BALAKUMAR H,2026-06-13,G/F,General Fitness,1000.00,,1000.00,due_or_unpaid,R,,E,JULY2026,2026-09-10 09:29:30.286046+00
19329,2026-07-01,40,SIDDHARATH V,2026-03-13,S/Z,Strength Zone,1000.00,,1000.00,due_or_unpaid,R,,M/E,JULY2026,2026-09-10 09:29:30.286046+00
19330,2026-07-01,41,VAJRAVEL A,2026-06-13,G/F,General Fitness,1000.00,1000.00,0.00,paid,PAID,,M,JULY2026,2026-09-10 09:29:30.286046+00
19331,2026-07-01,42,SARAVANAN K,2026-06-13,S/Z,Strength Zone,800.00,,800.00,due_or_unpaid,R,,E,JULY2026,2026-09-10 09:29:30.286046+00
19332,2026-07-01,43,ARJUN S,2026-03-13,S/Z,Strength Zone,800.00,,800.00,due_or_unpaid,R,,,JULY2026,2026-09-10 09:29:30.286046+00
19333,2026-07-01,44,RAM PRASAD,2026-03-14,G/F,General Fitness,1000.00,,1000.00,due_or_unpaid,R,,,JULY2026,2026-09-10 09:29:30.286046+00
19334,2026-07-01,45,SANTHOSH,2026-05-01,S/Z,Strength Zone,800.00,,800.00,due_or_unpaid,R,,,JULY2026,2026-09-10 09:29:30.286046+00
19335,2026-07-01,46,SRI RAM R,2026-05-14,S/Z,Strength Zone,1000.00,,1000.00,due_or_unpaid,R,,E,JULY2026,2026-09-10 09:29:30.286046+00
19336,2026-07-01,47,ANBU N,2026-03-14,G/F,General Fitness,1000.00,,1000.00,due_or_unpaid,R,,,JULY2026,2026-09-10 09:29:30.286046+00
19337,2026-07-01,48,ARAVINDKUMAR P,2026-03-14,S/Z,Strength Zone,800.00,,800.00,due_or_unpaid,R,,,JULY2026,2026-09-10 09:29:30.286046+00
19338,2026-07-01,49,ARUN S,2026-03-16,G/F,General Fitness,1000.00,,1000.00,due_or_unpaid,R,,,JULY2026,2026-09-10 09:29:30.286046+00
19339,2026-07-01,50,AATHI,2026-06-17,S/Z,Strength Zone,800.00,,800.00,due_or_unpaid,R,,E,JULY2026,2026-09-10 09:29:30.286046+00
19340,2026-07-01,51,JOTHILINGAM R,2026-03-15,G/F,General Fitness,1000.00,,1000.00,due_or_unpaid,R,,,JULY2026,2026-09-10 09:29:30.286046+00
19341,2026-07-01,52,VASANTH J,2027-01-15,S/Z,Strength Zone,7500.00,,7500.00,due_or_unpaid,R,,M,JULY2026,2026-09-10 09:29:30.286046+00
19342,2026-07-01,53,BESTY PAULINE,2026-03-16,G/F,General Fitness,1000.00,,1000.00,due_or_unpaid,R,,,JULY2026,2026-09-10 09:29:30.286046+00
19343,2026-07-01,54,PREM KUMAR Y,2026-03-16,S/Z,Strength Zone,800.00,,800.00,due_or_unpaid,R,,,JULY2026,2026-09-10 09:29:30.286046+00
19344,2026-07-01,55,JAWAID F,2026-03-16,S/Z,Strength Zone,800.00,,800.00,due_or_unpaid,R,,,JULY2026,2026-09-10 09:29:30.286046+00
19345,2026-07-01,56,BOBIDUL ISLAM A,2026-03-16,G/F,General Fitness,1000.00,,1000.00,due_or_unpaid,R,,,JULY2026,2026-09-10 09:29:30.286046+00
19346,2026-07-01,57,ABDUL KHALAK J,2026-03-16,G/F,General Fitness,1000.00,,1000.00,due_or_unpaid,R,,,JULY2026,2026-09-10 09:29:30.286046+00
19347,2026-07-01,58,MEHERUL HAQUE S,2026-03-16,G/F,General Fitness,1000.00,,1000.00,due_or_unpaid,R,,,JULY2026,2026-09-10 09:29:30.286046+00
19348,2026-07-01,59,JAGADEESH M,2026-03-16,G/F,General Fitness,1000.00,,1000.00,due_or_unpaid,R,,,JULY2026,2026-09-10 09:29:30.286046+00
19349,2026-07-01,60,FAIYAZ AHMED A,2026-03-16,S/Z,Strength Zone,800.00,,800.00,due_or_unpaid,R,,,JULY2026,2026-09-10 09:29:30.286046+00
19350,2026-07-01,61,MAMIDUL ALI,2026-03-17,S/Z,Strength Zone,800.00,,800.00,due_or_unpaid,R,,,JULY2026,2026-09-10 09:29:30.286046+00
19351,2026-07-01,62,VINOTH KUMAR,2026-03-17,G/F,General Fitness,800.00,,800.00,due_or_unpaid,R,,,JULY2026,2026-09-10 09:29:30.286046+00
19352,2026-07-01,63,ABDUL BATIN,2026-03-17,S/Z,Strength Zone,800.00,,800.00,due_or_unpaid,R,,,JULY2026,2026-09-10 09:29:30.286046+00
19353,2026-07-01,64,NILCHAN ALI,2026-03-17,S/Z,Strength Zone,800.00,,800.00,due_or_unpaid,R,,,JULY2026,2026-09-10 09:29:30.286046+00
19354,2026-07-01,65,MONIRUAL HOQUE,2026-03-17,S/Z,Strength Zone,800.00,,800.00,due_or_unpaid,R,,,JULY2026,2026-09-10 09:29:30.286046+00
19355,2026-07-01,66,AMIR HAMJA,2026-03-17,S/Z,Strength Zone,800.00,,800.00,due_or_unpaid,R,,,JULY2026,2026-09-10 09:29:30.286046+00
19356,2026-07-01,67,SUNIL R,2026-03-17,G/F,General Fitness,1000.00,,1000.00,due_or_unpaid,R,,,JULY2026,2026-09-10 09:29:30.286046+00
19357,2026-07-01,68,SUDHAKAR S,2026-03-17,S/Z,Strength Zone,800.00,,800.00,due_or_unpaid,R,,,JULY2026,2026-09-10 09:29:30.286046+00
19358,2026-07-01,69,AMINUL ISLAM MD,2026-03-18,S/Z,Strength Zone,800.00,,800.00,due_or_unpaid,R,,,JULY2026,2026-09-10 09:29:30.286046+00
19359,2026-07-01,70,TAFIKUL ISLAM,2026-03-18,G/F,General Fitness,1000.00,,800.00,due_or_unpaid,R,,,JULY2026,2026-09-10 09:29:30.286046+00
19360,2026-07-01,72,HAFIZUR RAHMAM,2026-03-19,S/Z,Strength Zone,800.00,,800.00,due_or_unpaid,R,,,JULY2026,2026-09-10 09:29:30.286046+00
19361,2026-07-01,73,MOJNUR,2026-03-19,S/Z,Strength Zone,800.00,,800.00,due_or_unpaid,R,,,JULY2026,2026-09-10 09:29:30.286046+00
19362,2026-07-01,74,YOGESH R,2026-03-19,S/Z,Strength Zone,800.00,,800.00,due_or_unpaid,R,,,JULY2026,2026-09-10 09:29:30.286046+00
19363,2026-07-01,75,NAVAS,2026-03-19,G/F,General Fitness,1000.00,,800.00,due_or_unpaid,R,,,JULY2026,2026-09-10 09:29:30.286046+00
19364,2026-07-01,76,TAYABUR RAHMAN A,2026-03-20,S/Z,Strength Zone,800.00,,800.00,due_or_unpaid,R,,,JULY2026,2026-09-10 09:29:30.286046+00
19365,2026-07-01,78,RATHISH KUMAR,2026-03-23,G/F,General Fitness,1000.00,,1000.00,due_or_unpaid,R,,M/E,JULY2026,2026-09-10 09:29:30.286046+00
19366,2026-07-01,78,SANTHOSH,2026-03-29,G/F,General Fitness,800.00,,1000.00,due_or_unpaid,R,,,JULY2026,2026-09-10 09:29:30.286046+00
19367,2026-07-01,79,DARVIN RAJ J,2025-06-10,G/F,General Fitness,1000.00,,1000.00,due_or_unpaid,R,,,JULY2026,2026-09-10 09:29:30.286046+00
19368,2026-07-01,80,PRASANTH S,2026-03-23,S/Z,Strength Zone,800.00,,800.00,due_or_unpaid,R,,,JULY2026,2026-09-10 09:29:30.286046+00
19369,2026-07-01,81,GURU SHANKAR,2026-03-23,S/Z,Strength Zone,800.00,,800.00,due_or_unpaid,R,,,JULY2026,2026-09-10 09:29:30.286046+00
19370,2026-07-01,82,NARJUL ISLAM A,2026-03-23,S/Z,Strength Zone,800.00,,800.00,due_or_unpaid,R,,,JULY2026,2026-09-10 09:29:30.286046+00
19371,2026-07-01,83,SANGIT KUMAR SAMANTHA,2026-03-23,G/F,General Fitness,1000.00,,800.00,due_or_unpaid,R,,,JULY2026,2026-09-10 09:29:30.286046+00
19372,2026-07-01,84,RAGUL A,2026-03-23,S/Z,Strength Zone,800.00,,800.00,due_or_unpaid,R,,E,JULY2026,2026-09-10 09:29:30.286046+00
19373,2026-07-01,85,ASWINI SAGAR SWAIN,2026-03-24,S/Z,Strength Zone,800.00,,800.00,due_or_unpaid,R,,,JULY2026,2026-09-10 09:29:30.286046+00
19374,2026-07-01,86,DEEPAK M,2026-03-08,G/F,General Fitness,1000.00,,1000.00,due_or_unpaid,R,,M,JULY2026,2026-09-10 09:29:30.286046+00
19375,2026-07-01,88,NATHAN K,2026-03-25,S/Z,Strength Zone,800.00,,800.00,due_or_unpaid,R,,,JULY2026,2026-09-10 09:29:30.286046+00
19376,2026-07-01,89,MOIN UDDIN A,2026-03-25,S/Z,Strength Zone,800.00,,800.00,due_or_unpaid,R,,,JULY2026,2026-09-10 09:29:30.286046+00
19377,2026-07-01,90,ALI AHMED R,2026-03-25,S/Z,Strength Zone,800.00,,800.00,due_or_unpaid,R,,,JULY2026,2026-09-10 09:29:30.286046+00
19378,2026-07-01,91,ABINASH S,2026-06-27,S/Z,Strength Zone,2500.00,,800.00,due_or_unpaid,R,,E,JULY2026,2026-09-10 09:29:30.286046+00
19379,2026-07-01,92,ARAVIND S,2026-03-28,S/Z,Strength Zone,800.00,,800.00,due_or_unpaid,R,,,JULY2026,2026-09-10 09:29:30.286046+00
19380,2026-07-01,93,ASHADUL,2026-03-30,G/F,General Fitness,800.00,,800.00,due_or_unpaid,R,,,JULY2026,2026-09-10 09:29:30.286046+00
19381,2026-07-01,94,GUHAN A,2026-06-13,S/Z,Strength Zone,1000.00,,1000.00,due_or_unpaid,R,,M,JULY2026,2026-09-10 09:29:30.286046+00
19382,2026-07-01,95,ROKIBUL HUSSAIN A,2026-03-30,S/Z,Strength Zone,800.00,,800.00,due_or_unpaid,R,,,JULY2026,2026-09-10 09:29:30.286046+00
19383,2026-07-01,96,MERVYN,2026-06-01,G/F,General Fitness,7000.00,,7000.00,due_or_unpaid,R,,,JULY2026,2026-09-10 09:29:30.286046+00
19384,2026-07-01,97,MICHAEL A,2026-05-01,S/Z,Strength Zone,800.00,,800.00,due_or_unpaid,R,,,JULY2026,2026-09-10 09:29:30.286046+00
19385,2026-07-01,98,SUGAN RAJ M,2026-05-01,S/Z,Strength Zone,800.00,,800.00,due_or_unpaid,R,,,JULY2026,2026-09-10 09:29:30.286046+00
19386,2026-07-01,99,SHUTRUGHAN KUMAR R,2026-05-21,G/F,General Fitness,800.00,,800.00,due_or_unpaid,R,,M,JULY2026,2026-09-10 09:29:30.286046+00
19387,2026-07-01,100,DAVID A,2026-03-02,G/F,General Fitness,1000.00,,1000.00,due_or_unpaid,R,,,JULY2026,2026-09-10 09:29:30.286046+00
19388,2026-07-01,101,PETER A,2026-03-02,G/F,General Fitness,1000.00,,1000.00,due_or_unpaid,R,,,JULY2026,2026-09-10 09:29:30.286046+00
19389,2026-07-01,102,KUMARAN M,2026-04-09,S/Z,Strength Zone,800.00,,800.00,due_or_unpaid,R,,E,JULY2026,2026-09-10 09:29:30.286046+00
19390,2026-07-01,103,CHARAN KUMAR V,2026-03-10,G/F,General Fitness,1000.00,,1000.00,due_or_unpaid,R,,M/E,JULY2026,2026-09-10 09:29:30.286046+00
19391,2026-07-01,104,SETTU E,2026-04-03,S/Z,Strength Zone,800.00,,800.00,due_or_unpaid,R,,,JULY2026,2026-09-10 09:29:30.286046+00
19392,2026-07-01,105,NITHISH KUMAR S,2026-03-15,S/Z,Strength Zone,800.00,,800.00,due_or_unpaid,R,,M,JULY2026,2026-09-10 09:29:30.286046+00
19393,2026-07-01,106,RAMESH S,2026-03-04,G/F,General Fitness,1000.00,,1000.00,due_or_unpaid,R,,,JULY2026,2026-09-10 09:29:30.286046+00
19394,2026-07-01,107,SANJAN V,2026-03-05,S/Z,Strength Zone,800.00,,800.00,due_or_unpaid,R,,,JULY2026,2026-09-10 09:29:30.286046+00
19395,2026-07-01,108,DIVAKAR M,2026-03-05,G/F,General Fitness,1000.00,,1000.00,due_or_unpaid,R,,M,JULY2026,2026-09-10 09:29:30.286046+00
19396,2026-07-01,109,DANIEL R,2026-07-05,S/Z,Strength Zone,800.00,1000.00,0.00,paid,PAID,,M,JULY2026,2026-09-10 09:29:30.286046+00
19397,2026-07-01,110,MANIKANADAN,2026-03-07,G/F,General Fitness,1000.00,,1000.00,due_or_unpaid,R,,,JULY2026,2026-09-10 09:29:30.286046+00
19398,2026-07-01,111,PRITHIVIKASH,2026-03-26,S/Z,Strength Zone,800.00,,800.00,due_or_unpaid,R,,,JULY2026,2026-09-10 09:29:30.286046+00
19399,2026-07-01,112,CHANDRU,2026-03-08,S/Z,Strength Zone,800.00,,800.00,due_or_unpaid,R,,,JULY2026,2026-09-10 09:29:30.286046+00
19400,2026-07-01,113,SANJAY J,2026-07-03,S/Z,Strength Zone,800.00,,800.00,due_or_unpaid,R,,M,JULY2026,2026-09-10 09:29:30.286046+00
19401,2026-07-01,114,AJITH D,2026-03-09,S/Z,Strength Zone,800.00,,800.00,due_or_unpaid,R,,,JULY2026,2026-09-10 09:29:30.286046+00
19402,2026-07-01,115,SANJAY B,2026-03-09,S/Z,Strength Zone,800.00,,800.00,due_or_unpaid,R,,,JULY2026,2026-09-10 09:29:30.286046+00
19403,2026-07-01,116,TAMIL SELVAN M,2026-03-12,S/Z,Strength Zone,800.00,,800.00,due_or_unpaid,R,,,JULY2026,2026-09-10 09:29:30.286046+00
19404,2026-07-01,117,ARUN YADAV,2026-03-12,S/Z,Strength Zone,800.00,,800.00,due_or_unpaid,R,,,JULY2026,2026-09-10 09:29:30.286046+00
19405,2026-07-01,118,GIRI S,2026-03-13,S/Z,Strength Zone,800.00,,800.00,due_or_unpaid,R,,,JULY2026,2026-09-10 09:29:30.286046+00
19406,2026-07-01,119,JOHNSON S,2026-03-14,S/Z,Strength Zone,800.00,,800.00,due_or_unpaid,R,,,JULY2026,2026-09-10 09:29:30.286046+00
19407,2026-07-01,120,DEEPAK BILUNG,2026-03-15,S/Z,Strength Zone,800.00,,800.00,due_or_unpaid,R,,,JULY2026,2026-09-10 09:29:30.286046+00
19408,2026-07-01,121,BINU,2026-03-15,S/Z,Strength Zone,800.00,,800.00,due_or_unpaid,R,,,JULY2026,2026-09-10 09:29:30.286046+00
19409,2026-07-01,122,SOHEL RANA,2026-03-16,G/F,General Fitness,1000.00,,1000.00,due_or_unpaid,R,,,JULY2026,2026-09-10 09:29:30.286046+00
19410,2026-07-01,123,CHAITANYA K,2026-03-17,G/F,General Fitness,1000.00,,1000.00,due_or_unpaid,R,,,JULY2026,2026-09-10 09:29:30.286046+00
19411,2026-07-01,124,KATHIRAVAN.E,2026-03-18,S/Z,Strength Zone,800.00,,800.00,due_or_unpaid,R,,,JULY2026,2026-09-10 09:29:30.286046+00
19412,2026-07-01,125,MOORTHY R,2026-03-18,S/Z,Strength Zone,800.00,,800.00,due_or_unpaid,R,,,JULY2026,2026-09-10 09:29:30.286046+00
19413,2026-07-01,126,SANJAY S,2026-03-18,S/Z,Strength Zone,800.00,,800.00,due_or_unpaid,R,,,JULY2026,2026-09-10 09:29:30.286046+00
19414,2026-07-01,127,PERUMAL V,2026-03-19,S/Z,Strength Zone,800.00,,800.00,due_or_unpaid,R,,,JULY2026,2026-09-10 09:29:30.286046+00
19415,2026-07-01,128,EMAMUL HUSSAIN A,2026-03-20,S/Z,Strength Zone,800.00,,800.00,due_or_unpaid,R,,,JULY2026,2026-09-10 09:29:30.286046+00
19416,2026-07-01,129,JEEVA M,2026-03-21,S/Z,Strength Zone,800.00,,1000.00,due_or_unpaid,R,,,JULY2026,2026-09-10 09:29:30.286046+00
19417,2026-07-01,130,ARAVIND S,2026-03-19,S/Z,Strength Zone,800.00,,800.00,due_or_unpaid,R,,,JULY2026,2026-09-10 09:29:30.286046+00
19418,2026-07-01,131,SURESH P,2026-03-28,S/Z,Strength Zone,800.00,,800.00,due_or_unpaid,R,,,JULY2026,2026-09-10 09:29:30.286046+00
19419,2026-07-01,132,KAMAL M,2026-03-28,S/Z,Strength Zone,1000.00,,800.00,due_or_unpaid,R,,,JULY2026,2026-09-10 09:29:30.286046+00
19420,2026-07-01,133,FARHAN,2026-03-29,S/Z,Strength Zone,800.00,,800.00,due_or_unpaid,R,,,JULY2026,2026-09-10 09:29:30.286046+00
19421,2026-07-01,134,HARISHIT D,2026-03-30,S/Z,Strength Zone,800.00,,800.00,due_or_unpaid,R,,,JULY2026,2026-09-10 09:29:30.286046+00
19422,2026-07-01,135,BALAJI Y,2026-05-01,G/F,General Fitness,800.00,,800.00,due_or_unpaid,R,,,JULY2026,2026-09-10 09:29:30.286046+00
19423,2026-07-01,136,PETER A,2026-07-11,G/F,General Fitness,1000.00,1000.00,0.00,paid,PAID,,M,JULY2026,2026-09-10 09:29:30.286046+00
19424,2026-07-01,137,KAMESH R,2026-03-08,S/Z,Strength Zone,800.00,,800.00,due_or_unpaid,R,,,JULY2026,2026-09-10 09:29:30.286046+00
19425,2026-07-01,138,PREM S,2026-03-04,S/Z,Strength Zone,800.00,,800.00,due_or_unpaid,R,,,JULY2026,2026-09-10 09:29:30.286046+00
19426,2026-07-01,139,VIMAL RAJ R,2026-07-08,S/Z,Strength Zone,800.00,800.00,0.00,paid,PAID,,E,JULY2026,2026-09-10 09:29:30.286046+00
19427,2026-07-01,140,JOSEPH,2026-03-04,S/Z,Strength Zone,800.00,,800.00,due_or_unpaid,R,,E,JULY2026,2026-09-10 09:29:30.286046+00
19428,2026-07-01,141,ALA IMRAN A,2026-07-01,G/F,General Fitness,1000.00,1000.00,0.00,paid,PAID,,E,JULY2026,2026-09-10 09:29:30.286046+00
19429,2026-07-01,142,HAZRAT ALI,2026-03-05,S/Z,Strength Zone,800.00,,800.00,due_or_unpaid,R,,,JULY2026,2026-09-10 09:29:30.286046+00
19430,2026-07-01,143,MAHESHWAR GOPE,2026-03-05,S/Z,Strength Zone,800.00,,800.00,due_or_unpaid,R,,,JULY2026,2026-09-10 09:29:30.286046+00
19431,2026-07-01,144,SAKTHI DS,2026-03-09,S/Z,Strength Zone,800.00,,800.00,due_or_unpaid,R,,M/E,JULY2026,2026-09-10 09:29:30.286046+00
19432,2026-07-01,145,MUKESH S,2026-03-22,S/Z,Strength Zone,800.00,,800.00,due_or_unpaid,R,,,JULY2026,2026-09-10 09:29:30.286046+00
19433,2026-07-01,146,AKASH SATHIVEL,2026-03-10,G/F,General Fitness,1000.00,,1000.00,due_or_unpaid,R,,,JULY2026,2026-09-10 09:29:30.286046+00
19434,2026-07-01,147,SARAN RAJ S,2026-03-10,G/F,General Fitness,1000.00,,1000.00,due_or_unpaid,R,,,JULY2026,2026-09-10 09:29:30.286046+00
19435,2026-07-01,148,SUDHAKAR S,2026-07-08,G/F,General Fitness,1000.00,,1000.00,due_or_unpaid,R,,M/E,JULY2026,2026-09-10 09:29:30.286046+00
19436,2026-07-01,149,UMAMAHESWARA RAO,2026-03-11,G/F,General Fitness,1000.00,,1000.00,due_or_unpaid,R,,,JULY2026,2026-09-10 09:29:30.286046+00
19437,2026-07-01,150,BARKATHULLAM,2026-03-12,G/F,General Fitness,1000.00,,1000.00,due_or_unpaid,R,,E,JULY2026,2026-09-10 09:29:30.286046+00
19438,2026-07-01,151,ABDUL KALAM A,2026-03-13,G/F,General Fitness,1000.00,,1000.00,due_or_unpaid,R,,,JULY2026,2026-09-10 09:29:30.286046+00
19439,2026-07-01,152,JARDIS SK,2026-03-13,S/Z,Strength Zone,800.00,,800.00,due_or_unpaid,R,,,JULY2026,2026-09-10 09:29:30.286046+00
19440,2026-07-01,153,MANOJ M,2026-03-14,S/Z,Strength Zone,800.00,,800.00,due_or_unpaid,R,,,JULY2026,2026-09-10 09:29:30.286046+00
19441,2026-07-01,154,NANTHA KUMAR A,2026-03-14,S/Z,Strength Zone,800.00,,1000.00,due_or_unpaid,R,,,JULY2026,2026-09-10 09:29:30.286046+00
19442,2026-07-01,155,MANOJ E,2026-05-14,S/Z,Strength Zone,800.00,,800.00,due_or_unpaid,R,,M,JULY2026,2026-09-10 09:29:30.286046+00
19443,2026-07-01,156,PRAVEEN KUMAR S,2026-03-28,G/F,General Fitness,1000.00,,800.00,due_or_unpaid,R,,,JULY2026,2026-09-10 09:29:30.286046+00
19444,2026-07-01,157,SURYA S,2026-03-23,S/Z,Strength Zone,800.00,,800.00,due_or_unpaid,R,,,JULY2026,2026-09-10 09:29:30.286046+00
19445,2026-07-01,158,MURALI S,2026-03-23,S/Z,Strength Zone,800.00,,800.00,due_or_unpaid,R,,,JULY2026,2026-09-10 09:29:30.286046+00
19446,2026-07-01,159,RITHISH V,2026-03-18,S/Z,Strength Zone,800.00,,800.00,due_or_unpaid,R,,,JULY2026,2026-09-10 09:29:30.286046+00
19447,2026-07-01,160,EMIMAL M,2026-06-29,G/F,General Fitness,1000.00,,1000.00,due_or_unpaid,R,,M,JULY2026,2026-09-10 09:29:30.286046+00
19448,2026-07-01,161,YUVAN SHANKAR T,2026-07-01,G/F,General Fitness,1000.00,1000.00,0.00,paid,PAID,,M,JULY2026,2026-09-10 09:29:30.286046+00
19449,2026-07-01,162,JENIFER S,2026-03-04,G/F,General Fitness,1000.00,,1000.00,due_or_unpaid,R,,M,JULY2026,2026-09-10 09:29:30.286046+00
19450,2026-07-01,163,SANJEEV D.S,2026-05-21,G/F,General Fitness,800.00,,1000.00,due_or_unpaid,R,,M,JULY2026,2026-09-10 09:29:30.286046+00
19451,2026-07-01,164,VASANTH KUMAR G,2026-07-22,S/Z,Strength Zone,800.00,,800.00,due_or_unpaid,R,,M,JULY2026,2026-09-10 09:29:30.286046+00
19452,2026-07-01,165,KISHORE KUMAR V,2026-03-07,S/Z,Strength Zone,800.00,,800.00,due_or_unpaid,R,,,JULY2026,2026-09-10 09:29:30.286046+00
19453,2026-07-01,166,SANTHOSH KUMAR S,2026-03-07,S/Z,Strength Zone,800.00,,800.00,due_or_unpaid,R,,,JULY2026,2026-09-10 09:29:30.286046+00
19454,2026-07-01,167,SANTHOSH KUMAR A,2026-03-09,S/Z,Strength Zone,800.00,,800.00,due_or_unpaid,R,,M,JULY2026,2026-09-10 09:29:30.286046+00
19455,2026-07-01,168,ETHIRAJ T,2026-03-09,S/Z,Strength Zone,800.00,,800.00,due_or_unpaid,R,,,JULY2026,2026-09-10 09:29:30.286046+00
19456,2026-07-01,169,PRASANTH M,2026-03-10,G/F,General Fitness,1000.00,,1000.00,due_or_unpaid,R,,,JULY2026,2026-09-10 09:29:30.286046+00
19457,2026-07-01,170,RAGHUL R,2026-03-12,S/Z,Strength Zone,800.00,,800.00,due_or_unpaid,R,,,JULY2026,2026-09-10 09:29:30.286046+00
19458,2026-07-01,171,GOWTHAM S,2026-03-16,G/F,General Fitness,1000.00,,1000.00,due_or_unpaid,R,,,JULY2026,2026-09-10 09:29:30.286046+00
19459,2026-07-01,172,RAJESH S,2026-03-16,G/F,General Fitness,1000.00,,1000.00,due_or_unpaid,R,,,JULY2026,2026-09-10 09:29:30.286046+00
19460,2026-07-01,173,AATHIYAPPAN S,2026-03-30,S/Z,Strength Zone,800.00,,800.00,due_or_unpaid,R,,M,JULY2026,2026-09-10 09:29:30.286046+00
19461,2026-07-01,174,GODSON PRAVEEN J,2026-03-19,G/F,General Fitness,1000.00,,800.00,due_or_unpaid,R,,,JULY2026,2026-09-10 09:29:30.286046+00
19462,2026-07-01,175,KABILAN R,2026-03-26,S/Z,Strength Zone,800.00,,800.00,due_or_unpaid,R,,,JULY2026,2026-09-10 09:29:30.286046+00
19463,2026-07-01,176,KAMAL S,2026-03-28,S/Z,Strength Zone,800.00,,800.00,due_or_unpaid,R,,,JULY2026,2026-09-10 09:29:30.286046+00
19464,2026-07-01,177,MOHAMED ASHWAQ S,2026-03-02,S/Z,Strength Zone,800.00,,800.00,due_or_unpaid,R,,M,JULY2026,2026-09-10 09:29:30.286046+00
19465,2026-07-01,178,VICKY,2026-04-03,S/Z,Strength Zone,800.00,,800.00,due_or_unpaid,R,,,JULY2026,2026-09-10 09:29:30.286046+00
19466,2026-07-01,180,DEEPAK G,2026-03-05,G/F,General Fitness,1000.00,,1000.00,due_or_unpaid,R,,,JULY2026,2026-09-10 09:29:30.286046+00
19467,2026-07-01,181,AGILESHWARAN M,2026-03-09,S/Z,Strength Zone,800.00,,800.00,due_or_unpaid,R,,,JULY2026,2026-09-10 09:29:30.286046+00
19468,2026-07-01,182,MUKESH R,2026-03-11,S/Z,Strength Zone,800.00,,800.00,due_or_unpaid,R,,,JULY2026,2026-09-10 09:29:30.286046+00
19469,2026-07-01,183,SACHIN AARON T,2026-03-17,S/Z,Strength Zone,800.00,,800.00,due_or_unpaid,R,,,JULY2026,2026-09-10 09:29:30.286046+00
19470,2026-07-01,184,SANTHOSH R,2026-04-03,S/Z,Strength Zone,800.00,,800.00,due_or_unpaid,R,,M,JULY2026,2026-09-10 09:29:30.286046+00
19471,2026-07-01,185,VISHNU VARTHAN S,2026-04-12,S/Z,Strength Zone,800.00,,800.00,due_or_unpaid,R,,M,JULY2026,2026-09-10 09:29:30.286046+00
19472,2026-07-01,186,MOGESH V,2026-03-25,S/Z,Strength Zone,800.00,,800.00,due_or_unpaid,R,,,JULY2026,2026-09-10 09:29:30.286046+00
19473,2026-07-01,187,VISHWA R A,2026-03-27,S/Z,Strength Zone,800.00,,800.00,due_or_unpaid,R,,,JULY2026,2026-09-10 09:29:30.286046+00
19474,2026-07-01,188,RAMASUBRAMANI K,2026-03-29,S/Z,Strength Zone,800.00,,800.00,due_or_unpaid,R,,,JULY2026,2026-09-10 09:29:30.286046+00
19475,2026-07-01,189,DHANASINGH P,2026-03-29,S/Z,Strength Zone,1000.00,,800.00,due_or_unpaid,R,,,JULY2026,2026-09-10 09:29:30.286046+00
19476,2026-07-01,190,AMAR NATH R,2026-04-03,G/F,General Fitness,1000.00,,1000.00,due_or_unpaid,R,,M,JULY2026,2026-09-10 09:29:30.286046+00
19477,2026-07-01,191,PUVIYARASAN G,2026-03-10,S/Z,Strength Zone,800.00,,800.00,due_or_unpaid,R,,,JULY2026,2026-09-10 09:29:30.286046+00
19478,2026-07-01,192,DINESH KUMAR R,2026-07-11,S/Z,Strength Zone,800.00,,800.00,due_or_unpaid,R,,M,JULY2026,2026-09-10 09:29:30.286046+00
19479,2026-07-01,193,ARUN KUMAR R,2026-03-04,G/F,General Fitness,1000.00,,1000.00,due_or_unpaid,R,,,JULY2026,2026-09-10 09:29:30.286046+00
19480,2026-07-01,194,ASWIN P BENNY,2026-03-04,G/F,General Fitness,1000.00,,1000.00,due_or_unpaid,R,,,JULY2026,2026-09-10 09:29:30.286046+00
19481,2026-07-01,195,ROCK R,2026-03-04,S/Z,Strength Zone,800.00,,800.00,due_or_unpaid,R,,,JULY2026,2026-09-10 09:29:30.286046+00
19482,2026-07-01,196,SURIYA PRAKSH M,2026-03-12,S/Z,Strength Zone,800.00,,800.00,due_or_unpaid,R,,E,JULY2026,2026-09-10 09:29:30.286046+00
19483,2026-07-01,197,BHARATHI RAJA M,2026-03-12,G/F,General Fitness,1000.00,,1000.00,due_or_unpaid,R,,,JULY2026,2026-09-10 09:29:30.286046+00
19484,2026-07-01,198,SURYA R,2026-06-13,S/Z,Strength Zone,800.00,,800.00,due_or_unpaid,R,,,JULY2026,2026-09-10 09:29:30.286046+00
19485,2026-07-01,199,NIVEN K,2026-03-13,S/Z,Strength Zone,800.00,,800.00,due_or_unpaid,R,,,JULY2026,2026-09-10 09:29:30.286046+00
19486,2026-07-01,200,DHAYALAN R,2026-03-21,G/F,General Fitness,1000.00,,1000.00,due_or_unpaid,R,,,JULY2026,2026-09-10 09:29:30.286046+00
19487,2026-07-01,201,KARTHI BALAJI R,2026-03-13,S/Z,Strength Zone,800.00,,800.00,due_or_unpaid,R,,,JULY2026,2026-09-10 09:29:30.286046+00
19488,2026-07-01,202,HARI KRISHNAN G,2026-04-18,G/F,General Fitness,1000.00,,1000.00,due_or_unpaid,R,,M/E,JULY2026,2026-09-10 09:29:30.286046+00
19489,2026-07-01,203,VIGNESH K,2026-04-18,G/F,General Fitness,1000.00,,1000.00,due_or_unpaid,R,,M/E,JULY2026,2026-09-10 09:29:30.286046+00
19490,2026-07-01,204,AKASH C,2026-03-20,S/Z,Strength Zone,800.00,,800.00,due_or_unpaid,R,,,JULY2026,2026-09-10 09:29:30.286046+00
19491,2026-07-01,205,MANI MARAN M,2026-03-20,S/Z,Strength Zone,800.00,,800.00,due_or_unpaid,R,,,JULY2026,2026-09-10 09:29:30.286046+00
19492,2026-07-01,206,SANTHA KUMAR S,2026-03-24,G/F,General Fitness,1000.00,,1000.00,due_or_unpaid,R,,,JULY2026,2026-09-10 09:29:30.286046+00
19493,2026-07-01,207,SANJAY S,2026-03-24,S/Z,Strength Zone,800.00,,800.00,due_or_unpaid,R,,,JULY2026,2026-09-10 09:29:30.286046+00
19494,2026-07-01,208,SEEN N,2026-03-24,S/Z,Strength Zone,800.00,,800.00,due_or_unpaid,R,,,JULY2026,2026-09-10 09:29:30.286046+00
19495,2026-07-01,209,PASUPATHI M,2027-01-13,G/F,General Fitness,7500.00,,7500.00,due_or_unpaid,R,,,JULY2026,2026-09-10 09:29:30.286046+00
19496,2026-07-01,210,NAVEEN K.M,2026-07-03,G/F,General Fitness,1000.00,1000.00,0.00,paid,PAID,,M,JULY2026,2026-09-10 09:29:30.286046+00
19497,2026-07-01,211,SUNIL KUMAR H,2026-03-03,S/Z,Strength Zone,800.00,,800.00,due_or_unpaid,R,,,JULY2026,2026-09-10 09:29:30.286046+00
19498,2026-07-01,212,ALI,2026-03-03,S/Z,Strength Zone,800.00,,800.00,due_or_unpaid,R,,,JULY2026,2026-09-10 09:29:30.286046+00
19499,2026-07-01,213,SADDAM,2026-03-03,S/Z,Strength Zone,800.00,,800.00,due_or_unpaid,R,,,JULY2026,2026-09-10 09:29:30.286046+00
19500,2026-07-01,214,SUMAN RAJ P,2026-03-10,G/F,General Fitness,1000.00,,1000.00,due_or_unpaid,R,,,JULY2026,2026-09-10 09:29:30.286046+00
19501,2026-07-01,215,MICHEAL PRAKASH P,2026-03-11,G/F,General Fitness,1000.00,,1000.00,due_or_unpaid,R,,,JULY2026,2026-09-10 09:29:30.286046+00
19502,2026-07-01,216,RAJA K,2026-03-11,G/F,General Fitness,1000.00,,1000.00,due_or_unpaid,R,,,JULY2026,2026-09-10 09:29:30.286046+00
19503,2026-07-01,217,SANJAY P R,2026-03-11,S/Z,Strength Zone,800.00,,800.00,due_or_unpaid,R,,,JULY2026,2026-09-10 09:29:30.286046+00
19504,2026-07-01,218,NARENDRAN T,2026-03-14,S/Z,Strength Zone,800.00,,800.00,due_or_unpaid,R,,,JULY2026,2026-09-10 09:29:30.286046+00
19505,2026-07-01,219,SUNIL P,2026-05-13,S/Z,Strength Zone,800.00,,800.00,due_or_unpaid,R,,M,JULY2026,2026-09-10 09:29:30.286046+00
19506,2026-07-01,220,VENKET,2026-03-13,G/F,General Fitness,1000.00,,1000.00,due_or_unpaid,R,,,JULY2026,2026-09-10 09:29:30.286046+00
19507,2026-07-01,221,KARTHICK R,2026-03-15,S/Z,Strength Zone,800.00,,800.00,due_or_unpaid,R,,,JULY2026,2026-09-10 09:29:30.286046+00
19508,2026-07-01,222,MUNISH KUMAR B,2026-03-17,S/Z,Strength Zone,800.00,,800.00,due_or_unpaid,R,,,JULY2026,2026-09-10 09:29:30.286046+00
19509,2026-07-01,223,RAJIBUL ALI T,2026-03-22,S/Z,Strength Zone,800.00,,800.00,due_or_unpaid,R,,,JULY2026,2026-09-10 09:29:30.286046+00
19510,2026-07-01,224,MOHANRAJ P,2026-05-07,G/F,General Fitness,1000.00,,1000.00,due_or_unpaid,R,,M/E,JULY2026,2026-09-10 09:29:30.286046+00
19511,2026-07-01,225,RAVINDHAREN,2026-03-25,S/Z,Strength Zone,800.00,,800.00,due_or_unpaid,R,,,JULY2026,2026-09-10 09:29:30.286046+00
19512,2026-07-01,226,SURESH M,2026-07-01,S/Z,Strength Zone,800.00,800.00,0.00,paid,PAID,,M,JULY2026,2026-09-10 09:29:30.286046+00
19513,2026-07-01,227,KARTHIK DHANASEKAR,2026-07-01,S/Z,Strength Zone,800.00,800.00,0.00,paid,PAID,,M,JULY2026,2026-09-10 09:29:30.286046+00
19514,2026-07-01,228,MANIKANDAN D,2026-06-01,S/Z,Strength Zone,800.00,,800.00,due_or_unpaid,R,,M,JULY2026,2026-09-10 09:29:30.286046+00
19515,2026-07-01,229,VISHVA,2026-07-01,S/Z,Strength Zone,800.00,800.00,0.00,paid,PAID,,,JULY2026,2026-09-10 09:29:30.286046+00
19516,2026-07-01,230,SHYAM K,2026-03-04,S/Z,Strength Zone,800.00,,800.00,due_or_unpaid,R,,,JULY2026,2026-09-10 09:29:30.286046+00
19517,2026-07-01,231,SHASHANTH S,2026-03-13,S/Z,Strength Zone,800.00,,800.00,due_or_unpaid,R,,E,JULY2026,2026-09-10 09:29:30.286046+00
19518,2026-07-01,232,ANIL KUMAR,2026-03-05,S/Z,Strength Zone,800.00,,800.00,due_or_unpaid,R,,,JULY2026,2026-09-10 09:29:30.286046+00
19519,2026-07-01,233,NIKHIL NAYAK L,2026-03-07,S/Z,Strength Zone,800.00,,800.00,due_or_unpaid,R,,,JULY2026,2026-09-10 09:29:30.286046+00
19520,2026-07-01,234,PINKU NAYAK C,2026-03-07,S/Z,Strength Zone,800.00,,800.00,due_or_unpaid,R,,,JULY2026,2026-09-10 09:29:30.286046+00
19521,2026-07-01,235,AKASH S,2026-05-01,G/F,General Fitness,1000.00,,1000.00,due_or_unpaid,R,,,JULY2026,2026-09-10 09:29:30.286046+00
19522,2026-07-01,236,ANAND,2026-03-08,G/F,General Fitness,1000.00,,1000.00,due_or_unpaid,R,,,JULY2026,2026-09-10 09:29:30.286046+00
19523,2026-07-01,237,LOHIT NAYAK,2026-03-12,S/Z,Strength Zone,800.00,,800.00,due_or_unpaid,R,,,JULY2026,2026-09-10 09:29:30.286046+00
19524,2026-07-01,238,RIMPLE KUMAR,2026-03-15,S/Z,Strength Zone,800.00,,800.00,due_or_unpaid,R,,,JULY2026,2026-09-10 09:29:30.286046+00
19525,2026-07-01,239,GOPINATH M,2026-03-17,G/F,General Fitness,1000.00,,1000.00,due_or_unpaid,R,,,JULY2026,2026-09-10 09:29:30.286046+00
19526,2026-07-01,239,GOPINATH M,2026-03-19,S/Z,Strength Zone,800.00,,800.00,due_or_unpaid,R,,,JULY2026,2026-09-10 09:29:30.286046+00
19527,2026-07-01,240,YOGESH G,2026-04-19,S/Z,Strength Zone,800.00,,800.00,due_or_unpaid,R,,,JULY2026,2026-09-10 09:29:30.286046+00
19528,2026-07-01,240,YOGESH G,2026-03-24,S/Z,Strength Zone,800.00,,800.00,due_or_unpaid,R,,,JULY2026,2026-09-10 09:29:30.286046+00
19529,2026-07-01,241,PRADHAP V,2026-03-21,S/Z,Strength Zone,800.00,,800.00,due_or_unpaid,R,,,JULY2026,2026-09-10 09:29:30.286046+00
19530,2026-07-01,241,PRADHAP V,2026-03-24,S/Z,Strength Zone,800.00,,800.00,due_or_unpaid,R,,,JULY2026,2026-09-10 09:29:30.286046+00
19531,2026-07-01,242,AJAY A,2026-03-26,S/Z,Strength Zone,1000.00,,800.00,due_or_unpaid,R,,,JULY2026,2026-09-10 09:29:30.286046+00
19532,2026-07-01,244,BABU K,2026-03-26,G/F,General Fitness,800.00,,1000.00,due_or_unpaid,R,,,JULY2026,2026-09-10 09:29:30.286046+00
19533,2026-07-01,245,KISHORE S,2026-03-03,G/F,General Fitness,1000.00,,1000.00,due_or_unpaid,R,,M/E,JULY2026,2026-09-10 09:29:30.286046+00
19534,2026-07-01,246,SURESH,2026-03-05,S/Z,Strength Zone,800.00,,800.00,due_or_unpaid,R,,M,JULY2026,2026-09-10 09:29:30.286046+00
19535,2026-07-01,247,VIVEK,2026-11-05,S/Z,Strength Zone,800.00,,7777.00,due_or_unpaid,R,,M,JULY2026,2026-09-10 09:29:30.286046+00
19536,2026-07-01,248,ELAKKIAN,2026-03-05,G/F,General Fitness,1000.00,,1000.00,due_or_unpaid,R,,E,JULY2026,2026-09-10 09:29:30.286046+00
19537,2026-07-01,249,DEEPAK C,2026-03-05,G/F,General Fitness,1000.00,,1000.00,due_or_unpaid,R,,E,JULY2026,2026-09-10 09:29:30.286046+00
19538,2026-07-01,250,RESHATH S,2026-03-06,S/Z,Strength Zone,800.00,,800.00,due_or_unpaid,R,,M,JULY2026,2026-09-10 09:29:30.286046+00
19539,2026-07-01,251,ARAVINTHAN S,2026-07-12,G/F,General Fitness,1000.00,1000.00,0.00,paid,PAID,,M,JULY2026,2026-09-10 09:29:30.286046+00
19540,2026-07-01,252,MOULI RAJ V,2026-07-19,S/Z,Strength Zone,800.00,,800.00,due_or_unpaid,R,,M,JULY2026,2026-09-10 09:29:30.286046+00
19541,2026-07-01,253,DHAYANATHAN,2026-05-01,S/Z,Strength Zone,800.00,,800.00,due_or_unpaid,R,,M/E,JULY2026,2026-09-10 09:29:30.286046+00
19542,2026-07-01,254,SELVAM K,2026-06-14,S/Z,Strength Zone,800.00,800.00,0.00,paid,PAID,,M,JULY2026,2026-09-10 09:29:30.286046+00
19543,2026-07-01,255,VIJAYAN .S,2026-03-08,G/F,General Fitness,1000.00,,800.00,due_or_unpaid,R,,,JULY2026,2026-09-10 09:29:30.286046+00
19544,2026-07-01,256,KARTHICK M,2026-06-16,S/Z,Strength Zone,800.00,,800.00,due_or_unpaid,R,,,JULY2026,2026-09-10 09:29:30.286046+00
19545,2026-07-01,257,PAWN KUMAR,2026-03-26,S/Z,Strength Zone,800.00,,800.00,due_or_unpaid,R,,,JULY2026,2026-09-10 09:29:30.286046+00
19546,2026-07-01,258,BEENAUVV V,2026-03-05,G/F,General Fitness,1000.00,,1000.00,due_or_unpaid,R,,,JULY2026,2026-09-10 09:29:30.286046+00
19547,2026-07-01,259,PRADEEP KUMAR G,2026-03-04,G/F,General Fitness,1000.00,,1000.00,due_or_unpaid,R,,,JULY2026,2026-09-10 09:29:30.286046+00
19548,2026-07-01,260,BARATH R,2026-07-10,S/Z,Strength Zone,800.00,800.00,0.00,paid,PAID,,E,JULY2026,2026-09-10 09:29:30.286046+00
19549,2026-07-01,261,MANIKANDAN L,2026-03-12,G/F,General Fitness,1000.00,,1000.00,due_or_unpaid,R,,,JULY2026,2026-09-10 09:29:30.286046+00
19550,2026-07-01,262,RANJITH A,2026-03-13,G/F,General Fitness,1000.00,,1000.00,due_or_unpaid,R,,,JULY2026,2026-09-10 09:29:30.286046+00
19551,2026-07-01,263,SHANMATHI E,2026-03-16,G/F,General Fitness,1000.00,,1000.00,due_or_unpaid,R,,,JULY2026,2026-09-10 09:29:30.286046+00
19552,2026-07-01,264,VENKATESH K,2026-03-19,S/Z,Strength Zone,800.00,,800.00,due_or_unpaid,R,,,JULY2026,2026-09-10 09:29:30.286046+00
19553,2026-07-01,265,ANKUR GUWALA J,2026-03-19,S/Z,Strength Zone,800.00,,800.00,due_or_unpaid,R,,,JULY2026,2026-09-10 09:29:30.286046+00
19554,2026-07-01,266,PRANESH M,2026-03-20,S/Z,Strength Zone,800.00,,800.00,due_or_unpaid,R,,,JULY2026,2026-09-10 09:29:30.286046+00
19555,2026-07-01,267,HANY PRINCY V,2026-03-06,G/F,General Fitness,1000.00,,1000.00,due_or_unpaid,R,,E,JULY2026,2026-09-10 09:29:30.286046+00
19556,2026-07-01,268,GUGAN S,2026-03-25,S/Z,Strength Zone,800.00,,800.00,due_or_unpaid,R,,,JULY2026,2026-09-10 09:29:30.286046+00
19557,2026-07-01,269,SENTHIL KUMAR,2026-07-05,G/F,General Fitness,1000.00,1000.00,0.00,paid,R,,M,JULY2026,2026-09-10 09:29:30.286046+00
19558,2026-07-01,270,AMITH KUMAR,2026-05-01,S/Z,Strength Zone,800.00,,800.00,due_or_unpaid,R,,,JULY2026,2026-09-10 09:29:30.286046+00
19559,2026-07-01,271,ABISHEK KUMAR,2026-05-01,S/Z,Strength Zone,800.00,,800.00,due_or_unpaid,R,,,JULY2026,2026-09-10 09:29:30.286046+00
19560,2026-07-01,272,BHUPINDER SINGH,2026-06-01,S/Z,Strength Zone,800.00,,800.00,due_or_unpaid,R,,E,JULY2026,2026-09-10 09:29:30.286046+00
19561,2026-07-01,273,DEEPAK B,2026-07-10,G/F,General Fitness,800.00,,800.00,due_or_unpaid,R,,E,JULY2026,2026-09-10 09:29:30.286046+00
19562,2026-07-01,274,RATHNA KUMAR A,2026-09-07,S/Z,Strength Zone,800.00,,7777.00,due_or_unpaid,R,,M/E,JULY2026,2026-09-10 09:29:30.286046+00
19563,2026-07-01,275,BINIT,2026-03-08,G/F,General Fitness,1000.00,,1000.00,due_or_unpaid,R,,E,JULY2026,2026-09-10 09:29:30.286046+00
19564,2026-07-01,276,SAPHMITA,2026-03-08,G/F,General Fitness,1000.00,,1000.00,due_or_unpaid,R,,E,JULY2026,2026-09-10 09:29:30.286046+00
19565,2026-07-01,277,ARAVIND D,2026-03-08,G/F,General Fitness,1000.00,,1000.00,due_or_unpaid,R,,,JULY2026,2026-09-10 09:29:30.286046+00
19566,2026-07-01,278,VIGNESH M,2026-03-08,G/F,General Fitness,1000.00,,1000.00,due_or_unpaid,R,,M,JULY2026,2026-09-10 09:29:30.286046+00
19567,2026-07-01,279,MOHAMMED FAAIZ M,2026-03-09,G/F,General Fitness,1000.00,,1000.00,due_or_unpaid,R,,E,JULY2026,2026-09-10 09:29:30.286046+00
19568,2026-07-01,280,PERIYASAMY J,2026-03-05,S/Z,Strength Zone,800.00,,800.00,due_or_unpaid,R,,,JULY2026,2026-09-10 09:29:30.286046+00
19569,2026-07-01,281,AKASH A,2026-07-24,G/F,General Fitness,800.00,,800.00,due_or_unpaid,R,,,JULY2026,2026-09-10 09:29:30.286046+00
19570,2026-07-01,282,SOLOMON K,2026-03-11,G/F,General Fitness,1000.00,,1000.00,due_or_unpaid,R,,,JULY2026,2026-09-10 09:29:30.286046+00
19571,2026-07-01,283,SARAN S,2026-03-11,S/Z,Strength Zone,1000.00,,1000.00,due_or_unpaid,R,,,JULY2026,2026-09-10 09:29:30.286046+00
19572,2026-07-01,284,ARJUN B,2026-03-12,S/Z,Strength Zone,800.00,,800.00,due_or_unpaid,R,,,JULY2026,2026-09-10 09:29:30.286046+00
19573,2026-07-01,285,SARAVANAN,2026-03-12,S/Z,Strength Zone,800.00,,800.00,due_or_unpaid,R,,,JULY2026,2026-09-10 09:29:30.286046+00
19574,2026-07-01,286,TAPAS KUMAR B,2026-03-16,S/Z,Strength Zone,800.00,,800.00,due_or_unpaid,R,,,JULY2026,2026-09-10 09:29:30.286046+00
19575,2026-07-01,287,PRASANTH K,2026-03-16,S/Z,Strength Zone,800.00,,800.00,due_or_unpaid,R,,,JULY2026,2026-09-10 09:29:30.286046+00
19576,2026-07-01,288,SANDHIYA S,2026-03-16,G/F,General Fitness,1000.00,,1000.00,due_or_unpaid,R,,,JULY2026,2026-09-10 09:29:30.286046+00
19577,2026-07-01,289,AMAN KUMAR,2026-03-18,S/Z,Strength Zone,800.00,,800.00,due_or_unpaid,R,,,JULY2026,2026-09-10 09:29:30.286046+00
19578,2026-07-01,290,VARUN KUMAR J,2026-06-24,G/F,General Fitness,1000.00,,1000.00,due_or_unpaid,R,,E,JULY2026,2026-09-10 09:29:30.286046+00
19579,2026-07-01,291,MOHAN H,2026-07-01,S/Z,Strength Zone,800.00,800.00,0.00,paid,PAID,,E,JULY2026,2026-09-10 09:29:30.286046+00
19580,2026-07-01,292,PAUL CHRISTOPHER T,2026-03-29,G/F,General Fitness,1000.00,,1000.00,due_or_unpaid,R,,E,JULY2026,2026-09-10 09:29:30.286046+00
19581,2026-07-01,293,ANAND N,2026-03-02,S/Z,Strength Zone,800.00,,800.00,due_or_unpaid,R,,,JULY2026,2026-09-10 09:29:30.286046+00
19582,2026-07-01,294,GANESH S,2026-04-04,S/Z,Strength Zone,800.00,,800.00,due_or_unpaid,R,,M/E,JULY2026,2026-09-10 09:29:30.286046+00
19583,2026-07-01,295,RAMAN VERMA,2026-03-05,S/Z,Strength Zone,800.00,,800.00,due_or_unpaid,R,,,JULY2026,2026-09-10 09:29:30.286046+00
19584,2026-07-01,296,HARI PRASATH L,2026-03-05,S/Z,Strength Zone,800.00,,800.00,due_or_unpaid,R,,,JULY2026,2026-09-10 09:29:30.286046+00
19585,2026-07-01,297,SELVA P,2026-03-05,S/Z,Strength Zone,800.00,,800.00,due_or_unpaid,R,,E,JULY2026,2026-09-10 09:29:30.286046+00
19586,2026-07-01,298,DILLIBABU,2026-04-12,S/Z,Strength Zone,800.00,,800.00,due_or_unpaid,R,,M,JULY2026,2026-09-10 09:29:30.286046+00
19587,2026-07-01,299,NIVEN K,2026-03-13,G/F,General Fitness,1000.00,,1000.00,due_or_unpaid,R,,M,JULY2026,2026-09-10 09:29:30.286046+00
19588,2026-07-01,300,KALIA AKASH S,2026-03-13,S/Z,Strength Zone,800.00,,800.00,due_or_unpaid,R,,,JULY2026,2026-09-10 09:29:30.286046+00
19589,2026-07-01,301,RAJKUMAR,2026-03-18,S/Z,Strength Zone,800.00,,800.00,due_or_unpaid,R,,,JULY2026,2026-09-10 09:29:30.286046+00
19590,2026-07-01,302,GANESH K,2026-03-28,G/F,General Fitness,100.00,,1000.00,due_or_unpaid,R,,,JULY2026,2026-09-10 09:29:30.286046+00
19591,2026-07-01,303,JAYAPRAKASH V,2026-05-01,G/F,General Fitness,1000.00,,1000.00,due_or_unpaid,R,,M,JULY2026,2026-09-10 09:29:30.286046+00
19592,2026-07-01,304,GANESH S,2026-05-01,G/F,General Fitness,1000.00,,1000.00,due_or_unpaid,R,,M,JULY2026,2026-09-10 09:29:30.286046+00
19593,2026-07-01,305,JASLIN A,2026-05-01,G/F,General Fitness,1000.00,,1000.00,due_or_unpaid,R,,,JULY2026,2026-09-10 09:29:30.286046+00
19594,2026-07-01,306,SATHISH M,2026-05-01,S/Z,Strength Zone,800.00,,800.00,due_or_unpaid,R,,,JULY2026,2026-09-10 09:29:30.286046+00
19595,2026-07-01,307,ARUN K,2026-07-01,S/Z,Strength Zone,800.00,800.00,0.00,paid,PAID,,M/E,JULY2026,2026-09-10 09:29:30.286046+00
19596,2026-07-01,308,BALAJI R,2026-03-02,S/Z,Strength Zone,800.00,,800.00,due_or_unpaid,R,,,JULY2026,2026-09-10 09:29:30.286046+00
19597,2026-07-01,309,JANAKI RAMAN D,2026-04-16,G/F,General Fitness,1000.00,,1000.00,due_or_unpaid,R,,,JULY2026,2026-09-10 09:29:30.286046+00
19598,2026-07-01,310,KAMALA DHASAN M,2026-07-08,S/Z,Strength Zone,800.00,800.00,0.00,paid,PAID,,M,JULY2026,2026-09-10 09:29:30.286046+00
19599,2026-07-01,311,JOHN BENEDICT,2026-03-09,G/F,General Fitness,1000.00,,1000.00,due_or_unpaid,R,,E,JULY2026,2026-09-10 09:29:30.286046+00
19600,2026-07-01,312,PADMANABAN J,2026-03-15,S/Z,Strength Zone,800.00,,800.00,due_or_unpaid,R,,,JULY2026,2026-09-10 09:29:30.286046+00
19601,2026-07-01,313,SABARI GIRI S,2026-03-15,S/Z,Strength Zone,800.00,,800.00,due_or_unpaid,R,,,JULY2026,2026-09-10 09:29:30.286046+00
19602,2026-07-01,314,ROHITH K,2026-03-15,S/Z,Strength Zone,800.00,,800.00,due_or_unpaid,R,,,JULY2026,2026-09-10 09:29:30.286046+00
19603,2026-07-01,315,CHANDHRU,2026-03-15,S/Z,Strength Zone,800.00,,800.00,due_or_unpaid,R,,,JULY2026,2026-09-10 09:29:30.286046+00
19604,2026-07-01,316,RAMESH S,2026-04-16,S/Z,Strength Zone,800.00,,800.00,due_or_unpaid,R,,M,JULY2026,2026-09-10 09:29:30.286046+00
19605,2026-07-01,317,KEERTHI VARMAN S,2026-03-19,S/Z,Strength Zone,800.00,,800.00,due_or_unpaid,R,,,JULY2026,2026-09-10 09:29:30.286046+00
19606,2026-07-01,318,DILLIBABU K,2026-03-02,S/Z,Strength Zone,800.00,,800.00,due_or_unpaid,R,,,JULY2026,2026-09-10 09:29:30.286046+00
19607,2026-07-01,319,ABISHEK KUMAR,2026-03-03,S/Z,Strength Zone,800.00,800.00,0.00,paid,PAID,,M/E,JULY2026,2026-09-10 09:29:30.286046+00
19608,2026-07-01,320,VIKKI KUMAR,2026-03-03,S/Z,Strength Zone,800.00,,800.00,due_or_unpaid,R,,,JULY2026,2026-09-10 09:29:30.286046+00
19609,2026-07-01,321,DHAMODHARAN M,2026-03-06,G/F,General Fitness,1000.00,,1000.00,due_or_unpaid,R,,E,JULY2026,2026-09-10 09:29:30.286046+00
19610,2026-07-01,322,SASI KUMARAN,2026-03-06,G/F,General Fitness,1000.00,,1000.00,due_or_unpaid,R,,M,JULY2026,2026-09-10 09:29:30.286046+00
19611,2026-07-01,323,SANTHOSH T.S,2026-03-06,S/Z,Strength Zone,800.00,,1000.00,due_or_unpaid,R,,E,JULY2026,2026-09-10 09:29:30.286046+00
19612,2026-07-01,324,SHIVAM KUMAR,2026-03-04,S/Z,Strength Zone,800.00,,800.00,due_or_unpaid,R,,M/E,JULY2026,2026-09-10 09:29:30.286046+00
19613,2026-07-01,325,RAUSHAN,2026-03-04,S/Z,Strength Zone,800.00,,800.00,due_or_unpaid,R,,E,JULY2026,2026-09-10 09:29:30.286046+00
19614,2026-07-01,326,EMBHAH,2026-03-11,G/F,General Fitness,1000.00,,1000.00,due_or_unpaid,R,,M/E,JULY2026,2026-09-10 09:29:30.286046+00
19615,2026-07-01,327,HASIYA TRIPURA,2026-03-11,G/F,General Fitness,1000.00,,1000.00,due_or_unpaid,R,,M/E,JULY2026,2026-09-10 09:29:30.286046+00
19616,2026-07-01,328,THANGA RAJ P,2026-07-09,S/Z,Strength Zone,800.00,1000.00,0.00,paid,PAID,,M,JULY2026,2026-09-10 09:29:30.286046+00
19617,2026-07-01,329,SANJU MANDAL,2026-03-23,S/Z,Strength Zone,800.00,,800.00,due_or_unpaid,R,,,JULY2026,2026-09-10 09:29:30.286046+00
19618,2026-07-01,330,EARM RAZA,2026-05-14,S/Z,Strength Zone,800.00,,800.00,due_or_unpaid,R,,M,JULY2026,2026-09-10 09:29:30.286046+00
19619,2026-07-01,331,VENKAT P,2026-03-27,S/Z,Strength Zone,800.00,,800.00,due_or_unpaid,R,,M,JULY2026,2026-09-10 09:29:30.286046+00
19620,2026-07-01,332,DINESH KARTHIK K,2026-03-27,S/Z,Strength Zone,800.00,,800.00,due_or_unpaid,R,,M,JULY2026,2026-09-10 09:29:30.286046+00
19621,2026-07-01,333,PRAKASH R,2026-05-01,G/F,General Fitness,1000.00,,1000.00,due_or_unpaid,R,,M,JULY2026,2026-09-10 09:29:30.286046+00
19622,2026-07-01,334,MAGESH G,2027-01-01,G/F,General Fitness,1000.00,,7500.00,due_or_unpaid,R,,M,JULY2026,2026-09-10 09:29:30.286046+00
19623,2026-07-01,335,SHOHRAB KHAN,2026-03-03,S/Z,Strength Zone,800.00,,800.00,due_or_unpaid,R,,E,JULY2026,2026-09-10 09:29:30.286046+00
19624,2026-07-01,336,JOHN Y,2026-03-03,S/Z,Strength Zone,800.00,,800.00,due_or_unpaid,R,,E,JULY2026,2026-09-10 09:29:30.286046+00
19625,2026-07-01,337,SARATHY KUMAR D,2026-03-06,G/F,General Fitness,1000.00,,1000.00,due_or_unpaid,R,,,JULY2026,2026-09-10 09:29:30.286046+00
19626,2026-07-01,338,SURENDHAR P,2026-03-07,S/Z,Strength Zone,800.00,,800.00,due_or_unpaid,R,,,JULY2026,2026-09-10 09:29:30.286046+00
19627,2026-07-01,339,VARADHARAJ N,2027-01-17,G/F,General Fitness,7500.00,,7500.00,due_or_unpaid,R,,M,JULY2026,2026-09-10 09:29:30.286046+00
19628,2026-07-01,340,JAGBIR SINGH,2026-03-10,S/Z,Strength Zone,800.00,,800.00,due_or_unpaid,R,,,JULY2026,2026-09-10 09:29:30.286046+00
19629,2026-07-01,341,MUKESH M,2026-03-11,S/Z,Strength Zone,800.00,,800.00,due_or_unpaid,R,,M,JULY2026,2026-09-10 09:29:30.286046+00
19630,2026-07-01,342,VAIKO S,2026-03-17,G/F,General Fitness,1000.00,,1000.00,due_or_unpaid,R,,M,JULY2026,2026-09-10 09:29:30.286046+00
19631,2026-07-01,343,PRITHIVIRAJ B,2026-06-17,G/F,General Fitness,1000.00,,1000.00,due_or_unpaid,R,,E,JULY2026,2026-09-10 09:29:30.286046+00
19632,2026-07-01,344,ASISH,2026-03-22,S/Z,Strength Zone,800.00,,800.00,due_or_unpaid,R,,,JULY2026,2026-09-10 09:29:30.286046+00
19633,2026-07-01,345,DEEPAK S,2026-04-22,S/Z,Strength Zone,800.00,,800.00,due_or_unpaid,R,,,JULY2026,2026-09-10 09:29:30.286046+00
19634,2026-07-01,346,KRISHNA KUMAR,2026-03-26,S/Z,Strength Zone,1000.00,,800.00,due_or_unpaid,R,,,JULY2026,2026-09-10 09:29:30.286046+00
19635,2026-07-01,347,HAREESH M,2026-03-27,S/Z,Strength Zone,800.00,,800.00,due_or_unpaid,R,,,JULY2026,2026-09-10 09:29:30.286046+00
19636,2026-07-01,348,RAMACHANTHIRAN S,2026-03-28,G/F,General Fitness,800.00,,1000.00,due_or_unpaid,R,,,JULY2026,2026-09-10 09:29:30.286046+00
19637,2026-07-01,349,SARATHI N,2026-06-28,S/Z,Strength Zone,800.00,,800.00,due_or_unpaid,R,,,JULY2026,2026-09-10 09:29:30.286046+00
19638,2026-07-01,350,MAHESH RAM S,2026-05-01,G/F,General Fitness,1000.00,,1000.00,due_or_unpaid,R,,,JULY2026,2026-09-10 09:29:30.286046+00
19639,2026-07-01,351,MANISH M,2026-07-03,G/F,General Fitness,1000.00,1000.00,0.00,paid,PAID,,M,JULY2026,2026-09-10 09:29:30.286046+00
19640,2026-07-01,352,SATHYA R,2026-04-09,S/Z,Strength Zone,800.00,,800.00,due_or_unpaid,R,,E,JULY2026,2026-09-10 09:29:30.286046+00
19641,2026-07-01,353,PRANAV M,2026-03-12,S/Z,Strength Zone,800.00,,800.00,due_or_unpaid,R,,M/E,JULY2026,2026-09-10 09:29:30.286046+00
19642,2026-07-01,354,RINKU ALI,2026-03-13,S/Z,Strength Zone,800.00,,800.00,due_or_unpaid,R,,M,JULY2026,2026-09-10 09:29:30.286046+00
19643,2026-07-01,355,SHARIF UDDIN,2026-03-13,S/Z,Strength Zone,800.00,,800.00,due_or_unpaid,R,,M,JULY2026,2026-09-10 09:29:30.286046+00
19644,2026-07-01,356,THANASURYA T,2026-03-15,G/F,General Fitness,100.00,,1000.00,due_or_unpaid,R,,,JULY2026,2026-09-10 09:29:30.286046+00
19645,2026-07-01,357,JAY,2026-03-15,S/Z,Strength Zone,800.00,,800.00,due_or_unpaid,R,,M,JULY2026,2026-09-10 09:29:30.286046+00
19646,2026-07-01,358,REAJUL ISLAM,2026-03-15,S/Z,Strength Zone,800.00,,800.00,due_or_unpaid,R,,M,JULY2026,2026-09-10 09:29:30.286046+00
19647,2026-07-01,359,RANJAN KUMAR BEHERA,2026-03-15,S/Z,Strength Zone,800.00,,800.00,due_or_unpaid,R,,M,JULY2026,2026-09-10 09:29:30.286046+00
19648,2026-07-01,360,ROHIBUL HOQUE,2026-03-16,S/Z,Strength Zone,800.00,,800.00,due_or_unpaid,R,,,JULY2026,2026-09-10 09:29:30.286046+00
19649,2026-07-01,361,AIJUL HOQUE,2026-03-16,S/Z,Strength Zone,800.00,,800.00,due_or_unpaid,R,,,JULY2026,2026-09-10 09:29:30.286046+00
19650,2026-07-01,362,BALAVAISHNAVI L,2026-03-18,G/F,General Fitness,1000.00,,1000.00,due_or_unpaid,R,,E,JULY2026,2026-09-10 09:29:30.286046+00
19651,2026-07-01,363,VINOTH KUMAR S,2026-07-18,S/Z,Strength Zone,800.00,800.00,0.00,paid,PAID,,E,JULY2026,2026-09-10 09:29:30.286046+00
19652,2026-07-01,364,DINESH KUMAR M,2026-06-21,S/Z,Strength Zone,800.00,,2500.00,due_or_unpaid,R,,,JULY2026,2026-09-10 09:29:30.286046+00
19653,2026-07-01,365,THIRUNAVUKKARASU V,2026-04-22,S/Z,Strength Zone,800.00,,800.00,due_or_unpaid,R,,,JULY2026,2026-09-10 09:29:30.286046+00
19654,2026-07-01,366,SHARFUDEEN,2026-03-29,G/F,General Fitness,1000.00,,1000.00,due_or_unpaid,R,,,JULY2026,2026-09-10 09:29:30.286046+00
19655,2026-07-01,367,ARUN KUMAR VEL,2026-07-02,G/F,General Fitness,1000.00,1000.00,0.00,paid,PAID,,M,JULY2026,2026-09-10 09:29:30.286046+00
19656,2026-07-01,368,LAVANYA D,2026-07-03,G/F,General Fitness,1000.00,1000.00,0.00,paid,PAID,,M,JULY2026,2026-09-10 09:29:30.286046+00
19657,2026-07-01,369,MAMTA RAO,2026-06-05,G/F,General Fitness,1000.00,,1000.00,due_or_unpaid,R,,E,JULY2026,2026-09-10 09:29:30.286046+00
19658,2026-07-01,370,RAVICHANDRAN A,2026-04-06,S/Z,Strength Zone,800.00,,800.00,due_or_unpaid,R,,M,JULY2026,2026-09-10 09:29:30.286046+00
19659,2026-07-01,371,KEERTHANA N,2026-03-06,G/F,General Fitness,1000.00,,1000.00,due_or_unpaid,R,,E,JULY2026,2026-09-10 09:29:30.286046+00
19660,2026-07-01,372,VADAMALAI S,2026-04-08,G/F,General Fitness,1000.00,,1000.00,due_or_unpaid,R,,E,JULY2026,2026-09-10 09:29:30.286046+00
19661,2026-07-01,373,KHIRUD MUDI P,2026-07-08,S/Z,Strength Zone,1000.00,800.00,800.00,paid,PAID,,E,JULY2026,2026-09-10 09:29:30.286046+00
19662,2026-07-01,374,BISHAL,2026-07-08,S/Z,Strength Zone,800.00,,800.00,due_or_unpaid,R,B200,E,JULY2026,2026-09-10 09:29:30.286046+00
19663,2026-07-01,375,AMINUL ISLAM,2026-03-10,S,,800.00,,800.00,due_or_unpaid,R,,,JULY2026,2026-09-10 09:29:30.286046+00
19664,2026-07-01,376,BALA YS,2027-02-01,G/F,General Fitness,1000.00,,7500.00,due_or_unpaid,R,,,JULY2026,2026-09-10 09:29:30.286046+00
19665,2026-07-01,377,VISHAL S,2026-07-01,S/Z,Strength Zone,800.00,,800.00,due_or_unpaid,R,,E,JULY2026,2026-09-10 09:29:30.286046+00
19666,2026-07-01,378,DINESH K,2026-06-22,S/Z,Strength Zone,800.00,,800.00,due_or_unpaid,R,,E,JULY2026,2026-09-10 09:29:30.286046+00
19667,2026-07-01,379,GOKULALAKSHMI M,2026-07-20,S/Z,Strength Zone,1000.00,,1000.00,due_or_unpaid,R,3000,M,JULY2026,2026-09-10 09:29:30.286046+00
19668,2026-07-01,380,UMA SHANKER S,2026-07-02,S/Z,Strength Zone,800.00,800.00,0.00,paid,PAID,,E,JULY2026,2026-09-10 09:29:30.286046+00
19669,2026-07-01,381,BHUVANESH,2026-05-02,S/Z,Strength Zone,800.00,,800.00,due_or_unpaid,R,,E,JULY2026,2026-09-10 09:29:30.286046+00
19670,2026-07-01,382,JEEVAN GANESH V,2026-04-23,S/Z,Strength Zone,800.00,,800.00,due_or_unpaid,R,,,JULY2026,2026-09-10 09:29:30.286046+00
19671,2026-07-01,383,GURUPRASANTH S,2026-04-02,G/F,General Fitness,1000.00,,1000.00,due_or_unpaid,R,,M,JULY2026,2026-09-10 09:29:30.286046+00
19672,2026-07-01,384,PRABHU VASANTH S,2026-04-02,G/F,General Fitness,1000.00,,1000.00,due_or_unpaid,R,,M,JULY2026,2026-09-10 09:29:30.286046+00
19673,2026-07-01,385,DILIP KUMAR S,2026-07-03,G/F,General Fitness,1000.00,1000.00,0.00,paid,PAID,,M,JULY2026,2026-09-10 09:29:30.286046+00
19674,2026-07-01,386,DEEPAK R,2026-07-03,G/F,General Fitness,1000.00,,1000.00,due_or_unpaid,R,,M,JULY2026,2026-09-10 09:29:30.286046+00
19675,2026-07-01,387,INDHARAN A,2026-04-05,G/F,General Fitness,1000.00,,1000.00,due_or_unpaid,R,,,JULY2026,2026-09-10 09:29:30.286046+00
19676,2026-07-01,388,MAHESH,2026-04-11,G/F,General Fitness,1000.00,,1000.00,due_or_unpaid,R,,M,JULY2026,2026-09-10 09:29:30.286046+00
19677,2026-07-01,389,MURALI L,2026-04-11,G/F,General Fitness,1000.00,,1000.00,due_or_unpaid,R,,,JULY2026,2026-09-10 09:29:30.286046+00
19678,2026-07-01,390,KISHAN KUMAR,2026-04-11,G/F,General Fitness,1000.00,,1000.00,due_or_unpaid,R,,,JULY2026,2026-09-10 09:29:30.286046+00
19679,2026-07-01,391,KAILASH KUMAR,2026-04-11,G/F,General Fitness,1000.00,,1000.00,due_or_unpaid,R,,,JULY2026,2026-09-10 09:29:30.286046+00
19680,2026-07-01,392,GAJINDER SINGH,2026-06-12,S/Z,Strength Zone,800.00,,1000.00,due_or_unpaid,R,,M,JULY2026,2026-09-10 09:29:30.286046+00
19681,2026-07-01,393,SAGAR SHUKLA,2026-04-12,S/Z,Strength Zone,800.00,,800.00,due_or_unpaid,R,,M,JULY2026,2026-09-10 09:29:30.286046+00
19682,2026-07-01,394,MOHANA SUNDARAM J,2026-04-12,G/F,General Fitness,1000.00,,1000.00,due_or_unpaid,R,,M,JULY2026,2026-09-10 09:29:30.286046+00
19683,2026-07-01,395,ARUN KUMAR J,2026-04-12,S/Z,Strength Zone,800.00,,800.00,due_or_unpaid,R,,E,JULY2026,2026-09-10 09:29:30.286046+00
19684,2026-07-01,396,POOVARASAN S,2026-04-16,G/F,General Fitness,1000.00,,1000.00,due_or_unpaid,R,,,JULY2026,2026-09-10 09:29:30.286046+00
19685,2026-07-01,397,JERRY SHYAM K,2026-05-23,S/Z,Strength Zone,1000.00,,3000.00,due_or_unpaid,R,,E,JULY2026,2026-09-10 09:29:30.286046+00
19686,2026-07-01,398,BALAJI,2026-06-27,G/F,General Fitness,800.00,,800.00,due_or_unpaid,R,,M,JULY2026,2026-09-10 09:29:30.286046+00
19687,2026-07-01,399,SAMUVEL A,2026-05-02,S/Z,Strength Zone,800.00,,800.00,due_or_unpaid,R,,,JULY2026,2026-09-10 09:29:30.286046+00
19688,2026-07-01,400,ARUN KUMAR U,2026-06-03,S/Z,Strength Zone,800.00,,800.00,due_or_unpaid,R,,,JULY2026,2026-09-10 09:29:30.286046+00
19689,2026-07-01,401,FRANCIS M,2026-07-03,S/Z,Strength Zone,800.00,,800.00,due_or_unpaid,R,,M,JULY2026,2026-09-10 09:29:30.286046+00
19690,2026-07-01,402,PRAVEEN S.V,2026-05-03,G/F,General Fitness,1000.00,,1000.00,due_or_unpaid,R,,E,JULY2026,2026-09-10 09:29:30.286046+00
19691,2026-07-01,403,EMIMA,2026-05-03,G/F,General Fitness,1000.00,,1000.00,due_or_unpaid,R,,E,JULY2026,2026-09-10 09:29:30.286046+00
19692,2026-07-01,404,NIRANJAN M,2026-04-10,S/Z,Strength Zone,800.00,,800.00,due_or_unpaid,R,,M,JULY2026,2026-09-10 09:29:30.286046+00
19693,2026-07-01,405,JAYAPRAKASH V,2026-04-10,S/Z,Strength Zone,800.00,,800.00,due_or_unpaid,R,,,JULY2026,2026-09-10 09:29:30.286046+00
19694,2026-07-01,406,MANIGANDAN M,2026-07-10,S/Z,Strength Zone,800.00,800.00,0.00,paid,PAID,,E,JULY2026,2026-09-10 09:29:30.286046+00
19695,2026-07-01,407,DATCHINESH K,2026-07-13,S/Z,Strength Zone,800.00,,800.00,due_or_unpaid,R,,E,JULY2026,2026-09-10 09:29:30.286046+00
19696,2026-07-01,408,VICTOR D,2026-05-17,S/Z,Strength Zone,800.00,,800.00,due_or_unpaid,R,,,JULY2026,2026-09-10 09:29:30.286046+00
19697,2026-07-01,409,VETRIVEL A,2026-06-21,G/F,General Fitness,1000.00,,1000.00,due_or_unpaid,R,,E,JULY2026,2026-09-10 09:29:30.286046+00
19698,2026-07-01,410,MITU PALLI,2026-06-24,S/Z,Strength Zone,800.00,,800.00,due_or_unpaid,R,,M,JULY2026,2026-09-10 09:29:30.286046+00
19699,2026-07-01,411,SHYAM CALLVIN S,2026-06-24,S/Z,Strength Zone,800.00,,800.00,due_or_unpaid,R,,E,JULY2026,2026-09-10 09:29:30.286046+00
19700,2026-07-01,412,SESHATHIRI G,2026-06-28,S/Z,Strength Zone,1000.00,,800.00,due_or_unpaid,R,,,JULY2026,2026-09-10 09:29:30.286046+00
19701,2026-07-01,413,YOGESH,2026-05-30,S/Z,Strength Zone,1000.00,,800.00,due_or_unpaid,R,,M,JULY2026,2026-09-10 09:29:30.286046+00
19702,2026-07-01,414,NITHISH KUMAR S,2026-05-30,G/F,General Fitness,1000.00,,1000.00,due_or_unpaid,R,,,JULY2026,2026-09-10 09:29:30.286046+00
19703,2026-07-01,415,YOGESHWARAN S,2026-07-01,S/Z,Strength Zone,1000.00,800.00,800.00,paid,PAID,,M,JULY2026,2026-09-10 09:29:30.286046+00
19704,2026-07-01,416,ASHWIN S,2026-06-02,S/Z,Strength Zone,1000.00,800.00,800.00,paid,PAID,,M,JULY2026,2026-09-10 09:29:30.286046+00
19705,2026-07-01,417,SURESH G,2026-07-03,S/Z,Strength Zone,800.00,800.00,0.00,paid,PAID,,M,JULY2026,2026-09-10 09:29:30.286046+00
19706,2026-07-01,418,TAMANNA G,2026-04-03,G/F,General Fitness,1000.00,,1000.00,due_or_unpaid,R,,E,JULY2026,2026-09-10 09:29:30.286046+00
19707,2026-07-01,419,PRASANTH E,2026-06-07,G/F,General Fitness,1000.00,1000.00,0.00,paid,PAID,,M/E,JULY2026,2026-09-10 09:29:30.286046+00
19708,2026-07-01,420,DHIVAGAR N,2026-07-22,G/F,General Fitness,1200.00,,1000.00,due_or_unpaid,R,,M/E,JULY2026,2026-09-10 09:29:30.286046+00
19709,2026-07-01,421,THIYAGU R,2026-07-22,G/F,General Fitness,1200.00,,1000.00,due_or_unpaid,R,,M/E,JULY2026,2026-09-10 09:29:30.286046+00
19710,2026-07-01,422,KIRAN SAI K,2026-07-08,S/Z,Strength Zone,800.00,,800.00,due_or_unpaid,R,,E,JULY2026,2026-09-10 09:29:30.286046+00
19711,2026-07-01,423,MONESWAR KHARWAR,2026-07-03,S/Z,Strength Zone,800.00,800.00,0.00,paid,PAID,,E,JULY2026,2026-09-10 09:29:30.286046+00
19712,2026-07-01,424,SUMBU MURA,2026-07-11,S/Z,Strength Zone,800.00,,800.00,due_or_unpaid,R,,E,JULY2026,2026-09-10 09:29:30.286046+00
19713,2026-07-01,425,NISHWIK B,2026-06-13,S/Z,Strength Zone,800.00,,800.00,due_or_unpaid,R,,M,JULY2026,2026-09-10 09:29:30.286046+00
19714,2026-07-01,426,KARAN SINGH,2026-06-17,S/Z,Strength Zone,800.00,,800.00,due_or_unpaid,R,,,JULY2026,2026-09-10 09:29:30.286046+00
19715,2026-07-01,427,VALLARASU R,2026-06-20,G/F,General Fitness,1000.00,,1000.00,due_or_unpaid,R,,M,JULY2026,2026-09-10 09:29:30.286046+00
19716,2026-07-01,428,MELKIN MATHEW G,2026-06-21,S/Z,Strength Zone,800.00,,800.00,due_or_unpaid,R,,,JULY2026,2026-09-10 09:29:30.286046+00
19717,2026-07-01,429,MAHALAKSHMI M,2026-07-21,G/F,General Fitness,1000.00,1000.00,0.00,paid,PAID,,E,JULY2026,2026-09-10 09:29:30.286046+00
19718,2026-07-01,430,ABAVANAN G,2026-07-01,S/Z,Strength Zone,800.00,800.00,0.00,paid,PAID,,M,JULY2026,2026-09-10 09:29:30.286046+00
19719,2026-07-01,431,KABILAN K,2026-07-05,S/Z,Strength Zone,800.00,,800.00,due_or_unpaid,R,,M,JULY2026,2026-09-10 09:29:30.286046+00
19720,2026-07-01,432,LAWSOU JERRY K,2026-06-05,S/Z,Strength Zone,1000.00,,1000.00,due_or_unpaid,R,,M,JULY2026,2026-09-10 09:29:30.286046+00
19721,2026-07-01,433,ALOK KUMAR SINGH,2026-07-08,S/Z,Strength Zone,800.00,,800.00,due_or_unpaid,R,,E,JULY2026,2026-09-10 09:29:30.286046+00
19722,2026-07-01,434,AJAY K,2026-07-08,G/F,General Fitness,1000.00,,1000.00,due_or_unpaid,R,,E,JULY2026,2026-09-10 09:29:30.286046+00
19723,2026-07-01,435,DIVAKAR M,2026-07-03,G/F,General Fitness,1000.00,1000.00,0.00,paid,PAID,,E,JULY2026,2026-09-10 09:29:30.286046+00
19724,2026-07-01,436,KEERTHANA R,2026-07-20,G/F,General Fitness,1000.00,1000.00,0.00,paid,PAID,,M,JULY2026,2026-09-10 09:29:30.286046+00
19725,2026-07-01,437,CHARAN SAAI B,2026-06-27,G/F,General Fitness,1000.00,,1000.00,due_or_unpaid,R,,E,JULY2026,2026-09-10 09:29:30.286046+00
19726,2026-07-01,438,ABI YUVARAJ K,2026-07-01,S/Z,Strength Zone,1000.00,,800.00,due_or_unpaid,R,,,JULY2026,2026-09-10 09:29:30.286046+00
19727,2026-07-01,439,GAYATHIRI,2026-07-05,S/Z,Strength Zone,800.00,1000.00,0.00,paid,R,,M,JULY2026,2026-09-10 09:29:30.286046+00
19728,2026-07-01,440,SAKTHIVEL R,2026-07-04,S/Z,Strength Zone,800.00,800.00,0.00,paid,PAID,,M,JULY2026,2026-09-10 09:29:30.286046+00
19729,2026-07-01,441,BALAJI,2026-07-05,G/F,General Fitness,1000.00,,1000.00,due_or_unpaid,R,,M,JULY2026,2026-09-10 09:29:30.286046+00
19730,2026-07-01,442,SANDEEP,2026-07-06,G/F,General Fitness,800.00,800.00,0.00,paid,PAID,,M,JULY2026,2026-09-10 09:29:30.286046+00
19731,2026-07-01,443,TIKESH PATEL,2026-07-08,S/Z,Strength Zone,800.00,800.00,0.00,paid,PAID,,M,JULY2026,2026-09-10 09:29:30.286046+00
19732,2026-07-01,444,KARTHICK,2026-12-10,S/Z,Strength Zone,4500.00,,800.00,due_or_unpaid,R,,,JULY2026,2026-09-10 09:29:30.286046+00
19733,2026-07-01,445,GUNALAN,2026-07-16,G/F,General Fitness,1000.00,800.00,800.00,paid,PAID,,E,JULY2026,2026-09-10 09:29:30.286046+00
19734,2026-07-01,446,RAJESH,2026-07-16,G/F,General Fitness,1000.00,,1000.00,due_or_unpaid,R,,E,JULY2026,2026-09-10 09:29:30.286046+00
19735,2026-07-01,447,BALA,2026-09-17,S/Z,Strength Zone,2500.00,,800.00,due_or_unpaid,R,,E,JULY2026,2026-09-10 09:29:30.286046+00
19736,2026-07-01,448,SRINIVASAN,2026-07-18,G/F,General Fitness,1000.00,1000.00,0.00,paid,PAID,,M,JULY2026,2026-09-10 09:29:30.286046+00
19737,2026-07-01,449,INBARAJ M,2026-07-19,S/Z,Strength Zone,800.00,800.00,0.00,paid,PAID,,E,JULY2026,2026-09-10 09:29:30.286046+00
19738,2026-07-01,450,AJAY YADAV,2026-07-28,S/Z,Strength Zone,800.00,800.00,0.00,paid,PAID,,M,JULY2026,2026-09-10 09:29:30.286046+00
19739,2026-07-01,451,LOHIT SAI RAJA T,2026-07-29,S/Z,Strength Zone,800.00,41400.00,0.00,paid,R,,M,JULY2026,2026-09-10 09:29:30.286046+00
19740,2026-07-01,452,PARTHIBAN M,2026-07-30,S/Z,Strength Zone,800.00,,800.00,due_or_unpaid,R,,E,JULY2026,2026-09-10 09:29:30.286046+00
19741,2026-07-01,453,KHIRUBAKARAN,2026-07-30,S/Z,Strength Zone,800.00,,800.00,due_or_unpaid,R,,E,JULY2026,2026-09-10 09:29:30.286046+00
19742,2026-07-01,454,PRINCE L,2026-07-30,S/Z,Strength Zone,800.00,,800.00,due_or_unpaid,R,,E,JULY2026,2026-09-10 09:29:30.286046+00
19743,2026-07-01,455,RILSON A,2026-07-30,S/Z,Strength Zone,800.00,,800.00,due_or_unpaid,R,,E,JULY2026,2026-09-10 09:29:30.286046+00
19744,2026-09-01,1,SUNDHAR M,2026-03-09,S/Z,Strength Zone,800.00,,800.00,due_or_unpaid,R,,,SEPT2026,2026-09-10 09:29:30.286046+00
19745,2026-09-01,2,NITHYASEELAN P,2026-03-09,S/Z,Strength Zone,800.00,,800.00,due_or_unpaid,R,,,SEPT2026,2026-09-10 09:29:30.286046+00
19746,2026-09-01,3,SANJEEVA REDDY C,2026-03-09,S/Z,Strength Zone,800.00,,800.00,due_or_unpaid,R,,M/E,SEPT2026,2026-09-10 09:29:30.286046+00
19747,2026-09-01,4,ABDUL RAHMAN A,2026-03-09,S/Z,Strength Zone,800.00,,1000.00,due_or_unpaid,R,,,SEPT2026,2026-09-10 09:29:30.286046+00
19748,2026-09-01,5,SANTHOSH KUMAR G,2026-03-09,G/F,General Fitness,1000.00,,1000.00,due_or_unpaid,R,,,SEPT2026,2026-09-10 09:29:30.286046+00
19749,2026-09-01,6,SATHISH KUMAR J,2026-03-09,G/F,General Fitness,1000.00,,1000.00,due_or_unpaid,R,,,SEPT2026,2026-09-10 09:29:30.286046+00
19750,2026-09-01,7,VIJAYABABU C,2027-01-09,G/F,General Fitness,7500.00,,7500.00,due_or_unpaid,R,,M,SEPT2026,2026-09-10 09:29:30.286046+00
19751,2026-09-01,8,ISTJHAR AHAMAD,2026-03-09,G/F,General Fitness,1000.00,,1000.00,due_or_unpaid,R,,,SEPT2026,2026-09-10 09:29:30.286046+00
19752,2026-09-01,9,MUBARAK ALI,2026-03-09,S/Z,Strength Zone,800.00,,800.00,due_or_unpaid,R,,,SEPT2026,2026-09-10 09:29:30.286046+00
19753,2026-09-01,10,GULJOR HUSSAIN,2026-03-09,S/Z,Strength Zone,800.00,,800.00,due_or_unpaid,R,,,SEPT2026,2026-09-10 09:29:30.286046+00
19754,2026-09-01,11,SURHAB ALI,2026-03-09,S/Z,Strength Zone,800.00,,800.00,due_or_unpaid,R,,,SEPT2026,2026-09-10 09:29:30.286046+00
19755,2026-09-01,12,SATHYA M,2026-03-09,G/F,General Fitness,800.00,,800.00,due_or_unpaid,R,,,SEPT2026,2026-09-10 09:29:30.286046+00
19756,2026-09-01,13,PORTAP CHETRY,2026-03-09,S/Z,Strength Zone,800.00,,800.00,due_or_unpaid,R,,,SEPT2026,2026-09-10 09:29:30.286046+00
19757,2026-09-01,14,TAMIL,2026-03-09,G/F,General Fitness,1000.00,,1000.00,due_or_unpaid,R,,,SEPT2026,2026-09-10 09:29:30.286046+00
19758,2026-09-01,15,DEEPAK M,2026-09-17,S/Z,Strength Zone,800.00,,800.00,due_or_unpaid,R,,M,SEPT2026,2026-09-10 09:29:30.286046+00
19759,2026-09-01,16,SARATH KUMAR A,2026-03-10,S/Z,Strength Zone,800.00,,800.00,due_or_unpaid,R,,,SEPT2026,2026-09-10 09:29:30.286046+00
19760,2026-09-01,17,UDHAYA PANDIAN,2026-03-10,G/F,General Fitness,1000.00,,1000.00,due_or_unpaid,R,,M,SEPT2026,2026-09-10 09:29:30.286046+00
19761,2026-09-01,18,MANJIT KUMAR,2026-06-27,S/Z,Strength Zone,800.00,,800.00,due_or_unpaid,R,,M/E,SEPT2026,2026-09-10 09:29:30.286046+00
19762,2026-09-01,19,YUVARAJ C,2026-03-10,G/F,General Fitness,1000.00,,1000.00,due_or_unpaid,R,,E,SEPT2026,2026-09-10 09:29:30.286046+00
19763,2026-09-01,20,CHARLES,2026-03-09,S/Z,Strength Zone,800.00,,1000.00,due_or_unpaid,R,,,SEPT2026,2026-09-10 09:29:30.286046+00
19764,2026-09-01,21,DHANUSH V,2026-03-10,S/Z,Strength Zone,800.00,,800.00,due_or_unpaid,R,,,SEPT2026,2026-09-10 09:29:30.286046+00
19765,2026-09-01,22,BOLORAM PONIKA A.J,2026-03-10,S/Z,Strength Zone,800.00,,800.00,due_or_unpaid,R,,,SEPT2026,2026-09-10 09:29:30.286046+00
19766,2026-09-01,23,PRASANTH M,2026-03-10,S/Z,Strength Zone,800.00,,800.00,due_or_unpaid,R,,,SEPT2026,2026-09-10 09:29:30.286046+00
19767,2026-09-01,24,RAGUL R,2026-09-20,S/Z,Strength Zone,800.00,,800.00,due_or_unpaid,R,,E,SEPT2026,2026-09-10 09:29:30.286046+00
19768,2026-09-01,25,SANTHOSH M,2026-03-11,S/Z,Strength Zone,800.00,,800.00,due_or_unpaid,R,,,SEPT2026,2026-09-10 09:29:30.286046+00
19769,2026-09-01,26,MAZID ALI,2026-03-11,S/Z,Strength Zone,800.00,,800.00,due_or_unpaid,R,,,SEPT2026,2026-09-10 09:29:30.286046+00
19770,2026-09-01,27,SADIKUL ISLAM,2026-03-11,S/Z,Strength Zone,800.00,,800.00,due_or_unpaid,R,,,SEPT2026,2026-09-10 09:29:30.286046+00
19771,2026-09-01,28,LAKSHWANTH,2026-05-14,G/F,General Fitness,800.00,,1000.00,due_or_unpaid,R,,E,SEPT2026,2026-09-10 09:29:30.286046+00
19772,2026-09-01,29,GOWTHAM A,2026-05-01,S/Z,Strength Zone,800.00,,800.00,due_or_unpaid,R,,,SEPT2026,2026-09-10 09:29:30.286046+00
19773,2026-09-01,30,PRADEEP Y,2026-09-20,S/Z,Strength Zone,800.00,,800.00,due_or_unpaid,R,,M/E,SEPT2026,2026-09-10 09:29:30.286046+00
19774,2026-09-01,31,ROHIT R,2026-09-12,S/Z,Strength Zone,800.00,,800.00,due_or_unpaid,R,,E,SEPT2026,2026-09-10 09:29:30.286046+00
19775,2026-09-01,32,RISHI,2026-08-03,S/Z,Strength Zone,800.00,,800.00,due_or_unpaid,R,,E,SEPT2026,2026-09-10 09:29:30.286046+00
19776,2026-09-01,33,GOPAL B,2026-09-29,S/Z,Strength Zone,800.00,,800.00,due_or_unpaid,R,,E,SEPT2026,2026-09-10 09:29:30.286046+00
19777,2026-09-01,34,KODOM ALI D,2026-03-13,S/Z,Strength Zone,800.00,,800.00,due_or_unpaid,R,,,SEPT2026,2026-09-10 09:29:30.286046+00
19778,2026-09-01,35,SUJAB ALI A,2026-03-13,S/Z,Strength Zone,800.00,,800.00,due_or_unpaid,R,,,SEPT2026,2026-09-10 09:29:30.286046+00
19779,2026-09-01,36,ASHABUL HOQUE S,2026-03-13,S/Z,Strength Zone,800.00,,800.00,due_or_unpaid,R,,,SEPT2026,2026-09-10 09:29:30.286046+00
19780,2026-09-01,37,SURESH K,2026-03-13,G/F,General Fitness,1000.00,,1000.00,due_or_unpaid,R,,,SEPT2026,2026-09-10 09:29:30.286046+00
19781,2026-09-01,38,YUVARAJ B,2026-09-13,S/F,,800.00,,800.00,due_or_unpaid,R,,E,SEPT2026,2026-09-10 09:29:30.286046+00
19782,2026-09-01,39,BALAKUMAR H,2026-09-13,G/F,General Fitness,1000.00,,1000.00,due_or_unpaid,R,,E,SEPT2026,2026-09-10 09:29:30.286046+00
19783,2026-09-01,40,SIDDHARATH V,2026-03-13,S/Z,Strength Zone,1000.00,,1000.00,due_or_unpaid,R,,M/E,SEPT2026,2026-09-10 09:29:30.286046+00
19784,2026-09-01,41,VAJRAVEL A,2026-09-13,G/F,General Fitness,1000.00,,1000.00,due_or_unpaid,R,,M,SEPT2026,2026-09-10 09:29:30.286046+00
19785,2026-09-01,42,SARAVANAN K,,S/Z,Strength Zone,800.00,,800.00,due_or_unpaid,R,,E,SEPT2026,2026-09-10 09:29:30.286046+00
19786,2026-09-01,43,ARJUN S,2026-03-13,S/Z,Strength Zone,800.00,,800.00,due_or_unpaid,R,,,SEPT2026,2026-09-10 09:29:30.286046+00
19787,2026-09-01,44,RAM PRASAD,2026-03-14,G/F,General Fitness,1000.00,,1000.00,due_or_unpaid,R,,,SEPT2026,2026-09-10 09:29:30.286046+00
19788,2026-09-01,45,SANTHOSH,2026-05-01,S/Z,Strength Zone,800.00,,800.00,due_or_unpaid,R,,,SEPT2026,2026-09-10 09:29:30.286046+00
19789,2026-09-01,46,SRI RAM R,2026-09-14,S/Z,Strength Zone,1000.00,,1000.00,due_or_unpaid,R,,E,SEPT2026,2026-09-10 09:29:30.286046+00
19790,2026-09-01,47,ANBU N,2026-03-14,G/F,General Fitness,1000.00,,1000.00,due_or_unpaid,R,,,SEPT2026,2026-09-10 09:29:30.286046+00
19791,2026-09-01,48,ARAVINDKUMAR P,2026-03-14,S/Z,Strength Zone,800.00,,800.00,due_or_unpaid,R,,,SEPT2026,2026-09-10 09:29:30.286046+00
19792,2026-09-01,49,ARUN S,2026-03-16,G/F,General Fitness,1000.00,,1000.00,due_or_unpaid,R,,,SEPT2026,2026-09-10 09:29:30.286046+00
19793,2026-09-01,50,AATHI,2026-09-18,S/Z,Strength Zone,800.00,,800.00,due_or_unpaid,R,,E,SEPT2026,2026-09-10 09:29:30.286046+00
19794,2026-09-01,51,JOTHILINGAM R,2026-03-15,G/F,General Fitness,1000.00,,1000.00,due_or_unpaid,R,,,SEPT2026,2026-09-10 09:29:30.286046+00
19795,2026-09-01,52,VASANTH J,2027-01-15,S/Z,Strength Zone,7500.00,,7500.00,due_or_unpaid,R,,M,SEPT2026,2026-09-10 09:29:30.286046+00
19796,2026-09-01,53,BESTY PAULINE,2026-03-16,G/F,General Fitness,1000.00,,1000.00,due_or_unpaid,R,,,SEPT2026,2026-09-10 09:29:30.286046+00
19797,2026-09-01,54,PREM KUMAR Y,2026-03-16,S/Z,Strength Zone,800.00,,800.00,due_or_unpaid,R,,,SEPT2026,2026-09-10 09:29:30.286046+00
19798,2026-09-01,55,JAWAID F,2026-03-16,S/Z,Strength Zone,800.00,,800.00,due_or_unpaid,R,,,SEPT2026,2026-09-10 09:29:30.286046+00
19799,2026-09-01,56,BOBIDUL ISLAM A,2026-03-16,G/F,General Fitness,1000.00,,1000.00,due_or_unpaid,R,,,SEPT2026,2026-09-10 09:29:30.286046+00
19800,2026-09-01,57,ABDUL KHALAK J,2026-03-16,G/F,General Fitness,1000.00,,1000.00,due_or_unpaid,R,,,SEPT2026,2026-09-10 09:29:30.286046+00
19801,2026-09-01,58,MEHERUL HAQUE S,2026-03-16,G/F,General Fitness,1000.00,,1000.00,due_or_unpaid,R,,,SEPT2026,2026-09-10 09:29:30.286046+00
19802,2026-09-01,59,JAGADEESH M,2026-03-16,G/F,General Fitness,1000.00,,1000.00,due_or_unpaid,R,,,SEPT2026,2026-09-10 09:29:30.286046+00
19803,2026-09-01,60,FAIYAZ AHMED A,2026-03-16,S/Z,Strength Zone,800.00,,800.00,due_or_unpaid,R,,,SEPT2026,2026-09-10 09:29:30.286046+00
19804,2026-09-01,61,MAMIDUL ALI,2026-03-17,S/Z,Strength Zone,800.00,,800.00,due_or_unpaid,R,,,SEPT2026,2026-09-10 09:29:30.286046+00
19805,2026-09-01,62,VINOTH KUMAR,2026-03-17,G/F,General Fitness,800.00,,800.00,due_or_unpaid,R,,,SEPT2026,2026-09-10 09:29:30.286046+00
19806,2026-09-01,63,ABDUL BATIN,2026-03-17,S/Z,Strength Zone,800.00,,800.00,due_or_unpaid,R,,,SEPT2026,2026-09-10 09:29:30.286046+00
19807,2026-09-01,64,NILCHAN ALI,2026-03-17,S/Z,Strength Zone,800.00,,800.00,due_or_unpaid,R,,,SEPT2026,2026-09-10 09:29:30.286046+00
19808,2026-09-01,65,MONIRUAL HOQUE,2026-03-17,S/Z,Strength Zone,800.00,,800.00,due_or_unpaid,R,,,SEPT2026,2026-09-10 09:29:30.286046+00
19809,2026-09-01,66,AMIR HAMJA,2026-03-17,S/Z,Strength Zone,800.00,,800.00,due_or_unpaid,R,,,SEPT2026,2026-09-10 09:29:30.286046+00
19810,2026-09-01,67,SUNIL R,2026-03-17,G/F,General Fitness,1000.00,,1000.00,due_or_unpaid,R,,,SEPT2026,2026-09-10 09:29:30.286046+00
19811,2026-09-01,68,SUDHAKAR S,2026-03-17,S/Z,Strength Zone,800.00,,800.00,due_or_unpaid,R,,,SEPT2026,2026-09-10 09:29:30.286046+00
19812,2026-09-01,69,AMINUL ISLAM MD,2026-03-18,S/Z,Strength Zone,800.00,,800.00,due_or_unpaid,R,,,SEPT2026,2026-09-10 09:29:30.286046+00
19813,2026-09-01,70,TAFIKUL ISLAM,2026-03-18,G/F,General Fitness,1000.00,,800.00,due_or_unpaid,R,,,SEPT2026,2026-09-10 09:29:30.286046+00
19814,2026-09-01,72,HAFIZUR RAHMAM,2026-03-19,S/Z,Strength Zone,800.00,,800.00,due_or_unpaid,R,,,SEPT2026,2026-09-10 09:29:30.286046+00
19815,2026-09-01,73,MOJNUR,2026-03-19,S/Z,Strength Zone,800.00,,800.00,due_or_unpaid,R,,,SEPT2026,2026-09-10 09:29:30.286046+00
19816,2026-09-01,74,YOGESH R,2026-03-19,S/Z,Strength Zone,800.00,,800.00,due_or_unpaid,R,,,SEPT2026,2026-09-10 09:29:30.286046+00
19817,2026-09-01,75,NAVAS,2026-03-19,G/F,General Fitness,1000.00,,800.00,due_or_unpaid,R,,,SEPT2026,2026-09-10 09:29:30.286046+00
19818,2026-09-01,76,TAYABUR RAHMAN A,2026-03-20,S/Z,Strength Zone,800.00,,800.00,due_or_unpaid,R,,,SEPT2026,2026-09-10 09:29:30.286046+00
19819,2026-09-01,78,RATHISH KUMAR,2026-03-23,G/F,General Fitness,1000.00,,1000.00,due_or_unpaid,R,,M/E,SEPT2026,2026-09-10 09:29:30.286046+00
19820,2026-09-01,78,SANTHOSH,2026-03-29,G/F,General Fitness,800.00,,1000.00,due_or_unpaid,R,,,SEPT2026,2026-09-10 09:29:30.286046+00
19821,2026-09-01,79,DARVIN RAJ J,2025-06-10,G/F,General Fitness,1000.00,,1000.00,due_or_unpaid,R,,,SEPT2026,2026-09-10 09:29:30.286046+00
19822,2026-09-01,80,PRASANTH S,2026-03-23,S/Z,Strength Zone,800.00,,800.00,due_or_unpaid,R,,,SEPT2026,2026-09-10 09:29:30.286046+00
19823,2026-09-01,81,GURU SHANKAR,2026-03-23,S/Z,Strength Zone,800.00,,800.00,due_or_unpaid,R,,,SEPT2026,2026-09-10 09:29:30.286046+00
19824,2026-09-01,82,NARJUL ISLAM A,2026-03-23,S/Z,Strength Zone,800.00,,800.00,due_or_unpaid,R,,,SEPT2026,2026-09-10 09:29:30.286046+00
19825,2026-09-01,83,SANGIT KUMAR SAMANTHA,2026-03-23,G/F,General Fitness,1000.00,,800.00,due_or_unpaid,R,,,SEPT2026,2026-09-10 09:29:30.286046+00
19826,2026-09-01,84,RAGUL A,2026-03-23,S/Z,Strength Zone,800.00,,800.00,due_or_unpaid,R,,E,SEPT2026,2026-09-10 09:29:30.286046+00
19827,2026-09-01,85,ASWINI SAGAR SWAIN,2026-03-24,S/Z,Strength Zone,800.00,,800.00,due_or_unpaid,R,,,SEPT2026,2026-09-10 09:29:30.286046+00
19828,2026-09-01,86,DEEPAK M,2026-03-08,G/F,General Fitness,1000.00,,1000.00,due_or_unpaid,R,,M,SEPT2026,2026-09-10 09:29:30.286046+00
19829,2026-09-01,88,NATHAN K,2026-03-25,S/Z,Strength Zone,800.00,,800.00,due_or_unpaid,R,,,SEPT2026,2026-09-10 09:29:30.286046+00
19830,2026-09-01,89,MOIN UDDIN A,2026-03-25,S/Z,Strength Zone,800.00,,800.00,due_or_unpaid,R,,,SEPT2026,2026-09-10 09:29:30.286046+00
19831,2026-09-01,90,ALI AHMED R,2026-03-25,S/Z,Strength Zone,800.00,,800.00,due_or_unpaid,R,,,SEPT2026,2026-09-10 09:29:30.286046+00
19832,2026-09-01,91,ABINASH S,2026-09-27,S/Z,Strength Zone,2500.00,,800.00,due_or_unpaid,R,,E,SEPT2026,2026-09-10 09:29:30.286046+00
19833,2026-09-01,92,ARAVIND S,2026-03-28,S/Z,Strength Zone,800.00,,800.00,due_or_unpaid,R,,,SEPT2026,2026-09-10 09:29:30.286046+00
19834,2026-09-01,93,ASHADUL,2026-03-30,G/F,General Fitness,800.00,,800.00,due_or_unpaid,R,,,SEPT2026,2026-09-10 09:29:30.286046+00
19835,2026-09-01,94,GUHAN A,2026-06-13,S/Z,Strength Zone,1000.00,,1000.00,due_or_unpaid,R,,M,SEPT2026,2026-09-10 09:29:30.286046+00
19836,2026-09-01,95,ROKIBUL HUSSAIN A,2026-03-30,S/Z,Strength Zone,800.00,,800.00,due_or_unpaid,R,,,SEPT2026,2026-09-10 09:29:30.286046+00
19837,2026-09-01,96,MERVYN,2026-06-01,G/F,General Fitness,7000.00,,7000.00,due_or_unpaid,R,,,SEPT2026,2026-09-10 09:29:30.286046+00
19838,2026-09-01,97,MICHAEL A,2026-05-01,S/Z,Strength Zone,800.00,,800.00,due_or_unpaid,R,,,SEPT2026,2026-09-10 09:29:30.286046+00
19839,2026-09-01,98,SUGAN RAJ M,2026-05-01,S/Z,Strength Zone,800.00,,800.00,due_or_unpaid,R,,,SEPT2026,2026-09-10 09:29:30.286046+00
19840,2026-09-01,99,SHUTRUGHAN KUMAR R,2026-05-21,G/F,General Fitness,800.00,,800.00,due_or_unpaid,R,,M,SEPT2026,2026-09-10 09:29:30.286046+00
19841,2026-09-01,100,DAVID A,2026-03-02,G/F,General Fitness,1000.00,,1000.00,due_or_unpaid,R,,,SEPT2026,2026-09-10 09:29:30.286046+00
19842,2026-09-01,101,PETER A,2026-03-02,G/F,General Fitness,1000.00,,1000.00,due_or_unpaid,R,,,SEPT2026,2026-09-10 09:29:30.286046+00
19843,2026-09-01,102,KUMARAN M,2026-04-09,S/Z,Strength Zone,800.00,,800.00,due_or_unpaid,R,,E,SEPT2026,2026-09-10 09:29:30.286046+00
19844,2026-09-01,103,CHARAN KUMAR V,2026-03-10,G/F,General Fitness,1000.00,,1000.00,due_or_unpaid,R,,M/E,SEPT2026,2026-09-10 09:29:30.286046+00
19845,2026-09-01,104,SETTU E,2026-04-03,S/Z,Strength Zone,800.00,,800.00,due_or_unpaid,R,,,SEPT2026,2026-09-10 09:29:30.286046+00
19846,2026-09-01,105,NITHISH KUMAR S,2026-03-15,S/Z,Strength Zone,800.00,,800.00,due_or_unpaid,R,,M,SEPT2026,2026-09-10 09:29:30.286046+00
19847,2026-09-01,106,RAMESH S,2026-03-04,G/F,General Fitness,1000.00,,1000.00,due_or_unpaid,R,,,SEPT2026,2026-09-10 09:29:30.286046+00
19848,2026-09-01,107,SANJAN V,2026-03-05,S/Z,Strength Zone,800.00,,800.00,due_or_unpaid,R,,,SEPT2026,2026-09-10 09:29:30.286046+00
19849,2026-09-01,108,DIVAKAR M,2026-03-05,G/F,General Fitness,1000.00,,1000.00,due_or_unpaid,R,,M,SEPT2026,2026-09-10 09:29:30.286046+00
19850,2026-09-01,109,DANIEL R,2026-09-05,S/Z,Strength Zone,800.00,,1000.00,due_or_unpaid,R,,M,SEPT2026,2026-09-10 09:29:30.286046+00
19851,2026-09-01,110,MANIKANADAN,2026-03-07,G/F,General Fitness,1000.00,,1000.00,due_or_unpaid,R,,,SEPT2026,2026-09-10 09:29:30.286046+00
19852,2026-09-01,111,PRITHIVIKASH,2026-03-26,S/Z,Strength Zone,800.00,,800.00,due_or_unpaid,R,,,SEPT2026,2026-09-10 09:29:30.286046+00
19853,2026-09-01,112,CHANDRU,2026-03-08,S/Z,Strength Zone,800.00,,800.00,due_or_unpaid,R,,,SEPT2026,2026-09-10 09:29:30.286046+00
19854,2026-09-01,113,SANJAY J,2026-08-03,S/Z,Strength Zone,800.00,,800.00,due_or_unpaid,R,,M,SEPT2026,2026-09-10 09:29:30.286046+00
19855,2026-09-01,114,AJITH D,2026-03-09,S/Z,Strength Zone,800.00,,800.00,due_or_unpaid,R,,,SEPT2026,2026-09-10 09:29:30.286046+00
19856,2026-09-01,115,SANJAY B,2026-03-09,S/Z,Strength Zone,800.00,,800.00,due_or_unpaid,R,,,SEPT2026,2026-09-10 09:29:30.286046+00
19857,2026-09-01,116,TAMIL SELVAN M,2026-03-12,S/Z,Strength Zone,800.00,,800.00,due_or_unpaid,R,,,SEPT2026,2026-09-10 09:29:30.286046+00
19858,2026-09-01,117,ARUN YADAV,2026-03-12,S/Z,Strength Zone,800.00,,800.00,due_or_unpaid,R,,,SEPT2026,2026-09-10 09:29:30.286046+00
19859,2026-09-01,118,GIRI S,2026-03-13,S/Z,Strength Zone,800.00,,800.00,due_or_unpaid,R,,,SEPT2026,2026-09-10 09:29:30.286046+00
19860,2026-09-01,119,JOHNSON S,2026-03-14,S/Z,Strength Zone,800.00,,800.00,due_or_unpaid,R,,,SEPT2026,2026-09-10 09:29:30.286046+00
19861,2026-09-01,120,DEEPAK BILUNG,2026-03-15,S/Z,Strength Zone,800.00,,800.00,due_or_unpaid,R,,,SEPT2026,2026-09-10 09:29:30.286046+00
19862,2026-09-01,121,BINU,2026-03-15,S/Z,Strength Zone,800.00,,800.00,due_or_unpaid,R,,,SEPT2026,2026-09-10 09:29:30.286046+00
19863,2026-09-01,122,SOHEL RANA,2026-03-16,G/F,General Fitness,1000.00,,1000.00,due_or_unpaid,R,,,SEPT2026,2026-09-10 09:29:30.286046+00
19864,2026-09-01,123,CHAITANYA K,2026-03-17,G/F,General Fitness,1000.00,,1000.00,due_or_unpaid,R,,,SEPT2026,2026-09-10 09:29:30.286046+00
19865,2026-09-01,124,KATHIRAVAN.E,2026-03-18,S/Z,Strength Zone,800.00,,800.00,due_or_unpaid,R,,,SEPT2026,2026-09-10 09:29:30.286046+00
19866,2026-09-01,125,MOORTHY R,2026-03-18,S/Z,Strength Zone,800.00,,800.00,due_or_unpaid,R,,,SEPT2026,2026-09-10 09:29:30.286046+00
19867,2026-09-01,126,SANJAY S,2026-03-18,S/Z,Strength Zone,800.00,,800.00,due_or_unpaid,R,,,SEPT2026,2026-09-10 09:29:30.286046+00
19868,2026-09-01,127,PERUMAL V,2026-03-19,S/Z,Strength Zone,800.00,,800.00,due_or_unpaid,R,,,SEPT2026,2026-09-10 09:29:30.286046+00
19869,2026-09-01,128,EMAMUL HUSSAIN A,2026-03-20,S/Z,Strength Zone,800.00,,800.00,due_or_unpaid,R,,,SEPT2026,2026-09-10 09:29:30.286046+00
19870,2026-09-01,129,JEEVA M,2026-03-21,S/Z,Strength Zone,800.00,,1000.00,due_or_unpaid,R,,,SEPT2026,2026-09-10 09:29:30.286046+00
19871,2026-09-01,130,ARAVIND S,2026-03-19,S/Z,Strength Zone,800.00,,800.00,due_or_unpaid,R,,,SEPT2026,2026-09-10 09:29:30.286046+00
19872,2026-09-01,131,SURESH P,2026-03-28,S/Z,Strength Zone,800.00,,800.00,due_or_unpaid,R,,,SEPT2026,2026-09-10 09:29:30.286046+00
19873,2026-09-01,132,KAMAL M,2026-03-28,S/Z,Strength Zone,1000.00,,800.00,due_or_unpaid,R,,,SEPT2026,2026-09-10 09:29:30.286046+00
19874,2026-09-01,133,FARHAN,2026-03-29,S/Z,Strength Zone,800.00,,800.00,due_or_unpaid,R,,,SEPT2026,2026-09-10 09:29:30.286046+00
19875,2026-09-01,134,HARISHIT D,2026-03-30,S/Z,Strength Zone,800.00,,800.00,due_or_unpaid,R,,,SEPT2026,2026-09-10 09:29:30.286046+00
19876,2026-09-01,135,BALAJI Y,2026-05-01,G/F,General Fitness,800.00,,800.00,due_or_unpaid,R,,,SEPT2026,2026-09-10 09:29:30.286046+00
19877,2026-09-01,136,PETER A,2026-09-11,G/F,General Fitness,1000.00,,1000.00,due_or_unpaid,R,,M,SEPT2026,2026-09-10 09:29:30.286046+00
19878,2026-09-01,137,KAMESH R,2026-03-08,S/Z,Strength Zone,800.00,,800.00,due_or_unpaid,R,,,SEPT2026,2026-09-10 09:29:30.286046+00
19879,2026-09-01,138,PREM S,2026-09-10,S/Z,Strength Zone,800.00,,800.00,due_or_unpaid,R,,,SEPT2026,2026-09-10 09:29:30.286046+00
19880,2026-09-01,139,VIMAL RAJ R,2026-09-08,S/Z,Strength Zone,800.00,,800.00,due_or_unpaid,R,,E,SEPT2026,2026-09-10 09:29:30.286046+00
19881,2026-09-01,140,JOSEPH,2026-03-04,S/Z,Strength Zone,800.00,,800.00,due_or_unpaid,R,,E,SEPT2026,2026-09-10 09:29:30.286046+00
19882,2026-09-01,141,ALA IMRAN A,2026-09-01,G/F,General Fitness,1000.00,,1000.00,due_or_unpaid,R,,E,SEPT2026,2026-09-10 09:29:30.286046+00
19883,2026-09-01,142,HAZRAT ALI,2026-03-05,S/Z,Strength Zone,800.00,,800.00,due_or_unpaid,R,,,SEPT2026,2026-09-10 09:29:30.286046+00
19884,2026-09-01,143,MAHESHWAR GOPE,2026-03-05,S/Z,Strength Zone,800.00,,800.00,due_or_unpaid,R,,,SEPT2026,2026-09-10 09:29:30.286046+00
19885,2026-09-01,144,SAKTHI DS,2026-03-09,S/Z,Strength Zone,800.00,,800.00,due_or_unpaid,R,,M/E,SEPT2026,2026-09-10 09:29:30.286046+00
19886,2026-09-01,145,MUKESH S,2026-03-22,S/Z,Strength Zone,800.00,,800.00,due_or_unpaid,R,,,SEPT2026,2026-09-10 09:29:30.286046+00
19887,2026-09-01,146,AKASH SATHIVEL,2026-03-10,G/F,General Fitness,1000.00,,1000.00,due_or_unpaid,R,,,SEPT2026,2026-09-10 09:29:30.286046+00
19888,2026-09-01,147,SARAN RAJ S,2026-03-10,G/F,General Fitness,1000.00,,1000.00,due_or_unpaid,R,,,SEPT2026,2026-09-10 09:29:30.286046+00
19889,2026-09-01,148,SUDHAKAR S,2026-08-08,G/F,General Fitness,1000.00,,1000.00,due_or_unpaid,R,,M/E,SEPT2026,2026-09-10 09:29:30.286046+00
19890,2026-09-01,149,UMAMAHESWARA RAO,2026-03-11,G/F,General Fitness,1000.00,,1000.00,due_or_unpaid,R,,,SEPT2026,2026-09-10 09:29:30.286046+00
19891,2026-09-01,150,BARKATHULLAM,2026-03-12,G/F,General Fitness,1000.00,,1000.00,due_or_unpaid,R,,E,SEPT2026,2026-09-10 09:29:30.286046+00
19892,2026-09-01,151,ABDUL KALAM A,2026-03-13,G/F,General Fitness,1000.00,,1000.00,due_or_unpaid,R,,,SEPT2026,2026-09-10 09:29:30.286046+00
19893,2026-09-01,152,JARDIS SK,2026-03-13,S/Z,Strength Zone,800.00,,800.00,due_or_unpaid,R,,,SEPT2026,2026-09-10 09:29:30.286046+00
19894,2026-09-01,153,MANOJ M,2026-03-14,S/Z,Strength Zone,800.00,,800.00,due_or_unpaid,R,,,SEPT2026,2026-09-10 09:29:30.286046+00
19895,2026-09-01,154,NANTHA KUMAR A,2026-03-14,S/Z,Strength Zone,800.00,,1000.00,due_or_unpaid,R,,,SEPT2026,2026-09-10 09:29:30.286046+00
19896,2026-09-01,155,MANOJ E,2026-09-14,S/Z,Strength Zone,800.00,,800.00,due_or_unpaid,R,,M,SEPT2026,2026-09-10 09:29:30.286046+00
19897,2026-09-01,156,PRAVEEN KUMAR S,2026-03-28,G/F,General Fitness,1000.00,,800.00,due_or_unpaid,R,,,SEPT2026,2026-09-10 09:29:30.286046+00
19898,2026-09-01,157,SURYA S,2026-03-23,S/Z,Strength Zone,800.00,,800.00,due_or_unpaid,R,,,SEPT2026,2026-09-10 09:29:30.286046+00
19899,2026-09-01,158,MURALI S,2026-03-23,S/Z,Strength Zone,800.00,,800.00,due_or_unpaid,R,,,SEPT2026,2026-09-10 09:29:30.286046+00
19900,2026-09-01,159,RITHISH V,2026-03-18,S/Z,Strength Zone,800.00,,800.00,due_or_unpaid,R,,,SEPT2026,2026-09-10 09:29:30.286046+00
19901,2026-09-01,160,EMIMAL M,2026-06-29,G/F,General Fitness,1000.00,,1000.00,due_or_unpaid,R,,M,SEPT2026,2026-09-10 09:29:30.286046+00
19902,2026-09-01,161,YUVAN SHANKAR T,2026-09-01,G/F,General Fitness,1000.00,,1000.00,due_or_unpaid,R,,M,SEPT2026,2026-09-10 09:29:30.286046+00
19903,2026-09-01,162,JENIFER S,2026-03-04,G/F,General Fitness,1000.00,,1000.00,due_or_unpaid,R,,M,SEPT2026,2026-09-10 09:29:32.451019+00
19904,2026-09-01,163,SANJEEV D.S,2026-05-21,G/F,General Fitness,800.00,,1000.00,due_or_unpaid,R,,M,SEPT2026,2026-09-10 09:29:32.451019+00
19905,2026-09-01,164,VASANTH KUMAR G,2026-09-22,S/Z,Strength Zone,800.00,,800.00,due_or_unpaid,R,,M,SEPT2026,2026-09-10 09:29:32.451019+00
19906,2026-09-01,165,KISHORE KUMAR V,2026-03-07,S/Z,Strength Zone,800.00,,800.00,due_or_unpaid,R,,,SEPT2026,2026-09-10 09:29:32.451019+00
19907,2026-09-01,166,SANTHOSH KUMAR S,2026-03-07,S/Z,Strength Zone,800.00,,800.00,due_or_unpaid,R,,,SEPT2026,2026-09-10 09:29:32.451019+00
19908,2026-09-01,167,SANTHOSH KUMAR A,2026-09-07,S/Z,Strength Zone,800.00,,800.00,due_or_unpaid,R,,M,SEPT2026,2026-09-10 09:29:32.451019+00
19909,2026-09-01,168,ETHIRAJ T,2026-03-09,S/Z,Strength Zone,800.00,,800.00,due_or_unpaid,R,,,SEPT2026,2026-09-10 09:29:32.451019+00
19910,2026-09-01,169,PRASANTH M,2026-03-10,G/F,General Fitness,1000.00,,1000.00,due_or_unpaid,R,,,SEPT2026,2026-09-10 09:29:32.451019+00
19911,2026-09-01,170,RAGHUL R,2026-03-12,S/Z,Strength Zone,800.00,,800.00,due_or_unpaid,R,,,SEPT2026,2026-09-10 09:29:32.451019+00
19912,2026-09-01,171,GOWTHAM S,2026-03-16,G/F,General Fitness,1000.00,,1000.00,due_or_unpaid,R,,,SEPT2026,2026-09-10 09:29:32.451019+00
19913,2026-09-01,172,RAJESH S,2026-09-21,G/F,General Fitness,1000.00,,1000.00,due_or_unpaid,R,,M,SEPT2026,2026-09-10 09:29:32.451019+00
19914,2026-09-01,173,AATHIYAPPAN S,2026-03-30,S/Z,Strength Zone,800.00,,800.00,due_or_unpaid,R,,M,SEPT2026,2026-09-10 09:29:32.451019+00
19915,2026-09-01,174,GODSON PRAVEEN J,2026-03-19,G/F,General Fitness,1000.00,,800.00,due_or_unpaid,R,,,SEPT2026,2026-09-10 09:29:32.451019+00
19916,2026-09-01,175,KABILAN R,2026-03-26,S/Z,Strength Zone,800.00,,800.00,due_or_unpaid,R,,,SEPT2026,2026-09-10 09:29:32.451019+00
19917,2026-09-01,176,KAMAL S,2026-03-28,S/Z,Strength Zone,800.00,,800.00,due_or_unpaid,R,,,SEPT2026,2026-09-10 09:29:32.451019+00
19918,2026-09-01,177,MOHAMED ASHWAQ S,2026-03-02,S/Z,Strength Zone,800.00,,800.00,due_or_unpaid,R,,M,SEPT2026,2026-09-10 09:29:32.451019+00
19919,2026-09-01,178,VICKY,2026-04-03,S/Z,Strength Zone,800.00,,800.00,due_or_unpaid,R,,,SEPT2026,2026-09-10 09:29:32.451019+00
19920,2026-09-01,180,DEEPAK G,2026-03-05,G/F,General Fitness,1000.00,,1000.00,due_or_unpaid,R,,,SEPT2026,2026-09-10 09:29:32.451019+00
19921,2026-09-01,181,AGILESHWARAN M,2026-03-09,S/Z,Strength Zone,800.00,,800.00,due_or_unpaid,R,,,SEPT2026,2026-09-10 09:29:32.451019+00
19922,2026-09-01,182,MUKESH R,2026-03-11,S/Z,Strength Zone,800.00,,800.00,due_or_unpaid,R,,,SEPT2026,2026-09-10 09:29:32.451019+00
19923,2026-09-01,183,SACHIN AARON T,2026-03-17,S/Z,Strength Zone,800.00,,800.00,due_or_unpaid,R,,,SEPT2026,2026-09-10 09:29:32.451019+00
19924,2026-09-01,184,SANTHOSH R,2026-04-03,S/Z,Strength Zone,800.00,,800.00,due_or_unpaid,R,,M,SEPT2026,2026-09-10 09:29:32.451019+00
19925,2026-09-01,185,VISHNU VARTHAN S,2026-04-12,S/Z,Strength Zone,800.00,,800.00,due_or_unpaid,R,,M,SEPT2026,2026-09-10 09:29:32.451019+00
19926,2026-09-01,186,MOGESH V,2026-03-25,S/Z,Strength Zone,800.00,,800.00,due_or_unpaid,R,,,SEPT2026,2026-09-10 09:29:32.451019+00
19927,2026-09-01,187,VISHWA R A,2026-03-27,S/Z,Strength Zone,800.00,,800.00,due_or_unpaid,R,,,SEPT2026,2026-09-10 09:29:32.451019+00
19928,2026-09-01,188,RAMASUBRAMANI K,2026-03-29,S/Z,Strength Zone,800.00,,800.00,due_or_unpaid,R,,,SEPT2026,2026-09-10 09:29:32.451019+00
19929,2026-09-01,189,DHANASINGH P,2026-03-29,S/Z,Strength Zone,1000.00,,800.00,due_or_unpaid,R,,,SEPT2026,2026-09-10 09:29:32.451019+00
19930,2026-09-01,190,AMAR NATH R,2026-04-03,G/F,General Fitness,1000.00,,1000.00,due_or_unpaid,R,,M,SEPT2026,2026-09-10 09:29:32.451019+00
19931,2026-09-01,191,PUVIYARASAN G,2026-03-10,S/Z,Strength Zone,800.00,,800.00,due_or_unpaid,R,,,SEPT2026,2026-09-10 09:29:32.451019+00
19932,2026-09-01,192,DINESH KUMAR R,2026-08-11,S/Z,Strength Zone,800.00,,800.00,due_or_unpaid,R,,M,SEPT2026,2026-09-10 09:29:32.451019+00
19933,2026-09-01,193,ARUN KUMAR R,2026-03-04,G/F,General Fitness,1000.00,,1000.00,due_or_unpaid,R,,,SEPT2026,2026-09-10 09:29:32.451019+00
19934,2026-09-01,194,ASWIN P BENNY,2026-03-04,G/F,General Fitness,1000.00,,1000.00,due_or_unpaid,R,,,SEPT2026,2026-09-10 09:29:32.451019+00
19935,2026-09-01,195,ROCK R,2026-03-04,S/Z,Strength Zone,800.00,,800.00,due_or_unpaid,R,,,SEPT2026,2026-09-10 09:29:32.451019+00
19936,2026-09-01,196,SURIYA PRAKSH M,2026-09-07,S/Z,Strength Zone,800.00,,800.00,due_or_unpaid,R,,E,SEPT2026,2026-09-10 09:29:32.451019+00
19937,2026-09-01,197,BHARATHI RAJA M,2026-03-12,G/F,General Fitness,1000.00,,1000.00,due_or_unpaid,R,,,SEPT2026,2026-09-10 09:29:32.451019+00
19938,2026-09-01,198,SURYA R,2026-06-13,S/Z,Strength Zone,800.00,,800.00,due_or_unpaid,R,,,SEPT2026,2026-09-10 09:29:32.451019+00
19939,2026-09-01,199,NIVEN K,2026-03-13,S/Z,Strength Zone,800.00,,800.00,due_or_unpaid,R,,,SEPT2026,2026-09-10 09:29:32.451019+00
19940,2026-09-01,200,DHAYALAN R,2026-03-21,G/F,General Fitness,1000.00,,1000.00,due_or_unpaid,R,,,SEPT2026,2026-09-10 09:29:32.451019+00
19941,2026-09-01,201,KARTHI BALAJI R,2026-03-13,S/Z,Strength Zone,800.00,,800.00,due_or_unpaid,R,,,SEPT2026,2026-09-10 09:29:32.451019+00
19942,2026-09-01,202,HARI KRISHNAN G,2026-04-18,G/F,General Fitness,1000.00,,1000.00,due_or_unpaid,R,,M/E,SEPT2026,2026-09-10 09:29:32.451019+00
19943,2026-09-01,203,VIGNESH K,2026-04-18,G/F,General Fitness,1000.00,,1000.00,due_or_unpaid,R,,M/E,SEPT2026,2026-09-10 09:29:32.451019+00
19944,2026-09-01,204,AKASH C,2026-03-20,S/Z,Strength Zone,800.00,,800.00,due_or_unpaid,R,,,SEPT2026,2026-09-10 09:29:32.451019+00
19945,2026-09-01,205,MANI MARAN M,2026-03-20,S/Z,Strength Zone,800.00,,800.00,due_or_unpaid,R,,,SEPT2026,2026-09-10 09:29:32.451019+00
19946,2026-09-01,206,SANTHA KUMAR S,2026-03-24,G/F,General Fitness,1000.00,,1000.00,due_or_unpaid,R,,,SEPT2026,2026-09-10 09:29:32.451019+00
19947,2026-09-01,207,SANJAY S,2026-03-24,S/Z,Strength Zone,800.00,,800.00,due_or_unpaid,R,,,SEPT2026,2026-09-10 09:29:32.451019+00
19948,2026-09-01,208,SEEN N,2026-03-24,S/Z,Strength Zone,800.00,,800.00,due_or_unpaid,R,,,SEPT2026,2026-09-10 09:29:32.451019+00
19949,2026-09-01,209,PASUPATHI M,2027-01-13,G/F,General Fitness,7500.00,,7500.00,due_or_unpaid,R,,,SEPT2026,2026-09-10 09:29:32.451019+00
19950,2026-09-01,210,NAVEEN K.M,2026-09-03,G/F,General Fitness,1000.00,,1000.00,due_or_unpaid,R,,M,SEPT2026,2026-09-10 09:29:32.451019+00
19951,2026-09-01,211,SUNIL KUMAR H,2026-03-03,S/Z,Strength Zone,800.00,,800.00,due_or_unpaid,R,,,SEPT2026,2026-09-10 09:29:32.451019+00
19952,2026-09-01,212,ALI,2026-03-03,S/Z,Strength Zone,800.00,,800.00,due_or_unpaid,R,,,SEPT2026,2026-09-10 09:29:32.451019+00
19953,2026-09-01,213,SADDAM,2026-03-03,S/Z,Strength Zone,800.00,,800.00,due_or_unpaid,R,,,SEPT2026,2026-09-10 09:29:32.451019+00
19954,2026-09-01,214,SUMAN RAJ P,2026-03-10,G/F,General Fitness,1000.00,,1000.00,due_or_unpaid,R,,,SEPT2026,2026-09-10 09:29:32.451019+00
19955,2026-09-01,215,MICHEAL PRAKASH P,2026-03-11,G/F,General Fitness,1000.00,,1000.00,due_or_unpaid,R,,,SEPT2026,2026-09-10 09:29:32.451019+00
19956,2026-09-01,216,RAJA K,2026-03-11,G/F,General Fitness,1000.00,,1000.00,due_or_unpaid,R,,,SEPT2026,2026-09-10 09:29:32.451019+00
19957,2026-09-01,217,SANJAY P R,2026-03-11,S/Z,Strength Zone,800.00,,800.00,due_or_unpaid,R,,,SEPT2026,2026-09-10 09:29:32.451019+00
19958,2026-09-01,218,NARENDRAN T,2026-03-14,S/Z,Strength Zone,800.00,,800.00,due_or_unpaid,R,,,SEPT2026,2026-09-10 09:29:32.451019+00
19959,2026-09-01,219,SUNIL P,2026-05-13,S/Z,Strength Zone,800.00,,800.00,due_or_unpaid,R,,M,SEPT2026,2026-09-10 09:29:32.451019+00
19960,2026-09-01,220,VENKET,2026-03-13,G/F,General Fitness,1000.00,,1000.00,due_or_unpaid,R,,,SEPT2026,2026-09-10 09:29:32.451019+00
19961,2026-09-01,221,KARTHICK R,2026-03-15,S/Z,Strength Zone,800.00,,800.00,due_or_unpaid,R,,,SEPT2026,2026-09-10 09:29:32.451019+00
19962,2026-09-01,222,MUNISH KUMAR B,2026-03-17,S/Z,Strength Zone,800.00,,800.00,due_or_unpaid,R,,,SEPT2026,2026-09-10 09:29:32.451019+00
19963,2026-09-01,223,RAJIBUL ALI T,2026-03-22,S/Z,Strength Zone,800.00,,800.00,due_or_unpaid,R,,,SEPT2026,2026-09-10 09:29:32.451019+00
19964,2026-09-01,224,MOHANRAJ P,2026-05-07,G/F,General Fitness,1000.00,,1000.00,due_or_unpaid,R,,M/E,SEPT2026,2026-09-10 09:29:32.451019+00
19965,2026-09-01,225,RAVINDHAREN,2026-03-25,S/Z,Strength Zone,800.00,,800.00,due_or_unpaid,R,,,SEPT2026,2026-09-10 09:29:32.451019+00
19966,2026-09-01,226,SURESH M,2026-09-01,S/Z,Strength Zone,800.00,,800.00,due_or_unpaid,R,,M,SEPT2026,2026-09-10 09:29:32.451019+00
19967,2026-09-01,227,KARTHIK DHANASEKAR,2026-09-01,S/Z,Strength Zone,800.00,,800.00,due_or_unpaid,R,,M,SEPT2026,2026-09-10 09:29:32.451019+00
19968,2026-09-01,228,MANIKANDAN D,2026-06-01,S/Z,Strength Zone,800.00,,800.00,due_or_unpaid,R,,M,SEPT2026,2026-09-10 09:29:32.451019+00
19969,2026-09-01,229,VISHVA,2026-09-01,S/Z,Strength Zone,800.00,,800.00,due_or_unpaid,R,,,SEPT2026,2026-09-10 09:29:32.451019+00
19970,2026-09-01,230,SHYAM K,2026-09-01,S/Z,Strength Zone,800.00,,800.00,due_or_unpaid,R,,E,SEPT2026,2026-09-10 09:29:32.451019+00
19971,2026-09-01,231,SHASHANTH S,2026-03-13,S/Z,Strength Zone,800.00,,800.00,due_or_unpaid,R,,E,SEPT2026,2026-09-10 09:29:32.451019+00
19972,2026-09-01,232,ANIL KUMAR,2026-03-05,S/Z,Strength Zone,800.00,,800.00,due_or_unpaid,R,,,SEPT2026,2026-09-10 09:29:32.451019+00
19973,2026-09-01,233,NIKHIL NAYAK L,2026-03-07,S/Z,Strength Zone,800.00,,800.00,due_or_unpaid,R,,,SEPT2026,2026-09-10 09:29:32.451019+00
19974,2026-09-01,234,PINKU NAYAK C,2026-03-07,S/Z,Strength Zone,800.00,,800.00,due_or_unpaid,R,,,SEPT2026,2026-09-10 09:29:32.451019+00
19975,2026-09-01,235,AKASH S,2026-05-01,G/F,General Fitness,1000.00,,1000.00,due_or_unpaid,R,,,SEPT2026,2026-09-10 09:29:32.451019+00
19976,2026-09-01,236,ANAND,2026-03-08,G/F,General Fitness,1000.00,,1000.00,due_or_unpaid,R,,,SEPT2026,2026-09-10 09:29:32.451019+00
19977,2026-09-01,237,LOHIT NAYAK,2026-03-12,S/Z,Strength Zone,800.00,,800.00,due_or_unpaid,R,,,SEPT2026,2026-09-10 09:29:32.451019+00
19978,2026-09-01,238,RIMPLE KUMAR,2026-03-15,S/Z,Strength Zone,800.00,,800.00,due_or_unpaid,R,,,SEPT2026,2026-09-10 09:29:32.451019+00
19979,2026-09-01,239,GOPINATH M,2026-03-17,G/F,General Fitness,1000.00,,1000.00,due_or_unpaid,R,,,SEPT2026,2026-09-10 09:29:32.451019+00
19980,2026-09-01,239,GOPINATH M,2026-03-19,S/Z,Strength Zone,800.00,,800.00,due_or_unpaid,R,,,SEPT2026,2026-09-10 09:29:32.451019+00
19981,2026-09-01,240,YOGESH G,2026-04-19,S/Z,Strength Zone,800.00,,800.00,due_or_unpaid,R,,,SEPT2026,2026-09-10 09:29:32.451019+00
19982,2026-09-01,240,YOGESH G,2026-03-24,S/Z,Strength Zone,800.00,,800.00,due_or_unpaid,R,,,SEPT2026,2026-09-10 09:29:32.451019+00
19983,2026-09-01,241,PRADHAP V,2026-03-21,S/Z,Strength Zone,800.00,,800.00,due_or_unpaid,R,,,SEPT2026,2026-09-10 09:29:32.451019+00
19984,2026-09-01,241,PRADHAP V,2026-03-24,S/Z,Strength Zone,800.00,,800.00,due_or_unpaid,R,,,SEPT2026,2026-09-10 09:29:32.451019+00
19985,2026-09-01,242,AJAY A,2026-03-26,S/Z,Strength Zone,1000.00,,800.00,due_or_unpaid,R,,,SEPT2026,2026-09-10 09:29:32.451019+00
19986,2026-09-01,244,BABU K,2026-03-26,G/F,General Fitness,800.00,,1000.00,due_or_unpaid,R,,,SEPT2026,2026-09-10 09:29:32.451019+00
19987,2026-09-01,245,KISHORE S,2026-03-03,G/F,General Fitness,1000.00,,1000.00,due_or_unpaid,R,,M/E,SEPT2026,2026-09-10 09:29:32.451019+00
19988,2026-09-01,246,SURESH,2026-03-05,S/Z,Strength Zone,800.00,,800.00,due_or_unpaid,R,,M,SEPT2026,2026-09-10 09:29:32.451019+00
19989,2026-09-01,247,VIVEK,2026-11-05,S/Z,Strength Zone,800.00,,7777.00,due_or_unpaid,R,,M,SEPT2026,2026-09-10 09:29:32.451019+00
19990,2026-09-01,248,ELAKKIAN,2026-03-05,G/F,General Fitness,1000.00,,1000.00,due_or_unpaid,R,,E,SEPT2026,2026-09-10 09:29:32.451019+00
19991,2026-09-01,249,DEEPAK C,2026-03-05,G/F,General Fitness,1000.00,,1000.00,due_or_unpaid,R,,E,SEPT2026,2026-09-10 09:29:32.451019+00
19992,2026-09-01,250,RESHATH S,2026-03-06,S/Z,Strength Zone,800.00,,800.00,due_or_unpaid,R,,M,SEPT2026,2026-09-10 09:29:32.451019+00
19993,2026-09-01,251,ARAVINTHAN S,2026-09-12,G/F,General Fitness,1000.00,,1000.00,due_or_unpaid,R,,M,SEPT2026,2026-09-10 09:29:32.451019+00
19994,2026-09-01,252,MOULI RAJ V,2026-08-19,S/Z,Strength Zone,800.00,,800.00,due_or_unpaid,R,,M,SEPT2026,2026-09-10 09:29:32.451019+00
19995,2026-09-01,253,DHAYANATHAN,2026-05-01,S/Z,Strength Zone,800.00,,800.00,due_or_unpaid,R,,M/E,SEPT2026,2026-09-10 09:29:32.451019+00
19996,2026-09-01,254,SELVAM K,2026-09-14,S/Z,Strength Zone,800.00,,800.00,due_or_unpaid,R,,M,SEPT2026,2026-09-10 09:29:32.451019+00
19997,2026-09-01,255,VIJAYAN .S,2026-03-08,G/F,General Fitness,1000.00,,800.00,due_or_unpaid,R,,,SEPT2026,2026-09-10 09:29:32.451019+00
19998,2026-09-01,256,KARTHICK M,2026-06-16,S/Z,Strength Zone,800.00,,800.00,due_or_unpaid,R,,,SEPT2026,2026-09-10 09:29:32.451019+00
19999,2026-09-01,257,PAWN KUMAR,2026-03-26,S/Z,Strength Zone,800.00,,800.00,due_or_unpaid,R,,,SEPT2026,2026-09-10 09:29:32.451019+00
20000,2026-09-01,258,BEENAUVV V,2026-03-05,G/F,General Fitness,1000.00,,1000.00,due_or_unpaid,R,,,SEPT2026,2026-09-10 09:29:32.451019+00
20001,2026-09-01,259,PRADEEP KUMAR G,2026-03-04,G/F,General Fitness,1000.00,,1000.00,due_or_unpaid,R,,,SEPT2026,2026-09-10 09:29:32.451019+00
20002,2026-09-01,260,BARATH R,2026-09-10,S/Z,Strength Zone,800.00,,800.00,due_or_unpaid,R,,E,SEPT2026,2026-09-10 09:29:32.451019+00
20003,2026-09-01,261,MANIKANDAN L,2026-03-12,G/F,General Fitness,1000.00,,1000.00,due_or_unpaid,R,,,SEPT2026,2026-09-10 09:29:32.451019+00
20004,2026-09-01,262,RANJITH A,2026-03-13,G/F,General Fitness,1000.00,,1000.00,due_or_unpaid,R,,,SEPT2026,2026-09-10 09:29:32.451019+00
20005,2026-09-01,263,SHANMATHI E,2026-03-16,G/F,General Fitness,1000.00,,1000.00,due_or_unpaid,R,,,SEPT2026,2026-09-10 09:29:32.451019+00
20006,2026-09-01,264,VENKATESH K,2026-03-19,S/Z,Strength Zone,800.00,,800.00,due_or_unpaid,R,,,SEPT2026,2026-09-10 09:29:32.451019+00
20007,2026-09-01,265,ANKUR GUWALA J,2026-03-19,S/Z,Strength Zone,800.00,,800.00,due_or_unpaid,R,,,SEPT2026,2026-09-10 09:29:32.451019+00
20008,2026-09-01,266,PRANESH M,2026-03-20,S/Z,Strength Zone,800.00,,800.00,due_or_unpaid,R,,,SEPT2026,2026-09-10 09:29:32.451019+00
20009,2026-09-01,267,HANY PRINCY V,2026-03-06,G/F,General Fitness,1000.00,,1000.00,due_or_unpaid,R,,E,SEPT2026,2026-09-10 09:29:32.451019+00
20010,2026-09-01,268,GUGAN S,2026-03-25,S/Z,Strength Zone,800.00,,800.00,due_or_unpaid,R,,,SEPT2026,2026-09-10 09:29:32.451019+00
20011,2026-09-01,269,SENTHIL KUMAR,2026-09-05,G/F,General Fitness,1000.00,,1000.00,due_or_unpaid,R,,M,SEPT2026,2026-09-10 09:29:32.451019+00
20012,2026-09-01,270,AMITH KUMAR,2026-05-01,S/Z,Strength Zone,800.00,,800.00,due_or_unpaid,R,,,SEPT2026,2026-09-10 09:29:32.451019+00
20013,2026-09-01,271,ABISHEK KUMAR,2026-05-01,S/Z,Strength Zone,800.00,,800.00,due_or_unpaid,R,,,SEPT2026,2026-09-10 09:29:32.451019+00
20014,2026-09-01,272,BHUPINDER SINGH,2026-06-01,S/Z,Strength Zone,800.00,,800.00,due_or_unpaid,R,,E,SEPT2026,2026-09-10 09:29:32.451019+00
20015,2026-09-01,273,DEEPAK B,2026-08-10,G/F,General Fitness,800.00,,800.00,due_or_unpaid,R,,E,SEPT2026,2026-09-10 09:29:32.451019+00
20016,2026-09-01,274,RATHNA KUMAR A,2026-09-07,S/Z,Strength Zone,800.00,,7777.00,due_or_unpaid,R,,M/E,SEPT2026,2026-09-10 09:29:32.451019+00
20017,2026-09-01,275,BINIT,2026-03-08,G/F,General Fitness,1000.00,,1000.00,due_or_unpaid,R,,E,SEPT2026,2026-09-10 09:29:32.451019+00
20018,2026-09-01,276,SAPHMITA,2026-03-08,G/F,General Fitness,1000.00,,1000.00,due_or_unpaid,R,,E,SEPT2026,2026-09-10 09:29:32.451019+00
20019,2026-09-01,277,ARAVIND D,2026-03-08,G/F,General Fitness,1000.00,,1000.00,due_or_unpaid,R,,,SEPT2026,2026-09-10 09:29:32.451019+00
20020,2026-09-01,278,VIGNESH M,2026-03-08,G/F,General Fitness,1000.00,,1000.00,due_or_unpaid,R,,M,SEPT2026,2026-09-10 09:29:32.451019+00
20021,2026-09-01,279,MOHAMMED FAAIZ M,2026-03-09,G/F,General Fitness,1000.00,,1000.00,due_or_unpaid,R,,E,SEPT2026,2026-09-10 09:29:32.451019+00
20022,2026-09-01,280,PERIYASAMY J,2026-03-05,S/Z,Strength Zone,800.00,,800.00,due_or_unpaid,R,,,SEPT2026,2026-09-10 09:29:32.451019+00
20023,2026-09-01,281,AKASH A,2026-09-24,G/F,General Fitness,800.00,,800.00,due_or_unpaid,R,,M,SEPT2026,2026-09-10 09:29:32.451019+00
20024,2026-09-01,282,SOLOMON K,2026-03-11,G/F,General Fitness,1000.00,,1000.00,due_or_unpaid,R,,,SEPT2026,2026-09-10 09:29:32.451019+00
20025,2026-09-01,283,SARAN S,2026-03-11,S/Z,Strength Zone,1000.00,,1000.00,due_or_unpaid,R,,,SEPT2026,2026-09-10 09:29:32.451019+00
20026,2026-09-01,284,ARJUN B,2026-03-12,S/Z,Strength Zone,800.00,,800.00,due_or_unpaid,R,,,SEPT2026,2026-09-10 09:29:32.451019+00
20027,2026-09-01,285,SARAVANAN,2026-03-12,S/Z,Strength Zone,800.00,,800.00,due_or_unpaid,R,,,SEPT2026,2026-09-10 09:29:32.451019+00
20028,2026-09-01,286,TAPAS KUMAR B,2026-03-16,S/Z,Strength Zone,800.00,,800.00,due_or_unpaid,R,,,SEPT2026,2026-09-10 09:29:32.451019+00
20029,2026-09-01,287,PRASANTH K,2026-03-16,S/Z,Strength Zone,800.00,,800.00,due_or_unpaid,R,,,SEPT2026,2026-09-10 09:29:32.451019+00
20030,2026-09-01,288,SANDHIYA S,2026-03-16,G/F,General Fitness,1000.00,,1000.00,due_or_unpaid,R,,,SEPT2026,2026-09-10 09:29:32.451019+00
20031,2026-09-01,289,AMAN KUMAR,2026-03-18,S/Z,Strength Zone,800.00,,800.00,due_or_unpaid,R,,,SEPT2026,2026-09-10 09:29:32.451019+00
20032,2026-09-01,290,VARUN KUMAR J,2026-06-24,G/F,General Fitness,1000.00,,1000.00,due_or_unpaid,R,,E,SEPT2026,2026-09-10 09:29:32.451019+00
20033,2026-09-01,291,MOHAN H,2026-08-01,S/Z,Strength Zone,800.00,,800.00,due_or_unpaid,R,,E,SEPT2026,2026-09-10 09:29:32.451019+00
20034,2026-09-01,292,PAUL CHRISTOPHER T,2026-03-29,G/F,General Fitness,1000.00,,1000.00,due_or_unpaid,R,,E,SEPT2026,2026-09-10 09:29:32.451019+00
20035,2026-09-01,293,ANAND N,2026-03-02,S/Z,Strength Zone,800.00,,800.00,due_or_unpaid,R,,,SEPT2026,2026-09-10 09:29:32.451019+00
20036,2026-09-01,294,GANESH S,2026-04-04,S/Z,Strength Zone,800.00,,800.00,due_or_unpaid,R,,M/E,SEPT2026,2026-09-10 09:29:32.451019+00
20037,2026-09-01,295,RAMAN VERMA,2026-03-05,S/Z,Strength Zone,800.00,,800.00,due_or_unpaid,R,,,SEPT2026,2026-09-10 09:29:32.451019+00
20038,2026-09-01,296,HARI PRASATH L,2026-03-05,S/Z,Strength Zone,800.00,,800.00,due_or_unpaid,R,,,SEPT2026,2026-09-10 09:29:32.451019+00
20039,2026-09-01,297,SELVA P,2026-03-05,S/Z,Strength Zone,800.00,,800.00,due_or_unpaid,R,,E,SEPT2026,2026-09-10 09:29:32.451019+00
20040,2026-09-01,298,DILLIBABU,2026-04-12,S/Z,Strength Zone,800.00,,800.00,due_or_unpaid,R,,M,SEPT2026,2026-09-10 09:29:32.451019+00
20041,2026-09-01,299,NIVEN K,2026-03-13,G/F,General Fitness,1000.00,,1000.00,due_or_unpaid,R,,M,SEPT2026,2026-09-10 09:29:32.451019+00
20042,2026-09-01,300,KALIA AKASH S,2026-03-13,S/Z,Strength Zone,800.00,,800.00,due_or_unpaid,R,,,SEPT2026,2026-09-10 09:29:32.451019+00
20043,2026-09-01,301,RAJKUMAR,2026-03-18,S/Z,Strength Zone,800.00,,800.00,due_or_unpaid,R,,,SEPT2026,2026-09-10 09:29:32.451019+00
20044,2026-09-01,302,GANESH K,2026-03-28,G/F,General Fitness,100.00,,1000.00,due_or_unpaid,R,,,SEPT2026,2026-09-10 09:29:32.451019+00
20045,2026-09-01,303,JAYAPRAKASH V,2026-05-01,G/F,General Fitness,1000.00,,1000.00,due_or_unpaid,R,,M,SEPT2026,2026-09-10 09:29:32.451019+00
20046,2026-09-01,304,GANESH S,2026-05-01,G/F,General Fitness,1000.00,,1000.00,due_or_unpaid,R,,M,SEPT2026,2026-09-10 09:29:32.451019+00
20047,2026-09-01,305,JASLIN A,2026-05-01,G/F,General Fitness,1000.00,,1000.00,due_or_unpaid,R,,,SEPT2026,2026-09-10 09:29:32.451019+00
20048,2026-09-01,306,SATHISH M,2026-05-01,S/Z,Strength Zone,800.00,,800.00,due_or_unpaid,R,,,SEPT2026,2026-09-10 09:29:32.451019+00
20049,2026-09-01,307,ARUN K,2026-09-07,S/Z,Strength Zone,800.00,,800.00,due_or_unpaid,R,,M/E,SEPT2026,2026-09-10 09:29:32.451019+00
20050,2026-09-01,308,BALAJI R,2026-03-02,S/Z,Strength Zone,800.00,,800.00,due_or_unpaid,R,,,SEPT2026,2026-09-10 09:29:32.451019+00
20051,2026-09-01,309,JANAKI RAMAN D,2026-04-16,G/F,General Fitness,1000.00,,1000.00,due_or_unpaid,R,,,SEPT2026,2026-09-10 09:29:32.451019+00
20052,2026-09-01,310,KAMALA DHASAN M,2026-09-08,S/Z,Strength Zone,800.00,,800.00,due_or_unpaid,R,,M,SEPT2026,2026-09-10 09:29:32.451019+00
20053,2026-09-01,311,JOHN BENEDICT,2026-09-03,G/F,General Fitness,1000.00,,1000.00,due_or_unpaid,R,,E,SEPT2026,2026-09-10 09:29:32.451019+00
20054,2026-09-01,312,PADMANABAN J,2026-03-15,S/Z,Strength Zone,800.00,,800.00,due_or_unpaid,R,,,SEPT2026,2026-09-10 09:29:32.451019+00
20055,2026-09-01,313,SABARI GIRI S,2026-03-15,S/Z,Strength Zone,800.00,,800.00,due_or_unpaid,R,,,SEPT2026,2026-09-10 09:29:32.451019+00
20056,2026-09-01,314,ROHITH K,2026-03-15,S/Z,Strength Zone,800.00,,800.00,due_or_unpaid,R,,,SEPT2026,2026-09-10 09:29:32.451019+00
20057,2026-09-01,315,CHANDHRU,2026-03-15,S/Z,Strength Zone,800.00,,800.00,due_or_unpaid,R,,,SEPT2026,2026-09-10 09:29:32.451019+00
20058,2026-09-01,316,RAMESH S,2026-04-16,S/Z,Strength Zone,800.00,,800.00,due_or_unpaid,R,,M,SEPT2026,2026-09-10 09:29:32.451019+00
20059,2026-09-01,317,KEERTHI VARMAN S,2026-03-19,S/Z,Strength Zone,800.00,,800.00,due_or_unpaid,R,,,SEPT2026,2026-09-10 09:29:32.451019+00
20060,2026-09-01,318,DILLIBABU K,2026-03-02,S/Z,Strength Zone,800.00,,800.00,due_or_unpaid,R,,,SEPT2026,2026-09-10 09:29:32.451019+00
20061,2026-09-01,319,ABISHEK KUMAR,2026-03-03,S/Z,Strength Zone,800.00,,800.00,due_or_unpaid,R,,M/E,SEPT2026,2026-09-10 09:29:32.451019+00
20062,2026-09-01,320,VIKKI KUMAR,2026-03-03,S/Z,Strength Zone,800.00,,800.00,due_or_unpaid,R,,,SEPT2026,2026-09-10 09:29:32.451019+00
20063,2026-09-01,321,DHAMODHARAN M,2026-03-06,G/F,General Fitness,1000.00,,1000.00,due_or_unpaid,R,,E,SEPT2026,2026-09-10 09:29:32.451019+00
20064,2026-09-01,322,SASI KUMARAN,2026-03-06,G/F,General Fitness,1000.00,,1000.00,due_or_unpaid,R,,M,SEPT2026,2026-09-10 09:29:32.451019+00
20065,2026-09-01,323,SANTHOSH T.S,2026-03-06,S/Z,Strength Zone,800.00,,1000.00,due_or_unpaid,R,,E,SEPT2026,2026-09-10 09:29:32.451019+00
20066,2026-09-01,324,SHIVAM KUMAR,2026-03-04,S/Z,Strength Zone,800.00,,800.00,due_or_unpaid,R,,M/E,SEPT2026,2026-09-10 09:29:32.451019+00
20067,2026-09-01,325,RAUSHAN,2026-03-04,S/Z,Strength Zone,800.00,,800.00,due_or_unpaid,R,,E,SEPT2026,2026-09-10 09:29:32.451019+00
20068,2026-09-01,326,EMBHAH,2026-03-11,G/F,General Fitness,1000.00,,1000.00,due_or_unpaid,R,,M/E,SEPT2026,2026-09-10 09:29:32.451019+00
20069,2026-09-01,327,HASIYA TRIPURA,2026-03-11,G/F,General Fitness,1000.00,,1000.00,due_or_unpaid,R,,M/E,SEPT2026,2026-09-10 09:29:32.451019+00
20070,2026-09-01,328,THANGA RAJ P,2026-09-09,G/F,General Fitness,800.00,,1000.00,due_or_unpaid,R,,M,SEPT2026,2026-09-10 09:29:32.451019+00
20071,2026-09-01,329,SANJU MANDAL,2026-03-23,S/Z,Strength Zone,800.00,,800.00,due_or_unpaid,R,,,SEPT2026,2026-09-10 09:29:32.451019+00
20072,2026-09-01,330,EARM RAZA,2026-05-14,S/Z,Strength Zone,800.00,,800.00,due_or_unpaid,R,,M,SEPT2026,2026-09-10 09:29:32.451019+00
20073,2026-09-01,331,VENKAT P,2026-03-27,S/Z,Strength Zone,800.00,,800.00,due_or_unpaid,R,,M,SEPT2026,2026-09-10 09:29:32.451019+00
20074,2026-09-01,332,DINESH KARTHIK K,2026-03-27,S/Z,Strength Zone,800.00,,800.00,due_or_unpaid,R,,M,SEPT2026,2026-09-10 09:29:32.451019+00
20075,2026-09-01,333,PRAKASH R,2026-05-01,G/F,General Fitness,1000.00,,1000.00,due_or_unpaid,R,,M,SEPT2026,2026-09-10 09:29:32.451019+00
20076,2026-09-01,334,MAGESH G,2027-01-01,G/F,General Fitness,1000.00,,7500.00,due_or_unpaid,R,,M,SEPT2026,2026-09-10 09:29:32.451019+00
20077,2026-09-01,335,SHOHRAB KHAN,2026-03-03,S/Z,Strength Zone,800.00,,800.00,due_or_unpaid,R,,E,SEPT2026,2026-09-10 09:29:32.451019+00
20078,2026-09-01,336,JOHN Y,2026-03-03,S/Z,Strength Zone,800.00,,800.00,due_or_unpaid,R,,E,SEPT2026,2026-09-10 09:29:32.451019+00
20079,2026-09-01,337,SARATHY KUMAR D,2026-03-06,G/F,General Fitness,1000.00,,1000.00,due_or_unpaid,R,,,SEPT2026,2026-09-10 09:29:32.451019+00
20080,2026-09-01,338,SURENDHAR P,2026-03-07,S/Z,Strength Zone,800.00,,800.00,due_or_unpaid,R,,,SEPT2026,2026-09-10 09:29:32.451019+00
20081,2026-09-01,339,VARADHARAJ N,2027-01-17,G/F,General Fitness,7500.00,,7500.00,due_or_unpaid,R,,M,SEPT2026,2026-09-10 09:29:32.451019+00
20082,2026-09-01,340,JAGBIR SINGH,2026-03-10,S/Z,Strength Zone,800.00,,800.00,due_or_unpaid,R,,,SEPT2026,2026-09-10 09:29:32.451019+00
20083,2026-09-01,341,MUKESH M,2026-03-11,S/Z,Strength Zone,800.00,,800.00,due_or_unpaid,R,,M,SEPT2026,2026-09-10 09:29:32.451019+00
20084,2026-09-01,342,VAIKO S,2026-03-17,G/F,General Fitness,1000.00,,1000.00,due_or_unpaid,R,,M,SEPT2026,2026-09-10 09:29:32.451019+00
20085,2026-09-01,343,PRITHIVIRAJ B,2026-06-17,G/F,General Fitness,1000.00,,1000.00,due_or_unpaid,R,,E,SEPT2026,2026-09-10 09:29:32.451019+00
20086,2026-09-01,344,ASISH,2026-03-22,S/Z,Strength Zone,800.00,,800.00,due_or_unpaid,R,,,SEPT2026,2026-09-10 09:29:32.451019+00
20087,2026-09-01,345,DEEPAK S,2026-04-22,S/Z,Strength Zone,800.00,,800.00,due_or_unpaid,R,,,SEPT2026,2026-09-10 09:29:32.451019+00
20088,2026-09-01,346,KRISHNA KUMAR,2026-03-26,S/Z,Strength Zone,1000.00,,800.00,due_or_unpaid,R,,,SEPT2026,2026-09-10 09:29:32.451019+00
20089,2026-09-01,347,HAREESH M,2026-03-27,S/Z,Strength Zone,800.00,,800.00,due_or_unpaid,R,,,SEPT2026,2026-09-10 09:29:32.451019+00
20090,2026-09-01,348,RAMACHANTHIRAN S,2026-03-28,G/F,General Fitness,800.00,,1000.00,due_or_unpaid,R,,,SEPT2026,2026-09-10 09:29:32.451019+00
20091,2026-09-01,349,SARATHI N,2026-06-28,S/Z,Strength Zone,800.00,,800.00,due_or_unpaid,R,,,SEPT2026,2026-09-10 09:29:32.451019+00
20092,2026-09-01,350,MAHESH RAM S,2026-05-01,G/F,General Fitness,1000.00,,1000.00,due_or_unpaid,R,,,SEPT2026,2026-09-10 09:29:32.451019+00
20093,2026-09-01,351,MANISH M,2026-09-03,G/F,General Fitness,1000.00,,1000.00,due_or_unpaid,R,,M,SEPT2026,2026-09-10 09:29:32.451019+00
20094,2026-09-01,352,SATHYA R,2026-04-09,S/Z,Strength Zone,800.00,,800.00,due_or_unpaid,R,,E,SEPT2026,2026-09-10 09:29:32.451019+00
20095,2026-09-01,353,PRANAV M,2026-03-12,S/Z,Strength Zone,800.00,,800.00,due_or_unpaid,R,,M/E,SEPT2026,2026-09-10 09:29:32.451019+00
20096,2026-09-01,354,RINKU ALI,2026-03-13,S/Z,Strength Zone,800.00,,800.00,due_or_unpaid,R,,M,SEPT2026,2026-09-10 09:29:32.451019+00
20097,2026-09-01,355,SHARIF UDDIN,2026-03-13,S/Z,Strength Zone,800.00,,800.00,due_or_unpaid,R,,M,SEPT2026,2026-09-10 09:29:32.451019+00
20098,2026-09-01,356,THANASURYA T,2026-03-15,G/F,General Fitness,100.00,,1000.00,due_or_unpaid,R,,,SEPT2026,2026-09-10 09:29:32.451019+00
20099,2026-09-01,357,JAY,2026-03-15,S/Z,Strength Zone,800.00,,800.00,due_or_unpaid,R,,M,SEPT2026,2026-09-10 09:29:32.451019+00
20100,2026-09-01,358,REAJUL ISLAM,2026-03-15,S/Z,Strength Zone,800.00,,800.00,due_or_unpaid,R,,M,SEPT2026,2026-09-10 09:29:32.451019+00
20101,2026-09-01,359,RANJAN KUMAR BEHERA,2026-03-15,S/Z,Strength Zone,800.00,,800.00,due_or_unpaid,R,,M,SEPT2026,2026-09-10 09:29:32.451019+00
20102,2026-09-01,360,ROHIBUL HOQUE,2026-03-16,S/Z,Strength Zone,800.00,,800.00,due_or_unpaid,R,,,SEPT2026,2026-09-10 09:29:32.451019+00
20103,2026-09-01,361,AIJUL HOQUE,2026-03-16,S/Z,Strength Zone,800.00,,800.00,due_or_unpaid,R,,,SEPT2026,2026-09-10 09:29:32.451019+00
20104,2026-09-01,362,BALAVAISHNAVI L,2026-03-18,G/F,General Fitness,1000.00,,1000.00,due_or_unpaid,R,,E,SEPT2026,2026-09-10 09:29:32.451019+00
20105,2026-09-01,363,VINOTH KUMAR S,2026-09-18,S/Z,Strength Zone,800.00,,800.00,due_or_unpaid,R,,E,SEPT2026,2026-09-10 09:29:32.451019+00
20106,2026-09-01,364,DINESH KUMAR M,2026-06-21,S/Z,Strength Zone,800.00,,2500.00,due_or_unpaid,R,,,SEPT2026,2026-09-10 09:29:32.451019+00
20107,2026-09-01,365,THIRUNAVUKKARASU V,2026-04-22,S/Z,Strength Zone,800.00,,800.00,due_or_unpaid,R,,,SEPT2026,2026-09-10 09:29:32.451019+00
20108,2026-09-01,366,SHARFUDEEN,2026-03-29,G/F,General Fitness,1000.00,,1000.00,due_or_unpaid,R,,,SEPT2026,2026-09-10 09:29:32.451019+00
20109,2026-09-01,367,ARUN KUMAR VEL,2026-09-02,G/F,General Fitness,1000.00,,1000.00,due_or_unpaid,R,,M,SEPT2026,2026-09-10 09:29:32.451019+00
20110,2026-09-01,368,LAVANYA D,2026-09-03,G/F,General Fitness,1000.00,,1000.00,due_or_unpaid,R,,M,SEPT2026,2026-09-10 09:29:32.451019+00
20111,2026-09-01,369,MAMTA RAO,2026-06-05,G/F,General Fitness,1000.00,,1000.00,due_or_unpaid,R,,E,SEPT2026,2026-09-10 09:29:32.451019+00
20112,2026-09-01,370,RAVICHANDRAN A,2026-04-06,S/Z,Strength Zone,800.00,,800.00,due_or_unpaid,R,,M,SEPT2026,2026-09-10 09:29:32.451019+00
20113,2026-09-01,371,KEERTHANA N,2026-03-06,G/F,General Fitness,1000.00,,1000.00,due_or_unpaid,R,,E,SEPT2026,2026-09-10 09:29:32.451019+00
20114,2026-09-01,372,VADAMALAI S,2026-04-08,G/F,General Fitness,1000.00,,1000.00,due_or_unpaid,R,,E,SEPT2026,2026-09-10 09:29:32.451019+00
20115,2026-09-01,373,KHIRUD MUDI P,2026-09-08,S/Z,Strength Zone,1000.00,,1000.00,due_or_unpaid,R,,E,SEPT2026,2026-09-10 09:29:32.451019+00
20116,2026-09-01,374,BISHAL,2026-08-08,S/Z,Strength Zone,800.00,,800.00,due_or_unpaid,R,B200,E,SEPT2026,2026-09-10 09:29:32.451019+00
20117,2026-09-01,375,AMINUL ISLAM,2026-03-10,S,,800.00,,800.00,due_or_unpaid,R,,,SEPT2026,2026-09-10 09:29:32.451019+00
20118,2026-09-01,376,BALA YS,2027-02-01,G/F,General Fitness,1000.00,,7500.00,due_or_unpaid,R,,,SEPT2026,2026-09-10 09:29:32.451019+00
20119,2026-09-01,377,VISHAL S,2026-08-01,S/Z,Strength Zone,800.00,,800.00,due_or_unpaid,R,,E,SEPT2026,2026-09-10 09:29:32.451019+00
20120,2026-09-01,378,DINESH K,2026-09-22,S/Z,Strength Zone,800.00,,800.00,due_or_unpaid,R,,E,SEPT2026,2026-09-10 09:29:32.451019+00
20121,2026-09-01,379,GOKULALAKSHMI M,2026-07-20,S/Z,Strength Zone,1000.00,,1000.00,due_or_unpaid,R,3000,M,SEPT2026,2026-09-10 09:29:32.451019+00
20122,2026-09-01,380,UMA SHANKER S,2026-09-02,S/Z,Strength Zone,800.00,,800.00,due_or_unpaid,R,,E,SEPT2026,2026-09-10 09:29:32.451019+00
20123,2026-09-01,381,BHUVANESH,2026-05-02,S/Z,Strength Zone,800.00,,800.00,due_or_unpaid,R,,E,SEPT2026,2026-09-10 09:29:32.451019+00
20124,2026-09-01,382,JEEVAN GANESH V,2026-04-23,S/Z,Strength Zone,800.00,,800.00,due_or_unpaid,R,,,SEPT2026,2026-09-10 09:29:32.451019+00
20125,2026-09-01,383,GURUPRASANTH S,2026-04-02,G/F,General Fitness,1000.00,,1000.00,due_or_unpaid,R,,M,SEPT2026,2026-09-10 09:29:32.451019+00
20126,2026-09-01,384,PRABHU VASANTH S,2026-04-02,G/F,General Fitness,1000.00,,1000.00,due_or_unpaid,R,,M,SEPT2026,2026-09-10 09:29:32.451019+00
20127,2026-09-01,385,DILIP KUMAR S,2026-09-03,G/F,General Fitness,1000.00,,1000.00,due_or_unpaid,R,,M,SEPT2026,2026-09-10 09:29:32.451019+00
20128,2026-09-01,386,DEEPAK R,2026-09-10,G/F,General Fitness,1000.00,,1000.00,due_or_unpaid,R,,M,SEPT2026,2026-09-10 09:29:32.451019+00
20129,2026-09-01,387,INDHARAN A,2026-04-05,G/F,General Fitness,1000.00,,1000.00,due_or_unpaid,R,,,SEPT2026,2026-09-10 09:29:32.451019+00
20130,2026-09-01,388,MAHESH,2026-04-11,G/F,General Fitness,1000.00,,1000.00,due_or_unpaid,R,,M,SEPT2026,2026-09-10 09:29:32.451019+00
20131,2026-09-01,389,MURALI L,2026-04-11,G/F,General Fitness,1000.00,,1000.00,due_or_unpaid,R,,,SEPT2026,2026-09-10 09:29:32.451019+00
20132,2026-09-01,390,KISHAN KUMAR,2026-04-11,G/F,General Fitness,1000.00,,1000.00,due_or_unpaid,R,,,SEPT2026,2026-09-10 09:29:32.451019+00
20133,2026-09-01,391,KAILASH KUMAR,2026-04-11,G/F,General Fitness,1000.00,,1000.00,due_or_unpaid,R,,,SEPT2026,2026-09-10 09:29:32.451019+00
20134,2026-09-01,392,GAJINDER SINGH,2026-06-12,S/Z,Strength Zone,800.00,,1000.00,due_or_unpaid,R,,M,SEPT2026,2026-09-10 09:29:32.451019+00
20135,2026-09-01,393,SAGAR SHUKLA,2026-04-12,S/Z,Strength Zone,800.00,,800.00,due_or_unpaid,R,,M,SEPT2026,2026-09-10 09:29:32.451019+00
20136,2026-09-01,394,MOHANA SUNDARAM J,2026-04-12,G/F,General Fitness,1000.00,,1000.00,due_or_unpaid,R,,M,SEPT2026,2026-09-10 09:29:32.451019+00
20137,2026-09-01,395,ARUN KUMAR J,2026-04-12,S/Z,Strength Zone,800.00,,800.00,due_or_unpaid,R,,E,SEPT2026,2026-09-10 09:29:32.451019+00
20138,2026-09-01,396,POOVARASAN S,2026-04-16,G/F,General Fitness,1000.00,,1000.00,due_or_unpaid,R,,,SEPT2026,2026-09-10 09:29:32.451019+00
20139,2026-09-01,397,JERRY SHYAM K,2026-05-23,S/Z,Strength Zone,1000.00,,3000.00,due_or_unpaid,R,,E,SEPT2026,2026-09-10 09:29:32.451019+00
20140,2026-09-01,398,BALAJI,2026-06-27,G/F,General Fitness,800.00,,800.00,due_or_unpaid,R,,E,SEPT2026,2026-09-10 09:29:32.451019+00
20141,2026-09-01,399,SAMUVEL A,2026-05-02,S/Z,Strength Zone,800.00,,800.00,due_or_unpaid,R,,,SEPT2026,2026-09-10 09:29:32.451019+00
20142,2026-09-01,400,ARUN KUMAR U,2026-06-03,S/Z,Strength Zone,800.00,,800.00,due_or_unpaid,R,,,SEPT2026,2026-09-10 09:29:32.451019+00
20143,2026-09-01,401,FRANCIS M,2026-08-03,S/Z,Strength Zone,800.00,,800.00,due_or_unpaid,R,,M,SEPT2026,2026-09-10 09:29:32.451019+00
20144,2026-09-01,402,PRAVEEN S.V,2026-05-03,G/F,General Fitness,1000.00,,1000.00,due_or_unpaid,R,,E,SEPT2026,2026-09-10 09:29:32.451019+00
20145,2026-09-01,403,EMIMA,2026-05-03,G/F,General Fitness,1000.00,,1000.00,due_or_unpaid,R,,E,SEPT2026,2026-09-10 09:29:32.451019+00
20146,2026-09-01,404,NIRANJAN M,2026-04-10,S/Z,Strength Zone,800.00,,800.00,due_or_unpaid,R,,M,SEPT2026,2026-09-10 09:29:32.451019+00
20147,2026-09-01,405,JAYAPRAKASH V,2026-04-10,S/Z,Strength Zone,800.00,,800.00,due_or_unpaid,R,,,SEPT2026,2026-09-10 09:29:32.451019+00
20148,2026-09-01,406,MANIGANDAN M,2026-09-10,S/Z,Strength Zone,800.00,,800.00,due_or_unpaid,R,,E,SEPT2026,2026-09-10 09:29:32.451019+00
20149,2026-09-01,407,DATCHINESH K,2026-09-13,S/Z,Strength Zone,800.00,,800.00,due_or_unpaid,R,,E,SEPT2026,2026-09-10 09:29:32.451019+00
20150,2026-09-01,408,VICTOR D,2026-05-17,S/Z,Strength Zone,800.00,,800.00,due_or_unpaid,R,,,SEPT2026,2026-09-10 09:29:32.451019+00
20151,2026-09-01,409,VETRIVEL A,2026-06-21,G/F,General Fitness,1000.00,,1000.00,due_or_unpaid,R,,E,SEPT2026,2026-09-10 09:29:32.451019+00
20152,2026-09-01,410,MITU PALLI,2026-06-24,S/Z,Strength Zone,800.00,,800.00,due_or_unpaid,R,,M,SEPT2026,2026-09-10 09:29:32.451019+00
20153,2026-09-01,411,SHYAM CALLVIN S,2026-06-24,S/Z,Strength Zone,800.00,,800.00,due_or_unpaid,R,,E,SEPT2026,2026-09-10 09:29:32.451019+00
20154,2026-09-01,412,SESHATHIRI G,2026-06-28,S/Z,Strength Zone,1000.00,,800.00,due_or_unpaid,R,,,SEPT2026,2026-09-10 09:29:32.451019+00
20155,2026-09-01,413,YOGESH,2026-08-30,S/Z,Strength Zone,1000.00,,800.00,due_or_unpaid,R,,M,SEPT2026,2026-09-10 09:29:32.451019+00
20156,2026-09-01,414,NITHISH KUMAR S,2026-05-30,G/F,General Fitness,1000.00,,1000.00,due_or_unpaid,R,,,SEPT2026,2026-09-10 09:29:32.451019+00
20157,2026-09-01,415,YOGESHWARAN S,2026-09-01,S/Z,Strength Zone,1000.00,,800.00,due_or_unpaid,R,,M,SEPT2026,2026-09-10 09:29:32.451019+00
20158,2026-09-01,416,ASHWIN S,2026-09-02,S/Z,Strength Zone,1000.00,,800.00,due_or_unpaid,R,,M,SEPT2026,2026-09-10 09:29:32.451019+00
20159,2026-09-01,417,SURESH G,2026-09-03,S/Z,Strength Zone,800.00,,800.00,due_or_unpaid,R,,M,SEPT2026,2026-09-10 09:29:32.451019+00
20160,2026-09-01,418,TAMANNA G,2026-04-03,G/F,General Fitness,1000.00,,1000.00,due_or_unpaid,R,,E,SEPT2026,2026-09-10 09:29:32.451019+00
20161,2026-09-01,419,PRASANTH E,2026-09-07,G/F,General Fitness,1000.00,,1000.00,due_or_unpaid,R,,M/E,SEPT2026,2026-09-10 09:29:32.451019+00
20162,2026-09-01,420,DHIVAGAR N,2026-09-22,G/F,General Fitness,1200.00,,1000.00,due_or_unpaid,R,,M/E,SEPT2026,2026-09-10 09:29:32.451019+00
20163,2026-09-01,421,THIYAGU R,2026-09-22,G/F,General Fitness,1200.00,,1000.00,due_or_unpaid,R,,M/E,SEPT2026,2026-09-10 09:29:32.451019+00
20164,2026-09-01,422,KIRAN SAI K,2026-08-08,S/Z,Strength Zone,800.00,,800.00,due_or_unpaid,R,,E,SEPT2026,2026-09-10 09:29:32.451019+00
20165,2026-09-01,423,MONESWAR KHARWAR,2026-09-03,S/Z,Strength Zone,800.00,,800.00,due_or_unpaid,R,,E,SEPT2026,2026-09-10 09:29:32.451019+00
20166,2026-09-01,424,SUMBU MURA,2026-09-11,S/Z,Strength Zone,800.00,,800.00,due_or_unpaid,R,,E,SEPT2026,2026-09-10 09:29:32.451019+00
20167,2026-09-01,425,NISHWIK B,2026-06-13,S/Z,Strength Zone,800.00,,800.00,due_or_unpaid,R,,M,SEPT2026,2026-09-10 09:29:32.451019+00
20168,2026-09-01,426,KARAN SINGH,2026-09-17,S/Z,Strength Zone,800.00,,800.00,due_or_unpaid,R,,M,SEPT2026,2026-09-10 09:29:32.451019+00
20169,2026-09-01,427,VALLARASU R,2026-06-20,G/F,General Fitness,1000.00,,1000.00,due_or_unpaid,R,,M,SEPT2026,2026-09-10 09:29:32.451019+00
20170,2026-09-01,428,MELKIN MATHEW G,2026-06-21,S/Z,Strength Zone,800.00,,800.00,due_or_unpaid,R,,,SEPT2026,2026-09-10 09:29:32.451019+00
20171,2026-09-01,429,MAHALAKSHMI M,2026-09-21,G/F,General Fitness,1000.00,,1000.00,due_or_unpaid,R,,E,SEPT2026,2026-09-10 09:29:32.451019+00
20172,2026-09-01,430,ABAVANAN G,2026-09-01,S/Z,Strength Zone,800.00,,800.00,due_or_unpaid,R,,M,SEPT2026,2026-09-10 09:29:32.451019+00
20173,2026-09-01,431,KABILAN K,2026-09-05,S/Z,Strength Zone,800.00,,800.00,due_or_unpaid,R,,M,SEPT2026,2026-09-10 09:29:32.451019+00
20174,2026-09-01,432,LAWSOU JERRY K,2026-06-05,S/Z,Strength Zone,1000.00,,1000.00,due_or_unpaid,R,,M,SEPT2026,2026-09-10 09:29:32.451019+00
20175,2026-09-01,433,ALOK KUMAR SINGH,2026-08-08,S/Z,Strength Zone,800.00,,800.00,due_or_unpaid,R,,E,SEPT2026,2026-09-10 09:29:32.451019+00
20176,2026-09-01,434,AJAY K,2026-07-08,G/F,General Fitness,1000.00,,1000.00,due_or_unpaid,R,,E,SEPT2026,2026-09-10 09:29:32.451019+00
20177,2026-09-01,435,DIVAKAR M,2026-09-03,G/F,General Fitness,1000.00,,1000.00,due_or_unpaid,R,,E,SEPT2026,2026-09-10 09:29:32.451019+00
20178,2026-09-01,436,KEERTHANA R,2026-09-20,G/F,General Fitness,1000.00,,1000.00,due_or_unpaid,R,,M,SEPT2026,2026-09-10 09:29:32.451019+00
20179,2026-09-01,437,CHARAN SAAI B,2026-06-27,G/F,General Fitness,1000.00,,1000.00,due_or_unpaid,R,,E,SEPT2026,2026-09-10 09:29:32.451019+00
20180,2026-09-01,438,ABI YUVARAJ K,2026-09-01,S/Z,Strength Zone,1000.00,,800.00,due_or_unpaid,R,,,SEPT2026,2026-09-10 09:29:32.451019+00
20181,2026-09-01,439,GAYATHIRI,2026-09-05,S/Z,Strength Zone,800.00,,1000.00,due_or_unpaid,R,,M,SEPT2026,2026-09-10 09:29:32.451019+00
20182,2026-09-01,440,SAKTHIVEL R,2026-08-04,S/Z,Strength Zone,800.00,,800.00,due_or_unpaid,R,,M,SEPT2026,2026-09-10 09:29:32.451019+00
20183,2026-09-01,441,BALAJI,2026-09-05,G/F,General Fitness,1000.00,,1000.00,due_or_unpaid,R,,M,SEPT2026,2026-09-10 09:29:32.451019+00
20184,2026-09-01,442,SANDEEP,2026-09-05,G/F,General Fitness,1000.00,,1000.00,due_or_unpaid,R,,M,SEPT2026,2026-09-10 09:29:32.451019+00
20185,2026-09-01,443,TIKESH PATEL,2026-09-08,S/Z,Strength Zone,800.00,,800.00,due_or_unpaid,R,,M,SEPT2026,2026-09-10 09:29:32.451019+00
20186,2026-09-01,444,KARTHICK,2026-12-10,S/Z,Strength Zone,4500.00,,800.00,due_or_unpaid,R,,,SEPT2026,2026-09-10 09:29:32.451019+00
20187,2026-09-01,445,GUNALAN,2026-09-16,G/F,General Fitness,1000.00,,800.00,due_or_unpaid,R,,E,SEPT2026,2026-09-10 09:29:32.451019+00
20188,2026-09-01,446,RAJESH,2026-09-16,G/F,General Fitness,1000.00,,1000.00,due_or_unpaid,R,,E,SEPT2026,2026-09-10 09:29:32.451019+00
20189,2026-09-01,447,BALA,2026-09-17,S/Z,Strength Zone,2500.00,,800.00,due_or_unpaid,R,,E,SEPT2026,2026-09-10 09:29:32.451019+00
20190,2026-09-01,448,SRINIVASAN,2026-09-18,G/F,General Fitness,1000.00,,1000.00,due_or_unpaid,R,,M,SEPT2026,2026-09-10 09:29:32.451019+00
20191,2026-09-01,449,INBARAJ M,2026-09-19,S/Z,Strength Zone,800.00,,800.00,due_or_unpaid,R,,E,SEPT2026,2026-09-10 09:29:32.451019+00
20192,2026-09-01,450,AJAY YADAV,2026-09-28,S/Z,Strength Zone,800.00,,800.00,due_or_unpaid,R,,M,SEPT2026,2026-09-10 09:29:32.451019+00
20193,2026-09-01,451,LOHIT SAI RAJA T,2026-09-01,S/Z,Strength Zone,800.00,800.00,0.00,paid,PAID,,M,SEPT2026,2026-09-10 09:29:32.451019+00
20194,2026-09-01,452,PARTHIBAN M,2026-09-30,S/Z,Strength Zone,800.00,,800.00,due_or_unpaid,R,,E,SEPT2026,2026-09-10 09:29:32.451019+00
20195,2026-09-01,453,KHIRUBAKARAN,2026-09-30,S/Z,Strength Zone,800.00,,800.00,due_or_unpaid,R,,E,SEPT2026,2026-09-10 09:29:32.451019+00
20196,2026-09-01,454,PRINCE L,2026-09-30,S/Z,Strength Zone,800.00,,800.00,due_or_unpaid,R,,E,SEPT2026,2026-09-10 09:29:32.451019+00
20197,2026-09-01,455,RILSON A,2026-09-30,S/Z,Strength Zone,800.00,,800.00,due_or_unpaid,R,,E,SEPT2026,2026-09-10 09:29:32.451019+00
20198,2026-09-01,456,PRAVEEN KUMAR V,2026-08-01,S/Z,Strength Zone,800.00,,800.00,due_or_unpaid,R,,,SEPT2026,2026-09-10 09:29:32.451019+00
20199,2026-09-01,457,DINESH S,2026-09-01,S/Z,Strength Zone,800.00,,800.00,due_or_unpaid,R,,,SEPT2026,2026-09-10 09:29:32.451019+00
20200,2026-09-01,458,DHEVA D,2026-09-02,G/F,General Fitness,1000.00,,1000.00,due_or_unpaid,R,,M,SEPT2026,2026-09-10 09:29:32.451019+00
20201,2026-09-01,459,DHARUN KUMAR S,2026-09-06,S/Z,Strength Zone,800.00,,1000.00,due_or_unpaid,R,,E,SEPT2026,2026-09-10 09:29:32.451019+00
20202,2026-09-01,460,THARUN RAJ J,2026-09-06,S/Z,Strength Zone,800.00,,800.00,due_or_unpaid,R,,E,SEPT2026,2026-09-10 09:29:32.451019+00
20203,2026-09-01,461,VINOTH KUMAR S,2026-09-07,S/Z,Strength Zone,800.00,,800.00,due_or_unpaid,R,,,SEPT2026,2026-09-10 09:29:32.451019+00
20204,2026-09-01,462,ISHWARYA R,2026-08-08,G/F,General Fitness,1000.00,,1000.00,due_or_unpaid,R,,M,SEPT2026,2026-09-10 09:29:32.451019+00
20205,2026-09-01,463,AABEL S,2026-09-10,S/Z,Strength Zone,800.00,,800.00,due_or_unpaid,R,,E,SEPT2026,2026-09-10 09:29:32.451019+00
20206,2026-09-01,464,JOY KUMAR SIGN,2026-09-11,S/Z,Strength Zone,800.00,,800.00,due_or_unpaid,R,,M,SEPT2026,2026-09-10 09:29:32.451019+00
20207,2026-09-01,465,ROHIT R,2026-08-13,S/Z,Strength Zone,800.00,,800.00,due_or_unpaid,R,,,SEPT2026,2026-09-10 09:29:32.451019+00
20208,2026-09-01,466,ISRAVEL J,2026-08-13,S/Z,Strength Zone,800.00,,800.00,due_or_unpaid,R,,E,SEPT2026,2026-09-10 09:29:32.451019+00
20209,2026-09-01,467,GANESH KUMAR P,2026-09-16,G/F,General Fitness,1000.00,,1000.00,due_or_unpaid,R,,,SEPT2026,2026-09-10 09:29:32.451019+00
20210,2026-09-01,468,AMALA R,2026-09-17,G/F,General Fitness,1000.00,,1000.00,due_or_unpaid,R,,E,SEPT2026,2026-09-10 09:29:32.451019+00
20211,2026-09-01,469,SYRYA M,2026-09-21,S/Z,Strength Zone,800.00,,800.00,due_or_unpaid,R,,M,SEPT2026,2026-09-10 09:29:32.451019+00
20212,2026-09-01,470,LOGESH,2026-09-21,S/Z,Strength Zone,800.00,,800.00,due_or_unpaid,R,,M,SEPT2026,2026-09-10 09:29:32.451019+00
20213,2026-09-01,471,KHILAWAN,2026-09-21,S/Z,Strength Zone,800.00,,800.00,due_or_unpaid,R,,M,SEPT2026,2026-09-10 09:29:32.451019+00
20214,2026-09-01,472,KEERTHIVASAN C,2026-09-27,S/Z,Strength Zone,1000.00,,800.00,due_or_unpaid,R,,M,SEPT2026,2026-09-10 09:29:32.451019+00
20215,2026-09-01,473,DHANASINGH,2026-09-27,S/Z,Strength Zone,1000.00,,800.00,due_or_unpaid,R,,M,SEPT2026,2026-09-10 09:29:32.451019+00
20216,2026-09-01,474,MITHUN KUMAR D,2026-09-28,G/F,General Fitness,1000.00,,1000.00,due_or_unpaid,R,,,SEPT2026,2026-09-10 09:29:32.451019+00
20217,2026-09-01,475,RAMACHANDRAN B,2026-09-29,S/Z,Strength Zone,800.00,,800.00,due_or_unpaid,R,,E,SEPT2026,2026-09-10 09:29:32.451019+00
20218,2026-09-01,476,PREM,,S/Z,Strength Zone,800.00,,800.00,due_or_unpaid,R,,M,SEPT2026,2026-09-10 09:29:32.451019+00
20219,2026-09-01,477,MANIKANDAN P,2026-09-03,S/Z,Strength Zone,800.00,,800.00,due_or_unpaid,R,,,SEPT2026,2026-09-10 09:29:32.451019+00
20220,2026-09-01,478,SOWNDHAR R,2026-09-03,G/F,General Fitness,1000.00,,1000.00,due_or_unpaid,R,,,SEPT2026,2026-09-10 09:29:32.451019+00
20221,2026-09-01,479,YOGESHWARAN S,2026-09-03,S/Z,Strength Zone,800.00,,800.00,due_or_unpaid,R,,,SEPT2026,2026-09-10 09:29:32.451019+00
20222,2026-09-01,480,ROSHANTH BRIGHT F,2026-09-03,S/Z,Strength Zone,800.00,,800.00,due_or_unpaid,R,,,SEPT2026,2026-09-10 09:29:32.451019+00
20223,2026-09-01,481,MANIKANDAN M,2026-09-03,G/F,General Fitness,1000.00,,1000.00,due_or_unpaid,R,,,SEPT2026,2026-09-10 09:29:32.451019+00
20224,2026-09-01,482,HEMAMALINI A,2026-09-04,G/F,General Fitness,1000.00,,1000.00,due_or_unpaid,R,,,SEPT2026,2026-09-10 09:29:32.451019+00
20225,2026-09-01,483,PRAVEEN JOE T,2026-09-04,G/F,General Fitness,1000.00,,1000.00,due_or_unpaid,R,,,SEPT2026,2026-09-10 09:29:32.451019+00
20226,2026-09-01,484,AMULRAJ T,2026-09-04,S/Z,Strength Zone,800.00,,800.00,due_or_unpaid,R,,,SEPT2026,2026-09-10 09:29:32.451019+00
20227,2026-09-01,485,VISHNU PRABU T,2026-09-04,S/Z,Strength Zone,800.00,,800.00,due_or_unpaid,R,,,SEPT2026,2026-09-10 09:29:32.451019+00
20228,2026-09-01,486,HEMANATH R,2026-09-05,S/Z,Strength Zone,800.00,,800.00,due_or_unpaid,R,,E,SEPT2026,2026-09-10 09:29:32.451019+00
20229,2026-09-01,487,SARAVANAN KUMAR M,2026-09-06,G/F,General Fitness,1000.00,,1000.00,due_or_unpaid,R,,,SEPT2026,2026-09-10 09:29:32.451019+00
20230,2026-09-01,488,MILAN GOUR,2026-09-11,S/Z,Strength Zone,800.00,,800.00,due_or_unpaid,R,,,SEPT2026,2026-09-10 09:29:32.451019+00
20231,2026-09-01,489,JOHN BENHUR,2026-09-12,G/F,General Fitness,1000.00,,1000.00,due_or_unpaid,R,,M,SEPT2026,2026-09-10 09:29:32.451019+00
20232,2026-09-01,490,SIVARAMAKRISHNAN S,2026-09-12,S/Z,Strength Zone,800.00,,800.00,due_or_unpaid,R,,,SEPT2026,2026-09-10 09:29:32.451019+00
20233,2026-09-01,491,ATHISWARAN M,2026-09-14,G/F,General Fitness,1000.00,,1000.00,due_or_unpaid,R,,,SEPT2026,2026-09-10 09:29:32.451019+00
20234,2026-09-01,492,AARTHI T,2026-09-15,G/F,General Fitness,1000.00,,1000.00,due_or_unpaid,R,,E,SEPT2026,2026-09-10 09:29:32.451019+00
20235,2026-09-01,493,SALOMI LIDIYA P,2026-09-15,G/F,General Fitness,1000.00,,1000.00,due_or_unpaid,R,,E,SEPT2026,2026-09-10 09:29:32.451019+00
20236,2026-09-01,494,KARTHICK S,2026-09-17,S/Z,Strength Zone,800.00,,800.00,due_or_unpaid,R,,,SEPT2026,2026-09-10 09:29:32.451019+00
20237,2026-09-01,495,RITHIKA M,2026-09-18,G/F,General Fitness,1000.00,,1000.00,due_or_unpaid,R,,M,SEPT2026,2026-09-10 09:29:32.451019+00
20238,2026-09-01,496,SUSHIL TANADAN,2026-09-18,S/Z,Strength Zone,800.00,,800.00,due_or_unpaid,R,,M,SEPT2026,2026-09-10 09:29:32.451019+00
20239,2026-09-01,497,CHANDASH,2026-09-18,S/Z,Strength Zone,800.00,,800.00,due_or_unpaid,R,,M,SEPT2026,2026-09-10 09:29:32.451019+00
20240,2026-09-01,498,YOGESH G,2026-09-20,G/F,General Fitness,1000.00,,1000.00,due_or_unpaid,R,,E,SEPT2026,2026-09-10 09:29:32.451019+00
20241,2026-09-01,499,HARISH RAJ,2026-09-24,G/F,General Fitness,1000.00,,1000.00,due_or_unpaid,R,,E,SEPT2026,2026-09-10 09:29:32.451019+00
20242,2026-08-01,1,SUNDHAR M,2026-03-09,S/Z,Strength Zone,800.00,,800.00,due_or_unpaid,R,,,AUGUST,2026-09-10 09:29:32.451019+00
20243,2026-08-01,2,NITHYASEELAN P,2026-03-09,S/Z,Strength Zone,800.00,,800.00,due_or_unpaid,R,,,AUGUST,2026-09-10 09:29:32.451019+00
20244,2026-08-01,3,SANJEEVA REDDY C,2026-03-09,S/Z,Strength Zone,800.00,,800.00,due_or_unpaid,R,,M/E,AUGUST,2026-09-10 09:29:32.451019+00
20245,2026-08-01,4,ABDUL RAHMAN A,2026-03-09,S/Z,Strength Zone,800.00,,1000.00,due_or_unpaid,R,,,AUGUST,2026-09-10 09:29:32.451019+00
20246,2026-08-01,5,SANTHOSH KUMAR G,2026-03-09,G/F,General Fitness,1000.00,,1000.00,due_or_unpaid,R,,,AUGUST,2026-09-10 09:29:32.451019+00
20247,2026-08-01,6,SATHISH KUMAR J,2026-03-09,G/F,General Fitness,1000.00,,1000.00,due_or_unpaid,R,,,AUGUST,2026-09-10 09:29:32.451019+00
20248,2026-08-01,7,VIJAYABABU C,2027-01-09,G/F,General Fitness,7500.00,,7500.00,due_or_unpaid,R,,M,AUGUST,2026-09-10 09:29:32.451019+00
20249,2026-08-01,8,ISTJHAR AHAMAD,2026-03-09,G/F,General Fitness,1000.00,,1000.00,due_or_unpaid,R,,,AUGUST,2026-09-10 09:29:32.451019+00
20250,2026-08-01,9,MUBARAK ALI,2026-03-09,S/Z,Strength Zone,800.00,,800.00,due_or_unpaid,R,,,AUGUST,2026-09-10 09:29:32.451019+00
20251,2026-08-01,10,GULJOR HUSSAIN,2026-03-09,S/Z,Strength Zone,800.00,,800.00,due_or_unpaid,R,,,AUGUST,2026-09-10 09:29:32.451019+00
20252,2026-08-01,11,SURHAB ALI,2026-03-09,S/Z,Strength Zone,800.00,,800.00,due_or_unpaid,R,,,AUGUST,2026-09-10 09:29:32.451019+00
20253,2026-08-01,12,SATHYA M,2026-03-09,G/F,General Fitness,800.00,,800.00,due_or_unpaid,R,,,AUGUST,2026-09-10 09:29:32.451019+00
20254,2026-08-01,13,PORTAP CHETRY,2026-03-09,S/Z,Strength Zone,800.00,,800.00,due_or_unpaid,R,,,AUGUST,2026-09-10 09:29:32.451019+00
20255,2026-08-01,14,TAMIL,2026-03-09,G/F,General Fitness,1000.00,,1000.00,due_or_unpaid,R,,,AUGUST,2026-09-10 09:29:32.451019+00
20256,2026-08-01,15,DEEPAK M,2026-08-17,S/Z,Strength Zone,800.00,,800.00,due_or_unpaid,R,,M,AUGUST,2026-09-10 09:29:32.451019+00
20257,2026-08-01,16,SARATH KUMAR A,2026-03-10,S/Z,Strength Zone,800.00,,800.00,due_or_unpaid,R,,,AUGUST,2026-09-10 09:29:32.451019+00
20258,2026-08-01,17,UDHAYA PANDIAN,2026-03-10,G/F,General Fitness,1000.00,,1000.00,due_or_unpaid,R,,M,AUGUST,2026-09-10 09:29:32.451019+00
20259,2026-08-01,18,MANJIT KUMAR,2026-06-27,S/Z,Strength Zone,800.00,,800.00,due_or_unpaid,R,,M/E,AUGUST,2026-09-10 09:29:32.451019+00
20260,2026-08-01,19,YUVARAJ C,2026-03-10,G/F,General Fitness,1000.00,,1000.00,due_or_unpaid,R,,E,AUGUST,2026-09-10 09:29:32.451019+00
20261,2026-08-01,20,CHARLES,2026-03-09,S/Z,Strength Zone,800.00,,1000.00,due_or_unpaid,R,,,AUGUST,2026-09-10 09:29:32.451019+00
20262,2026-08-01,21,DHANUSH V,2026-03-10,S/Z,Strength Zone,800.00,,800.00,due_or_unpaid,R,,,AUGUST,2026-09-10 09:29:32.451019+00
20263,2026-08-01,22,BOLORAM PONIKA A.J,2026-03-10,S/Z,Strength Zone,800.00,,800.00,due_or_unpaid,R,,,AUGUST,2026-09-10 09:29:32.451019+00
20264,2026-08-01,23,PRASANTH M,2026-03-10,S/Z,Strength Zone,800.00,,800.00,due_or_unpaid,R,,,AUGUST,2026-09-10 09:29:32.451019+00
20265,2026-08-01,24,RAGUL R,2026-08-20,S/Z,Strength Zone,800.00,,800.00,due_or_unpaid,R,,E,AUGUST,2026-09-10 09:29:32.451019+00
20266,2026-08-01,25,SANTHOSH M,2026-03-11,S/Z,Strength Zone,800.00,,800.00,due_or_unpaid,R,,,AUGUST,2026-09-10 09:29:32.451019+00
20267,2026-08-01,26,MAZID ALI,2026-03-11,S/Z,Strength Zone,800.00,,800.00,due_or_unpaid,R,,,AUGUST,2026-09-10 09:29:32.451019+00
20268,2026-08-01,27,SADIKUL ISLAM,2026-03-11,S/Z,Strength Zone,800.00,,800.00,due_or_unpaid,R,,,AUGUST,2026-09-10 09:29:32.451019+00
20269,2026-08-01,28,LAKSHWANTH,2026-05-14,G/F,General Fitness,800.00,,1000.00,due_or_unpaid,R,,E,AUGUST,2026-09-10 09:29:32.451019+00
20270,2026-08-01,29,GOWTHAM A,2026-05-01,S/Z,Strength Zone,800.00,,800.00,due_or_unpaid,R,,,AUGUST,2026-09-10 09:29:32.451019+00
20271,2026-08-01,30,PRADEEP Y,2026-08-20,S/Z,Strength Zone,800.00,800.00,0.00,paid,PAID,,M/E,AUGUST,2026-09-10 09:29:32.451019+00
20272,2026-08-01,31,ROHIT R,2026-08-12,S/Z,Strength Zone,800.00,,800.00,due_or_unpaid,R,,E,AUGUST,2026-09-10 09:29:32.451019+00
20273,2026-08-01,32,RISHI,2026-08-03,S/Z,Strength Zone,800.00,,800.00,due_or_unpaid,R,,E,AUGUST,2026-09-10 09:29:32.451019+00
20274,2026-08-01,33,GOPAL B,2026-08-29,S/Z,Strength Zone,800.00,,800.00,due_or_unpaid,R,,E,AUGUST,2026-09-10 09:29:32.451019+00
20275,2026-08-01,34,KODOM ALI D,2026-03-13,S/Z,Strength Zone,800.00,,800.00,due_or_unpaid,R,,,AUGUST,2026-09-10 09:29:32.451019+00
20276,2026-08-01,35,SUJAB ALI A,2026-03-13,S/Z,Strength Zone,800.00,,800.00,due_or_unpaid,R,,,AUGUST,2026-09-10 09:29:32.451019+00
20277,2026-08-01,36,ASHABUL HOQUE S,2026-03-13,S/Z,Strength Zone,800.00,,800.00,due_or_unpaid,R,,,AUGUST,2026-09-10 09:29:32.451019+00
20278,2026-08-01,37,SURESH K,2026-03-13,G/F,General Fitness,1000.00,,1000.00,due_or_unpaid,R,,,AUGUST,2026-09-10 09:29:32.451019+00
20279,2026-08-01,38,YUVARAJ B,2026-04-13,S/F,,800.00,800.00,0.00,paid,PAID,,E,AUGUST,2026-09-10 09:29:32.451019+00
20280,2026-08-01,39,BALAKUMAR H,2026-08-13,G/F,General Fitness,1000.00,1000.00,0.00,paid,PAID,,E,AUGUST,2026-09-10 09:29:32.451019+00
20281,2026-08-01,40,SIDDHARATH V,2026-03-13,S/Z,Strength Zone,1000.00,,1000.00,due_or_unpaid,R,,M/E,AUGUST,2026-09-10 09:29:32.451019+00
20282,2026-08-01,41,VAJRAVEL A,2026-08-13,G/F,General Fitness,1000.00,,1000.00,due_or_unpaid,R,,M,AUGUST,2026-09-10 09:29:32.451019+00
20283,2026-08-01,42,SARAVANAN K,2026-06-13,S/Z,Strength Zone,800.00,,800.00,due_or_unpaid,R,,E,AUGUST,2026-09-10 09:29:32.451019+00
20284,2026-08-01,43,ARJUN S,2026-03-13,S/Z,Strength Zone,800.00,,800.00,due_or_unpaid,R,,,AUGUST,2026-09-10 09:29:32.451019+00
20285,2026-08-01,44,RAM PRASAD,2026-03-14,G/F,General Fitness,1000.00,,1000.00,due_or_unpaid,R,,,AUGUST,2026-09-10 09:29:32.451019+00
20286,2026-08-01,45,SANTHOSH,2026-05-01,S/Z,Strength Zone,800.00,,800.00,due_or_unpaid,R,,,AUGUST,2026-09-10 09:29:32.451019+00
20287,2026-08-01,46,SRI RAM R,2026-08-14,S/Z,Strength Zone,1000.00,,1000.00,due_or_unpaid,R,,E,AUGUST,2026-09-10 09:29:32.451019+00
20288,2026-08-01,47,ANBU N,2026-03-14,G/F,General Fitness,1000.00,,1000.00,due_or_unpaid,R,,,AUGUST,2026-09-10 09:29:32.451019+00
20289,2026-08-01,48,ARAVINDKUMAR P,2026-03-14,S/Z,Strength Zone,800.00,,800.00,due_or_unpaid,R,,,AUGUST,2026-09-10 09:29:32.451019+00
20290,2026-08-01,49,ARUN S,2026-03-16,G/F,General Fitness,1000.00,,1000.00,due_or_unpaid,R,,,AUGUST,2026-09-10 09:29:32.451019+00
20291,2026-08-01,50,AATHI,2026-08-18,S/Z,Strength Zone,800.00,800.00,0.00,paid,PAID,,E,AUGUST,2026-09-10 09:29:32.451019+00
20292,2026-08-01,51,JOTHILINGAM R,2026-03-15,G/F,General Fitness,1000.00,,1000.00,due_or_unpaid,R,,,AUGUST,2026-09-10 09:29:32.451019+00
20293,2026-08-01,52,VASANTH J,2027-01-15,S/Z,Strength Zone,7500.00,,7500.00,due_or_unpaid,R,,M,AUGUST,2026-09-10 09:29:32.451019+00
20294,2026-08-01,53,BESTY PAULINE,2026-03-16,G/F,General Fitness,1000.00,,1000.00,due_or_unpaid,R,,,AUGUST,2026-09-10 09:29:32.451019+00
20295,2026-08-01,54,PREM KUMAR Y,2026-03-16,S/Z,Strength Zone,800.00,,800.00,due_or_unpaid,R,,,AUGUST,2026-09-10 09:29:32.451019+00
20296,2026-08-01,55,JAWAID F,2026-03-16,S/Z,Strength Zone,800.00,,800.00,due_or_unpaid,R,,,AUGUST,2026-09-10 09:29:32.451019+00
20297,2026-08-01,56,BOBIDUL ISLAM A,2026-03-16,G/F,General Fitness,1000.00,,1000.00,due_or_unpaid,R,,,AUGUST,2026-09-10 09:29:32.451019+00
20298,2026-08-01,57,ABDUL KHALAK J,2026-03-16,G/F,General Fitness,1000.00,,1000.00,due_or_unpaid,R,,,AUGUST,2026-09-10 09:29:32.451019+00
20299,2026-08-01,58,MEHERUL HAQUE S,2026-03-16,G/F,General Fitness,1000.00,,1000.00,due_or_unpaid,R,,,AUGUST,2026-09-10 09:29:32.451019+00
20300,2026-08-01,59,JAGADEESH M,2026-03-16,G/F,General Fitness,1000.00,,1000.00,due_or_unpaid,R,,,AUGUST,2026-09-10 09:29:32.451019+00
20301,2026-08-01,60,FAIYAZ AHMED A,2026-03-16,S/Z,Strength Zone,800.00,,800.00,due_or_unpaid,R,,,AUGUST,2026-09-10 09:29:32.451019+00
20302,2026-08-01,61,MAMIDUL ALI,2026-03-17,S/Z,Strength Zone,800.00,,800.00,due_or_unpaid,R,,,AUGUST,2026-09-10 09:29:32.451019+00
20303,2026-08-01,62,VINOTH KUMAR,2026-03-17,G/F,General Fitness,800.00,,800.00,due_or_unpaid,R,,,AUGUST,2026-09-10 09:29:32.451019+00
20304,2026-08-01,63,ABDUL BATIN,2026-03-17,S/Z,Strength Zone,800.00,,800.00,due_or_unpaid,R,,,AUGUST,2026-09-10 09:29:32.451019+00
20305,2026-08-01,64,NILCHAN ALI,2026-03-17,S/Z,Strength Zone,800.00,,800.00,due_or_unpaid,R,,,AUGUST,2026-09-10 09:29:32.451019+00
20306,2026-08-01,65,MONIRUAL HOQUE,2026-03-17,S/Z,Strength Zone,800.00,,800.00,due_or_unpaid,R,,,AUGUST,2026-09-10 09:29:32.451019+00
20307,2026-08-01,66,AMIR HAMJA,2026-03-17,S/Z,Strength Zone,800.00,,800.00,due_or_unpaid,R,,,AUGUST,2026-09-10 09:29:32.451019+00
20308,2026-08-01,67,SUNIL R,2026-03-17,G/F,General Fitness,1000.00,,1000.00,due_or_unpaid,R,,,AUGUST,2026-09-10 09:29:32.451019+00
20309,2026-08-01,68,SUDHAKAR S,2026-03-17,S/Z,Strength Zone,800.00,,800.00,due_or_unpaid,R,,,AUGUST,2026-09-10 09:29:32.451019+00
20310,2026-08-01,69,AMINUL ISLAM MD,2026-03-18,S/Z,Strength Zone,800.00,,800.00,due_or_unpaid,R,,,AUGUST,2026-09-10 09:29:32.451019+00
20311,2026-08-01,70,TAFIKUL ISLAM,2026-03-18,G/F,General Fitness,1000.00,,800.00,due_or_unpaid,R,,,AUGUST,2026-09-10 09:29:32.451019+00
20312,2026-08-01,72,HAFIZUR RAHMAM,2026-03-19,S/Z,Strength Zone,800.00,,800.00,due_or_unpaid,R,,,AUGUST,2026-09-10 09:29:32.451019+00
20313,2026-08-01,73,MOJNUR,2026-03-19,S/Z,Strength Zone,800.00,,800.00,due_or_unpaid,R,,,AUGUST,2026-09-10 09:29:32.451019+00
20314,2026-08-01,74,YOGESH R,2026-03-19,S/Z,Strength Zone,800.00,,800.00,due_or_unpaid,R,,,AUGUST,2026-09-10 09:29:32.451019+00
20315,2026-08-01,75,NAVAS,2026-03-19,G/F,General Fitness,1000.00,,800.00,due_or_unpaid,R,,,AUGUST,2026-09-10 09:29:32.451019+00
20316,2026-08-01,76,TAYABUR RAHMAN A,2026-03-20,S/Z,Strength Zone,800.00,,800.00,due_or_unpaid,R,,,AUGUST,2026-09-10 09:29:32.451019+00
20317,2026-08-01,78,RATHISH KUMAR,2026-03-23,G/F,General Fitness,1000.00,,1000.00,due_or_unpaid,R,,M/E,AUGUST,2026-09-10 09:29:32.451019+00
20318,2026-08-01,78,SANTHOSH,2026-03-29,G/F,General Fitness,800.00,,1000.00,due_or_unpaid,R,,,AUGUST,2026-09-10 09:29:32.451019+00
20319,2026-08-01,79,DARVIN RAJ J,2025-06-10,G/F,General Fitness,1000.00,,1000.00,due_or_unpaid,R,,,AUGUST,2026-09-10 09:29:32.451019+00
20320,2026-08-01,80,PRASANTH S,2026-03-23,S/Z,Strength Zone,800.00,,800.00,due_or_unpaid,R,,,AUGUST,2026-09-10 09:29:32.451019+00
20321,2026-08-01,81,GURU SHANKAR,2026-03-23,S/Z,Strength Zone,800.00,,800.00,due_or_unpaid,R,,,AUGUST,2026-09-10 09:29:32.451019+00
20322,2026-08-01,82,NARJUL ISLAM A,2026-03-23,S/Z,Strength Zone,800.00,,800.00,due_or_unpaid,R,,,AUGUST,2026-09-10 09:29:32.451019+00
20323,2026-08-01,83,SANGIT KUMAR SAMANTHA,2026-03-23,G/F,General Fitness,1000.00,,800.00,due_or_unpaid,R,,,AUGUST,2026-09-10 09:29:32.451019+00
20324,2026-08-01,84,RAGUL A,2026-03-23,S/Z,Strength Zone,800.00,,800.00,due_or_unpaid,R,,E,AUGUST,2026-09-10 09:29:32.451019+00
20325,2026-08-01,85,ASWINI SAGAR SWAIN,2026-03-24,S/Z,Strength Zone,800.00,,800.00,due_or_unpaid,R,,,AUGUST,2026-09-10 09:29:32.451019+00
20326,2026-08-01,86,DEEPAK M,2026-03-08,G/F,General Fitness,1000.00,,1000.00,due_or_unpaid,R,,M,AUGUST,2026-09-10 09:29:32.451019+00
20327,2026-08-01,88,NATHAN K,2026-03-25,S/Z,Strength Zone,800.00,,800.00,due_or_unpaid,R,,,AUGUST,2026-09-10 09:29:32.451019+00
20328,2026-08-01,89,MOIN UDDIN A,2026-03-25,S/Z,Strength Zone,800.00,,800.00,due_or_unpaid,R,,,AUGUST,2026-09-10 09:29:32.451019+00
20329,2026-08-01,90,ALI AHMED R,2026-03-25,S/Z,Strength Zone,800.00,,800.00,due_or_unpaid,R,,,AUGUST,2026-09-10 09:29:32.451019+00
20330,2026-08-01,91,ABINASH S,2026-08-27,S/Z,Strength Zone,2500.00,41400.00,0.00,paid,R,,E,AUGUST,2026-09-10 09:29:32.451019+00
20331,2026-08-01,92,ARAVIND S,2026-03-28,S/Z,Strength Zone,800.00,,800.00,due_or_unpaid,R,,,AUGUST,2026-09-10 09:29:32.451019+00
20332,2026-08-01,93,ASHADUL,2026-03-30,G/F,General Fitness,800.00,,800.00,due_or_unpaid,R,,,AUGUST,2026-09-10 09:29:32.451019+00
20333,2026-08-01,94,GUHAN A,2026-06-13,S/Z,Strength Zone,1000.00,,1000.00,due_or_unpaid,R,,M,AUGUST,2026-09-10 09:29:32.451019+00
20334,2026-08-01,95,ROKIBUL HUSSAIN A,2026-03-30,S/Z,Strength Zone,800.00,,800.00,due_or_unpaid,R,,,AUGUST,2026-09-10 09:29:32.451019+00
20335,2026-08-01,96,MERVYN,2026-06-01,G/F,General Fitness,7000.00,,7000.00,due_or_unpaid,R,,,AUGUST,2026-09-10 09:29:32.451019+00
20336,2026-08-01,97,MICHAEL A,2026-05-01,S/Z,Strength Zone,800.00,,800.00,due_or_unpaid,R,,,AUGUST,2026-09-10 09:29:32.451019+00
20337,2026-08-01,98,SUGAN RAJ M,2026-05-01,S/Z,Strength Zone,800.00,,800.00,due_or_unpaid,R,,,AUGUST,2026-09-10 09:29:32.451019+00
20338,2026-08-01,99,SHUTRUGHAN KUMAR R,2026-05-21,G/F,General Fitness,800.00,,800.00,due_or_unpaid,R,,M,AUGUST,2026-09-10 09:29:32.451019+00
20339,2026-08-01,100,DAVID A,2026-03-02,G/F,General Fitness,1000.00,,1000.00,due_or_unpaid,R,,,AUGUST,2026-09-10 09:29:32.451019+00
20340,2026-08-01,101,PETER A,2026-03-02,G/F,General Fitness,1000.00,,1000.00,due_or_unpaid,R,,,AUGUST,2026-09-10 09:29:32.451019+00
20341,2026-08-01,102,KUMARAN M,2026-04-09,S/Z,Strength Zone,800.00,,800.00,due_or_unpaid,R,,E,AUGUST,2026-09-10 09:29:32.451019+00
20342,2026-08-01,103,CHARAN KUMAR V,2026-03-10,G/F,General Fitness,1000.00,,1000.00,due_or_unpaid,R,,M/E,AUGUST,2026-09-10 09:29:32.451019+00
20343,2026-08-01,104,SETTU E,2026-04-03,S/Z,Strength Zone,800.00,,800.00,due_or_unpaid,R,,,AUGUST,2026-09-10 09:29:32.451019+00
20344,2026-08-01,105,NITHISH KUMAR S,2026-03-15,S/Z,Strength Zone,800.00,,800.00,due_or_unpaid,R,,M,AUGUST,2026-09-10 09:29:32.451019+00
20345,2026-08-01,106,RAMESH S,2026-03-04,G/F,General Fitness,1000.00,,1000.00,due_or_unpaid,R,,,AUGUST,2026-09-10 09:29:32.451019+00
20346,2026-08-01,107,SANJAN V,2026-03-05,S/Z,Strength Zone,800.00,,800.00,due_or_unpaid,R,,,AUGUST,2026-09-10 09:29:32.451019+00
20347,2026-08-01,108,DIVAKAR M,2026-03-05,G/F,General Fitness,1000.00,,1000.00,due_or_unpaid,R,,M,AUGUST,2026-09-10 09:29:32.451019+00
20348,2026-08-01,109,DANIEL R,2026-08-05,S/Z,Strength Zone,800.00,1000.00,0.00,paid,PAID,,M,AUGUST,2026-09-10 09:29:32.451019+00
20349,2026-08-01,110,MANIKANADAN,2026-03-07,G/F,General Fitness,1000.00,,1000.00,due_or_unpaid,R,,,AUGUST,2026-09-10 09:29:32.451019+00
20350,2026-08-01,111,PRITHIVIKASH,2026-03-26,S/Z,Strength Zone,800.00,,800.00,due_or_unpaid,R,,,AUGUST,2026-09-10 09:29:32.451019+00
20351,2026-08-01,112,CHANDRU,2026-03-08,S/Z,Strength Zone,800.00,,800.00,due_or_unpaid,R,,,AUGUST,2026-09-10 09:29:32.451019+00
20352,2026-08-01,113,SANJAY J,2026-08-03,S/Z,Strength Zone,800.00,,800.00,due_or_unpaid,R,,M,AUGUST,2026-09-10 09:29:32.451019+00
20353,2026-08-01,114,AJITH D,2026-03-09,S/Z,Strength Zone,800.00,,800.00,due_or_unpaid,R,,,AUGUST,2026-09-10 09:29:32.451019+00
20354,2026-08-01,115,SANJAY B,2026-03-09,S/Z,Strength Zone,800.00,,800.00,due_or_unpaid,R,,,AUGUST,2026-09-10 09:29:32.451019+00
20355,2026-08-01,116,TAMIL SELVAN M,2026-03-12,S/Z,Strength Zone,800.00,,800.00,due_or_unpaid,R,,,AUGUST,2026-09-10 09:29:32.451019+00
20356,2026-08-01,117,ARUN YADAV,2026-03-12,S/Z,Strength Zone,800.00,,800.00,due_or_unpaid,R,,,AUGUST,2026-09-10 09:29:32.451019+00
20357,2026-08-01,118,GIRI S,2026-03-13,S/Z,Strength Zone,800.00,,800.00,due_or_unpaid,R,,,AUGUST,2026-09-10 09:29:32.451019+00
20358,2026-08-01,119,JOHNSON S,2026-03-14,S/Z,Strength Zone,800.00,,800.00,due_or_unpaid,R,,,AUGUST,2026-09-10 09:29:32.451019+00
20359,2026-08-01,120,DEEPAK BILUNG,2026-03-15,S/Z,Strength Zone,800.00,,800.00,due_or_unpaid,R,,,AUGUST,2026-09-10 09:29:32.451019+00
20360,2026-08-01,121,BINU,2026-03-15,S/Z,Strength Zone,800.00,,800.00,due_or_unpaid,R,,,AUGUST,2026-09-10 09:29:32.451019+00
20361,2026-08-01,122,SOHEL RANA,2026-03-16,G/F,General Fitness,1000.00,,1000.00,due_or_unpaid,R,,,AUGUST,2026-09-10 09:29:32.451019+00
20362,2026-08-01,123,CHAITANYA K,2026-03-17,G/F,General Fitness,1000.00,,1000.00,due_or_unpaid,R,,,AUGUST,2026-09-10 09:29:32.451019+00
20363,2026-08-01,124,KATHIRAVAN.E,2026-03-18,S/Z,Strength Zone,800.00,,800.00,due_or_unpaid,R,,,AUGUST,2026-09-10 09:29:32.451019+00
20364,2026-08-01,125,MOORTHY R,2026-03-18,S/Z,Strength Zone,800.00,,800.00,due_or_unpaid,R,,,AUGUST,2026-09-10 09:29:32.451019+00
20365,2026-08-01,126,SANJAY S,2026-03-18,S/Z,Strength Zone,800.00,,800.00,due_or_unpaid,R,,,AUGUST,2026-09-10 09:29:32.451019+00
20366,2026-08-01,127,PERUMAL V,2026-03-19,S/Z,Strength Zone,800.00,,800.00,due_or_unpaid,R,,,AUGUST,2026-09-10 09:29:32.451019+00
20367,2026-08-01,128,EMAMUL HUSSAIN A,2026-03-20,S/Z,Strength Zone,800.00,,800.00,due_or_unpaid,R,,,AUGUST,2026-09-10 09:29:32.451019+00
20368,2026-08-01,129,JEEVA M,2026-03-21,S/Z,Strength Zone,800.00,,1000.00,due_or_unpaid,R,,,AUGUST,2026-09-10 09:29:32.451019+00
20369,2026-08-01,130,ARAVIND S,2026-03-19,S/Z,Strength Zone,800.00,,800.00,due_or_unpaid,R,,,AUGUST,2026-09-10 09:29:32.451019+00
20370,2026-08-01,131,SURESH P,2026-03-28,S/Z,Strength Zone,800.00,,800.00,due_or_unpaid,R,,,AUGUST,2026-09-10 09:29:32.451019+00
20371,2026-08-01,132,KAMAL M,2026-03-28,S/Z,Strength Zone,1000.00,,800.00,due_or_unpaid,R,,,AUGUST,2026-09-10 09:29:32.451019+00
20372,2026-08-01,133,FARHAN,2026-03-29,S/Z,Strength Zone,800.00,,800.00,due_or_unpaid,R,,,AUGUST,2026-09-10 09:29:32.451019+00
20373,2026-08-01,134,HARISHIT D,2026-03-30,S/Z,Strength Zone,800.00,,800.00,due_or_unpaid,R,,,AUGUST,2026-09-10 09:29:32.451019+00
20374,2026-08-01,135,BALAJI Y,2026-05-01,G/F,General Fitness,800.00,,800.00,due_or_unpaid,R,,,AUGUST,2026-09-10 09:29:32.451019+00
20375,2026-08-01,136,PETER A,2026-08-11,G/F,General Fitness,1000.00,,1000.00,due_or_unpaid,R,,M,AUGUST,2026-09-10 09:29:32.451019+00
20376,2026-08-01,137,KAMESH R,2026-03-08,S/Z,Strength Zone,800.00,,800.00,due_or_unpaid,R,,,AUGUST,2026-09-10 09:29:32.451019+00
20377,2026-08-01,138,PREM S,2026-08-10,S/Z,Strength Zone,800.00,800.00,0.00,paid,PAID,,,AUGUST,2026-09-10 09:29:32.451019+00
20378,2026-08-01,139,VIMAL RAJ R,2026-08-08,S/Z,Strength Zone,800.00,800.00,0.00,paid,PAID,,E,AUGUST,2026-09-10 09:29:32.451019+00
20379,2026-08-01,140,JOSEPH,2026-03-04,S/Z,Strength Zone,800.00,,800.00,due_or_unpaid,R,,E,AUGUST,2026-09-10 09:29:32.451019+00
20380,2026-08-01,141,ALA IMRAN A,2026-08-01,G/F,General Fitness,1000.00,1000.00,0.00,paid,PAID,,E,AUGUST,2026-09-10 09:29:32.451019+00
20381,2026-08-01,142,HAZRAT ALI,2026-03-05,S/Z,Strength Zone,800.00,,800.00,due_or_unpaid,R,,,AUGUST,2026-09-10 09:29:32.451019+00
20382,2026-08-01,143,MAHESHWAR GOPE,2026-03-05,S/Z,Strength Zone,800.00,,800.00,due_or_unpaid,R,,,AUGUST,2026-09-10 09:29:32.451019+00
20383,2026-08-01,144,SAKTHI DS,2026-03-09,S/Z,Strength Zone,800.00,,800.00,due_or_unpaid,R,,M/E,AUGUST,2026-09-10 09:29:32.451019+00
20384,2026-08-01,145,MUKESH S,2026-03-22,S/Z,Strength Zone,800.00,,800.00,due_or_unpaid,R,,,AUGUST,2026-09-10 09:29:32.451019+00
20385,2026-08-01,146,AKASH SATHIVEL,2026-03-10,G/F,General Fitness,1000.00,,1000.00,due_or_unpaid,R,,,AUGUST,2026-09-10 09:29:32.451019+00
20386,2026-08-01,147,SARAN RAJ S,2026-03-10,G/F,General Fitness,1000.00,,1000.00,due_or_unpaid,R,,,AUGUST,2026-09-10 09:29:32.451019+00
20387,2026-08-01,148,SUDHAKAR S,2026-08-08,G/F,General Fitness,1000.00,,1000.00,due_or_unpaid,R,,M/E,AUGUST,2026-09-10 09:29:32.451019+00
20388,2026-08-01,149,UMAMAHESWARA RAO,2026-03-11,G/F,General Fitness,1000.00,,1000.00,due_or_unpaid,R,,,AUGUST,2026-09-10 09:29:32.451019+00
20389,2026-08-01,150,BARKATHULLAM,2026-03-12,G/F,General Fitness,1000.00,,1000.00,due_or_unpaid,R,,E,AUGUST,2026-09-10 09:29:32.451019+00
20390,2026-08-01,151,ABDUL KALAM A,2026-03-13,G/F,General Fitness,1000.00,,1000.00,due_or_unpaid,R,,,AUGUST,2026-09-10 09:29:32.451019+00
20391,2026-08-01,152,JARDIS SK,2026-03-13,S/Z,Strength Zone,800.00,,800.00,due_or_unpaid,R,,,AUGUST,2026-09-10 09:29:32.451019+00
20392,2026-08-01,153,MANOJ M,2026-03-14,S/Z,Strength Zone,800.00,,800.00,due_or_unpaid,R,,,AUGUST,2026-09-10 09:29:32.451019+00
20393,2026-08-01,154,NANTHA KUMAR A,2026-03-14,S/Z,Strength Zone,800.00,,1000.00,due_or_unpaid,R,,,AUGUST,2026-09-10 09:29:32.451019+00
20394,2026-08-01,155,MANOJ E,2026-08-14,S/Z,Strength Zone,800.00,,800.00,due_or_unpaid,R,,M,AUGUST,2026-09-10 09:29:32.451019+00
20395,2026-08-01,156,PRAVEEN KUMAR S,2026-03-28,G/F,General Fitness,1000.00,,800.00,due_or_unpaid,R,,,AUGUST,2026-09-10 09:29:32.451019+00
20396,2026-08-01,157,SURYA S,2026-03-23,S/Z,Strength Zone,800.00,,800.00,due_or_unpaid,R,,,AUGUST,2026-09-10 09:29:32.451019+00
20397,2026-08-01,158,MURALI S,2026-03-23,S/Z,Strength Zone,800.00,,800.00,due_or_unpaid,R,,,AUGUST,2026-09-10 09:29:32.451019+00
20398,2026-08-01,159,RITHISH V,2026-03-18,S/Z,Strength Zone,800.00,,800.00,due_or_unpaid,R,,,AUGUST,2026-09-10 09:29:32.451019+00
20399,2026-08-01,160,EMIMAL M,2026-06-29,G/F,General Fitness,1000.00,,1000.00,due_or_unpaid,R,,M,AUGUST,2026-09-10 09:29:32.451019+00
20400,2026-08-01,161,YUVAN SHANKAR T,2026-08-01,G/F,General Fitness,1000.00,1000.00,0.00,paid,PAID,,M,AUGUST,2026-09-10 09:29:32.451019+00
20401,2026-08-01,162,JENIFER S,2026-03-04,G/F,General Fitness,1000.00,,1000.00,due_or_unpaid,R,,M,AUGUST,2026-09-10 09:29:32.451019+00
20402,2026-08-01,163,SANJEEV D.S,2026-05-21,G/F,General Fitness,800.00,,1000.00,due_or_unpaid,R,,M,AUGUST,2026-09-10 09:29:32.451019+00
20403,2026-08-01,164,VASANTH KUMAR G,2026-08-22,S/Z,Strength Zone,800.00,,800.00,due_or_unpaid,R,,M,AUGUST,2026-09-10 09:29:32.451019+00
20404,2026-08-01,165,KISHORE KUMAR V,2026-03-07,S/Z,Strength Zone,800.00,,800.00,due_or_unpaid,R,,,AUGUST,2026-09-10 09:29:32.451019+00
20405,2026-08-01,166,SANTHOSH KUMAR S,2026-03-07,S/Z,Strength Zone,800.00,,800.00,due_or_unpaid,R,,,AUGUST,2026-09-10 09:29:32.451019+00
20406,2026-08-01,167,SANTHOSH KUMAR A,2026-08-07,S/Z,Strength Zone,800.00,800.00,0.00,paid,PAID,,M,AUGUST,2026-09-10 09:29:32.451019+00
20407,2026-08-01,168,ETHIRAJ T,2026-03-09,S/Z,Strength Zone,800.00,,800.00,due_or_unpaid,R,,,AUGUST,2026-09-10 09:29:32.451019+00
20408,2026-08-01,169,PRASANTH M,2026-03-10,G/F,General Fitness,1000.00,,1000.00,due_or_unpaid,R,,,AUGUST,2026-09-10 09:29:32.451019+00
20409,2026-08-01,170,RAGHUL R,2026-03-12,S/Z,Strength Zone,800.00,,800.00,due_or_unpaid,R,,,AUGUST,2026-09-10 09:29:32.451019+00
20410,2026-08-01,171,GOWTHAM S,2026-03-16,G/F,General Fitness,1000.00,,1000.00,due_or_unpaid,R,,,AUGUST,2026-09-10 09:29:32.451019+00
20411,2026-08-01,172,RAJESH S,2026-08-21,G/F,General Fitness,1000.00,1000.00,0.00,paid,PAID,,,AUGUST,2026-09-10 09:29:32.451019+00
20412,2026-08-01,173,AATHIYAPPAN S,2026-03-30,S/Z,Strength Zone,800.00,,800.00,due_or_unpaid,R,,M,AUGUST,2026-09-10 09:29:32.451019+00
20413,2026-08-01,174,GODSON PRAVEEN J,2026-03-19,G/F,General Fitness,1000.00,,800.00,due_or_unpaid,R,,,AUGUST,2026-09-10 09:29:32.451019+00
20414,2026-08-01,175,KABILAN R,2026-03-26,S/Z,Strength Zone,800.00,,800.00,due_or_unpaid,R,,,AUGUST,2026-09-10 09:29:32.451019+00
20415,2026-08-01,176,KAMAL S,2026-03-28,S/Z,Strength Zone,800.00,,800.00,due_or_unpaid,R,,,AUGUST,2026-09-10 09:29:32.451019+00
20416,2026-08-01,177,MOHAMED ASHWAQ S,2026-03-02,S/Z,Strength Zone,800.00,,800.00,due_or_unpaid,R,,M,AUGUST,2026-09-10 09:29:32.451019+00
20417,2026-08-01,178,VICKY,2026-04-03,S/Z,Strength Zone,800.00,,800.00,due_or_unpaid,R,,,AUGUST,2026-09-10 09:29:32.451019+00
20418,2026-08-01,180,DEEPAK G,2026-03-05,G/F,General Fitness,1000.00,,1000.00,due_or_unpaid,R,,,AUGUST,2026-09-10 09:29:32.451019+00
20419,2026-08-01,181,AGILESHWARAN M,2026-03-09,S/Z,Strength Zone,800.00,,800.00,due_or_unpaid,R,,,AUGUST,2026-09-10 09:29:32.451019+00
20420,2026-08-01,182,MUKESH R,2026-03-11,S/Z,Strength Zone,800.00,,800.00,due_or_unpaid,R,,,AUGUST,2026-09-10 09:29:32.451019+00
20421,2026-08-01,183,SACHIN AARON T,2026-03-17,S/Z,Strength Zone,800.00,,800.00,due_or_unpaid,R,,,AUGUST,2026-09-10 09:29:32.451019+00
20422,2026-08-01,184,SANTHOSH R,2026-04-03,S/Z,Strength Zone,800.00,,800.00,due_or_unpaid,R,,M,AUGUST,2026-09-10 09:29:32.451019+00
20423,2026-08-01,185,VISHNU VARTHAN S,2026-04-12,S/Z,Strength Zone,800.00,,800.00,due_or_unpaid,R,,M,AUGUST,2026-09-10 09:29:32.451019+00
20424,2026-08-01,186,MOGESH V,2026-03-25,S/Z,Strength Zone,800.00,,800.00,due_or_unpaid,R,,,AUGUST,2026-09-10 09:29:32.451019+00
20425,2026-08-01,187,VISHWA R A,2026-03-27,S/Z,Strength Zone,800.00,,800.00,due_or_unpaid,R,,,AUGUST,2026-09-10 09:29:32.451019+00
20426,2026-08-01,188,RAMASUBRAMANI K,2026-03-29,S/Z,Strength Zone,800.00,,800.00,due_or_unpaid,R,,,AUGUST,2026-09-10 09:29:32.451019+00
20427,2026-08-01,189,DHANASINGH P,2026-03-29,S/Z,Strength Zone,1000.00,,800.00,due_or_unpaid,R,,,AUGUST,2026-09-10 09:29:32.451019+00
20428,2026-08-01,190,AMAR NATH R,2026-04-03,G/F,General Fitness,1000.00,,1000.00,due_or_unpaid,R,,M,AUGUST,2026-09-10 09:29:32.451019+00
20429,2026-08-01,191,PUVIYARASAN G,2026-03-10,S/Z,Strength Zone,800.00,,800.00,due_or_unpaid,R,,,AUGUST,2026-09-10 09:29:32.451019+00
20430,2026-08-01,192,DINESH KUMAR R,2026-08-11,S/Z,Strength Zone,800.00,,800.00,due_or_unpaid,R,,M,AUGUST,2026-09-10 09:29:32.451019+00
20431,2026-08-01,193,ARUN KUMAR R,2026-03-04,G/F,General Fitness,1000.00,,1000.00,due_or_unpaid,R,,,AUGUST,2026-09-10 09:29:32.451019+00
20432,2026-08-01,194,ASWIN P BENNY,2026-03-04,G/F,General Fitness,1000.00,,1000.00,due_or_unpaid,R,,,AUGUST,2026-09-10 09:29:32.451019+00
20433,2026-08-01,195,ROCK R,2026-03-04,S/Z,Strength Zone,800.00,,800.00,due_or_unpaid,R,,,AUGUST,2026-09-10 09:29:32.451019+00
20434,2026-08-01,196,SURIYA PRAKSH M,2026-08-07,S/Z,Strength Zone,800.00,800.00,0.00,paid,PAID,,E,AUGUST,2026-09-10 09:29:32.451019+00
20435,2026-08-01,197,BHARATHI RAJA M,2026-03-12,G/F,General Fitness,1000.00,,1000.00,due_or_unpaid,R,,,AUGUST,2026-09-10 09:29:32.451019+00
20436,2026-08-01,198,SURYA R,2026-06-13,S/Z,Strength Zone,800.00,,800.00,due_or_unpaid,R,,,AUGUST,2026-09-10 09:29:32.451019+00
20437,2026-08-01,199,NIVEN K,2026-03-13,S/Z,Strength Zone,800.00,,800.00,due_or_unpaid,R,,,AUGUST,2026-09-10 09:29:32.451019+00
20438,2026-08-01,200,DHAYALAN R,2026-03-21,G/F,General Fitness,1000.00,,1000.00,due_or_unpaid,R,,,AUGUST,2026-09-10 09:29:32.451019+00
20439,2026-08-01,201,KARTHI BALAJI R,2026-03-13,S/Z,Strength Zone,800.00,,800.00,due_or_unpaid,R,,,AUGUST,2026-09-10 09:29:32.451019+00
20440,2026-08-01,202,HARI KRISHNAN G,2026-04-18,G/F,General Fitness,1000.00,,1000.00,due_or_unpaid,R,,M/E,AUGUST,2026-09-10 09:29:32.451019+00
20441,2026-08-01,203,VIGNESH K,2026-04-18,G/F,General Fitness,1000.00,,1000.00,due_or_unpaid,R,,M/E,AUGUST,2026-09-10 09:29:32.451019+00
20442,2026-08-01,204,AKASH C,2026-03-20,S/Z,Strength Zone,800.00,,800.00,due_or_unpaid,R,,,AUGUST,2026-09-10 09:29:32.451019+00
20443,2026-08-01,205,MANI MARAN M,2026-03-20,S/Z,Strength Zone,800.00,,800.00,due_or_unpaid,R,,,AUGUST,2026-09-10 09:29:32.451019+00
20444,2026-08-01,206,SANTHA KUMAR S,2026-03-24,G/F,General Fitness,1000.00,,1000.00,due_or_unpaid,R,,,AUGUST,2026-09-10 09:29:32.451019+00
20445,2026-08-01,207,SANJAY S,2026-03-24,S/Z,Strength Zone,800.00,,800.00,due_or_unpaid,R,,,AUGUST,2026-09-10 09:29:32.451019+00
20446,2026-08-01,208,SEEN N,2026-03-24,S/Z,Strength Zone,800.00,,800.00,due_or_unpaid,R,,,AUGUST,2026-09-10 09:29:32.451019+00
20447,2026-08-01,209,PASUPATHI M,2027-01-13,G/F,General Fitness,7500.00,,7500.00,due_or_unpaid,R,,,AUGUST,2026-09-10 09:29:32.451019+00
20448,2026-08-01,210,NAVEEN K.M,2026-08-03,G/F,General Fitness,1000.00,,1000.00,due_or_unpaid,R,,M,AUGUST,2026-09-10 09:29:32.451019+00
20449,2026-08-01,211,SUNIL KUMAR H,2026-03-03,S/Z,Strength Zone,800.00,,800.00,due_or_unpaid,R,,,AUGUST,2026-09-10 09:29:32.451019+00
20450,2026-08-01,212,ALI,2026-03-03,S/Z,Strength Zone,800.00,,800.00,due_or_unpaid,R,,,AUGUST,2026-09-10 09:29:32.451019+00
20451,2026-08-01,213,SADDAM,2026-03-03,S/Z,Strength Zone,800.00,,800.00,due_or_unpaid,R,,,AUGUST,2026-09-10 09:29:32.451019+00
20452,2026-08-01,214,SUMAN RAJ P,2026-03-10,G/F,General Fitness,1000.00,,1000.00,due_or_unpaid,R,,,AUGUST,2026-09-10 09:29:32.451019+00
20453,2026-08-01,215,MICHEAL PRAKASH P,2026-03-11,G/F,General Fitness,1000.00,,1000.00,due_or_unpaid,R,,,AUGUST,2026-09-10 09:29:32.451019+00
20454,2026-08-01,216,RAJA K,2026-03-11,G/F,General Fitness,1000.00,,1000.00,due_or_unpaid,R,,,AUGUST,2026-09-10 09:29:32.451019+00
20455,2026-08-01,217,SANJAY P R,2026-03-11,S/Z,Strength Zone,800.00,,800.00,due_or_unpaid,R,,,AUGUST,2026-09-10 09:29:32.451019+00
20456,2026-08-01,218,NARENDRAN T,2026-03-14,S/Z,Strength Zone,800.00,,800.00,due_or_unpaid,R,,,AUGUST,2026-09-10 09:29:32.451019+00
20457,2026-08-01,219,SUNIL P,2026-05-13,S/Z,Strength Zone,800.00,,800.00,due_or_unpaid,R,,M,AUGUST,2026-09-10 09:29:32.451019+00
20458,2026-08-01,220,VENKET,2026-03-13,G/F,General Fitness,1000.00,,1000.00,due_or_unpaid,R,,,AUGUST,2026-09-10 09:29:32.451019+00
20459,2026-08-01,221,KARTHICK R,2026-03-15,S/Z,Strength Zone,800.00,,800.00,due_or_unpaid,R,,,AUGUST,2026-09-10 09:29:32.451019+00
20460,2026-08-01,222,MUNISH KUMAR B,2026-03-17,S/Z,Strength Zone,800.00,,800.00,due_or_unpaid,R,,,AUGUST,2026-09-10 09:29:32.451019+00
20461,2026-08-01,223,RAJIBUL ALI T,2026-03-22,S/Z,Strength Zone,800.00,,800.00,due_or_unpaid,R,,,AUGUST,2026-09-10 09:29:32.451019+00
20462,2026-08-01,224,MOHANRAJ P,2026-05-07,G/F,General Fitness,1000.00,,1000.00,due_or_unpaid,R,,M/E,AUGUST,2026-09-10 09:29:32.451019+00
20463,2026-08-01,225,RAVINDHAREN,2026-03-25,S/Z,Strength Zone,800.00,,800.00,due_or_unpaid,R,,,AUGUST,2026-09-10 09:29:32.451019+00
20464,2026-08-01,226,SURESH M,2026-08-01,S/Z,Strength Zone,800.00,800.00,0.00,paid,PAID,,M,AUGUST,2026-09-10 09:29:32.451019+00
20465,2026-08-01,227,KARTHIK DHANASEKAR,2026-08-01,S/Z,Strength Zone,800.00,800.00,0.00,paid,PAID,,M,AUGUST,2026-09-10 09:29:32.451019+00
20466,2026-08-01,228,MANIKANDAN D,2026-06-01,S/Z,Strength Zone,800.00,,800.00,due_or_unpaid,R,,M,AUGUST,2026-09-10 09:29:32.451019+00
20467,2026-08-01,229,VISHVA,2026-08-01,S/Z,Strength Zone,800.00,800.00,0.00,paid,PAID,,,AUGUST,2026-09-10 09:29:32.451019+00
20468,2026-08-01,230,SHYAM K,2026-08-01,S/Z,Strength Zone,800.00,800.00,0.00,paid,PAID,,E,AUGUST,2026-09-10 09:29:32.451019+00
20469,2026-08-01,231,SHASHANTH S,2026-03-13,S/Z,Strength Zone,800.00,,800.00,due_or_unpaid,R,,E,AUGUST,2026-09-10 09:29:32.451019+00
20470,2026-08-01,232,ANIL KUMAR,2026-03-05,S/Z,Strength Zone,800.00,,800.00,due_or_unpaid,R,,,AUGUST,2026-09-10 09:29:32.451019+00
20471,2026-08-01,233,NIKHIL NAYAK L,2026-03-07,S/Z,Strength Zone,800.00,,800.00,due_or_unpaid,R,,,AUGUST,2026-09-10 09:29:32.451019+00
20472,2026-08-01,234,PINKU NAYAK C,2026-03-07,S/Z,Strength Zone,800.00,,800.00,due_or_unpaid,R,,,AUGUST,2026-09-10 09:29:32.451019+00
20473,2026-08-01,235,AKASH S,2026-05-01,G/F,General Fitness,1000.00,,1000.00,due_or_unpaid,R,,,AUGUST,2026-09-10 09:29:32.451019+00
20474,2026-08-01,236,ANAND,2026-03-08,G/F,General Fitness,1000.00,,1000.00,due_or_unpaid,R,,,AUGUST,2026-09-10 09:29:32.451019+00
20475,2026-08-01,237,LOHIT NAYAK,2026-03-12,S/Z,Strength Zone,800.00,,800.00,due_or_unpaid,R,,,AUGUST,2026-09-10 09:29:32.451019+00
20476,2026-08-01,238,RIMPLE KUMAR,2026-03-15,S/Z,Strength Zone,800.00,,800.00,due_or_unpaid,R,,,AUGUST,2026-09-10 09:29:32.451019+00
20477,2026-08-01,239,GOPINATH M,2026-03-17,G/F,General Fitness,1000.00,,1000.00,due_or_unpaid,R,,,AUGUST,2026-09-10 09:29:32.451019+00
20478,2026-08-01,239,GOPINATH M,2026-03-19,S/Z,Strength Zone,800.00,,800.00,due_or_unpaid,R,,,AUGUST,2026-09-10 09:29:32.451019+00
20479,2026-08-01,240,YOGESH G,2026-04-19,S/Z,Strength Zone,800.00,,800.00,due_or_unpaid,R,,,AUGUST,2026-09-10 09:29:32.451019+00
20480,2026-08-01,240,YOGESH G,2026-03-24,S/Z,Strength Zone,800.00,,800.00,due_or_unpaid,R,,,AUGUST,2026-09-10 09:29:32.451019+00
20481,2026-08-01,241,PRADHAP V,2026-03-21,S/Z,Strength Zone,800.00,,800.00,due_or_unpaid,R,,,AUGUST,2026-09-10 09:29:32.451019+00
20482,2026-08-01,241,PRADHAP V,2026-03-24,S/Z,Strength Zone,800.00,,800.00,due_or_unpaid,R,,,AUGUST,2026-09-10 09:29:32.451019+00
20483,2026-08-01,242,AJAY A,2026-03-26,S/Z,Strength Zone,1000.00,,800.00,due_or_unpaid,R,,,AUGUST,2026-09-10 09:29:32.451019+00
20484,2026-08-01,244,BABU K,2026-03-26,G/F,General Fitness,800.00,,1000.00,due_or_unpaid,R,,,AUGUST,2026-09-10 09:29:32.451019+00
20485,2026-08-01,245,KISHORE S,2026-03-03,G/F,General Fitness,1000.00,,1000.00,due_or_unpaid,R,,M/E,AUGUST,2026-09-10 09:29:32.451019+00
20486,2026-08-01,246,SURESH,2026-03-05,S/Z,Strength Zone,800.00,,800.00,due_or_unpaid,R,,M,AUGUST,2026-09-10 09:29:32.451019+00
20487,2026-08-01,247,VIVEK,2026-11-05,S/Z,Strength Zone,800.00,,7777.00,due_or_unpaid,R,,M,AUGUST,2026-09-10 09:29:32.451019+00
20488,2026-08-01,248,ELAKKIAN,2026-03-05,G/F,General Fitness,1000.00,,1000.00,due_or_unpaid,R,,E,AUGUST,2026-09-10 09:29:32.451019+00
20489,2026-08-01,249,DEEPAK C,2026-03-05,G/F,General Fitness,1000.00,800.00,800.00,paid,PAID,,E,AUGUST,2026-09-10 09:29:32.451019+00
20490,2026-08-01,250,RESHATH S,2026-03-06,S/Z,Strength Zone,800.00,,800.00,due_or_unpaid,R,,M,AUGUST,2026-09-10 09:29:32.451019+00
20491,2026-08-01,251,ARAVINTHAN S,2026-08-12,G/F,General Fitness,1000.00,1000.00,0.00,paid,PAID,,M,AUGUST,2026-09-10 09:29:32.451019+00
20492,2026-08-01,252,MOULI RAJ V,2026-08-19,S/Z,Strength Zone,800.00,,800.00,due_or_unpaid,R,,M,AUGUST,2026-09-10 09:29:32.451019+00
20493,2026-08-01,253,DHAYANATHAN,2026-05-01,S/Z,Strength Zone,800.00,,800.00,due_or_unpaid,R,,M/E,AUGUST,2026-09-10 09:29:32.451019+00
20494,2026-08-01,254,SELVAM K,2026-08-14,S/Z,Strength Zone,800.00,800.00,0.00,paid,PAID,,M,AUGUST,2026-09-10 09:29:32.451019+00
20495,2026-08-01,255,VIJAYAN .S,2026-03-08,G/F,General Fitness,1000.00,,800.00,due_or_unpaid,R,,,AUGUST,2026-09-10 09:29:32.451019+00
20496,2026-08-01,256,KARTHICK M,2026-06-16,S/Z,Strength Zone,800.00,,800.00,due_or_unpaid,R,,,AUGUST,2026-09-10 09:29:32.451019+00
20497,2026-08-01,257,PAWN KUMAR,2026-03-26,S/Z,Strength Zone,800.00,,800.00,due_or_unpaid,R,,,AUGUST,2026-09-10 09:29:32.451019+00
20498,2026-08-01,258,BEENAUVV V,2026-03-05,G/F,General Fitness,1000.00,,1000.00,due_or_unpaid,R,,,AUGUST,2026-09-10 09:29:32.451019+00
20499,2026-08-01,259,PRADEEP KUMAR G,2026-03-04,G/F,General Fitness,1000.00,,1000.00,due_or_unpaid,R,,,AUGUST,2026-09-10 09:29:32.451019+00
20500,2026-08-01,260,BARATH R,2026-08-10,S/Z,Strength Zone,800.00,800.00,0.00,paid,PAID,,E,AUGUST,2026-09-10 09:29:32.451019+00
20501,2026-08-01,261,MANIKANDAN L,2026-03-12,G/F,General Fitness,1000.00,,1000.00,due_or_unpaid,R,,,AUGUST,2026-09-10 09:29:32.451019+00
20502,2026-08-01,262,RANJITH A,2026-03-13,G/F,General Fitness,1000.00,,1000.00,due_or_unpaid,R,,,AUGUST,2026-09-10 09:29:32.451019+00
20503,2026-08-01,263,SHANMATHI E,2026-03-16,G/F,General Fitness,1000.00,,1000.00,due_or_unpaid,R,,,AUGUST,2026-09-10 09:29:32.451019+00
20504,2026-08-01,264,VENKATESH K,2026-03-19,S/Z,Strength Zone,800.00,,800.00,due_or_unpaid,R,,,AUGUST,2026-09-10 09:29:32.451019+00
20505,2026-08-01,265,ANKUR GUWALA J,2026-03-19,S/Z,Strength Zone,800.00,,800.00,due_or_unpaid,R,,,AUGUST,2026-09-10 09:29:32.451019+00
20506,2026-08-01,266,PRANESH M,2026-03-20,S/Z,Strength Zone,800.00,,800.00,due_or_unpaid,R,,,AUGUST,2026-09-10 09:29:32.451019+00
20507,2026-08-01,267,HANY PRINCY V,2026-03-06,G/F,General Fitness,1000.00,,1000.00,due_or_unpaid,R,,E,AUGUST,2026-09-10 09:29:32.451019+00
20508,2026-08-01,268,GUGAN S,2026-03-25,S/Z,Strength Zone,800.00,,800.00,due_or_unpaid,R,,,AUGUST,2026-09-10 09:29:32.451019+00
20509,2026-08-01,269,SENTHIL KUMAR,2026-08-05,G/F,General Fitness,1000.00,,1000.00,due_or_unpaid,R,,M,AUGUST,2026-09-10 09:29:32.451019+00
20510,2026-08-01,270,AMITH KUMAR,2026-05-01,S/Z,Strength Zone,800.00,,800.00,due_or_unpaid,R,,,AUGUST,2026-09-10 09:29:32.451019+00
20511,2026-08-01,271,ABISHEK KUMAR,2026-05-01,S/Z,Strength Zone,800.00,,800.00,due_or_unpaid,R,,,AUGUST,2026-09-10 09:29:32.451019+00
20512,2026-08-01,272,BHUPINDER SINGH,2026-06-01,S/Z,Strength Zone,800.00,,800.00,due_or_unpaid,R,,E,AUGUST,2026-09-10 09:29:32.451019+00
20513,2026-08-01,273,DEEPAK B,2026-08-10,G/F,General Fitness,800.00,,800.00,due_or_unpaid,R,,E,AUGUST,2026-09-10 09:29:32.451019+00
20514,2026-08-01,274,RATHNA KUMAR A,2026-09-07,S/Z,Strength Zone,800.00,,7777.00,due_or_unpaid,R,,M/E,AUGUST,2026-09-10 09:29:32.451019+00
20515,2026-08-01,275,BINIT,2026-03-08,G/F,General Fitness,1000.00,,1000.00,due_or_unpaid,R,,E,AUGUST,2026-09-10 09:29:32.451019+00
20516,2026-08-01,276,SAPHMITA,2026-03-08,G/F,General Fitness,1000.00,,1000.00,due_or_unpaid,R,,E,AUGUST,2026-09-10 09:29:32.451019+00
20517,2026-08-01,277,ARAVIND D,2026-03-08,G/F,General Fitness,1000.00,,1000.00,due_or_unpaid,R,,,AUGUST,2026-09-10 09:29:32.451019+00
20518,2026-08-01,278,VIGNESH M,2026-03-08,G/F,General Fitness,1000.00,,1000.00,due_or_unpaid,R,,M,AUGUST,2026-09-10 09:29:32.451019+00
20519,2026-08-01,279,MOHAMMED FAAIZ M,2026-03-09,G/F,General Fitness,1000.00,,1000.00,due_or_unpaid,R,,E,AUGUST,2026-09-10 09:29:32.451019+00
20520,2026-08-01,280,PERIYASAMY J,2026-03-05,S/Z,Strength Zone,800.00,,800.00,due_or_unpaid,R,,,AUGUST,2026-09-10 09:29:32.451019+00
20521,2026-08-01,281,AKASH A,2026-08-24,G/F,General Fitness,800.00,,800.00,due_or_unpaid,R,,,AUGUST,2026-09-10 09:29:32.451019+00
20522,2026-08-01,282,SOLOMON K,2026-03-11,G/F,General Fitness,1000.00,,1000.00,due_or_unpaid,R,,,AUGUST,2026-09-10 09:29:32.451019+00
20523,2026-08-01,283,SARAN S,2026-03-11,S/Z,Strength Zone,1000.00,,1000.00,due_or_unpaid,R,,,AUGUST,2026-09-10 09:29:32.451019+00
20524,2026-08-01,284,ARJUN B,2026-03-12,S/Z,Strength Zone,800.00,,800.00,due_or_unpaid,R,,,AUGUST,2026-09-10 09:29:32.451019+00
20525,2026-08-01,285,SARAVANAN,2026-03-12,S/Z,Strength Zone,800.00,,800.00,due_or_unpaid,R,,,AUGUST,2026-09-10 09:29:32.451019+00
20526,2026-08-01,286,TAPAS KUMAR B,2026-03-16,S/Z,Strength Zone,800.00,,800.00,due_or_unpaid,R,,,AUGUST,2026-09-10 09:29:32.451019+00
20527,2026-08-01,287,PRASANTH K,2026-03-16,S/Z,Strength Zone,800.00,,800.00,due_or_unpaid,R,,,AUGUST,2026-09-10 09:29:32.451019+00
20528,2026-08-01,288,SANDHIYA S,2026-03-16,G/F,General Fitness,1000.00,,1000.00,due_or_unpaid,R,,,AUGUST,2026-09-10 09:29:32.451019+00
20529,2026-08-01,289,AMAN KUMAR,2026-03-18,S/Z,Strength Zone,800.00,,800.00,due_or_unpaid,R,,,AUGUST,2026-09-10 09:29:32.451019+00
20530,2026-08-01,290,VARUN KUMAR J,2026-06-24,G/F,General Fitness,1000.00,,1000.00,due_or_unpaid,R,,E,AUGUST,2026-09-10 09:29:32.451019+00
20531,2026-08-01,291,MOHAN H,2026-08-01,S/Z,Strength Zone,800.00,800.00,0.00,paid,PAID,,E,AUGUST,2026-09-10 09:29:32.451019+00
20532,2026-08-01,292,PAUL CHRISTOPHER T,2026-03-29,G/F,General Fitness,1000.00,,1000.00,due_or_unpaid,R,,E,AUGUST,2026-09-10 09:29:32.451019+00
20533,2026-08-01,293,ANAND N,2026-03-02,S/Z,Strength Zone,800.00,,800.00,due_or_unpaid,R,,,AUGUST,2026-09-10 09:29:32.451019+00
20534,2026-08-01,294,GANESH S,2026-04-04,S/Z,Strength Zone,800.00,,800.00,due_or_unpaid,R,,M/E,AUGUST,2026-09-10 09:29:32.451019+00
20535,2026-08-01,295,RAMAN VERMA,2026-03-05,S/Z,Strength Zone,800.00,,800.00,due_or_unpaid,R,,,AUGUST,2026-09-10 09:29:32.451019+00
20536,2026-08-01,296,HARI PRASATH L,2026-03-05,S/Z,Strength Zone,800.00,,800.00,due_or_unpaid,R,,,AUGUST,2026-09-10 09:29:32.451019+00
20537,2026-08-01,297,SELVA P,2026-03-05,S/Z,Strength Zone,800.00,,800.00,due_or_unpaid,R,,E,AUGUST,2026-09-10 09:29:32.451019+00
20538,2026-08-01,298,DILLIBABU,2026-04-12,S/Z,Strength Zone,800.00,,800.00,due_or_unpaid,R,,M,AUGUST,2026-09-10 09:29:32.451019+00
20539,2026-08-01,299,NIVEN K,2026-03-13,G/F,General Fitness,1000.00,,1000.00,due_or_unpaid,R,,M,AUGUST,2026-09-10 09:29:32.451019+00
20540,2026-08-01,300,KALIA AKASH S,2026-03-13,S/Z,Strength Zone,800.00,,800.00,due_or_unpaid,R,,,AUGUST,2026-09-10 09:29:32.451019+00
20541,2026-08-01,301,RAJKUMAR,2026-03-18,S/Z,Strength Zone,800.00,,800.00,due_or_unpaid,R,,,AUGUST,2026-09-10 09:29:32.451019+00
20542,2026-08-01,302,GANESH K,2026-03-28,G/F,General Fitness,100.00,,1000.00,due_or_unpaid,R,,,AUGUST,2026-09-10 09:29:32.451019+00
20543,2026-08-01,303,JAYAPRAKASH V,2026-05-01,G/F,General Fitness,1000.00,,1000.00,due_or_unpaid,R,,M,AUGUST,2026-09-10 09:29:32.451019+00
20544,2026-08-01,304,GANESH S,2026-05-01,G/F,General Fitness,1000.00,,1000.00,due_or_unpaid,R,,M,AUGUST,2026-09-10 09:29:32.451019+00
20545,2026-08-01,305,JASLIN A,2026-05-01,G/F,General Fitness,1000.00,,1000.00,due_or_unpaid,R,,,AUGUST,2026-09-10 09:29:32.451019+00
20546,2026-08-01,306,SATHISH M,2026-05-01,S/Z,Strength Zone,800.00,,800.00,due_or_unpaid,R,,,AUGUST,2026-09-10 09:29:32.451019+00
20547,2026-08-01,307,ARUN K,2026-08-07,S/Z,Strength Zone,800.00,800.00,0.00,paid,PAID,,M/E,AUGUST,2026-09-10 09:29:32.451019+00
20548,2026-08-01,308,BALAJI R,2026-03-02,S/Z,Strength Zone,800.00,,800.00,due_or_unpaid,R,,,AUGUST,2026-09-10 09:29:32.451019+00
20549,2026-08-01,309,JANAKI RAMAN D,2026-04-16,G/F,General Fitness,1000.00,,1000.00,due_or_unpaid,R,,,AUGUST,2026-09-10 09:29:32.451019+00
20550,2026-08-01,310,KAMALA DHASAN M,2026-08-08,S/Z,Strength Zone,800.00,800.00,0.00,paid,PAID,,M,AUGUST,2026-09-10 09:29:32.451019+00
20551,2026-08-01,311,JOHN BENEDICT,2026-08-03,G/F,General Fitness,1000.00,1000.00,0.00,paid,PAID,,E,AUGUST,2026-09-10 09:29:32.451019+00
20552,2026-08-01,312,PADMANABAN J,2026-03-15,S/Z,Strength Zone,800.00,,800.00,due_or_unpaid,R,,,AUGUST,2026-09-10 09:29:32.451019+00
20553,2026-08-01,313,SABARI GIRI S,2026-03-15,S/Z,Strength Zone,800.00,,800.00,due_or_unpaid,R,,,AUGUST,2026-09-10 09:29:32.451019+00
20554,2026-08-01,314,ROHITH K,2026-03-15,S/Z,Strength Zone,800.00,,800.00,due_or_unpaid,R,,,AUGUST,2026-09-10 09:29:32.451019+00
20555,2026-08-01,315,CHANDHRU,2026-03-15,S/Z,Strength Zone,800.00,,800.00,due_or_unpaid,R,,,AUGUST,2026-09-10 09:29:32.451019+00
20556,2026-08-01,316,RAMESH S,2026-04-16,S/Z,Strength Zone,800.00,,800.00,due_or_unpaid,R,,M,AUGUST,2026-09-10 09:29:32.451019+00
20557,2026-08-01,317,KEERTHI VARMAN S,2026-03-19,S/Z,Strength Zone,800.00,,800.00,due_or_unpaid,R,,,AUGUST,2026-09-10 09:29:32.451019+00
20558,2026-08-01,318,DILLIBABU K,2026-03-02,S/Z,Strength Zone,800.00,,800.00,due_or_unpaid,R,,,AUGUST,2026-09-10 09:29:32.451019+00
20559,2026-08-01,319,ABISHEK KUMAR,2026-03-03,S/Z,Strength Zone,800.00,,800.00,due_or_unpaid,R,,M/E,AUGUST,2026-09-10 09:29:32.451019+00
20560,2026-08-01,320,VIKKI KUMAR,2026-03-03,S/Z,Strength Zone,800.00,,800.00,due_or_unpaid,R,,,AUGUST,2026-09-10 09:29:32.451019+00
20561,2026-08-01,321,DHAMODHARAN M,2026-03-06,G/F,General Fitness,1000.00,,1000.00,due_or_unpaid,R,,E,AUGUST,2026-09-10 09:29:32.451019+00
20562,2026-08-01,322,SASI KUMARAN,2026-03-06,G/F,General Fitness,1000.00,,1000.00,due_or_unpaid,R,,M,AUGUST,2026-09-10 09:29:32.451019+00
20563,2026-08-01,323,SANTHOSH T.S,2026-03-06,S/Z,Strength Zone,800.00,,1000.00,due_or_unpaid,R,,E,AUGUST,2026-09-10 09:29:32.451019+00
20564,2026-08-01,324,SHIVAM KUMAR,2026-03-04,S/Z,Strength Zone,800.00,,800.00,due_or_unpaid,R,,M/E,AUGUST,2026-09-10 09:29:32.451019+00
20565,2026-08-01,325,RAUSHAN,2026-03-04,S/Z,Strength Zone,800.00,,800.00,due_or_unpaid,R,,E,AUGUST,2026-09-10 09:29:32.451019+00
20566,2026-08-01,326,EMBHAH,2026-03-11,G/F,General Fitness,1000.00,,1000.00,due_or_unpaid,R,,M/E,AUGUST,2026-09-10 09:29:32.451019+00
20567,2026-08-01,327,HASIYA TRIPURA,2026-03-11,G/F,General Fitness,1000.00,,1000.00,due_or_unpaid,R,,M/E,AUGUST,2026-09-10 09:29:32.451019+00
20568,2026-08-01,328,THANGA RAJ P,2026-08-09,G/F,General Fitness,800.00,1000.00,0.00,paid,PAID,,M,AUGUST,2026-09-10 09:29:32.451019+00
20569,2026-08-01,329,SANJU MANDAL,2026-03-23,S/Z,Strength Zone,800.00,,800.00,due_or_unpaid,R,,,AUGUST,2026-09-10 09:29:32.451019+00
20570,2026-08-01,330,EARM RAZA,2026-05-14,S/Z,Strength Zone,800.00,,800.00,due_or_unpaid,R,,M,AUGUST,2026-09-10 09:29:32.451019+00
20571,2026-08-01,331,VENKAT P,2026-03-27,S/Z,Strength Zone,800.00,,800.00,due_or_unpaid,R,,M,AUGUST,2026-09-10 09:29:32.451019+00
20572,2026-08-01,332,DINESH KARTHIK K,2026-03-27,S/Z,Strength Zone,800.00,,800.00,due_or_unpaid,R,,M,AUGUST,2026-09-10 09:29:32.451019+00
20573,2026-08-01,333,PRAKASH R,2026-05-01,G/F,General Fitness,1000.00,,1000.00,due_or_unpaid,R,,M,AUGUST,2026-09-10 09:29:32.451019+00
20574,2026-08-01,334,MAGESH G,2027-01-01,G/F,General Fitness,1000.00,,7500.00,due_or_unpaid,R,,M,AUGUST,2026-09-10 09:29:32.451019+00
20575,2026-08-01,335,SHOHRAB KHAN,2026-03-03,S/Z,Strength Zone,800.00,,800.00,due_or_unpaid,R,,E,AUGUST,2026-09-10 09:29:32.451019+00
20576,2026-08-01,336,JOHN Y,2026-03-03,S/Z,Strength Zone,800.00,,800.00,due_or_unpaid,R,,E,AUGUST,2026-09-10 09:29:32.451019+00
20577,2026-08-01,337,SARATHY KUMAR D,2026-03-06,G/F,General Fitness,1000.00,,1000.00,due_or_unpaid,R,,,AUGUST,2026-09-10 09:29:32.451019+00
20578,2026-08-01,338,SURENDHAR P,2026-03-07,S/Z,Strength Zone,800.00,,800.00,due_or_unpaid,R,,,AUGUST,2026-09-10 09:29:32.451019+00
20579,2026-08-01,339,VARADHARAJ N,2027-01-17,G/F,General Fitness,7500.00,,7500.00,due_or_unpaid,R,,M,AUGUST,2026-09-10 09:29:32.451019+00
20580,2026-08-01,340,JAGBIR SINGH,2026-03-10,S/Z,Strength Zone,800.00,,800.00,due_or_unpaid,R,,,AUGUST,2026-09-10 09:29:32.451019+00
20581,2026-08-01,341,MUKESH M,2026-03-11,S/Z,Strength Zone,800.00,,800.00,due_or_unpaid,R,,M,AUGUST,2026-09-10 09:29:32.451019+00
20582,2026-08-01,342,VAIKO S,2026-03-17,G/F,General Fitness,1000.00,,1000.00,due_or_unpaid,R,,M,AUGUST,2026-09-10 09:29:32.451019+00
20583,2026-08-01,343,PRITHIVIRAJ B,2026-06-17,G/F,General Fitness,1000.00,,1000.00,due_or_unpaid,R,,E,AUGUST,2026-09-10 09:29:32.451019+00
20584,2026-08-01,344,ASISH,2026-03-22,S/Z,Strength Zone,800.00,,800.00,due_or_unpaid,R,,,AUGUST,2026-09-10 09:29:32.451019+00
20585,2026-08-01,345,DEEPAK S,2026-04-22,S/Z,Strength Zone,800.00,,800.00,due_or_unpaid,R,,,AUGUST,2026-09-10 09:29:32.451019+00
20586,2026-08-01,346,KRISHNA KUMAR,2026-03-26,S/Z,Strength Zone,1000.00,,800.00,due_or_unpaid,R,,,AUGUST,2026-09-10 09:29:32.451019+00
20587,2026-08-01,347,HAREESH M,2026-03-27,S/Z,Strength Zone,800.00,,800.00,due_or_unpaid,R,,,AUGUST,2026-09-10 09:29:32.451019+00
20588,2026-08-01,348,RAMACHANTHIRAN S,2026-03-28,G/F,General Fitness,800.00,,1000.00,due_or_unpaid,R,,,AUGUST,2026-09-10 09:29:32.451019+00
20589,2026-08-01,349,SARATHI N,2026-06-28,S/Z,Strength Zone,800.00,,800.00,due_or_unpaid,R,,,AUGUST,2026-09-10 09:29:32.451019+00
20590,2026-08-01,350,MAHESH RAM S,2026-05-01,G/F,General Fitness,1000.00,,1000.00,due_or_unpaid,R,,,AUGUST,2026-09-10 09:29:32.451019+00
20591,2026-08-01,351,MANISH M,2026-08-03,G/F,General Fitness,1000.00,1000.00,0.00,paid,PAID,,M,AUGUST,2026-09-10 09:29:32.451019+00
20592,2026-08-01,352,SATHYA R,2026-04-09,S/Z,Strength Zone,800.00,,800.00,due_or_unpaid,R,,E,AUGUST,2026-09-10 09:29:32.451019+00
20593,2026-08-01,353,PRANAV M,2026-03-12,S/Z,Strength Zone,800.00,,800.00,due_or_unpaid,R,,M/E,AUGUST,2026-09-10 09:29:32.451019+00
20594,2026-08-01,354,RINKU ALI,2026-03-13,S/Z,Strength Zone,800.00,,800.00,due_or_unpaid,R,,M,AUGUST,2026-09-10 09:29:32.451019+00
20595,2026-08-01,355,SHARIF UDDIN,2026-03-13,S/Z,Strength Zone,800.00,,800.00,due_or_unpaid,R,,M,AUGUST,2026-09-10 09:29:32.451019+00
20596,2026-08-01,356,THANASURYA T,2026-03-15,G/F,General Fitness,100.00,,1000.00,due_or_unpaid,R,,,AUGUST,2026-09-10 09:29:32.451019+00
20597,2026-08-01,357,JAY,2026-03-15,S/Z,Strength Zone,800.00,,800.00,due_or_unpaid,R,,M,AUGUST,2026-09-10 09:29:32.451019+00
20598,2026-08-01,358,REAJUL ISLAM,2026-03-15,S/Z,Strength Zone,800.00,,800.00,due_or_unpaid,R,,M,AUGUST,2026-09-10 09:29:32.451019+00
20599,2026-08-01,359,RANJAN KUMAR BEHERA,2026-03-15,S/Z,Strength Zone,800.00,,800.00,due_or_unpaid,R,,M,AUGUST,2026-09-10 09:29:32.451019+00
20600,2026-08-01,360,ROHIBUL HOQUE,2026-03-16,S/Z,Strength Zone,800.00,,800.00,due_or_unpaid,R,,,AUGUST,2026-09-10 09:29:32.451019+00
20601,2026-08-01,361,AIJUL HOQUE,2026-03-16,S/Z,Strength Zone,800.00,,800.00,due_or_unpaid,R,,,AUGUST,2026-09-10 09:29:32.451019+00
20602,2026-08-01,362,BALAVAISHNAVI L,2026-03-18,G/F,General Fitness,1000.00,,1000.00,due_or_unpaid,R,,E,AUGUST,2026-09-10 09:29:32.451019+00
20603,2026-08-01,363,VINOTH KUMAR S,2026-08-18,S/Z,Strength Zone,800.00,800.00,0.00,paid,PAID,,E,AUGUST,2026-09-10 09:29:32.451019+00
20604,2026-08-01,364,DINESH KUMAR M,2026-06-21,S/Z,Strength Zone,800.00,,2500.00,due_or_unpaid,R,,,AUGUST,2026-09-10 09:29:32.451019+00
20605,2026-08-01,365,THIRUNAVUKKARASU V,2026-04-22,S/Z,Strength Zone,800.00,,800.00,due_or_unpaid,R,,,AUGUST,2026-09-10 09:29:32.451019+00
20606,2026-08-01,366,SHARFUDEEN,2026-03-29,G/F,General Fitness,1000.00,,1000.00,due_or_unpaid,R,,,AUGUST,2026-09-10 09:29:32.451019+00
20607,2026-08-01,367,ARUN KUMAR VEL,2026-08-02,G/F,General Fitness,1000.00,1000.00,0.00,paid,PAID,,M,AUGUST,2026-09-10 09:29:32.451019+00
20608,2026-08-01,368,LAVANYA D,2026-08-03,G/F,General Fitness,1000.00,1000.00,0.00,paid,PAID,,M,AUGUST,2026-09-10 09:29:32.451019+00
20609,2026-08-01,369,MAMTA RAO,2026-06-05,G/F,General Fitness,1000.00,,1000.00,due_or_unpaid,R,,E,AUGUST,2026-09-10 09:29:32.451019+00
20610,2026-08-01,370,RAVICHANDRAN A,2026-04-06,S/Z,Strength Zone,800.00,,800.00,due_or_unpaid,R,,M,AUGUST,2026-09-10 09:29:32.451019+00
20611,2026-08-01,371,KEERTHANA N,2026-03-06,G/F,General Fitness,1000.00,,1000.00,due_or_unpaid,R,,E,AUGUST,2026-09-10 09:29:32.451019+00
20612,2026-08-01,372,VADAMALAI S,2026-04-08,G/F,General Fitness,1000.00,,1000.00,due_or_unpaid,R,,E,AUGUST,2026-09-10 09:29:32.451019+00
20613,2026-08-01,373,KHIRUD MUDI P,2026-08-08,S/Z,Strength Zone,1000.00,,1000.00,due_or_unpaid,R,,E,AUGUST,2026-09-10 09:29:32.451019+00
20614,2026-08-01,374,BISHAL,2026-08-08,S/Z,Strength Zone,800.00,,800.00,due_or_unpaid,R,B200,E,AUGUST,2026-09-10 09:29:32.451019+00
20615,2026-08-01,375,AMINUL ISLAM,2026-03-10,S,,800.00,,800.00,due_or_unpaid,R,,,AUGUST,2026-09-10 09:29:32.451019+00
20616,2026-08-01,376,BALA YS,2027-02-01,G/F,General Fitness,1000.00,,7500.00,due_or_unpaid,R,,,AUGUST,2026-09-10 09:29:32.451019+00
20617,2026-08-01,377,VISHAL S,2026-08-01,S/Z,Strength Zone,800.00,,800.00,due_or_unpaid,R,,E,AUGUST,2026-09-10 09:29:32.451019+00
20618,2026-08-01,378,DINESH K,2026-08-22,S/Z,Strength Zone,800.00,,800.00,due_or_unpaid,R,,E,AUGUST,2026-09-10 09:29:32.451019+00
20619,2026-08-01,379,GOKULALAKSHMI M,2026-07-20,S/Z,Strength Zone,1000.00,,1000.00,due_or_unpaid,R,3000,M,AUGUST,2026-09-10 09:29:32.451019+00
20620,2026-08-01,380,UMA SHANKER S,2026-08-02,S/Z,Strength Zone,800.00,800.00,0.00,paid,PAID,,E,AUGUST,2026-09-10 09:29:32.451019+00
20621,2026-08-01,381,BHUVANESH,2026-05-02,S/Z,Strength Zone,800.00,,800.00,due_or_unpaid,R,,E,AUGUST,2026-09-10 09:29:32.451019+00
20622,2026-08-01,382,JEEVAN GANESH V,2026-04-23,S/Z,Strength Zone,800.00,,800.00,due_or_unpaid,R,,,AUGUST,2026-09-10 09:29:32.451019+00
20623,2026-08-01,383,GURUPRASANTH S,2026-04-02,G/F,General Fitness,1000.00,,1000.00,due_or_unpaid,R,,M,AUGUST,2026-09-10 09:29:32.451019+00
20624,2026-08-01,384,PRABHU VASANTH S,2026-04-02,G/F,General Fitness,1000.00,,1000.00,due_or_unpaid,R,,M,AUGUST,2026-09-10 09:29:32.451019+00
20625,2026-08-01,385,DILIP KUMAR S,2026-08-03,G/F,General Fitness,1000.00,1000.00,0.00,paid,PAID,,M,AUGUST,2026-09-10 09:29:32.451019+00
20626,2026-08-01,386,DEEPAK R,2026-08-10,G/F,General Fitness,1000.00,1000.00,0.00,paid,PAID,,M,AUGUST,2026-09-10 09:29:32.451019+00
20627,2026-08-01,387,INDHARAN A,2026-04-05,G/F,General Fitness,1000.00,,1000.00,due_or_unpaid,R,,,AUGUST,2026-09-10 09:29:32.451019+00
20628,2026-08-01,388,MAHESH,2026-04-11,G/F,General Fitness,1000.00,,1000.00,due_or_unpaid,R,,M,AUGUST,2026-09-10 09:29:32.451019+00
20629,2026-08-01,389,MURALI L,2026-04-11,G/F,General Fitness,1000.00,,1000.00,due_or_unpaid,R,,,AUGUST,2026-09-10 09:29:32.451019+00
20630,2026-08-01,390,KISHAN KUMAR,2026-04-11,G/F,General Fitness,1000.00,,1000.00,due_or_unpaid,R,,,AUGUST,2026-09-10 09:29:32.451019+00
20631,2026-08-01,391,KAILASH KUMAR,2026-04-11,G/F,General Fitness,1000.00,,1000.00,due_or_unpaid,R,,,AUGUST,2026-09-10 09:29:32.451019+00
20632,2026-08-01,392,GAJINDER SINGH,2026-06-12,S/Z,Strength Zone,800.00,,1000.00,due_or_unpaid,R,,M,AUGUST,2026-09-10 09:29:32.451019+00
20633,2026-08-01,393,SAGAR SHUKLA,2026-04-12,S/Z,Strength Zone,800.00,,800.00,due_or_unpaid,R,,M,AUGUST,2026-09-10 09:29:32.451019+00
20634,2026-08-01,394,MOHANA SUNDARAM J,2026-04-12,G/F,General Fitness,1000.00,,1000.00,due_or_unpaid,R,,M,AUGUST,2026-09-10 09:29:32.451019+00
20635,2026-08-01,395,ARUN KUMAR J,2026-04-12,S/Z,Strength Zone,800.00,,800.00,due_or_unpaid,R,,E,AUGUST,2026-09-10 09:29:32.451019+00
20636,2026-08-01,396,POOVARASAN S,2026-04-16,G/F,General Fitness,1000.00,,1000.00,due_or_unpaid,R,,,AUGUST,2026-09-10 09:29:32.451019+00
20637,2026-08-01,397,JERRY SHYAM K,2026-05-23,S/Z,Strength Zone,1000.00,,3000.00,due_or_unpaid,R,,E,AUGUST,2026-09-10 09:29:32.451019+00
20638,2026-08-01,398,BALAJI,2026-06-27,G/F,General Fitness,800.00,,800.00,due_or_unpaid,R,,E,AUGUST,2026-09-10 09:29:32.451019+00
20639,2026-08-01,399,SAMUVEL A,2026-05-02,S/Z,Strength Zone,800.00,,800.00,due_or_unpaid,R,,,AUGUST,2026-09-10 09:29:32.451019+00
20640,2026-08-01,400,ARUN KUMAR U,2026-06-03,S/Z,Strength Zone,800.00,,800.00,due_or_unpaid,R,,,AUGUST,2026-09-10 09:29:32.451019+00
20641,2026-08-01,401,FRANCIS M,2026-08-03,S/Z,Strength Zone,800.00,,800.00,due_or_unpaid,R,,M,AUGUST,2026-09-10 09:29:32.451019+00
20642,2026-08-01,402,PRAVEEN S.V,2026-05-03,G/F,General Fitness,1000.00,,1000.00,due_or_unpaid,R,,E,AUGUST,2026-09-10 09:29:32.451019+00
20643,2026-08-01,403,EMIMA,2026-05-03,G/F,General Fitness,1000.00,,1000.00,due_or_unpaid,R,,E,AUGUST,2026-09-10 09:29:32.451019+00
20644,2026-08-01,404,NIRANJAN M,2026-04-10,S/Z,Strength Zone,800.00,,800.00,due_or_unpaid,R,,M,AUGUST,2026-09-10 09:29:32.451019+00
20645,2026-08-01,405,JAYAPRAKASH V,2026-04-10,S/Z,Strength Zone,800.00,,800.00,due_or_unpaid,R,,,AUGUST,2026-09-10 09:29:32.451019+00
20646,2026-08-01,406,MANIGANDAN M,2026-08-10,S/Z,Strength Zone,800.00,800.00,0.00,paid,PAID,,E,AUGUST,2026-09-10 09:29:32.451019+00
20647,2026-08-01,407,DATCHINESH K,2026-08-13,S/Z,Strength Zone,800.00,,800.00,due_or_unpaid,R,,E,AUGUST,2026-09-10 09:29:32.451019+00
20648,2026-08-01,408,VICTOR D,2026-05-17,S/Z,Strength Zone,800.00,,800.00,due_or_unpaid,R,,,AUGUST,2026-09-10 09:29:32.451019+00
20649,2026-08-01,409,VETRIVEL A,2026-06-21,G/F,General Fitness,1000.00,,1000.00,due_or_unpaid,R,,E,AUGUST,2026-09-10 09:29:32.451019+00
20650,2026-08-01,410,MITU PALLI,2026-06-24,S/Z,Strength Zone,800.00,,800.00,due_or_unpaid,R,,M,AUGUST,2026-09-10 09:29:32.451019+00
20651,2026-08-01,411,SHYAM CALLVIN S,2026-06-24,S/Z,Strength Zone,800.00,,800.00,due_or_unpaid,R,,E,AUGUST,2026-09-10 09:29:32.451019+00
20652,2026-08-01,412,SESHATHIRI G,2026-06-28,S/Z,Strength Zone,1000.00,,800.00,due_or_unpaid,R,,,AUGUST,2026-09-10 09:29:32.451019+00
20653,2026-08-01,413,YOGESH,2026-08-30,S/Z,Strength Zone,1000.00,,800.00,due_or_unpaid,R,,M,AUGUST,2026-09-10 09:29:32.451019+00
20654,2026-08-01,414,NITHISH KUMAR S,2026-05-30,G/F,General Fitness,1000.00,,1000.00,due_or_unpaid,R,,,AUGUST,2026-09-10 09:29:32.451019+00
20655,2026-08-01,415,YOGESHWARAN S,2026-08-01,S/Z,Strength Zone,1000.00,800.00,800.00,paid,PAID,,M,AUGUST,2026-09-10 09:29:32.451019+00
20656,2026-08-01,416,ASHWIN S,2026-08-02,S/Z,Strength Zone,1000.00,800.00,800.00,paid,PAID,,M,AUGUST,2026-09-10 09:29:32.451019+00
20657,2026-08-01,417,SURESH G,2026-08-03,S/Z,Strength Zone,800.00,800.00,0.00,paid,PAID,,M,AUGUST,2026-09-10 09:29:32.451019+00
20658,2026-08-01,418,TAMANNA G,2026-04-03,G/F,General Fitness,1000.00,,1000.00,due_or_unpaid,R,,E,AUGUST,2026-09-10 09:29:32.451019+00
20659,2026-08-01,419,PRASANTH E,2026-08-18,G/F,General Fitness,1000.00,,1000.00,due_or_unpaid,R,,M/E,AUGUST,2026-09-10 09:29:32.451019+00
20660,2026-08-01,420,DHIVAGAR N,2026-08-22,G/F,General Fitness,1200.00,,1000.00,due_or_unpaid,R,,M/E,AUGUST,2026-09-10 09:29:32.451019+00
20661,2026-08-01,421,THIYAGU R,2026-08-22,G/F,General Fitness,1200.00,,1000.00,due_or_unpaid,R,,M/E,AUGUST,2026-09-10 09:29:32.451019+00
20662,2026-08-01,422,KIRAN SAI K,2026-08-08,S/Z,Strength Zone,800.00,,800.00,due_or_unpaid,R,,E,AUGUST,2026-09-10 09:29:32.451019+00
20663,2026-08-01,423,MONESWAR KHARWAR,2026-08-03,S/Z,Strength Zone,800.00,,800.00,due_or_unpaid,R,,E,AUGUST,2026-09-10 09:29:32.451019+00
20664,2026-08-01,424,SUMBU MURA,2026-08-11,S/Z,Strength Zone,800.00,,800.00,due_or_unpaid,R,,E,AUGUST,2026-09-10 09:29:32.451019+00
20665,2026-08-01,425,NISHWIK B,2026-06-13,S/Z,Strength Zone,800.00,,800.00,due_or_unpaid,R,,M,AUGUST,2026-09-10 09:29:32.451019+00
20666,2026-08-01,426,KARAN SINGH,2026-08-17,S/Z,Strength Zone,800.00,,800.00,due_or_unpaid,R,,M,AUGUST,2026-09-10 09:29:32.451019+00
20667,2026-08-01,427,VALLARASU R,2026-06-20,G/F,General Fitness,1000.00,,1000.00,due_or_unpaid,R,,M,AUGUST,2026-09-10 09:29:32.451019+00
20668,2026-08-01,428,MELKIN MATHEW G,2026-06-21,S/Z,Strength Zone,800.00,,800.00,due_or_unpaid,R,,,AUGUST,2026-09-10 09:29:32.451019+00
20669,2026-08-01,429,MAHALAKSHMI M,2026-08-21,G/F,General Fitness,1000.00,1000.00,0.00,paid,PAID,,E,AUGUST,2026-09-10 09:29:32.451019+00
20670,2026-08-01,430,ABAVANAN G,2026-08-01,S/Z,Strength Zone,800.00,,800.00,due_or_unpaid,R,,M,AUGUST,2026-09-10 09:29:32.451019+00
20671,2026-08-01,431,KABILAN K,2026-08-05,S/Z,Strength Zone,800.00,,800.00,due_or_unpaid,R,,M,AUGUST,2026-09-10 09:29:32.451019+00
20672,2026-08-01,432,LAWSOU JERRY K,2026-06-05,S/Z,Strength Zone,1000.00,,1000.00,due_or_unpaid,R,,M,AUGUST,2026-09-10 09:29:32.451019+00
20673,2026-08-01,433,ALOK KUMAR SINGH,2026-08-08,S/Z,Strength Zone,800.00,,800.00,due_or_unpaid,R,,E,AUGUST,2026-09-10 09:29:32.451019+00
20674,2026-08-01,434,AJAY K,2026-07-08,G/F,General Fitness,1000.00,,1000.00,due_or_unpaid,R,,E,AUGUST,2026-09-10 09:29:32.451019+00
20675,2026-08-01,435,DIVAKAR M,2026-08-03,G/F,General Fitness,1000.00,1000.00,0.00,paid,PAID,,E,AUGUST,2026-09-10 09:29:32.451019+00
20676,2026-08-01,436,KEERTHANA R,2026-08-20,G/F,General Fitness,1000.00,1000.00,0.00,paid,PAID,,M,AUGUST,2026-09-10 09:29:32.451019+00
20677,2026-08-01,437,CHARAN SAAI B,2026-06-27,G/F,General Fitness,1000.00,,1000.00,due_or_unpaid,R,,E,AUGUST,2026-09-10 09:29:32.451019+00
20678,2026-08-01,438,ABI YUVARAJ K,2026-08-01,S/Z,Strength Zone,1000.00,,800.00,due_or_unpaid,R,,,AUGUST,2026-09-10 09:29:32.451019+00
20679,2026-08-01,439,GAYATHIRI,2026-08-05,S/Z,Strength Zone,800.00,,1000.00,due_or_unpaid,R,,M,AUGUST,2026-09-10 09:29:32.451019+00
20680,2026-08-01,440,SAKTHIVEL R,2026-08-04,S/Z,Strength Zone,800.00,,800.00,due_or_unpaid,R,,M,AUGUST,2026-09-10 09:29:32.451019+00
20681,2026-08-01,441,BALAJI,2026-08-05,G/F,General Fitness,1000.00,,1000.00,due_or_unpaid,R,,M,AUGUST,2026-09-10 09:29:32.451019+00
20682,2026-08-01,442,SANDEEP,2026-08-06,G/F,General Fitness,1000.00,,1000.00,due_or_unpaid,R,,M,AUGUST,2026-09-10 09:29:32.451019+00
20683,2026-08-01,443,TIKESH PATEL,2026-08-08,S/Z,Strength Zone,800.00,800.00,0.00,paid,PAID,,M,AUGUST,2026-09-10 09:29:32.451019+00
20684,2026-08-01,444,KARTHICK,2026-12-10,S/Z,Strength Zone,4500.00,,800.00,due_or_unpaid,R,,,AUGUST,2026-09-10 09:29:32.451019+00
20685,2026-08-01,445,GUNALAN,2026-08-16,G/F,General Fitness,1000.00,,800.00,due_or_unpaid,R,,E,AUGUST,2026-09-10 09:29:32.451019+00
20686,2026-08-01,446,RAJESH,2026-08-16,G/F,General Fitness,1000.00,,1000.00,due_or_unpaid,R,,E,AUGUST,2026-09-10 09:29:32.451019+00
20687,2026-08-01,447,BALA,2026-09-17,S/Z,Strength Zone,2500.00,,800.00,due_or_unpaid,R,,E,AUGUST,2026-09-10 09:29:32.451019+00
20688,2026-08-01,448,SRINIVASAN,2026-08-18,G/F,General Fitness,1000.00,1000.00,0.00,paid,PAID,,M,AUGUST,2026-09-10 09:29:32.451019+00
20689,2026-08-01,449,INBARAJ M,2026-08-19,S/Z,Strength Zone,800.00,800.00,0.00,paid,PAID,,E,AUGUST,2026-09-10 09:29:32.451019+00
20690,2026-08-01,450,AJAY YADAV,2026-08-28,S/Z,Strength Zone,800.00,,800.00,due_or_unpaid,R,,M,AUGUST,2026-09-10 09:29:32.451019+00
20691,2026-08-01,451,LOHIT SAI RAJA T,2026-08-29,S/Z,Strength Zone,800.00,,800.00,due_or_unpaid,R,,M,AUGUST,2026-09-10 09:29:32.451019+00
20692,2026-08-01,452,PARTHIBAN M,2026-08-30,S/Z,Strength Zone,800.00,,800.00,due_or_unpaid,R,,E,AUGUST,2026-09-10 09:29:32.451019+00
20693,2026-08-01,453,KHIRUBAKARAN,2026-08-30,S/Z,Strength Zone,800.00,,800.00,due_or_unpaid,R,,E,AUGUST,2026-09-10 09:29:32.451019+00
20694,2026-08-01,454,PRINCE L,2026-08-30,S/Z,Strength Zone,800.00,,800.00,due_or_unpaid,R,,E,AUGUST,2026-09-10 09:29:32.451019+00
20695,2026-08-01,455,RILSON A,2026-08-30,S/Z,Strength Zone,800.00,,800.00,due_or_unpaid,R,,E,AUGUST,2026-09-10 09:29:32.451019+00
20696,2026-08-01,456,PRAVEEN KUMAR V,2026-08-01,S/Z,Strength Zone,800.00,,800.00,due_or_unpaid,R,,,AUGUST,2026-09-10 09:29:32.451019+00
20697,2026-08-01,457,DINESH S,2026-08-01,S/Z,Strength Zone,800.00,,800.00,due_or_unpaid,R,,,AUGUST,2026-09-10 09:29:32.451019+00
20698,2026-08-01,458,DHEVA D,2026-08-02,G/F,General Fitness,1000.00,,1000.00,due_or_unpaid,R,,M,AUGUST,2026-09-10 09:29:32.451019+00
20699,2026-08-01,459,DHARUN KUMAR S,2026-08-06,S/Z,Strength Zone,800.00,1000.00,0.00,paid,PAID,,E,AUGUST,2026-09-10 09:29:32.451019+00
20700,2026-08-01,460,THARUN RAJ J,2026-08-06,S/Z,Strength Zone,800.00,800.00,0.00,paid,PAID,,E,AUGUST,2026-09-10 09:29:32.451019+00
20701,2026-08-01,461,VINOTH KUMAR S,2026-08-07,S/Z,Strength Zone,800.00,,800.00,due_or_unpaid,R,,,AUGUST,2026-09-10 09:29:32.451019+00
20702,2026-08-01,462,ISHWARYA R,2026-08-08,G/F,General Fitness,1000.00,,1000.00,due_or_unpaid,R,,M,AUGUST,2026-09-10 09:29:32.451019+00
20703,2026-08-01,463,AABEL S,2026-08-10,S/Z,Strength Zone,800.00,,800.00,due_or_unpaid,R,,E,AUGUST,2026-09-10 09:29:32.451019+00
20704,2026-08-01,464,JOY KUMAR SIGN,2026-08-11,S/Z,Strength Zone,800.00,,800.00,due_or_unpaid,R,,M,AUGUST,2026-09-10 09:29:32.451019+00
20705,2026-08-01,465,ROHIT R,2026-08-13,S/Z,Strength Zone,800.00,,800.00,due_or_unpaid,R,,,AUGUST,2026-09-10 09:29:32.451019+00
20706,2026-08-01,466,ISRAVEL J,2026-08-13,S/Z,Strength Zone,800.00,,800.00,due_or_unpaid,R,,E,AUGUST,2026-09-10 09:29:32.451019+00
20707,2026-08-01,467,GANESH KUMAR P,2026-08-16,G/F,General Fitness,1000.00,,1000.00,due_or_unpaid,R,,,AUGUST,2026-09-10 09:29:32.451019+00
20708,2026-08-01,468,AMALA R,2026-08-17,G/F,General Fitness,1000.00,1000.00,0.00,paid,PAID,,E,AUGUST,2026-09-10 09:29:32.451019+00
20709,2026-08-01,469,SYRYA M,2026-08-21,S/Z,Strength Zone,800.00,,800.00,due_or_unpaid,R,,M,AUGUST,2026-09-10 09:29:32.451019+00
20710,2026-08-01,470,LOGESH,2026-08-21,S/Z,Strength Zone,800.00,,800.00,due_or_unpaid,R,,M,AUGUST,2026-09-10 09:29:32.451019+00
20711,2026-08-01,471,KHILAWAN,2026-08-21,S/Z,Strength Zone,800.00,,800.00,due_or_unpaid,R,,M,AUGUST,2026-09-10 09:29:32.451019+00
20712,2026-08-01,472,KEERTHIVASAN C,2026-08-27,S/Z,Strength Zone,1000.00,800.00,800.00,paid,PAID,,M,AUGUST,2026-09-10 09:29:32.451019+00
20713,2026-08-01,473,DHANASINGH,2026-08-27,S/Z,Strength Zone,1000.00,800.00,800.00,paid,PAID,,M,AUGUST,2026-09-10 09:29:32.451019+00
20714,2026-08-01,474,MITHUN KUMAR D,2026-08-28,G/F,General Fitness,1000.00,,1000.00,due_or_unpaid,R,,,AUGUST,2026-09-10 09:29:32.451019+00
20715,2026-08-01,475,RAMACHANDRAN B,2026-08-29,S/Z,Strength Zone,800.00,,800.00,due_or_unpaid,R,,E,AUGUST,2026-09-10 09:29:32.451019+00
20716,2026-08-01,476,PREM,2026-08-31,S/Z,Strength Zone,800.00,,800.00,due_or_unpaid,R,,M,AUGUST,2026-09-10 09:29:32.451019+00